solid OpenSCAD_Model
  facet normal -1 0 0
    outer loop
      vertex 61.3 0 1.6
      vertex 61.3 64.8 5.1
      vertex 61.3 64.8 1.6
    endloop
  endfacet
  facet normal -1 -0 0
    outer loop
      vertex 61.3 64.8 5.1
      vertex 61.3 0 1.6
      vertex 61.3 0 5.1
    endloop
  endfacet
  facet normal 0 0 -1
    outer loop
      vertex 47.3 0 5.1
      vertex 61.3 64.8 5.1
      vertex 61.3 0 5.1
    endloop
  endfacet
  facet normal -0 0 -1
    outer loop
      vertex 61.3 64.8 5.1
      vertex 47.3 0 5.1
      vertex 47.3 64.8 5.1
    endloop
  endfacet
  facet normal -0 0 1
    outer loop
      vertex 47.3 64.8 1.6
      vertex 61.3 0 1.6
      vertex 61.3 64.8 1.6
    endloop
  endfacet
  facet normal 0 0 1
    outer loop
      vertex 61.3 0 1.6
      vertex 47.3 64.8 1.6
      vertex 47.3 0 1.6
    endloop
  endfacet
  facet normal 1 -0 0
    outer loop
      vertex 47.3 0 5.1
      vertex 47.3 64.8 1.6
      vertex 47.3 64.8 5.1
    endloop
  endfacet
  facet normal 1 0 0
    outer loop
      vertex 47.3 64.8 1.6
      vertex 47.3 0 5.1
      vertex 47.3 0 1.6
    endloop
  endfacet
  facet normal -1 0 0
    outer loop
      vertex 169.9 0 1.6
      vertex 169.9 64.8 5.1
      vertex 169.9 64.8 1.6
    endloop
  endfacet
  facet normal -1 -0 0
    outer loop
      vertex 169.9 64.8 5.1
      vertex 169.9 0 1.6
      vertex 169.9 0 5.1
    endloop
  endfacet
  facet normal 0 0 -1
    outer loop
      vertex 155.9 0 5.1
      vertex 169.9 64.8 5.1
      vertex 169.9 0 5.1
    endloop
  endfacet
  facet normal -0 0 -1
    outer loop
      vertex 169.9 64.8 5.1
      vertex 155.9 0 5.1
      vertex 155.9 64.8 5.1
    endloop
  endfacet
  facet normal -0 0 1
    outer loop
      vertex 155.9 64.8 1.6
      vertex 169.9 0 1.6
      vertex 169.9 64.8 1.6
    endloop
  endfacet
  facet normal 0 0 1
    outer loop
      vertex 169.9 0 1.6
      vertex 155.9 64.8 1.6
      vertex 155.9 0 1.6
    endloop
  endfacet
  facet normal 1 -0 0
    outer loop
      vertex 155.9 0 5.1
      vertex 155.9 64.8 1.6
      vertex 155.9 64.8 5.1
    endloop
  endfacet
  facet normal 1 0 0
    outer loop
      vertex 155.9 64.8 1.6
      vertex 155.9 0 5.1
      vertex 155.9 0 1.6
    endloop
  endfacet
  facet normal 0.195379 0.980728 -0
    outer loop
      vertex 214.976 64.6978 0
      vertex 214.592 64.7743 37.5
      vertex 214.976 64.6978 37.5
    endloop
  endfacet
  facet normal 0.195379 0.980728 0
    outer loop
      vertex 214.592 64.7743 37.5
      vertex 214.976 64.6978 0
      vertex 214.592 64.7743 0
    endloop
  endfacet
  facet normal 0.981056 -0.193723 0
    outer loop
      vertex 217.098 2.22354 37.5
      vertex 217.174 2.60842 0
      vertex 217.174 2.60842 37.5
    endloop
  endfacet
  facet normal 0.981056 -0.193723 0
    outer loop
      vertex 217.174 2.60842 0
      vertex 217.098 2.22354 37.5
      vertex 217.098 2.22354 0
    endloop
  endfacet
  facet normal 0.321264 0.94699 -0
    outer loop
      vertex 215.348 64.5716 0
      vertex 214.976 64.6978 37.5
      vertex 215.348 64.5716 37.5
    endloop
  endfacet
  facet normal 0.321264 0.94699 0
    outer loop
      vertex 214.976 64.6978 37.5
      vertex 215.348 64.5716 0
      vertex 214.976 64.6978 0
    endloop
  endfacet
  facet normal 0.0653328 -0.997864 0
    outer loop
      vertex 214.2 0 0
      vertex 214.592 0.0256653 37.5
      vertex 214.2 0 37.5
    endloop
  endfacet
  facet normal 0.0653328 -0.997864 0
    outer loop
      vertex 214.592 0.0256653 37.5
      vertex 214.2 0 0
      vertex 214.592 0.0256653 0
    endloop
  endfacet
  facet normal -0.831481 0.555553 0
    outer loop
      vertex 0.401923 63.3 0
      vertex 0.61994 63.6263 37.5
      vertex 0.61994 63.6263 0
    endloop
  endfacet
  facet normal -0.831481 0.555553 0
    outer loop
      vertex 0.61994 63.6263 37.5
      vertex 0.401923 63.3 0
      vertex 0.401923 63.3 37.5
    endloop
  endfacet
  facet normal -0.946932 0.321434 0
    outer loop
      vertex 0.102222 62.5765 0
      vertex 0.228361 62.9481 37.5
      vertex 0.228361 62.9481 0
    endloop
  endfacet
  facet normal -0.946932 0.321434 0
    outer loop
      vertex 0.228361 62.9481 37.5
      vertex 0.102222 62.5765 0
      vertex 0.102222 62.5765 37.5
    endloop
  endfacet
  facet normal 0.997803 -0.0662518 0
    outer loop
      vertex 217.174 2.60842 37.5
      vertex 217.2 3 0
      vertex 217.2 3 37.5
    endloop
  endfacet
  facet normal 0.997803 -0.0662518 0
    outer loop
      vertex 217.2 3 0
      vertex 217.174 2.60842 37.5
      vertex 217.174 2.60842 0
    endloop
  endfacet
  facet normal -0.659426 0.751769 0
    outer loop
      vertex 1.17372 64.1801 0
      vertex 0.878679 63.9213 37.5
      vertex 1.17372 64.1801 37.5
    endloop
  endfacet
  facet normal -0.659426 0.751769 0
    outer loop
      vertex 0.878679 63.9213 37.5
      vertex 1.17372 64.1801 0
      vertex 0.878679 63.9213 0
    endloop
  endfacet
  facet normal 0.44211 0.896961 -0
    outer loop
      vertex 215.7 64.3981 0
      vertex 215.348 64.5716 37.5
      vertex 215.7 64.3981 37.5
    endloop
  endfacet
  facet normal 0.44211 0.896961 0
    outer loop
      vertex 215.348 64.5716 37.5
      vertex 215.7 64.3981 0
      vertex 215.348 64.5716 0
    endloop
  endfacet
  facet normal -0.555577 -0.831465 0
    outer loop
      vertex 1.17372 0.61994 0
      vertex 1.5 0.401923 37.5
      vertex 1.17372 0.61994 37.5
    endloop
  endfacet
  facet normal -0.555577 -0.831465 -0
    outer loop
      vertex 1.5 0.401923 37.5
      vertex 1.17372 0.61994 0
      vertex 1.5 0.401923 0
    endloop
  endfacet
  facet normal -0.980788 0.195079 0
    outer loop
      vertex 0.0256653 62.1916 0
      vertex 0.102222 62.5765 37.5
      vertex 0.102222 62.5765 0
    endloop
  endfacet
  facet normal -0.980788 0.195079 0
    outer loop
      vertex 0.102222 62.5765 37.5
      vertex 0.0256653 62.1916 0
      vertex 0.0256653 62.1916 37.5
    endloop
  endfacet
  facet normal -0.19495 0.980813 0
    outer loop
      vertex 2.60842 64.7743 0
      vertex 2.22354 64.6978 37.5
      vertex 2.60842 64.7743 37.5
    endloop
  endfacet
  facet normal -0.19495 0.980813 0
    outer loop
      vertex 2.22354 64.6978 37.5
      vertex 2.60842 64.7743 0
      vertex 2.22354 64.6978 0
    endloop
  endfacet
  facet normal -1 0 0
    outer loop
      vertex 0 38.4478 21.7038
      vertex 0 61.8 37.5
      vertex 0 61.8 0
    endloop
  endfacet
  facet normal -1 0 0
    outer loop
      vertex 0 61.8 37.5
      vertex 0 38.4478 21.7038
      vertex 0 38.5 22.5
    endloop
  endfacet
  facet normal -1 0 0
    outer loop
      vertex 0 61.8 0
      vertex 0 38.2921 20.9212
      vertex 0 38.4478 21.7038
    endloop
  endfacet
  facet normal -1 0 0
    outer loop
      vertex 0 61.8 0
      vertex 0 38.0357 20.1656
      vertex 0 38.2921 20.9212
    endloop
  endfacet
  facet normal -1 0 0
    outer loop
      vertex 0 61.8 0
      vertex 0 37.6828 19.45
      vertex 0 38.0357 20.1656
    endloop
  endfacet
  facet normal -1 0 0
    outer loop
      vertex 0 61.8 0
      vertex 0 37.2395 18.7866
      vertex 0 37.6828 19.45
    endloop
  endfacet
  facet normal -1 0 0
    outer loop
      vertex 0 61.8 0
      vertex 0 36.7134 18.1866
      vertex 0 37.2395 18.7866
    endloop
  endfacet
  facet normal -1 0 0
    outer loop
      vertex 0 61.8 0
      vertex 0 36.1134 17.6605
      vertex 0 36.7134 18.1866
    endloop
  endfacet
  facet normal -1 0 0
    outer loop
      vertex 0 61.8 0
      vertex 0 35.45 17.2172
      vertex 0 36.1134 17.6605
    endloop
  endfacet
  facet normal -1 0 0
    outer loop
      vertex 0 61.8 0
      vertex 0 34.7344 16.8643
      vertex 0 35.45 17.2172
    endloop
  endfacet
  facet normal -1 0 0
    outer loop
      vertex 0 61.8 0
      vertex 0 33.9788 16.6079
      vertex 0 34.7344 16.8643
    endloop
  endfacet
  facet normal -1 0 0
    outer loop
      vertex 0 61.8 0
      vertex 0 33.1962 16.4522
      vertex 0 33.9788 16.6079
    endloop
  endfacet
  facet normal -1 0 0
    outer loop
      vertex 0 61.8 0
      vertex 0 32.4 16.4
      vertex 0 33.1962 16.4522
    endloop
  endfacet
  facet normal -1 0 0
    outer loop
      vertex 0 3 0
      vertex 0 32.4 16.4
      vertex 0 61.8 0
    endloop
  endfacet
  facet normal -1 -0 0
    outer loop
      vertex 0 32.4 16.4
      vertex 0 3 0
      vertex 0 31.6038 16.4522
    endloop
  endfacet
  facet normal -1 -0 0
    outer loop
      vertex 0 31.6038 16.4522
      vertex 0 3 0
      vertex 0 30.8212 16.6079
    endloop
  endfacet
  facet normal -1 -0 0
    outer loop
      vertex 0 30.8212 16.6079
      vertex 0 3 0
      vertex 0 30.0656 16.8643
    endloop
  endfacet
  facet normal -1 0 0
    outer loop
      vertex 0 3 37.5
      vertex 0 26.3522 21.7038
      vertex 0 3 0
    endloop
  endfacet
  facet normal -1 -0 0
    outer loop
      vertex 0 26.5079 20.9212
      vertex 0 3 0
      vertex 0 26.3522 21.7038
    endloop
  endfacet
  facet normal -1 -0 0
    outer loop
      vertex 0 26.7643 20.1656
      vertex 0 3 0
      vertex 0 26.5079 20.9212
    endloop
  endfacet
  facet normal -1 -0 0
    outer loop
      vertex 0 27.1172 19.45
      vertex 0 3 0
      vertex 0 26.7643 20.1656
    endloop
  endfacet
  facet normal -1 -0 0
    outer loop
      vertex 0 27.5605 18.7866
      vertex 0 3 0
      vertex 0 27.1172 19.45
    endloop
  endfacet
  facet normal -1 -0 0
    outer loop
      vertex 0 28.0866 18.1866
      vertex 0 3 0
      vertex 0 27.5605 18.7866
    endloop
  endfacet
  facet normal -1 -0 0
    outer loop
      vertex 0 28.6866 17.6605
      vertex 0 3 0
      vertex 0 28.0866 18.1866
    endloop
  endfacet
  facet normal -1 -0 0
    outer loop
      vertex 0 29.35 17.2172
      vertex 0 3 0
      vertex 0 28.6866 17.6605
    endloop
  endfacet
  facet normal -1 -0 0
    outer loop
      vertex 0 30.0656 16.8643
      vertex 0 3 0
      vertex 0 29.35 17.2172
    endloop
  endfacet
  facet normal -1 0 0
    outer loop
      vertex 0 38.4478 23.2962
      vertex 0 61.8 37.5
      vertex 0 38.5 22.5
    endloop
  endfacet
  facet normal -1 0 0
    outer loop
      vertex 0 38.2921 24.0788
      vertex 0 61.8 37.5
      vertex 0 38.4478 23.2962
    endloop
  endfacet
  facet normal -1 0 0
    outer loop
      vertex 0 38.0357 24.8344
      vertex 0 61.8 37.5
      vertex 0 38.2921 24.0788
    endloop
  endfacet
  facet normal -1 0 0
    outer loop
      vertex 0 37.6828 25.55
      vertex 0 61.8 37.5
      vertex 0 38.0357 24.8344
    endloop
  endfacet
  facet normal -1 0 0
    outer loop
      vertex 0 37.2395 26.2134
      vertex 0 61.8 37.5
      vertex 0 37.6828 25.55
    endloop
  endfacet
  facet normal -1 0 0
    outer loop
      vertex 0 36.7134 26.8134
      vertex 0 61.8 37.5
      vertex 0 37.2395 26.2134
    endloop
  endfacet
  facet normal -1 0 0
    outer loop
      vertex 0 36.1134 27.3395
      vertex 0 61.8 37.5
      vertex 0 36.7134 26.8134
    endloop
  endfacet
  facet normal -1 0 0
    outer loop
      vertex 0 35.45 27.7828
      vertex 0 61.8 37.5
      vertex 0 36.1134 27.3395
    endloop
  endfacet
  facet normal -1 0 0
    outer loop
      vertex 0 34.7344 28.1357
      vertex 0 61.8 37.5
      vertex 0 35.45 27.7828
    endloop
  endfacet
  facet normal -1 0 0
    outer loop
      vertex 0 33.9788 28.3921
      vertex 0 61.8 37.5
      vertex 0 34.7344 28.1357
    endloop
  endfacet
  facet normal -1 0 0
    outer loop
      vertex 0 33.1962 28.5478
      vertex 0 61.8 37.5
      vertex 0 33.9788 28.3921
    endloop
  endfacet
  facet normal -1 0 0
    outer loop
      vertex 0 32.4 28.6
      vertex 0 61.8 37.5
      vertex 0 33.1962 28.5478
    endloop
  endfacet
  facet normal -1 0 0
    outer loop
      vertex 0 3 37.5
      vertex 0 32.4 28.6
      vertex 0 31.6038 28.5478
    endloop
  endfacet
  facet normal -1 0 0
    outer loop
      vertex 0 3 37.5
      vertex 0 31.6038 28.5478
      vertex 0 30.8212 28.3921
    endloop
  endfacet
  facet normal -1 0 0
    outer loop
      vertex 0 26.3522 21.7038
      vertex 0 3 37.5
      vertex 0 26.3 22.5
    endloop
  endfacet
  facet normal -1 0 0
    outer loop
      vertex 0 26.3 22.5
      vertex 0 3 37.5
      vertex 0 26.3522 23.2962
    endloop
  endfacet
  facet normal -1 0 0
    outer loop
      vertex 0 26.3522 23.2962
      vertex 0 3 37.5
      vertex 0 26.5079 24.0788
    endloop
  endfacet
  facet normal -1 0 0
    outer loop
      vertex 0 26.5079 24.0788
      vertex 0 3 37.5
      vertex 0 26.7643 24.8344
    endloop
  endfacet
  facet normal -1 0 0
    outer loop
      vertex 0 26.7643 24.8344
      vertex 0 3 37.5
      vertex 0 27.1172 25.55
    endloop
  endfacet
  facet normal -1 0 0
    outer loop
      vertex 0 27.1172 25.55
      vertex 0 3 37.5
      vertex 0 27.5605 26.2134
    endloop
  endfacet
  facet normal -1 0 0
    outer loop
      vertex 0 32.4 28.6
      vertex 0 3 37.5
      vertex 0 61.8 37.5
    endloop
  endfacet
  facet normal -1 0 0
    outer loop
      vertex 0 30.0656 28.1357
      vertex 0 3 37.5
      vertex 0 30.8212 28.3921
    endloop
  endfacet
  facet normal -1 0 0
    outer loop
      vertex 0 29.35 27.7828
      vertex 0 3 37.5
      vertex 0 30.0656 28.1357
    endloop
  endfacet
  facet normal -1 0 0
    outer loop
      vertex 0 28.6866 27.3395
      vertex 0 3 37.5
      vertex 0 29.35 27.7828
    endloop
  endfacet
  facet normal -1 0 0
    outer loop
      vertex 0 28.0866 26.8134
      vertex 0 3 37.5
      vertex 0 28.6866 27.3395
    endloop
  endfacet
  facet normal -1 0 0
    outer loop
      vertex 0 27.5605 26.2134
      vertex 0 3 37.5
      vertex 0 28.0866 26.8134
    endloop
  endfacet
  facet normal -0.195089 -0.980786 0
    outer loop
      vertex 2.22354 0.102222 0
      vertex 2.60842 0.0256653 37.5
      vertex 2.22354 0.102222 37.5
    endloop
  endfacet
  facet normal -0.195089 -0.980786 -0
    outer loop
      vertex 2.60842 0.0256653 37.5
      vertex 2.22354 0.102222 0
      vertex 2.60842 0.0256653 0
    endloop
  endfacet
  facet normal 1 0 0
    outer loop
      vertex 217.2 38.4478 21.7038
      vertex 217.2 61.8 37.5
      vertex 217.2 38.5 22.5
    endloop
  endfacet
  facet normal 1 0 0
    outer loop
      vertex 217.2 61.8 37.5
      vertex 217.2 38.4478 23.2962
      vertex 217.2 38.5 22.5
    endloop
  endfacet
  facet normal 1 0 0
    outer loop
      vertex 217.2 61.8 37.5
      vertex 217.2 38.2921 24.0788
      vertex 217.2 38.4478 23.2962
    endloop
  endfacet
  facet normal 1 0 0
    outer loop
      vertex 217.2 61.8 37.5
      vertex 217.2 38.0357 24.8344
      vertex 217.2 38.2921 24.0788
    endloop
  endfacet
  facet normal 1 0 0
    outer loop
      vertex 217.2 61.8 37.5
      vertex 217.2 37.6828 25.55
      vertex 217.2 38.0357 24.8344
    endloop
  endfacet
  facet normal 1 0 0
    outer loop
      vertex 217.2 61.8 37.5
      vertex 217.2 37.2395 26.2134
      vertex 217.2 37.6828 25.55
    endloop
  endfacet
  facet normal 1 0 0
    outer loop
      vertex 217.2 61.8 37.5
      vertex 217.2 36.7134 26.8134
      vertex 217.2 37.2395 26.2134
    endloop
  endfacet
  facet normal 1 0 0
    outer loop
      vertex 217.2 61.8 37.5
      vertex 217.2 36.1134 27.3395
      vertex 217.2 36.7134 26.8134
    endloop
  endfacet
  facet normal 1 0 0
    outer loop
      vertex 217.2 61.8 37.5
      vertex 217.2 35.45 27.7828
      vertex 217.2 36.1134 27.3395
    endloop
  endfacet
  facet normal 1 0 0
    outer loop
      vertex 217.2 61.8 37.5
      vertex 217.2 34.7344 28.1357
      vertex 217.2 35.45 27.7828
    endloop
  endfacet
  facet normal 1 0 0
    outer loop
      vertex 217.2 61.8 37.5
      vertex 217.2 33.9788 28.3921
      vertex 217.2 34.7344 28.1357
    endloop
  endfacet
  facet normal 1 0 0
    outer loop
      vertex 217.2 61.8 37.5
      vertex 217.2 33.1962 28.5478
      vertex 217.2 33.9788 28.3921
    endloop
  endfacet
  facet normal 1 0 0
    outer loop
      vertex 217.2 61.8 37.5
      vertex 217.2 32.4 28.6
      vertex 217.2 33.1962 28.5478
    endloop
  endfacet
  facet normal 1 -0 0
    outer loop
      vertex 217.2 3 37.5
      vertex 217.2 32.4 28.6
      vertex 217.2 61.8 37.5
    endloop
  endfacet
  facet normal 1 0 0
    outer loop
      vertex 217.2 32.4 28.6
      vertex 217.2 3 37.5
      vertex 217.2 31.6038 28.5478
    endloop
  endfacet
  facet normal 1 0 0
    outer loop
      vertex 217.2 26.3522 23.2962
      vertex 217.2 3 37.5
      vertex 217.2 26.3 22.5
    endloop
  endfacet
  facet normal 1 0 0
    outer loop
      vertex 217.2 26.5079 24.0788
      vertex 217.2 3 37.5
      vertex 217.2 26.3522 23.2962
    endloop
  endfacet
  facet normal 1 0 0
    outer loop
      vertex 217.2 26.7643 24.8344
      vertex 217.2 3 37.5
      vertex 217.2 26.5079 24.0788
    endloop
  endfacet
  facet normal 1 0 0
    outer loop
      vertex 217.2 27.1172 25.55
      vertex 217.2 3 37.5
      vertex 217.2 26.7643 24.8344
    endloop
  endfacet
  facet normal 1 0 0
    outer loop
      vertex 217.2 27.5605 26.2134
      vertex 217.2 3 37.5
      vertex 217.2 27.1172 25.55
    endloop
  endfacet
  facet normal 1 0 0
    outer loop
      vertex 217.2 28.0866 26.8134
      vertex 217.2 3 37.5
      vertex 217.2 27.5605 26.2134
    endloop
  endfacet
  facet normal 1 0 0
    outer loop
      vertex 217.2 28.6866 27.3395
      vertex 217.2 3 37.5
      vertex 217.2 28.0866 26.8134
    endloop
  endfacet
  facet normal 1 0 0
    outer loop
      vertex 217.2 29.35 27.7828
      vertex 217.2 3 37.5
      vertex 217.2 28.6866 27.3395
    endloop
  endfacet
  facet normal 1 0 0
    outer loop
      vertex 217.2 30.0656 28.1357
      vertex 217.2 3 37.5
      vertex 217.2 29.35 27.7828
    endloop
  endfacet
  facet normal 1 0 0
    outer loop
      vertex 217.2 30.8212 28.3921
      vertex 217.2 3 37.5
      vertex 217.2 30.0656 28.1357
    endloop
  endfacet
  facet normal 1 0 0
    outer loop
      vertex 217.2 31.6038 28.5478
      vertex 217.2 3 37.5
      vertex 217.2 30.8212 28.3921
    endloop
  endfacet
  facet normal 1 0 0
    outer loop
      vertex 217.2 61.8 37.5
      vertex 217.2 38.4478 21.7038
      vertex 217.2 61.8 0
    endloop
  endfacet
  facet normal 1 -0 0
    outer loop
      vertex 217.2 38.2921 20.9212
      vertex 217.2 61.8 0
      vertex 217.2 38.4478 21.7038
    endloop
  endfacet
  facet normal 1 -0 0
    outer loop
      vertex 217.2 38.0357 20.1656
      vertex 217.2 61.8 0
      vertex 217.2 38.2921 20.9212
    endloop
  endfacet
  facet normal 1 -0 0
    outer loop
      vertex 217.2 37.6828 19.45
      vertex 217.2 61.8 0
      vertex 217.2 38.0357 20.1656
    endloop
  endfacet
  facet normal 1 -0 0
    outer loop
      vertex 217.2 37.2395 18.7866
      vertex 217.2 61.8 0
      vertex 217.2 37.6828 19.45
    endloop
  endfacet
  facet normal 1 -0 0
    outer loop
      vertex 217.2 36.7134 18.1866
      vertex 217.2 61.8 0
      vertex 217.2 37.2395 18.7866
    endloop
  endfacet
  facet normal 1 -0 0
    outer loop
      vertex 217.2 36.1134 17.6605
      vertex 217.2 61.8 0
      vertex 217.2 36.7134 18.1866
    endloop
  endfacet
  facet normal 1 -0 0
    outer loop
      vertex 217.2 35.45 17.2172
      vertex 217.2 61.8 0
      vertex 217.2 36.1134 17.6605
    endloop
  endfacet
  facet normal 1 -0 0
    outer loop
      vertex 217.2 34.7344 16.8643
      vertex 217.2 61.8 0
      vertex 217.2 35.45 17.2172
    endloop
  endfacet
  facet normal 1 -0 0
    outer loop
      vertex 217.2 33.9788 16.6079
      vertex 217.2 61.8 0
      vertex 217.2 34.7344 16.8643
    endloop
  endfacet
  facet normal 1 -0 0
    outer loop
      vertex 217.2 33.1962 16.4522
      vertex 217.2 61.8 0
      vertex 217.2 33.9788 16.6079
    endloop
  endfacet
  facet normal 1 -0 0
    outer loop
      vertex 217.2 32.4 16.4
      vertex 217.2 61.8 0
      vertex 217.2 33.1962 16.4522
    endloop
  endfacet
  facet normal 1 0 0
    outer loop
      vertex 217.2 3 0
      vertex 217.2 32.4 16.4
      vertex 217.2 31.6038 16.4522
    endloop
  endfacet
  facet normal 1 0 0
    outer loop
      vertex 217.2 3 0
      vertex 217.2 31.6038 16.4522
      vertex 217.2 30.8212 16.6079
    endloop
  endfacet
  facet normal 1 0 0
    outer loop
      vertex 217.2 3 0
      vertex 217.2 30.8212 16.6079
      vertex 217.2 30.0656 16.8643
    endloop
  endfacet
  facet normal 1 0 0
    outer loop
      vertex 217.2 3 0
      vertex 217.2 30.0656 16.8643
      vertex 217.2 29.35 17.2172
    endloop
  endfacet
  facet normal 1 0 0
    outer loop
      vertex 217.2 3 37.5
      vertex 217.2 26.3522 21.7038
      vertex 217.2 26.3 22.5
    endloop
  endfacet
  facet normal 1 0 0
    outer loop
      vertex 217.2 3 0
      vertex 217.2 26.3522 21.7038
      vertex 217.2 3 37.5
    endloop
  endfacet
  facet normal 1 0 0
    outer loop
      vertex 217.2 26.3522 21.7038
      vertex 217.2 3 0
      vertex 217.2 26.5079 20.9212
    endloop
  endfacet
  facet normal 1 0 0
    outer loop
      vertex 217.2 26.5079 20.9212
      vertex 217.2 3 0
      vertex 217.2 26.7643 20.1656
    endloop
  endfacet
  facet normal 1 0 0
    outer loop
      vertex 217.2 26.7643 20.1656
      vertex 217.2 3 0
      vertex 217.2 27.1172 19.45
    endloop
  endfacet
  facet normal 1 0 0
    outer loop
      vertex 217.2 27.1172 19.45
      vertex 217.2 3 0
      vertex 217.2 27.5605 18.7866
    endloop
  endfacet
  facet normal 1 0 0
    outer loop
      vertex 217.2 27.5605 18.7866
      vertex 217.2 3 0
      vertex 217.2 28.0866 18.1866
    endloop
  endfacet
  facet normal 1 0 0
    outer loop
      vertex 217.2 32.4 16.4
      vertex 217.2 3 0
      vertex 217.2 61.8 0
    endloop
  endfacet
  facet normal 1 0 0
    outer loop
      vertex 217.2 28.6866 17.6605
      vertex 217.2 3 0
      vertex 217.2 29.35 17.2172
    endloop
  endfacet
  facet normal 1 0 0
    outer loop
      vertex 217.2 28.0866 18.1866
      vertex 217.2 3 0
      vertex 217.2 28.6866 17.6605
    endloop
  endfacet
  facet normal 0.65939 -0.751801 0
    outer loop
      vertex 216.026 0.61994 0
      vertex 216.321 0.878679 37.5
      vertex 216.026 0.61994 37.5
    endloop
  endfacet
  facet normal 0.65939 -0.751801 0
    outer loop
      vertex 216.321 0.878679 37.5
      vertex 216.026 0.61994 0
      vertex 216.321 0.878679 0
    endloop
  endfacet
  facet normal -0.751801 0.65939 0
    outer loop
      vertex 0.61994 63.6263 0
      vertex 0.878679 63.9213 37.5
      vertex 0.878679 63.9213 0
    endloop
  endfacet
  facet normal -0.751801 0.65939 0
    outer loop
      vertex 0.878679 63.9213 37.5
      vertex 0.61994 63.6263 0
      vertex 0.61994 63.6263 37.5
    endloop
  endfacet
  facet normal 0 -1 0
    outer loop
      vertex 61.3 0 1.6
      vertex 155.9 0 5.1
      vertex 61.3 0 5.1
    endloop
  endfacet
  facet normal 0 -1 -0
    outer loop
      vertex 155.9 0 5.1
      vertex 61.3 0 1.6
      vertex 155.9 0 1.6
    endloop
  endfacet
  facet normal 0 -1 0
    outer loop
      vertex 61.3 0 5.1
      vertex 3 0 37.5
      vertex 47.3 0 5.1
    endloop
  endfacet
  facet normal 0 -1 0
    outer loop
      vertex 3 0 0
      vertex 47.3 0 5.1
      vertex 3 0 37.5
    endloop
  endfacet
  facet normal 0 -1 0
    outer loop
      vertex 3 0 0
      vertex 61.3 0 1.6
      vertex 47.3 0 1.6
    endloop
  endfacet
  facet normal 0 -1 -0
    outer loop
      vertex 61.3 0 1.6
      vertex 3 0 0
      vertex 155.9 0 1.6
    endloop
  endfacet
  facet normal 0 -1 0
    outer loop
      vertex 214.2 0 0
      vertex 155.9 0 1.6
      vertex 3 0 0
    endloop
  endfacet
  facet normal 0 -1 -0
    outer loop
      vertex 47.3 0 5.1
      vertex 3 0 0
      vertex 47.3 0 1.6
    endloop
  endfacet
  facet normal 0 -1 0
    outer loop
      vertex 3 0 37.5
      vertex 61.3 0 5.1
      vertex 214.2 0 37.5
    endloop
  endfacet
  facet normal 0 -1 0
    outer loop
      vertex 155.9 0 5.1
      vertex 214.2 0 37.5
      vertex 61.3 0 5.1
    endloop
  endfacet
  facet normal 0 -1 0
    outer loop
      vertex 169.9 0 5.1
      vertex 214.2 0 37.5
      vertex 155.9 0 5.1
    endloop
  endfacet
  facet normal 0 -1 0
    outer loop
      vertex 214.2 0 0
      vertex 169.9 0 5.1
      vertex 169.9 0 1.6
    endloop
  endfacet
  facet normal 0 -1 0
    outer loop
      vertex 169.9 0 5.1
      vertex 214.2 0 0
      vertex 214.2 0 37.5
    endloop
  endfacet
  facet normal 0 -1 0
    outer loop
      vertex 155.9 0 1.6
      vertex 214.2 0 0
      vertex 169.9 0 1.6
    endloop
  endfacet
  facet normal -0.896873 -0.442288 0
    outer loop
      vertex 0.401923 1.5 0
      vertex 0.228361 1.85195 37.5
      vertex 0.228361 1.85195 0
    endloop
  endfacet
  facet normal -0.896873 -0.442288 0
    outer loop
      vertex 0.228361 1.85195 37.5
      vertex 0.401923 1.5 0
      vertex 0.401923 1.5 37.5
    endloop
  endfacet
  facet normal -0.659339 -0.751846 0
    outer loop
      vertex 0.878679 0.878679 0
      vertex 1.17372 0.61994 37.5
      vertex 0.878679 0.878679 37.5
    endloop
  endfacet
  facet normal -0.659339 -0.751846 -0
    outer loop
      vertex 1.17372 0.61994 37.5
      vertex 0.878679 0.878679 0
      vertex 1.17372 0.61994 0
    endloop
  endfacet
  facet normal -0.0654906 0.997853 0
    outer loop
      vertex 3 64.8 0
      vertex 2.60842 64.7743 37.5
      vertex 3 64.8 37.5
    endloop
  endfacet
  facet normal -0.0654906 0.997853 0
    outer loop
      vertex 2.60842 64.7743 37.5
      vertex 3 64.8 0
      vertex 2.60842 64.7743 0
    endloop
  endfacet
  facet normal 0 1 -0
    outer loop
      vertex 155.9 64.8 1.6
      vertex 61.3 64.8 5.1
      vertex 155.9 64.8 5.1
    endloop
  endfacet
  facet normal 0 1 0
    outer loop
      vertex 61.3 64.8 5.1
      vertex 155.9 64.8 1.6
      vertex 61.3 64.8 1.6
    endloop
  endfacet
  facet normal 0 1 0
    outer loop
      vertex 155.9 64.8 5.1
      vertex 214.2 64.8 37.5
      vertex 169.9 64.8 5.1
    endloop
  endfacet
  facet normal 0 1 -0
    outer loop
      vertex 214.2 64.8 0
      vertex 169.9 64.8 5.1
      vertex 214.2 64.8 37.5
    endloop
  endfacet
  facet normal 0 1 0
    outer loop
      vertex 214.2 64.8 0
      vertex 155.9 64.8 1.6
      vertex 169.9 64.8 1.6
    endloop
  endfacet
  facet normal 0 1 0
    outer loop
      vertex 155.9 64.8 1.6
      vertex 214.2 64.8 0
      vertex 61.3 64.8 1.6
    endloop
  endfacet
  facet normal 0 1 0
    outer loop
      vertex 3 64.8 0
      vertex 61.3 64.8 1.6
      vertex 214.2 64.8 0
    endloop
  endfacet
  facet normal 0 1 0
    outer loop
      vertex 169.9 64.8 5.1
      vertex 214.2 64.8 0
      vertex 169.9 64.8 1.6
    endloop
  endfacet
  facet normal 0 1 0
    outer loop
      vertex 214.2 64.8 37.5
      vertex 155.9 64.8 5.1
      vertex 3 64.8 37.5
    endloop
  endfacet
  facet normal 0 1 -0
    outer loop
      vertex 61.3 64.8 5.1
      vertex 3 64.8 37.5
      vertex 155.9 64.8 5.1
    endloop
  endfacet
  facet normal 0 1 -0
    outer loop
      vertex 47.3 64.8 5.1
      vertex 3 64.8 37.5
      vertex 61.3 64.8 5.1
    endloop
  endfacet
  facet normal 0 1 0
    outer loop
      vertex 3 64.8 0
      vertex 47.3 64.8 5.1
      vertex 47.3 64.8 1.6
    endloop
  endfacet
  facet normal 0 1 0
    outer loop
      vertex 47.3 64.8 5.1
      vertex 3 64.8 0
      vertex 3 64.8 37.5
    endloop
  endfacet
  facet normal 0 1 0
    outer loop
      vertex 61.3 64.8 1.6
      vertex 3 64.8 0
      vertex 47.3 64.8 1.6
    endloop
  endfacet
  facet normal 0.896405 0.443235 0
    outer loop
      vertex 216.972 62.9481 37.5
      vertex 216.798 63.3 0
      vertex 216.798 63.3 37.5
    endloop
  endfacet
  facet normal 0.896405 0.443235 0
    outer loop
      vertex 216.798 63.3 0
      vertex 216.972 62.9481 37.5
      vertex 216.972 62.9481 0
    endloop
  endfacet
  facet normal -0.44216 0.896936 0
    outer loop
      vertex 1.85195 64.5716 0
      vertex 1.5 64.3981 37.5
      vertex 1.85195 64.5716 37.5
    endloop
  endfacet
  facet normal -0.44216 0.896936 0
    outer loop
      vertex 1.5 64.3981 37.5
      vertex 1.85195 64.5716 0
      vertex 1.5 64.3981 0
    endloop
  endfacet
  facet normal 0.555906 -0.831245 0
    outer loop
      vertex 215.7 0.401923 0
      vertex 216.026 0.61994 37.5
      vertex 215.7 0.401923 37.5
    endloop
  endfacet
  facet normal 0.555906 -0.831245 0
    outer loop
      vertex 216.026 0.61994 37.5
      vertex 215.7 0.401923 0
      vertex 216.026 0.61994 0
    endloop
  endfacet
  facet normal 0.555877 0.831265 -0
    outer loop
      vertex 216.026 64.1801 0
      vertex 215.7 64.3981 37.5
      vertex 216.026 64.1801 37.5
    endloop
  endfacet
  facet normal 0.555877 0.831265 0
    outer loop
      vertex 215.7 64.3981 37.5
      vertex 216.026 64.1801 0
      vertex 215.7 64.3981 0
    endloop
  endfacet
  facet normal -0.831465 -0.555577 0
    outer loop
      vertex 0.61994 1.17372 0
      vertex 0.401923 1.5 37.5
      vertex 0.401923 1.5 0
    endloop
  endfacet
  facet normal -0.831465 -0.555577 0
    outer loop
      vertex 0.401923 1.5 37.5
      vertex 0.61994 1.17372 0
      vertex 0.61994 1.17372 37.5
    endloop
  endfacet
  facet normal 0.947037 -0.321125 0
    outer loop
      vertex 216.972 1.85195 37.5
      vertex 217.098 2.22354 0
      vertex 217.098 2.22354 37.5
    endloop
  endfacet
  facet normal 0.947037 -0.321125 0
    outer loop
      vertex 217.098 2.22354 0
      vertex 216.972 1.85195 37.5
      vertex 216.972 1.85195 0
    endloop
  endfacet
  facet normal 0.0654208 0.997858 -0
    outer loop
      vertex 214.592 64.7743 0
      vertex 214.2 64.8 37.5
      vertex 214.592 64.7743 37.5
    endloop
  endfacet
  facet normal 0.0654208 0.997858 0
    outer loop
      vertex 214.2 64.8 37.5
      vertex 214.592 64.7743 0
      vertex 214.2 64.8 0
    endloop
  endfacet
  facet normal -0.321442 -0.946929 0
    outer loop
      vertex 1.85195 0.228361 0
      vertex 2.22354 0.102222 37.5
      vertex 1.85195 0.228361 37.5
    endloop
  endfacet
  facet normal -0.321442 -0.946929 -0
    outer loop
      vertex 2.22354 0.102222 37.5
      vertex 1.85195 0.228361 0
      vertex 2.22354 0.102222 0
    endloop
  endfacet
  facet normal -0.751846 -0.659339 0
    outer loop
      vertex 0.878679 0.878679 0
      vertex 0.61994 1.17372 37.5
      vertex 0.61994 1.17372 0
    endloop
  endfacet
  facet normal -0.751846 -0.659339 0
    outer loop
      vertex 0.61994 1.17372 37.5
      vertex 0.878679 0.878679 0
      vertex 0.878679 0.878679 37.5
    endloop
  endfacet
  facet normal -0.997859 -0.0654026 0
    outer loop
      vertex 0.0256653 2.60842 0
      vertex 0 3 37.5
      vertex 0 3 0
    endloop
  endfacet
  facet normal -0.997859 -0.0654026 0
    outer loop
      vertex 0 3 37.5
      vertex 0.0256653 2.60842 0
      vertex 0.0256653 2.60842 37.5
    endloop
  endfacet
  facet normal 0.831501 0.555523 0
    outer loop
      vertex 216.798 63.3 37.5
      vertex 216.58 63.6263 0
      vertex 216.58 63.6263 37.5
    endloop
  endfacet
  facet normal 0.831501 0.555523 0
    outer loop
      vertex 216.58 63.6263 0
      vertex 216.798 63.3 37.5
      vertex 216.798 63.3 0
    endloop
  endfacet
  facet normal -0.946929 -0.321442 0
    outer loop
      vertex 0.228361 1.85195 0
      vertex 0.102222 2.22354 37.5
      vertex 0.102222 2.22354 0
    endloop
  endfacet
  facet normal -0.946929 -0.321442 0
    outer loop
      vertex 0.102222 2.22354 37.5
      vertex 0.228361 1.85195 0
      vertex 0.228361 1.85195 37.5
    endloop
  endfacet
  facet normal 0.997803 0.0662484 0
    outer loop
      vertex 217.2 61.8 37.5
      vertex 217.174 62.1916 0
      vertex 217.174 62.1916 37.5
    endloop
  endfacet
  facet normal 0.997803 0.0662484 0
    outer loop
      vertex 217.174 62.1916 0
      vertex 217.2 61.8 37.5
      vertex 217.2 61.8 0
    endloop
  endfacet
  facet normal -0.321582 0.946882 0
    outer loop
      vertex 2.22354 64.6978 0
      vertex 1.85195 64.5716 37.5
      vertex 2.22354 64.6978 37.5
    endloop
  endfacet
  facet normal -0.321582 0.946882 0
    outer loop
      vertex 1.85195 64.5716 37.5
      vertex 2.22354 64.6978 0
      vertex 1.85195 64.5716 0
    endloop
  endfacet
  facet normal 0.94704 0.321117 0
    outer loop
      vertex 217.098 62.5765 37.5
      vertex 216.972 62.9481 0
      vertex 216.972 62.9481 37.5
    endloop
  endfacet
  facet normal 0.94704 0.321117 0
    outer loop
      vertex 216.972 62.9481 0
      vertex 217.098 62.5765 37.5
      vertex 217.098 62.5765 0
    endloop
  endfacet
  facet normal 0.981058 0.193714 0
    outer loop
      vertex 217.174 62.1916 37.5
      vertex 217.098 62.5765 0
      vertex 217.098 62.5765 37.5
    endloop
  endfacet
  facet normal 0.981058 0.193714 0
    outer loop
      vertex 217.098 62.5765 0
      vertex 217.174 62.1916 37.5
      vertex 217.174 62.1916 0
    endloop
  endfacet
  facet normal -0.0654026 -0.997859 0
    outer loop
      vertex 2.60842 0.0256653 0
      vertex 3 0 37.5
      vertex 2.60842 0.0256653 37.5
    endloop
  endfacet
  facet normal -0.0654026 -0.997859 -0
    outer loop
      vertex 3 0 37.5
      vertex 2.60842 0.0256653 0
      vertex 3 0 0
    endloop
  endfacet
  facet normal -0.980786 -0.195089 0
    outer loop
      vertex 0.102222 2.22354 0
      vertex 0.0256653 2.60842 37.5
      vertex 0.0256653 2.60842 0
    endloop
  endfacet
  facet normal -0.980786 -0.195089 0
    outer loop
      vertex 0.0256653 2.60842 37.5
      vertex 0.102222 2.22354 0
      vertex 0.102222 2.22354 37.5
    endloop
  endfacet
  facet normal 0.89643 -0.443185 0
    outer loop
      vertex 216.798 1.5 37.5
      vertex 216.972 1.85195 0
      vertex 216.972 1.85195 37.5
    endloop
  endfacet
  facet normal 0.89643 -0.443185 0
    outer loop
      vertex 216.972 1.85195 0
      vertex 216.798 1.5 37.5
      vertex 216.798 1.5 0
    endloop
  endfacet
  facet normal 0 0 1
    outer loop
      vertex 214.8 62.4 37.5
      vertex 217.2 61.8 37.5
      vertex 217.174 62.1916 37.5
    endloop
  endfacet
  facet normal 0 0 1
    outer loop
      vertex 217.2 61.8 37.5
      vertex 214.8 62.4 37.5
      vertex 217.2 3 37.5
    endloop
  endfacet
  facet normal -0 0 1
    outer loop
      vertex 214.8 62.4 37.5
      vertex 217.174 62.1916 37.5
      vertex 217.098 62.5765 37.5
    endloop
  endfacet
  facet normal 0 0 1
    outer loop
      vertex 214.8 2.4 37.5
      vertex 217.2 3 37.5
      vertex 214.8 62.4 37.5
    endloop
  endfacet
  facet normal 0 0 1
    outer loop
      vertex 214.8 62.4 37.5
      vertex 217.098 62.5765 37.5
      vertex 216.972 62.9481 37.5
    endloop
  endfacet
  facet normal 0 0 1
    outer loop
      vertex 217.2 3 37.5
      vertex 214.8 2.4 37.5
      vertex 217.174 2.60842 37.5
    endloop
  endfacet
  facet normal 0 0 1
    outer loop
      vertex 214.8 62.4 37.5
      vertex 216.972 62.9481 37.5
      vertex 216.798 63.3 37.5
    endloop
  endfacet
  facet normal 0 0 1
    outer loop
      vertex 217.174 2.60842 37.5
      vertex 214.8 2.4 37.5
      vertex 217.098 2.22354 37.5
    endloop
  endfacet
  facet normal 0 0 1
    outer loop
      vertex 214.8 62.4 37.5
      vertex 216.798 63.3 37.5
      vertex 216.58 63.6263 37.5
    endloop
  endfacet
  facet normal 0 0 1
    outer loop
      vertex 217.098 2.22354 37.5
      vertex 214.8 2.4 37.5
      vertex 216.972 1.85195 37.5
    endloop
  endfacet
  facet normal 0 0 1
    outer loop
      vertex 214.8 62.4 37.5
      vertex 216.58 63.6263 37.5
      vertex 216.321 63.9213 37.5
    endloop
  endfacet
  facet normal 0 0 1
    outer loop
      vertex 216.972 1.85195 37.5
      vertex 214.8 2.4 37.5
      vertex 216.798 1.5 37.5
    endloop
  endfacet
  facet normal 0 0 1
    outer loop
      vertex 214.8 62.4 37.5
      vertex 216.321 63.9213 37.5
      vertex 216.026 64.1801 37.5
    endloop
  endfacet
  facet normal 0 0 1
    outer loop
      vertex 216.798 1.5 37.5
      vertex 214.8 2.4 37.5
      vertex 216.58 1.17372 37.5
    endloop
  endfacet
  facet normal 0 0 1
    outer loop
      vertex 214.8 62.4 37.5
      vertex 216.026 64.1801 37.5
      vertex 215.7 64.3981 37.5
    endloop
  endfacet
  facet normal 0 0 1
    outer loop
      vertex 216.58 1.17372 37.5
      vertex 214.8 2.4 37.5
      vertex 216.321 0.878679 37.5
    endloop
  endfacet
  facet normal 0 0 1
    outer loop
      vertex 214.8 62.4 37.5
      vertex 215.7 64.3981 37.5
      vertex 215.348 64.5716 37.5
    endloop
  endfacet
  facet normal 0 0 1
    outer loop
      vertex 216.321 0.878679 37.5
      vertex 214.8 2.4 37.5
      vertex 216.026 0.61994 37.5
    endloop
  endfacet
  facet normal 0 0 1
    outer loop
      vertex 214.8 62.4 37.5
      vertex 215.348 64.5716 37.5
      vertex 214.976 64.6978 37.5
    endloop
  endfacet
  facet normal 0 0 1
    outer loop
      vertex 216.026 0.61994 37.5
      vertex 214.8 2.4 37.5
      vertex 215.7 0.401923 37.5
    endloop
  endfacet
  facet normal 0 0 1
    outer loop
      vertex 215.7 0.401923 37.5
      vertex 214.8 2.4 37.5
      vertex 215.348 0.228361 37.5
    endloop
  endfacet
  facet normal 0 0 1
    outer loop
      vertex 214.592 64.7743 37.5
      vertex 214.8 62.4 37.5
      vertex 214.976 64.6978 37.5
    endloop
  endfacet
  facet normal 0 0 1
    outer loop
      vertex 214.2 64.8 37.5
      vertex 214.8 62.4 37.5
      vertex 214.592 64.7743 37.5
    endloop
  endfacet
  facet normal 0 0 1
    outer loop
      vertex 214.2 64.8 37.5
      vertex 72.8 62.4 37.5
      vertex 214.8 62.4 37.5
    endloop
  endfacet
  facet normal 0 0 1
    outer loop
      vertex 72.8 62.4 37.5
      vertex 70.8 62.4 37.5
      vertex 72.8 2.4 37.5
    endloop
  endfacet
  facet normal -0 0 1
    outer loop
      vertex 3 64.8 37.5
      vertex 72.8 62.4 37.5
      vertex 214.2 64.8 37.5
    endloop
  endfacet
  facet normal 0 0 1
    outer loop
      vertex 72.8 62.4 37.5
      vertex 3 64.8 37.5
      vertex 70.8 62.4 37.5
    endloop
  endfacet
  facet normal 0 0 1
    outer loop
      vertex 2.4 62.4 37.5
      vertex 3 64.8 37.5
      vertex 2.60842 64.7743 37.5
    endloop
  endfacet
  facet normal 0 0 1
    outer loop
      vertex 3 64.8 37.5
      vertex 2.4 62.4 37.5
      vertex 70.8 62.4 37.5
    endloop
  endfacet
  facet normal -0 0 1
    outer loop
      vertex 1.85195 64.5716 37.5
      vertex 2.4 62.4 37.5
      vertex 2.22354 64.6978 37.5
    endloop
  endfacet
  facet normal -0 0 1
    outer loop
      vertex 2.22354 64.6978 37.5
      vertex 2.4 62.4 37.5
      vertex 2.60842 64.7743 37.5
    endloop
  endfacet
  facet normal 0 0 1
    outer loop
      vertex 215.348 0.228361 37.5
      vertex 214.8 2.4 37.5
      vertex 214.976 0.102222 37.5
    endloop
  endfacet
  facet normal 0 0 1
    outer loop
      vertex 214.8 2.4 37.5
      vertex 214.592 0.0256653 37.5
      vertex 214.976 0.102222 37.5
    endloop
  endfacet
  facet normal 0 0 1
    outer loop
      vertex 214.8 2.4 37.5
      vertex 214.2 0 37.5
      vertex 214.592 0.0256653 37.5
    endloop
  endfacet
  facet normal -0 0 1
    outer loop
      vertex 72.8 2.4 37.5
      vertex 214.2 0 37.5
      vertex 214.8 2.4 37.5
    endloop
  endfacet
  facet normal 0 0 1
    outer loop
      vertex 70.8 2.4 37.5
      vertex 72.8 2.4 37.5
      vertex 70.8 62.4 37.5
    endloop
  endfacet
  facet normal 0 0 1
    outer loop
      vertex 3 0 37.5
      vertex 72.8 2.4 37.5
      vertex 70.8 2.4 37.5
    endloop
  endfacet
  facet normal 0 0 1
    outer loop
      vertex 72.8 2.4 37.5
      vertex 3 0 37.5
      vertex 214.2 0 37.5
    endloop
  endfacet
  facet normal -0 0 1
    outer loop
      vertex 2.4 2.4 37.5
      vertex 3 0 37.5
      vertex 70.8 2.4 37.5
    endloop
  endfacet
  facet normal 0 0 1
    outer loop
      vertex 3 0 37.5
      vertex 2.4 2.4 37.5
      vertex 2.60842 0.0256653 37.5
    endloop
  endfacet
  facet normal 0 0 1
    outer loop
      vertex 2.4 2.4 37.5
      vertex 2.22354 0.102222 37.5
      vertex 2.60842 0.0256653 37.5
    endloop
  endfacet
  facet normal 0 0 1
    outer loop
      vertex 2.4 62.4 37.5
      vertex 0 61.8 37.5
      vertex 2.4 2.4 37.5
    endloop
  endfacet
  facet normal -0 0 1
    outer loop
      vertex 1.5 64.3981 37.5
      vertex 2.4 62.4 37.5
      vertex 1.85195 64.5716 37.5
    endloop
  endfacet
  facet normal -0 0 1
    outer loop
      vertex 0 3 37.5
      vertex 2.4 2.4 37.5
      vertex 0 61.8 37.5
    endloop
  endfacet
  facet normal -0 0 1
    outer loop
      vertex 1.17372 64.1801 37.5
      vertex 2.4 62.4 37.5
      vertex 1.5 64.3981 37.5
    endloop
  endfacet
  facet normal -0 -0 1
    outer loop
      vertex 0.0256653 2.60842 37.5
      vertex 2.4 2.4 37.5
      vertex 0 3 37.5
    endloop
  endfacet
  facet normal -0 0 1
    outer loop
      vertex 0.878679 63.9213 37.5
      vertex 2.4 62.4 37.5
      vertex 1.17372 64.1801 37.5
    endloop
  endfacet
  facet normal 0 0 1
    outer loop
      vertex 2.4 2.4 37.5
      vertex 1.85195 0.228361 37.5
      vertex 2.22354 0.102222 37.5
    endloop
  endfacet
  facet normal -0 0 1
    outer loop
      vertex 0.61994 63.6263 37.5
      vertex 2.4 62.4 37.5
      vertex 0.878679 63.9213 37.5
    endloop
  endfacet
  facet normal 0 0 1
    outer loop
      vertex 2.4 2.4 37.5
      vertex 1.5 0.401923 37.5
      vertex 1.85195 0.228361 37.5
    endloop
  endfacet
  facet normal -0 0 1
    outer loop
      vertex 0.401923 63.3 37.5
      vertex 2.4 62.4 37.5
      vertex 0.61994 63.6263 37.5
    endloop
  endfacet
  facet normal 0 0 1
    outer loop
      vertex 2.4 2.4 37.5
      vertex 1.17372 0.61994 37.5
      vertex 1.5 0.401923 37.5
    endloop
  endfacet
  facet normal -0 0 1
    outer loop
      vertex 0.228361 62.9481 37.5
      vertex 2.4 62.4 37.5
      vertex 0.401923 63.3 37.5
    endloop
  endfacet
  facet normal 0 0 1
    outer loop
      vertex 2.4 2.4 37.5
      vertex 0.878679 0.878679 37.5
      vertex 1.17372 0.61994 37.5
    endloop
  endfacet
  facet normal -0 0 1
    outer loop
      vertex 0.102222 62.5765 37.5
      vertex 2.4 62.4 37.5
      vertex 0.228361 62.9481 37.5
    endloop
  endfacet
  facet normal 0 0 1
    outer loop
      vertex 2.4 2.4 37.5
      vertex 0.61994 1.17372 37.5
      vertex 0.878679 0.878679 37.5
    endloop
  endfacet
  facet normal 0 0 1
    outer loop
      vertex 0.0256653 62.1916 37.5
      vertex 2.4 62.4 37.5
      vertex 0.102222 62.5765 37.5
    endloop
  endfacet
  facet normal 0 0 1
    outer loop
      vertex 2.4 2.4 37.5
      vertex 0.401923 1.5 37.5
      vertex 0.61994 1.17372 37.5
    endloop
  endfacet
  facet normal 0 0 1
    outer loop
      vertex 2.4 62.4 37.5
      vertex 0.0256653 62.1916 37.5
      vertex 0 61.8 37.5
    endloop
  endfacet
  facet normal 0 0 1
    outer loop
      vertex 2.4 2.4 37.5
      vertex 0.228361 1.85195 37.5
      vertex 0.401923 1.5 37.5
    endloop
  endfacet
  facet normal 0 0 1
    outer loop
      vertex 2.4 2.4 37.5
      vertex 0.102222 2.22354 37.5
      vertex 0.228361 1.85195 37.5
    endloop
  endfacet
  facet normal 0 0 1
    outer loop
      vertex 2.4 2.4 37.5
      vertex 0.0256653 2.60842 37.5
      vertex 0.102222 2.22354 37.5
    endloop
  endfacet
  facet normal 0.442237 -0.896898 0
    outer loop
      vertex 215.348 0.228361 0
      vertex 215.7 0.401923 37.5
      vertex 215.348 0.228361 37.5
    endloop
  endfacet
  facet normal 0.442237 -0.896898 0
    outer loop
      vertex 215.7 0.401923 37.5
      vertex 215.348 0.228361 0
      vertex 215.7 0.401923 0
    endloop
  endfacet
  facet normal 0.195519 -0.9807 0
    outer loop
      vertex 214.592 0.0256653 0
      vertex 214.976 0.102222 37.5
      vertex 214.592 0.0256653 37.5
    endloop
  endfacet
  facet normal 0.195519 -0.9807 0
    outer loop
      vertex 214.976 0.102222 37.5
      vertex 214.592 0.0256653 0
      vertex 214.976 0.102222 0
    endloop
  endfacet
  facet normal -0.442288 -0.896873 0
    outer loop
      vertex 1.5 0.401923 0
      vertex 1.85195 0.228361 37.5
      vertex 1.5 0.401923 37.5
    endloop
  endfacet
  facet normal -0.442288 -0.896873 -0
    outer loop
      vertex 1.85195 0.228361 37.5
      vertex 1.5 0.401923 0
      vertex 1.85195 0.228361 0
    endloop
  endfacet
  facet normal 0.751516 -0.659714 0
    outer loop
      vertex 216.321 0.878679 37.5
      vertex 216.58 1.17372 0
      vertex 216.58 1.17372 37.5
    endloop
  endfacet
  facet normal 0.751516 -0.659714 0
    outer loop
      vertex 216.58 1.17372 0
      vertex 216.321 0.878679 37.5
      vertex 216.321 0.878679 0
    endloop
  endfacet
  facet normal 0.321124 -0.947037 0
    outer loop
      vertex 214.976 0.102222 0
      vertex 215.348 0.228361 37.5
      vertex 214.976 0.102222 37.5
    endloop
  endfacet
  facet normal 0.321124 -0.947037 0
    outer loop
      vertex 215.348 0.228361 37.5
      vertex 214.976 0.102222 0
      vertex 215.348 0.228361 0
    endloop
  endfacet
  facet normal 0.751471 0.659766 0
    outer loop
      vertex 216.58 63.6263 37.5
      vertex 216.321 63.9213 0
      vertex 216.321 63.9213 37.5
    endloop
  endfacet
  facet normal 0.751471 0.659766 0
    outer loop
      vertex 216.321 63.9213 0
      vertex 216.58 63.6263 37.5
      vertex 216.58 63.6263 0
    endloop
  endfacet
  facet normal 0.831485 -0.555547 0
    outer loop
      vertex 216.58 1.17372 37.5
      vertex 216.798 1.5 0
      vertex 216.798 1.5 37.5
    endloop
  endfacet
  facet normal 0.831485 -0.555547 0
    outer loop
      vertex 216.798 1.5 0
      vertex 216.58 1.17372 37.5
      vertex 216.58 1.17372 0
    endloop
  endfacet
  facet normal -0.896848 0.442338 0
    outer loop
      vertex 0.228361 62.9481 0
      vertex 0.401923 63.3 37.5
      vertex 0.401923 63.3 0
    endloop
  endfacet
  facet normal -0.896848 0.442338 0
    outer loop
      vertex 0.401923 63.3 37.5
      vertex 0.228361 62.9481 0
      vertex 0.228361 62.9481 37.5
    endloop
  endfacet
  facet normal -0.555547 0.831485 0
    outer loop
      vertex 1.5 64.3981 0
      vertex 1.17372 64.1801 37.5
      vertex 1.5 64.3981 37.5
    endloop
  endfacet
  facet normal -0.555547 0.831485 0
    outer loop
      vertex 1.17372 64.1801 37.5
      vertex 1.5 64.3981 0
      vertex 1.17372 64.1801 0
    endloop
  endfacet
  facet normal 0.659478 0.751724 -0
    outer loop
      vertex 216.321 63.9213 0
      vertex 216.026 64.1801 37.5
      vertex 216.321 63.9213 37.5
    endloop
  endfacet
  facet normal 0.659478 0.751724 0
    outer loop
      vertex 216.026 64.1801 37.5
      vertex 216.321 63.9213 0
      vertex 216.026 64.1801 0
    endloop
  endfacet
  facet normal -0.997859 0.0653993 0
    outer loop
      vertex 0 61.8 0
      vertex 0.0256653 62.1916 37.5
      vertex 0.0256653 62.1916 0
    endloop
  endfacet
  facet normal -0.997859 0.0653993 0
    outer loop
      vertex 0.0256653 62.1916 37.5
      vertex 0 61.8 0
      vertex 0 61.8 37.5
    endloop
  endfacet
  facet normal 0 0 -1
    outer loop
      vertex 214.2 0 0
      vertex 217.2 3 0
      vertex 217.174 2.60842 0
    endloop
  endfacet
  facet normal -0 0 -1
    outer loop
      vertex 217.2 3 0
      vertex 214.2 0 0
      vertex 217.2 61.8 0
    endloop
  endfacet
  facet normal 0 0 -1
    outer loop
      vertex 214.2 0 0
      vertex 217.174 2.60842 0
      vertex 217.098 2.22354 0
    endloop
  endfacet
  facet normal 0 0 -1
    outer loop
      vertex 214.2 64.8 0
      vertex 217.2 61.8 0
      vertex 214.2 0 0
    endloop
  endfacet
  facet normal 0 0 -1
    outer loop
      vertex 214.2 0 0
      vertex 217.098 2.22354 0
      vertex 216.972 1.85195 0
    endloop
  endfacet
  facet normal 0 0 -1
    outer loop
      vertex 217.2 61.8 0
      vertex 214.2 64.8 0
      vertex 217.174 62.1916 0
    endloop
  endfacet
  facet normal 0 0 -1
    outer loop
      vertex 214.2 0 0
      vertex 216.972 1.85195 0
      vertex 216.798 1.5 0
    endloop
  endfacet
  facet normal 0 0 -1
    outer loop
      vertex 217.174 62.1916 0
      vertex 214.2 64.8 0
      vertex 217.098 62.5765 0
    endloop
  endfacet
  facet normal 0 0 -1
    outer loop
      vertex 214.2 0 0
      vertex 216.798 1.5 0
      vertex 216.58 1.17372 0
    endloop
  endfacet
  facet normal 0 0 -1
    outer loop
      vertex 217.098 62.5765 0
      vertex 214.2 64.8 0
      vertex 216.972 62.9481 0
    endloop
  endfacet
  facet normal 0 0 -1
    outer loop
      vertex 214.2 0 0
      vertex 216.58 1.17372 0
      vertex 216.321 0.878679 0
    endloop
  endfacet
  facet normal 0 0 -1
    outer loop
      vertex 216.972 62.9481 0
      vertex 214.2 64.8 0
      vertex 216.798 63.3 0
    endloop
  endfacet
  facet normal 0 0 -1
    outer loop
      vertex 214.2 0 0
      vertex 216.321 0.878679 0
      vertex 216.026 0.61994 0
    endloop
  endfacet
  facet normal 0 0 -1
    outer loop
      vertex 216.798 63.3 0
      vertex 214.2 64.8 0
      vertex 216.58 63.6263 0
    endloop
  endfacet
  facet normal 0 0 -1
    outer loop
      vertex 214.2 0 0
      vertex 216.026 0.61994 0
      vertex 215.7 0.401923 0
    endloop
  endfacet
  facet normal 0 0 -1
    outer loop
      vertex 216.58 63.6263 0
      vertex 214.2 64.8 0
      vertex 216.321 63.9213 0
    endloop
  endfacet
  facet normal 0 0 -1
    outer loop
      vertex 214.2 0 0
      vertex 215.7 0.401923 0
      vertex 215.348 0.228361 0
    endloop
  endfacet
  facet normal 0 0 -1
    outer loop
      vertex 216.321 63.9213 0
      vertex 214.2 64.8 0
      vertex 216.026 64.1801 0
    endloop
  endfacet
  facet normal 0 0 -1
    outer loop
      vertex 214.2 0 0
      vertex 215.348 0.228361 0
      vertex 214.976 0.102222 0
    endloop
  endfacet
  facet normal 0 0 -1
    outer loop
      vertex 216.026 64.1801 0
      vertex 214.2 64.8 0
      vertex 215.7 64.3981 0
    endloop
  endfacet
  facet normal 0 0 -1
    outer loop
      vertex 214.2 0 0
      vertex 214.976 0.102222 0
      vertex 214.592 0.0256653 0
    endloop
  endfacet
  facet normal 0 0 -1
    outer loop
      vertex 215.7 64.3981 0
      vertex 214.2 64.8 0
      vertex 215.348 64.5716 0
    endloop
  endfacet
  facet normal 0 0 -1
    outer loop
      vertex 215.348 64.5716 0
      vertex 214.2 64.8 0
      vertex 214.976 64.6978 0
    endloop
  endfacet
  facet normal 0 0 -1
    outer loop
      vertex 214.976 64.6978 0
      vertex 214.2 64.8 0
      vertex 214.592 64.7743 0
    endloop
  endfacet
  facet normal 0 0 -1
    outer loop
      vertex 3 0 0
      vertex 214.2 64.8 0
      vertex 214.2 0 0
    endloop
  endfacet
  facet normal 0 0 -1
    outer loop
      vertex 3 0 0
      vertex 3 64.8 0
      vertex 214.2 64.8 0
    endloop
  endfacet
  facet normal 0 0 -1
    outer loop
      vertex 0 3 0
      vertex 3 0 0
      vertex 2.60842 0.0256653 0
    endloop
  endfacet
  facet normal 0 0 -1
    outer loop
      vertex 3 0 0
      vertex 0 3 0
      vertex 3 64.8 0
    endloop
  endfacet
  facet normal 0 0 -1
    outer loop
      vertex 0 3 0
      vertex 2.60842 0.0256653 0
      vertex 2.22354 0.102222 0
    endloop
  endfacet
  facet normal 0 0 -1
    outer loop
      vertex 0 61.8 0
      vertex 3 64.8 0
      vertex 0 3 0
    endloop
  endfacet
  facet normal 0 0 -1
    outer loop
      vertex 0 3 0
      vertex 2.22354 0.102222 0
      vertex 1.85195 0.228361 0
    endloop
  endfacet
  facet normal 0 0 -1
    outer loop
      vertex 3 64.8 0
      vertex 0 61.8 0
      vertex 2.60842 64.7743 0
    endloop
  endfacet
  facet normal 0 0 -1
    outer loop
      vertex 0 3 0
      vertex 1.85195 0.228361 0
      vertex 1.5 0.401923 0
    endloop
  endfacet
  facet normal 0 0 -1
    outer loop
      vertex 2.60842 64.7743 0
      vertex 0 61.8 0
      vertex 2.22354 64.6978 0
    endloop
  endfacet
  facet normal 0 0 -1
    outer loop
      vertex 0 3 0
      vertex 1.5 0.401923 0
      vertex 1.17372 0.61994 0
    endloop
  endfacet
  facet normal 0 0 -1
    outer loop
      vertex 2.22354 64.6978 0
      vertex 0 61.8 0
      vertex 1.85195 64.5716 0
    endloop
  endfacet
  facet normal 0 0 -1
    outer loop
      vertex 0 3 0
      vertex 1.17372 0.61994 0
      vertex 0.878679 0.878679 0
    endloop
  endfacet
  facet normal 0 0 -1
    outer loop
      vertex 1.85195 64.5716 0
      vertex 0 61.8 0
      vertex 1.5 64.3981 0
    endloop
  endfacet
  facet normal 0 0 -1
    outer loop
      vertex 0 3 0
      vertex 0.878679 0.878679 0
      vertex 0.61994 1.17372 0
    endloop
  endfacet
  facet normal 0 0 -1
    outer loop
      vertex 1.5 64.3981 0
      vertex 0 61.8 0
      vertex 1.17372 64.1801 0
    endloop
  endfacet
  facet normal 0 0 -1
    outer loop
      vertex 0 3 0
      vertex 0.61994 1.17372 0
      vertex 0.401923 1.5 0
    endloop
  endfacet
  facet normal 0 0 -1
    outer loop
      vertex 1.17372 64.1801 0
      vertex 0 61.8 0
      vertex 0.878679 63.9213 0
    endloop
  endfacet
  facet normal 0 0 -1
    outer loop
      vertex 0 3 0
      vertex 0.401923 1.5 0
      vertex 0.228361 1.85195 0
    endloop
  endfacet
  facet normal 0 0 -1
    outer loop
      vertex 0.878679 63.9213 0
      vertex 0 61.8 0
      vertex 0.61994 63.6263 0
    endloop
  endfacet
  facet normal 0 0 -1
    outer loop
      vertex 0 3 0
      vertex 0.228361 1.85195 0
      vertex 0.102222 2.22354 0
    endloop
  endfacet
  facet normal 0 0 -1
    outer loop
      vertex 0.61994 63.6263 0
      vertex 0 61.8 0
      vertex 0.401923 63.3 0
    endloop
  endfacet
  facet normal 0 0 -1
    outer loop
      vertex 0 3 0
      vertex 0.102222 2.22354 0
      vertex 0.0256653 2.60842 0
    endloop
  endfacet
  facet normal 0 0 -1
    outer loop
      vertex 0.401923 63.3 0
      vertex 0 61.8 0
      vertex 0.228361 62.9481 0
    endloop
  endfacet
  facet normal 0 0 -1
    outer loop
      vertex 0.228361 62.9481 0
      vertex 0 61.8 0
      vertex 0.102222 62.5765 0
    endloop
  endfacet
  facet normal 0 0 -1
    outer loop
      vertex 0.102222 62.5765 0
      vertex 0 61.8 0
      vertex 0.0256653 62.1916 0
    endloop
  endfacet
  facet normal -1 0 0
    outer loop
      vertex 214.8 58.9 7.5
      vertex 214.8 38.5 22.5
      vertex 214.8 58.9 37.5
    endloop
  endfacet
  facet normal -1 0 0
    outer loop
      vertex 214.8 58.9 7.5
      vertex 214.8 38.4478 21.7038
      vertex 214.8 38.5 22.5
    endloop
  endfacet
  facet normal -1 0 0
    outer loop
      vertex 214.8 58.9 7.5
      vertex 214.8 38.2921 20.9212
      vertex 214.8 38.4478 21.7038
    endloop
  endfacet
  facet normal -1 0 0
    outer loop
      vertex 214.8 58.9 7.5
      vertex 214.8 38.0357 20.1656
      vertex 214.8 38.2921 20.9212
    endloop
  endfacet
  facet normal -1 0 0
    outer loop
      vertex 214.8 58.9 7.5
      vertex 214.8 37.6828 19.45
      vertex 214.8 38.0357 20.1656
    endloop
  endfacet
  facet normal -1 0 0
    outer loop
      vertex 214.8 58.9 7.5
      vertex 214.8 37.2395 18.7866
      vertex 214.8 37.6828 19.45
    endloop
  endfacet
  facet normal -1 0 0
    outer loop
      vertex 214.8 58.9 7.5
      vertex 214.8 36.7134 18.1866
      vertex 214.8 37.2395 18.7866
    endloop
  endfacet
  facet normal -1 0 0
    outer loop
      vertex 214.8 58.9 7.5
      vertex 214.8 36.1134 17.6605
      vertex 214.8 36.7134 18.1866
    endloop
  endfacet
  facet normal -1 0 0
    outer loop
      vertex 214.8 58.9 7.5
      vertex 214.8 35.45 17.2172
      vertex 214.8 36.1134 17.6605
    endloop
  endfacet
  facet normal -1 0 0
    outer loop
      vertex 214.8 58.9 7.5
      vertex 214.8 34.7344 16.8643
      vertex 214.8 35.45 17.2172
    endloop
  endfacet
  facet normal -1 0 0
    outer loop
      vertex 214.8 58.9 7.5
      vertex 214.8 33.9788 16.6079
      vertex 214.8 34.7344 16.8643
    endloop
  endfacet
  facet normal -1 0 0
    outer loop
      vertex 214.8 58.9 7.5
      vertex 214.8 33.1962 16.4522
      vertex 214.8 33.9788 16.6079
    endloop
  endfacet
  facet normal -1 0 0
    outer loop
      vertex 214.8 58.9 7.5
      vertex 214.8 32.4 16.4
      vertex 214.8 33.1962 16.4522
    endloop
  endfacet
  facet normal -1 0 0
    outer loop
      vertex 214.8 5.90001 7.5
      vertex 214.8 32.4 16.4
      vertex 214.8 58.9 7.5
    endloop
  endfacet
  facet normal -1 -0 0
    outer loop
      vertex 214.8 32.4 16.4
      vertex 214.8 5.90001 7.5
      vertex 214.8 31.6038 16.4522
    endloop
  endfacet
  facet normal -1 -0 0
    outer loop
      vertex 214.8 26.3522 21.7038
      vertex 214.8 5.90001 7.5
      vertex 214.8 26.3 22.5
    endloop
  endfacet
  facet normal -1 -0 0
    outer loop
      vertex 214.8 26.5079 20.9212
      vertex 214.8 5.90001 7.5
      vertex 214.8 26.3522 21.7038
    endloop
  endfacet
  facet normal -1 -0 0
    outer loop
      vertex 214.8 26.7643 20.1656
      vertex 214.8 5.90001 7.5
      vertex 214.8 26.5079 20.9212
    endloop
  endfacet
  facet normal -1 -0 0
    outer loop
      vertex 214.8 27.1172 19.45
      vertex 214.8 5.90001 7.5
      vertex 214.8 26.7643 20.1656
    endloop
  endfacet
  facet normal -1 -0 0
    outer loop
      vertex 214.8 27.5605 18.7866
      vertex 214.8 5.90001 7.5
      vertex 214.8 27.1172 19.45
    endloop
  endfacet
  facet normal -1 -0 0
    outer loop
      vertex 214.8 28.0866 18.1866
      vertex 214.8 5.90001 7.5
      vertex 214.8 27.5605 18.7866
    endloop
  endfacet
  facet normal -1 -0 0
    outer loop
      vertex 214.8 28.6866 17.6605
      vertex 214.8 5.90001 7.5
      vertex 214.8 28.0866 18.1866
    endloop
  endfacet
  facet normal -1 -0 0
    outer loop
      vertex 214.8 29.35 17.2172
      vertex 214.8 5.90001 7.5
      vertex 214.8 28.6866 17.6605
    endloop
  endfacet
  facet normal -1 -0 0
    outer loop
      vertex 214.8 30.0656 16.8643
      vertex 214.8 5.90001 7.5
      vertex 214.8 29.35 17.2172
    endloop
  endfacet
  facet normal -1 -0 0
    outer loop
      vertex 214.8 30.8212 16.6079
      vertex 214.8 5.90001 7.5
      vertex 214.8 30.0656 16.8643
    endloop
  endfacet
  facet normal -1 -0 0
    outer loop
      vertex 214.8 31.6038 16.4522
      vertex 214.8 5.90001 7.5
      vertex 214.8 30.8212 16.6079
    endloop
  endfacet
  facet normal -1 0 0
    outer loop
      vertex 214.8 38.4478 23.2962
      vertex 214.8 58.9 37.5
      vertex 214.8 38.5 22.5
    endloop
  endfacet
  facet normal -1 0 0
    outer loop
      vertex 214.8 38.2921 24.0788
      vertex 214.8 58.9 37.5
      vertex 214.8 38.4478 23.2962
    endloop
  endfacet
  facet normal -1 0 0
    outer loop
      vertex 214.8 38.0357 24.8344
      vertex 214.8 58.9 37.5
      vertex 214.8 38.2921 24.0788
    endloop
  endfacet
  facet normal -1 0 0
    outer loop
      vertex 214.8 37.6828 25.55
      vertex 214.8 58.9 37.5
      vertex 214.8 38.0357 24.8344
    endloop
  endfacet
  facet normal -1 0 0
    outer loop
      vertex 214.8 37.2395 26.2134
      vertex 214.8 58.9 37.5
      vertex 214.8 37.6828 25.55
    endloop
  endfacet
  facet normal -1 0 0
    outer loop
      vertex 214.8 36.7134 26.8134
      vertex 214.8 58.9 37.5
      vertex 214.8 37.2395 26.2134
    endloop
  endfacet
  facet normal -1 0 0
    outer loop
      vertex 214.8 36.1134 27.3395
      vertex 214.8 58.9 37.5
      vertex 214.8 36.7134 26.8134
    endloop
  endfacet
  facet normal -1 0 0
    outer loop
      vertex 214.8 35.45 27.7828
      vertex 214.8 58.9 37.5
      vertex 214.8 36.1134 27.3395
    endloop
  endfacet
  facet normal -1 0 0
    outer loop
      vertex 214.8 34.7344 28.1357
      vertex 214.8 58.9 37.5
      vertex 214.8 35.45 27.7828
    endloop
  endfacet
  facet normal -1 0 0
    outer loop
      vertex 214.8 33.9788 28.3921
      vertex 214.8 58.9 37.5
      vertex 214.8 34.7344 28.1357
    endloop
  endfacet
  facet normal -1 0 0
    outer loop
      vertex 214.8 33.1962 28.5478
      vertex 214.8 58.9 37.5
      vertex 214.8 33.9788 28.3921
    endloop
  endfacet
  facet normal -1 0 0
    outer loop
      vertex 214.8 32.4 28.6
      vertex 214.8 58.9 37.5
      vertex 214.8 33.1962 28.5478
    endloop
  endfacet
  facet normal -1 0 0
    outer loop
      vertex 214.8 5.90001 37.5
      vertex 214.8 32.4 28.6
      vertex 214.8 31.6038 28.5478
    endloop
  endfacet
  facet normal -1 0 0
    outer loop
      vertex 214.8 5.90001 37.5
      vertex 214.8 31.6038 28.5478
      vertex 214.8 30.8212 28.3921
    endloop
  endfacet
  facet normal -1 0 0
    outer loop
      vertex 214.8 5.90001 37.5
      vertex 214.8 26.3 22.5
      vertex 214.8 5.90001 7.5
    endloop
  endfacet
  facet normal -1 0 0
    outer loop
      vertex 214.8 26.3 22.5
      vertex 214.8 5.90001 37.5
      vertex 214.8 26.3522 23.2962
    endloop
  endfacet
  facet normal -1 0 0
    outer loop
      vertex 214.8 26.3522 23.2962
      vertex 214.8 5.90001 37.5
      vertex 214.8 26.5079 24.0788
    endloop
  endfacet
  facet normal -1 0 0
    outer loop
      vertex 214.8 26.5079 24.0788
      vertex 214.8 5.90001 37.5
      vertex 214.8 26.7643 24.8344
    endloop
  endfacet
  facet normal -1 0 0
    outer loop
      vertex 214.8 26.7643 24.8344
      vertex 214.8 5.90001 37.5
      vertex 214.8 27.1172 25.55
    endloop
  endfacet
  facet normal -1 0 0
    outer loop
      vertex 214.8 27.1172 25.55
      vertex 214.8 5.90001 37.5
      vertex 214.8 27.5605 26.2134
    endloop
  endfacet
  facet normal -1 0 0
    outer loop
      vertex 214.8 27.5605 26.2134
      vertex 214.8 5.90001 37.5
      vertex 214.8 28.0866 26.8134
    endloop
  endfacet
  facet normal -1 0 0
    outer loop
      vertex 214.8 32.4 28.6
      vertex 214.8 5.90001 37.5
      vertex 214.8 58.9 37.5
    endloop
  endfacet
  facet normal -1 0 0
    outer loop
      vertex 214.8 30.0656 28.1357
      vertex 214.8 5.90001 37.5
      vertex 214.8 30.8212 28.3921
    endloop
  endfacet
  facet normal -1 0 0
    outer loop
      vertex 214.8 29.35 27.7828
      vertex 214.8 5.90001 37.5
      vertex 214.8 30.0656 28.1357
    endloop
  endfacet
  facet normal -1 0 0
    outer loop
      vertex 214.8 28.6866 27.3395
      vertex 214.8 5.90001 37.5
      vertex 214.8 29.35 27.7828
    endloop
  endfacet
  facet normal -1 0 0
    outer loop
      vertex 214.8 28.0866 26.8134
      vertex 214.8 5.90001 37.5
      vertex 214.8 28.6866 27.3395
    endloop
  endfacet
  facet normal 0 0 0
    outer loop
      vertex 214.8 58.9 37.5
      vertex 214.8 5.90001 37.5
      vertex 214.8 2.4 37.5
    endloop
  endfacet
  facet normal 0 0 0
    outer loop
      vertex 214.8 2.4 37.5
      vertex 214.8 62.4 37.5
      vertex 214.8 58.9 37.5
    endloop
  endfacet
  facet normal 0 0 1
    outer loop
      vertex 80.1801 48.5737 7.5
      vertex 101.42 48.5737 7.5
      vertex 80.3981 48.9 7.5
    endloop
  endfacet
  facet normal 0 0 1
    outer loop
      vertex 101.974 16.7801 7.5
      vertex 80.7743 14.7916 7.5
      vertex 80.8 14.4 7.5
    endloop
  endfacet
  facet normal 0 0 1
    outer loop
      vertex 101.42 48.5737 7.5
      vertex 80.1801 48.5737 7.5
      vertex 101.679 48.2787 7.5
    endloop
  endfacet
  facet normal 0 0 1
    outer loop
      vertex 101.974 16.7801 7.5
      vertex 80.6978 15.1765 7.5
      vertex 80.7743 14.7916 7.5
    endloop
  endfacet
  facet normal 0 0 1
    outer loop
      vertex 79.9213 48.2787 7.5
      vertex 101.679 48.2787 7.5
      vertex 80.1801 48.5737 7.5
    endloop
  endfacet
  facet normal 0 0 1
    outer loop
      vertex 101.974 16.7801 7.5
      vertex 80.5716 15.548 7.5
      vertex 80.6978 15.1765 7.5
    endloop
  endfacet
  facet normal 0 0 1
    outer loop
      vertex 101.679 48.2787 7.5
      vertex 79.9213 48.2787 7.5
      vertex 101.974 48.0199 7.5
    endloop
  endfacet
  facet normal 0 0 1
    outer loop
      vertex 101.974 16.7801 7.5
      vertex 80.3981 15.9 7.5
      vertex 80.5716 15.548 7.5
    endloop
  endfacet
  facet normal 0 0 1
    outer loop
      vertex 79.6263 48.0199 7.5
      vertex 101.974 48.0199 7.5
      vertex 79.9213 48.2787 7.5
    endloop
  endfacet
  facet normal 0 0 1
    outer loop
      vertex 101.974 16.7801 7.5
      vertex 80.1801 16.2263 7.5
      vertex 80.3981 15.9 7.5
    endloop
  endfacet
  facet normal 0 0 1
    outer loop
      vertex 101.974 48.0199 7.5
      vertex 79.6263 48.0199 7.5
      vertex 101.974 16.7801 7.5
    endloop
  endfacet
  facet normal 0 0 1
    outer loop
      vertex 101.974 16.7801 7.5
      vertex 79.9213 16.5213 7.5
      vertex 80.1801 16.2263 7.5
    endloop
  endfacet
  facet normal 0 0 1
    outer loop
      vertex 79.6263 16.7801 7.5
      vertex 101.974 16.7801 7.5
      vertex 79.6263 48.0199 7.5
    endloop
  endfacet
  facet normal 0 0 1
    outer loop
      vertex 101.974 16.7801 7.5
      vertex 79.6263 16.7801 7.5
      vertex 79.9213 16.5213 7.5
    endloop
  endfacet
  facet normal -0 0 1
    outer loop
      vertex 79.3 47.8019 7.5
      vertex 79.6263 16.7801 7.5
      vertex 79.6263 48.0199 7.5
    endloop
  endfacet
  facet normal 0 0 1
    outer loop
      vertex 79.3 47.8019 7.5
      vertex 79.3 16.9981 7.5
      vertex 79.6263 16.7801 7.5
    endloop
  endfacet
  facet normal -0 0 1
    outer loop
      vertex 78.9481 47.6284 7.5
      vertex 79.3 16.9981 7.5
      vertex 79.3 47.8019 7.5
    endloop
  endfacet
  facet normal 0 0 1
    outer loop
      vertex 78.9481 47.6284 7.5
      vertex 78.9481 17.1716 7.5
      vertex 79.3 16.9981 7.5
    endloop
  endfacet
  facet normal -0 0 1
    outer loop
      vertex 78.5765 47.5022 7.5
      vertex 78.9481 17.1716 7.5
      vertex 78.9481 47.6284 7.5
    endloop
  endfacet
  facet normal 0 0 1
    outer loop
      vertex 78.5765 47.5022 7.5
      vertex 78.5765 17.2978 7.5
      vertex 78.9481 17.1716 7.5
    endloop
  endfacet
  facet normal -0 0 1
    outer loop
      vertex 78.1916 47.4257 7.5
      vertex 78.5765 17.2978 7.5
      vertex 78.5765 47.5022 7.5
    endloop
  endfacet
  facet normal 0 0 1
    outer loop
      vertex 78.1916 47.4257 7.5
      vertex 78.1916 17.3743 7.5
      vertex 78.5765 17.2978 7.5
    endloop
  endfacet
  facet normal -0 0 1
    outer loop
      vertex 77.8 47.4 7.5
      vertex 78.1916 17.3743 7.5
      vertex 78.1916 47.4257 7.5
    endloop
  endfacet
  facet normal 0 0 1
    outer loop
      vertex 77.8 47.4 7.5
      vertex 77.8 17.4 7.5
      vertex 78.1916 17.3743 7.5
    endloop
  endfacet
  facet normal 0 0 1
    outer loop
      vertex 77.4084 47.4257 7.5
      vertex 77.8 17.4 7.5
      vertex 77.8 47.4 7.5
    endloop
  endfacet
  facet normal 0 0 1
    outer loop
      vertex 77.4084 47.4257 7.5
      vertex 77.4084 17.3743 7.5
      vertex 77.8 17.4 7.5
    endloop
  endfacet
  facet normal 0 0 1
    outer loop
      vertex 77.0235 47.5022 7.5
      vertex 77.4084 17.3743 7.5
      vertex 77.4084 47.4257 7.5
    endloop
  endfacet
  facet normal 0 0 1
    outer loop
      vertex 77.0235 47.5022 7.5
      vertex 77.0235 17.2978 7.5
      vertex 77.4084 17.3743 7.5
    endloop
  endfacet
  facet normal 0 0 1
    outer loop
      vertex 76.6519 47.6284 7.5
      vertex 77.0235 17.2978 7.5
      vertex 77.0235 47.5022 7.5
    endloop
  endfacet
  facet normal 0 0 1
    outer loop
      vertex 76.6519 47.6284 7.5
      vertex 76.6519 17.1716 7.5
      vertex 77.0235 17.2978 7.5
    endloop
  endfacet
  facet normal 0 0 1
    outer loop
      vertex 76.3 47.8019 7.5
      vertex 76.6519 17.1716 7.5
      vertex 76.6519 47.6284 7.5
    endloop
  endfacet
  facet normal 0 0 1
    outer loop
      vertex 76.3 47.8019 7.5
      vertex 76.3 16.9981 7.5
      vertex 76.6519 17.1716 7.5
    endloop
  endfacet
  facet normal 0 0 1
    outer loop
      vertex 75.9737 48.0199 7.5
      vertex 76.3 16.9981 7.5
      vertex 76.3 47.8019 7.5
    endloop
  endfacet
  facet normal 0 0 1
    outer loop
      vertex 75.9737 48.0199 7.5
      vertex 75.9737 16.7801 7.5
      vertex 76.3 16.9981 7.5
    endloop
  endfacet
  facet normal 0 0 1
    outer loop
      vertex 75.6787 48.2787 7.5
      vertex 75.9737 16.7801 7.5
      vertex 75.9737 48.0199 7.5
    endloop
  endfacet
  facet normal 0 0 1
    outer loop
      vertex 75.6787 48.2787 7.5
      vertex 75.6787 16.5213 7.5
      vertex 75.9737 16.7801 7.5
    endloop
  endfacet
  facet normal 0 0 1
    outer loop
      vertex 75.4199 48.5737 7.5
      vertex 75.6787 16.5213 7.5
      vertex 75.6787 48.2787 7.5
    endloop
  endfacet
  facet normal 0 0 1
    outer loop
      vertex 75.4199 48.5737 7.5
      vertex 75.4199 16.2263 7.5
      vertex 75.6787 16.5213 7.5
    endloop
  endfacet
  facet normal 0 0 1
    outer loop
      vertex 75.2019 48.9 7.5
      vertex 75.4199 16.2263 7.5
      vertex 75.4199 48.5737 7.5
    endloop
  endfacet
  facet normal 0 0 1
    outer loop
      vertex 75.2019 48.9 7.5
      vertex 75.2019 15.9 7.5
      vertex 75.4199 16.2263 7.5
    endloop
  endfacet
  facet normal 0 0 1
    outer loop
      vertex 75.0284 49.2519 7.5
      vertex 75.2019 15.9 7.5
      vertex 75.2019 48.9 7.5
    endloop
  endfacet
  facet normal 0 0 1
    outer loop
      vertex 75.0284 49.2519 7.5
      vertex 75.0284 15.548 7.5
      vertex 75.2019 15.9 7.5
    endloop
  endfacet
  facet normal 0 0 1
    outer loop
      vertex 74.9022 49.6235 7.5
      vertex 75.0284 15.548 7.5
      vertex 75.0284 49.2519 7.5
    endloop
  endfacet
  facet normal 0 0 1
    outer loop
      vertex 74.9022 49.6235 7.5
      vertex 74.9022 15.1765 7.5
      vertex 75.0284 15.548 7.5
    endloop
  endfacet
  facet normal 0 0 1
    outer loop
      vertex 74.8257 50.0084 7.5
      vertex 74.9022 15.1765 7.5
      vertex 74.9022 49.6235 7.5
    endloop
  endfacet
  facet normal 0 0 1
    outer loop
      vertex 74.8257 50.0084 7.5
      vertex 74.8257 14.7916 7.5
      vertex 74.9022 15.1765 7.5
    endloop
  endfacet
  facet normal 0 0 1
    outer loop
      vertex 72.8 62.4 7.5
      vertex 74.8257 50.0084 7.5
      vertex 74.8 50.4 7.5
    endloop
  endfacet
  facet normal 0 0 1
    outer loop
      vertex 74.8257 50.0084 7.5
      vertex 72.8 62.4 7.5
      vertex 74.8257 14.7916 7.5
    endloop
  endfacet
  facet normal 0 0 1
    outer loop
      vertex 106.18 48.5737 7.5
      vertex 116.152 52.1284 7.5
      vertex 106.398 48.9 7.5
    endloop
  endfacet
  facet normal 0 0 1
    outer loop
      vertex 116.908 12.8743 7.5
      vertex 106.774 14.7916 7.5
      vertex 106.8 14.4 7.5
    endloop
  endfacet
  facet normal 0 0 1
    outer loop
      vertex 116.152 52.1284 7.5
      vertex 106.18 48.5737 7.5
      vertex 116.524 52.0022 7.5
    endloop
  endfacet
  facet normal 0 0 1
    outer loop
      vertex 116.908 12.8743 7.5
      vertex 106.698 15.1765 7.5
      vertex 106.774 14.7916 7.5
    endloop
  endfacet
  facet normal 0 0 1
    outer loop
      vertex 105.921 48.2787 7.5
      vertex 116.524 52.0022 7.5
      vertex 106.18 48.5737 7.5
    endloop
  endfacet
  facet normal 0 0 1
    outer loop
      vertex 116.908 12.8743 7.5
      vertex 106.572 15.548 7.5
      vertex 106.698 15.1765 7.5
    endloop
  endfacet
  facet normal 0 0 1
    outer loop
      vertex 116.524 52.0022 7.5
      vertex 105.921 48.2787 7.5
      vertex 116.908 51.9257 7.5
    endloop
  endfacet
  facet normal 0 0 1
    outer loop
      vertex 116.908 12.8743 7.5
      vertex 106.398 15.9 7.5
      vertex 106.572 15.548 7.5
    endloop
  endfacet
  facet normal 0 0 1
    outer loop
      vertex 105.626 48.0199 7.5
      vertex 116.908 51.9257 7.5
      vertex 105.921 48.2787 7.5
    endloop
  endfacet
  facet normal 0 0 1
    outer loop
      vertex 116.908 12.8743 7.5
      vertex 106.18 16.2263 7.5
      vertex 106.398 15.9 7.5
    endloop
  endfacet
  facet normal 0 0 1
    outer loop
      vertex 116.908 51.9257 7.5
      vertex 105.626 48.0199 7.5
      vertex 116.908 12.8743 7.5
    endloop
  endfacet
  facet normal 0 0 1
    outer loop
      vertex 116.908 12.8743 7.5
      vertex 105.921 16.5213 7.5
      vertex 106.18 16.2263 7.5
    endloop
  endfacet
  facet normal -0 0 1
    outer loop
      vertex 105.626 16.7801 7.5
      vertex 116.908 12.8743 7.5
      vertex 105.626 48.0199 7.5
    endloop
  endfacet
  facet normal 0 0 1
    outer loop
      vertex 116.908 12.8743 7.5
      vertex 105.626 16.7801 7.5
      vertex 105.921 16.5213 7.5
    endloop
  endfacet
  facet normal -0 0 1
    outer loop
      vertex 105.3 47.8019 7.5
      vertex 105.626 16.7801 7.5
      vertex 105.626 48.0199 7.5
    endloop
  endfacet
  facet normal 0 0 1
    outer loop
      vertex 105.3 47.8019 7.5
      vertex 105.3 16.9981 7.5
      vertex 105.626 16.7801 7.5
    endloop
  endfacet
  facet normal -0 0 1
    outer loop
      vertex 104.948 47.6284 7.5
      vertex 105.3 16.9981 7.5
      vertex 105.3 47.8019 7.5
    endloop
  endfacet
  facet normal 0 0 1
    outer loop
      vertex 104.948 47.6284 7.5
      vertex 104.948 17.1716 7.5
      vertex 105.3 16.9981 7.5
    endloop
  endfacet
  facet normal -0 0 1
    outer loop
      vertex 104.576 47.5022 7.5
      vertex 104.948 17.1716 7.5
      vertex 104.948 47.6284 7.5
    endloop
  endfacet
  facet normal 0 0 1
    outer loop
      vertex 104.576 47.5022 7.5
      vertex 104.576 17.2978 7.5
      vertex 104.948 17.1716 7.5
    endloop
  endfacet
  facet normal -0 0 1
    outer loop
      vertex 104.192 47.4257 7.5
      vertex 104.576 17.2978 7.5
      vertex 104.576 47.5022 7.5
    endloop
  endfacet
  facet normal 0 0 1
    outer loop
      vertex 104.192 47.4257 7.5
      vertex 104.192 17.3743 7.5
      vertex 104.576 17.2978 7.5
    endloop
  endfacet
  facet normal -0 0 1
    outer loop
      vertex 103.8 47.4 7.5
      vertex 104.192 17.3743 7.5
      vertex 104.192 47.4257 7.5
    endloop
  endfacet
  facet normal 0 0 1
    outer loop
      vertex 103.8 47.4 7.5
      vertex 103.8 17.4 7.5
      vertex 104.192 17.3743 7.5
    endloop
  endfacet
  facet normal 0 0 1
    outer loop
      vertex 103.408 47.4257 7.5
      vertex 103.8 17.4 7.5
      vertex 103.8 47.4 7.5
    endloop
  endfacet
  facet normal 0 0 1
    outer loop
      vertex 103.408 47.4257 7.5
      vertex 103.408 17.3743 7.5
      vertex 103.8 17.4 7.5
    endloop
  endfacet
  facet normal 0 0 1
    outer loop
      vertex 103.024 47.5022 7.5
      vertex 103.408 17.3743 7.5
      vertex 103.408 47.4257 7.5
    endloop
  endfacet
  facet normal 0 0 1
    outer loop
      vertex 103.024 47.5022 7.5
      vertex 103.024 17.2978 7.5
      vertex 103.408 17.3743 7.5
    endloop
  endfacet
  facet normal 0 0 1
    outer loop
      vertex 102.652 47.6284 7.5
      vertex 103.024 17.2978 7.5
      vertex 103.024 47.5022 7.5
    endloop
  endfacet
  facet normal 0 0 1
    outer loop
      vertex 102.652 47.6284 7.5
      vertex 102.652 17.1716 7.5
      vertex 103.024 17.2978 7.5
    endloop
  endfacet
  facet normal 0 0 1
    outer loop
      vertex 102.3 47.8019 7.5
      vertex 102.652 17.1716 7.5
      vertex 102.652 47.6284 7.5
    endloop
  endfacet
  facet normal 0 0 1
    outer loop
      vertex 102.3 47.8019 7.5
      vertex 102.3 16.9981 7.5
      vertex 102.652 17.1716 7.5
    endloop
  endfacet
  facet normal 0 0 1
    outer loop
      vertex 101.974 48.0199 7.5
      vertex 102.3 16.9981 7.5
      vertex 102.3 47.8019 7.5
    endloop
  endfacet
  facet normal 0 0 1
    outer loop
      vertex 101.974 48.0199 7.5
      vertex 101.974 16.7801 7.5
      vertex 102.3 16.9981 7.5
    endloop
  endfacet
  facet normal 0 0 1
    outer loop
      vertex 101.028 49.2519 7.5
      vertex 80.5716 49.2519 7.5
      vertex 101.202 48.9 7.5
    endloop
  endfacet
  facet normal 0 0 1
    outer loop
      vertex 80.3981 48.9 7.5
      vertex 101.202 48.9 7.5
      vertex 80.5716 49.2519 7.5
    endloop
  endfacet
  facet normal 0 0 1
    outer loop
      vertex 80.5716 49.2519 7.5
      vertex 101.028 49.2519 7.5
      vertex 80.6978 49.6235 7.5
    endloop
  endfacet
  facet normal 0 0 1
    outer loop
      vertex 101.202 48.9 7.5
      vertex 80.3981 48.9 7.5
      vertex 101.42 48.5737 7.5
    endloop
  endfacet
  facet normal 0 0 1
    outer loop
      vertex 100.902 49.6235 7.5
      vertex 80.6978 49.6235 7.5
      vertex 101.028 49.2519 7.5
    endloop
  endfacet
  facet normal 0 0 1
    outer loop
      vertex 101.974 16.7801 7.5
      vertex 80.8 14.4 7.5
      vertex 101.679 16.5213 7.5
    endloop
  endfacet
  facet normal 0 0 1
    outer loop
      vertex 80.6978 49.6235 7.5
      vertex 100.902 49.6235 7.5
      vertex 80.7743 50.0084 7.5
    endloop
  endfacet
  facet normal 0 0 1
    outer loop
      vertex 101.679 16.5213 7.5
      vertex 80.8 14.4 7.5
      vertex 101.42 16.2263 7.5
    endloop
  endfacet
  facet normal 0 0 1
    outer loop
      vertex 100.826 50.0084 7.5
      vertex 80.7743 50.0084 7.5
      vertex 100.902 49.6235 7.5
    endloop
  endfacet
  facet normal 0 0 1
    outer loop
      vertex 101.42 16.2263 7.5
      vertex 80.8 14.4 7.5
      vertex 101.202 15.9 7.5
    endloop
  endfacet
  facet normal 0 0 1
    outer loop
      vertex 80.7743 50.0084 7.5
      vertex 100.826 50.0084 7.5
      vertex 80.8 50.4 7.5
    endloop
  endfacet
  facet normal 0 0 1
    outer loop
      vertex 101.202 15.9 7.5
      vertex 80.8 14.4 7.5
      vertex 101.028 15.548 7.5
    endloop
  endfacet
  facet normal -0 0 1
    outer loop
      vertex 80.8 50.4 7.5
      vertex 100.826 50.0084 7.5
      vertex 100.8 50.4 7.5
    endloop
  endfacet
  facet normal 0 0 1
    outer loop
      vertex 101.028 15.548 7.5
      vertex 80.8 14.4 7.5
      vertex 100.902 15.1765 7.5
    endloop
  endfacet
  facet normal 0 0 1
    outer loop
      vertex 119.898 53.4 7.5
      vertex 179.702 53.4 7.5
      vertex 120.072 53.7519 7.5
    endloop
  endfacet
  facet normal 0 0 1
    outer loop
      vertex 179.92 11.7263 7.5
      vertex 120.274 10.2916 7.5
      vertex 120.3 9.9 7.5
    endloop
  endfacet
  facet normal 0 0 1
    outer loop
      vertex 179.702 53.4 7.5
      vertex 119.898 53.4 7.5
      vertex 179.92 53.0737 7.5
    endloop
  endfacet
  facet normal 0 0 1
    outer loop
      vertex 179.92 11.7263 7.5
      vertex 120.198 10.6765 7.5
      vertex 120.274 10.2916 7.5
    endloop
  endfacet
  facet normal 0 0 1
    outer loop
      vertex 119.68 53.0737 7.5
      vertex 179.92 53.0737 7.5
      vertex 119.898 53.4 7.5
    endloop
  endfacet
  facet normal 0 0 1
    outer loop
      vertex 179.92 11.7263 7.5
      vertex 120.072 11.048 7.5
      vertex 120.198 10.6765 7.5
    endloop
  endfacet
  facet normal 0 0 1
    outer loop
      vertex 179.92 53.0737 7.5
      vertex 119.68 53.0737 7.5
      vertex 179.92 11.7263 7.5
    endloop
  endfacet
  facet normal 0 0 1
    outer loop
      vertex 179.92 11.7263 7.5
      vertex 119.898 11.4 7.5
      vertex 120.072 11.048 7.5
    endloop
  endfacet
  facet normal 0 0 1
    outer loop
      vertex 119.68 11.7263 7.5
      vertex 179.92 11.7263 7.5
      vertex 119.68 53.0737 7.5
    endloop
  endfacet
  facet normal 0 0 1
    outer loop
      vertex 179.92 11.7263 7.5
      vertex 119.68 11.7263 7.5
      vertex 119.898 11.4 7.5
    endloop
  endfacet
  facet normal -0 0 1
    outer loop
      vertex 119.421 52.7787 7.5
      vertex 119.68 11.7263 7.5
      vertex 119.68 53.0737 7.5
    endloop
  endfacet
  facet normal 0 0 1
    outer loop
      vertex 119.421 52.7787 7.5
      vertex 119.421 12.0213 7.5
      vertex 119.68 11.7263 7.5
    endloop
  endfacet
  facet normal -0 0 1
    outer loop
      vertex 119.126 52.5199 7.5
      vertex 119.421 12.0213 7.5
      vertex 119.421 52.7787 7.5
    endloop
  endfacet
  facet normal 0 0 1
    outer loop
      vertex 119.126 52.5199 7.5
      vertex 119.126 12.2801 7.5
      vertex 119.421 12.0213 7.5
    endloop
  endfacet
  facet normal -0 0 1
    outer loop
      vertex 118.8 52.3019 7.5
      vertex 119.126 12.2801 7.5
      vertex 119.126 52.5199 7.5
    endloop
  endfacet
  facet normal 0 0 1
    outer loop
      vertex 118.8 52.3019 7.5
      vertex 118.8 12.4981 7.5
      vertex 119.126 12.2801 7.5
    endloop
  endfacet
  facet normal -0 0 1
    outer loop
      vertex 118.448 52.1284 7.5
      vertex 118.8 12.4981 7.5
      vertex 118.8 52.3019 7.5
    endloop
  endfacet
  facet normal 0 0 1
    outer loop
      vertex 118.448 52.1284 7.5
      vertex 118.448 12.6716 7.5
      vertex 118.8 12.4981 7.5
    endloop
  endfacet
  facet normal -0 0 1
    outer loop
      vertex 118.076 52.0022 7.5
      vertex 118.448 12.6716 7.5
      vertex 118.448 52.1284 7.5
    endloop
  endfacet
  facet normal 0 0 1
    outer loop
      vertex 118.076 52.0022 7.5
      vertex 118.076 12.7978 7.5
      vertex 118.448 12.6716 7.5
    endloop
  endfacet
  facet normal -0 0 1
    outer loop
      vertex 117.692 51.9257 7.5
      vertex 118.076 12.7978 7.5
      vertex 118.076 52.0022 7.5
    endloop
  endfacet
  facet normal 0 0 1
    outer loop
      vertex 117.692 51.9257 7.5
      vertex 117.692 12.8743 7.5
      vertex 118.076 12.7978 7.5
    endloop
  endfacet
  facet normal -0 0 1
    outer loop
      vertex 117.3 51.9 7.5
      vertex 117.692 12.8743 7.5
      vertex 117.692 51.9257 7.5
    endloop
  endfacet
  facet normal 0 0 1
    outer loop
      vertex 117.3 51.9 7.5
      vertex 117.3 12.9 7.5
      vertex 117.692 12.8743 7.5
    endloop
  endfacet
  facet normal 0 0 1
    outer loop
      vertex 116.908 51.9257 7.5
      vertex 117.3 12.9 7.5
      vertex 117.3 51.9 7.5
    endloop
  endfacet
  facet normal 0 0 1
    outer loop
      vertex 116.908 51.9257 7.5
      vertex 116.908 12.8743 7.5
      vertex 117.3 12.9 7.5
    endloop
  endfacet
  facet normal 0 0 1
    outer loop
      vertex 115.474 52.5199 7.5
      vertex 106.572 49.2519 7.5
      vertex 115.8 52.3019 7.5
    endloop
  endfacet
  facet normal 0 0 1
    outer loop
      vertex 106.398 48.9 7.5
      vertex 115.8 52.3019 7.5
      vertex 106.572 49.2519 7.5
    endloop
  endfacet
  facet normal 0 0 1
    outer loop
      vertex 106.572 49.2519 7.5
      vertex 115.474 52.5199 7.5
      vertex 106.698 49.6235 7.5
    endloop
  endfacet
  facet normal 0 0 1
    outer loop
      vertex 115.8 52.3019 7.5
      vertex 106.398 48.9 7.5
      vertex 116.152 52.1284 7.5
    endloop
  endfacet
  facet normal 0 0 1
    outer loop
      vertex 115.179 52.7787 7.5
      vertex 106.698 49.6235 7.5
      vertex 115.474 52.5199 7.5
    endloop
  endfacet
  facet normal 0 0 1
    outer loop
      vertex 116.908 12.8743 7.5
      vertex 106.8 14.4 7.5
      vertex 116.524 12.7978 7.5
    endloop
  endfacet
  facet normal 0 0 1
    outer loop
      vertex 106.698 49.6235 7.5
      vertex 115.179 52.7787 7.5
      vertex 106.774 50.0084 7.5
    endloop
  endfacet
  facet normal 0 0 1
    outer loop
      vertex 116.524 12.7978 7.5
      vertex 106.8 14.4 7.5
      vertex 116.152 12.6716 7.5
    endloop
  endfacet
  facet normal 0 0 1
    outer loop
      vertex 114.92 53.0737 7.5
      vertex 106.774 50.0084 7.5
      vertex 115.179 52.7787 7.5
    endloop
  endfacet
  facet normal 0 0 1
    outer loop
      vertex 116.152 12.6716 7.5
      vertex 106.8 14.4 7.5
      vertex 115.8 12.4981 7.5
    endloop
  endfacet
  facet normal 0 0 1
    outer loop
      vertex 106.774 50.0084 7.5
      vertex 114.92 53.0737 7.5
      vertex 106.8 50.4 7.5
    endloop
  endfacet
  facet normal 0 0 1
    outer loop
      vertex 115.8 12.4981 7.5
      vertex 106.8 14.4 7.5
      vertex 115.474 12.2801 7.5
    endloop
  endfacet
  facet normal 0 0 1
    outer loop
      vertex 106.8 50.4 7.5
      vertex 114.92 53.0737 7.5
      vertex 114.702 53.4 7.5
    endloop
  endfacet
  facet normal 0 0 1
    outer loop
      vertex 115.474 12.2801 7.5
      vertex 106.8 14.4 7.5
      vertex 115.179 12.0213 7.5
    endloop
  endfacet
  facet normal 0 0 1
    outer loop
      vertex 106.774 50.7916 7.5
      vertex 114.702 53.4 7.5
      vertex 114.528 53.7519 7.5
    endloop
  endfacet
  facet normal 0 0 1
    outer loop
      vertex 115.179 12.0213 7.5
      vertex 106.8 14.4 7.5
      vertex 114.92 11.7263 7.5
    endloop
  endfacet
  facet normal 0 0 1
    outer loop
      vertex 106.698 51.1765 7.5
      vertex 114.528 53.7519 7.5
      vertex 114.402 54.1235 7.5
    endloop
  endfacet
  facet normal 0 0 1
    outer loop
      vertex 114.92 11.7263 7.5
      vertex 106.8 14.4 7.5
      vertex 114.702 11.4 7.5
    endloop
  endfacet
  facet normal 0 0 1
    outer loop
      vertex 106.572 51.548 7.5
      vertex 114.402 54.1235 7.5
      vertex 114.326 54.5084 7.5
    endloop
  endfacet
  facet normal -0 0 1
    outer loop
      vertex 106.774 14.0084 7.5
      vertex 114.702 11.4 7.5
      vertex 106.8 14.4 7.5
    endloop
  endfacet
  facet normal 0 0 1
    outer loop
      vertex 106.398 51.9 7.5
      vertex 114.326 54.5084 7.5
      vertex 114.3 54.9 7.5
    endloop
  endfacet
  facet normal 0 0 1
    outer loop
      vertex 114.702 11.4 7.5
      vertex 106.774 14.0084 7.5
      vertex 114.528 11.048 7.5
    endloop
  endfacet
  facet normal 0 0 1
    outer loop
      vertex 184.421 52.7787 7.5
      vertex 209.169 56.1233 7.5
      vertex 184.68 53.0737 7.5
    endloop
  endfacet
  facet normal 0 0 1
    outer loop
      vertex 209.55 8.93109 7.5
      vertex 185.274 10.2916 7.5
      vertex 185.3 9.9 7.5
    endloop
  endfacet
  facet normal 0 0 1
    outer loop
      vertex 209.169 56.1233 7.5
      vertex 184.421 52.7787 7.5
      vertex 209.55 55.8689 7.5
    endloop
  endfacet
  facet normal 0 0 1
    outer loop
      vertex 209.55 8.93109 7.5
      vertex 185.198 10.6765 7.5
      vertex 185.274 10.2916 7.5
    endloop
  endfacet
  facet normal 0 0 1
    outer loop
      vertex 184.126 52.5199 7.5
      vertex 209.55 55.8689 7.5
      vertex 184.421 52.7787 7.5
    endloop
  endfacet
  facet normal 0 0 1
    outer loop
      vertex 209.55 8.93109 7.5
      vertex 185.072 11.048 7.5
      vertex 185.198 10.6765 7.5
    endloop
  endfacet
  facet normal 0 0 1
    outer loop
      vertex 209.55 55.8689 7.5
      vertex 184.126 52.5199 7.5
      vertex 209.961 55.6664 7.5
    endloop
  endfacet
  facet normal 0 0 1
    outer loop
      vertex 209.55 8.93109 7.5
      vertex 184.898 11.4 7.5
      vertex 185.072 11.048 7.5
    endloop
  endfacet
  facet normal 0 0 1
    outer loop
      vertex 209.961 55.6664 7.5
      vertex 184.126 52.5199 7.5
      vertex 209.961 9.13358 7.5
    endloop
  endfacet
  facet normal 0 0 1
    outer loop
      vertex 209.55 8.93109 7.5
      vertex 184.68 11.7263 7.5
      vertex 184.898 11.4 7.5
    endloop
  endfacet
  facet normal -0 0 1
    outer loop
      vertex 184.126 12.2801 7.5
      vertex 209.961 9.13358 7.5
      vertex 184.126 52.5199 7.5
    endloop
  endfacet
  facet normal 0 0 1
    outer loop
      vertex 209.55 8.93109 7.5
      vertex 184.421 12.0213 7.5
      vertex 184.68 11.7263 7.5
    endloop
  endfacet
  facet normal 0 0 1
    outer loop
      vertex 209.961 9.13358 7.5
      vertex 184.126 12.2801 7.5
      vertex 209.55 8.93109 7.5
    endloop
  endfacet
  facet normal 0 0 1
    outer loop
      vertex 209.55 8.93109 7.5
      vertex 184.126 12.2801 7.5
      vertex 184.421 12.0213 7.5
    endloop
  endfacet
  facet normal -0 0 1
    outer loop
      vertex 183.8 52.3019 7.5
      vertex 184.126 12.2801 7.5
      vertex 184.126 52.5199 7.5
    endloop
  endfacet
  facet normal 0 0 1
    outer loop
      vertex 183.8 52.3019 7.5
      vertex 183.8 12.4981 7.5
      vertex 184.126 12.2801 7.5
    endloop
  endfacet
  facet normal -0 0 1
    outer loop
      vertex 183.448 52.1284 7.5
      vertex 183.8 12.4981 7.5
      vertex 183.8 52.3019 7.5
    endloop
  endfacet
  facet normal 0 0 1
    outer loop
      vertex 183.448 52.1284 7.5
      vertex 183.448 12.6716 7.5
      vertex 183.8 12.4981 7.5
    endloop
  endfacet
  facet normal -0 0 1
    outer loop
      vertex 183.076 52.0022 7.5
      vertex 183.448 12.6716 7.5
      vertex 183.448 52.1284 7.5
    endloop
  endfacet
  facet normal 0 0 1
    outer loop
      vertex 183.076 52.0022 7.5
      vertex 183.076 12.7978 7.5
      vertex 183.448 12.6716 7.5
    endloop
  endfacet
  facet normal -0 0 1
    outer loop
      vertex 182.692 51.9257 7.5
      vertex 183.076 12.7978 7.5
      vertex 183.076 52.0022 7.5
    endloop
  endfacet
  facet normal 0 0 1
    outer loop
      vertex 182.692 51.9257 7.5
      vertex 182.692 12.8743 7.5
      vertex 183.076 12.7978 7.5
    endloop
  endfacet
  facet normal -0 0 1
    outer loop
      vertex 182.3 51.9 7.5
      vertex 182.692 12.8743 7.5
      vertex 182.692 51.9257 7.5
    endloop
  endfacet
  facet normal 0 0 1
    outer loop
      vertex 182.3 51.9 7.5
      vertex 182.3 12.9 7.5
      vertex 182.692 12.8743 7.5
    endloop
  endfacet
  facet normal 0 0 1
    outer loop
      vertex 181.908 51.9257 7.5
      vertex 182.3 12.9 7.5
      vertex 182.3 51.9 7.5
    endloop
  endfacet
  facet normal 0 0 1
    outer loop
      vertex 181.908 51.9257 7.5
      vertex 181.908 12.8743 7.5
      vertex 182.3 12.9 7.5
    endloop
  endfacet
  facet normal 0 0 1
    outer loop
      vertex 181.524 52.0022 7.5
      vertex 181.908 12.8743 7.5
      vertex 181.908 51.9257 7.5
    endloop
  endfacet
  facet normal 0 0 1
    outer loop
      vertex 181.524 52.0022 7.5
      vertex 181.524 12.7978 7.5
      vertex 181.908 12.8743 7.5
    endloop
  endfacet
  facet normal 0 0 1
    outer loop
      vertex 181.152 52.1284 7.5
      vertex 181.524 12.7978 7.5
      vertex 181.524 52.0022 7.5
    endloop
  endfacet
  facet normal 0 0 1
    outer loop
      vertex 181.152 52.1284 7.5
      vertex 181.152 12.6716 7.5
      vertex 181.524 12.7978 7.5
    endloop
  endfacet
  facet normal 0 0 1
    outer loop
      vertex 180.8 52.3019 7.5
      vertex 181.152 12.6716 7.5
      vertex 181.152 52.1284 7.5
    endloop
  endfacet
  facet normal 0 0 1
    outer loop
      vertex 180.8 52.3019 7.5
      vertex 180.8 12.4981 7.5
      vertex 181.152 12.6716 7.5
    endloop
  endfacet
  facet normal 0 0 1
    outer loop
      vertex 180.474 52.5199 7.5
      vertex 180.8 12.4981 7.5
      vertex 180.8 52.3019 7.5
    endloop
  endfacet
  facet normal 0 0 1
    outer loop
      vertex 180.474 52.5199 7.5
      vertex 180.474 12.2801 7.5
      vertex 180.8 12.4981 7.5
    endloop
  endfacet
  facet normal 0 0 1
    outer loop
      vertex 180.179 52.7787 7.5
      vertex 180.474 12.2801 7.5
      vertex 180.474 52.5199 7.5
    endloop
  endfacet
  facet normal 0 0 1
    outer loop
      vertex 180.179 52.7787 7.5
      vertex 180.179 12.0213 7.5
      vertex 180.474 12.2801 7.5
    endloop
  endfacet
  facet normal 0 0 1
    outer loop
      vertex 179.92 53.0737 7.5
      vertex 180.179 12.0213 7.5
      vertex 180.179 52.7787 7.5
    endloop
  endfacet
  facet normal 0 0 1
    outer loop
      vertex 179.92 53.0737 7.5
      vertex 179.92 11.7263 7.5
      vertex 180.179 12.0213 7.5
    endloop
  endfacet
  facet normal 0 0 1
    outer loop
      vertex 179.402 54.1235 7.5
      vertex 120.198 54.1235 7.5
      vertex 179.528 53.7519 7.5
    endloop
  endfacet
  facet normal 0 0 1
    outer loop
      vertex 120.072 53.7519 7.5
      vertex 179.528 53.7519 7.5
      vertex 120.198 54.1235 7.5
    endloop
  endfacet
  facet normal 0 0 1
    outer loop
      vertex 120.198 54.1235 7.5
      vertex 179.402 54.1235 7.5
      vertex 120.274 54.5084 7.5
    endloop
  endfacet
  facet normal 0 0 1
    outer loop
      vertex 179.528 53.7519 7.5
      vertex 120.072 53.7519 7.5
      vertex 179.702 53.4 7.5
    endloop
  endfacet
  facet normal 0 0 1
    outer loop
      vertex 179.326 54.5084 7.5
      vertex 120.274 54.5084 7.5
      vertex 179.402 54.1235 7.5
    endloop
  endfacet
  facet normal 0 0 1
    outer loop
      vertex 179.92 11.7263 7.5
      vertex 120.3 9.9 7.5
      vertex 179.702 11.4 7.5
    endloop
  endfacet
  facet normal 0 0 1
    outer loop
      vertex 120.274 54.5084 7.5
      vertex 179.326 54.5084 7.5
      vertex 120.3 54.9 7.5
    endloop
  endfacet
  facet normal 0 0 1
    outer loop
      vertex 179.702 11.4 7.5
      vertex 120.3 9.9 7.5
      vertex 179.528 11.048 7.5
    endloop
  endfacet
  facet normal -0 0 1
    outer loop
      vertex 120.3 54.9 7.5
      vertex 179.326 54.5084 7.5
      vertex 179.3 54.9 7.5
    endloop
  endfacet
  facet normal 0 0 1
    outer loop
      vertex 179.528 11.048 7.5
      vertex 120.3 9.9 7.5
      vertex 179.402 10.6765 7.5
    endloop
  endfacet
  facet normal -0 0 1
    outer loop
      vertex 185.274 9.50842 7.5
      vertex 207.919 6.80587 7.5
      vertex 185.3 9.9 7.5
    endloop
  endfacet
  facet normal 0 0 1
    outer loop
      vertex 185.072 56.048 7.5
      vertex 207.8 58.9 7.5
      vertex 207.83 59.3568 7.5
    endloop
  endfacet
  facet normal 0 0 1
    outer loop
      vertex 184.898 56.4 7.5
      vertex 207.83 59.3568 7.5
      vertex 207.919 59.8059 7.5
    endloop
  endfacet
  facet normal 0 0 1
    outer loop
      vertex 184.68 56.7263 7.5
      vertex 207.919 59.8059 7.5
      vertex 208.066 60.2394 7.5
    endloop
  endfacet
  facet normal 0 0 1
    outer loop
      vertex 184.421 57.0213 7.5
      vertex 208.066 60.2394 7.5
      vertex 208.269 60.65 7.5
    endloop
  endfacet
  facet normal 0 0 1
    outer loop
      vertex 184.126 57.2801 7.5
      vertex 208.269 60.65 7.5
      vertex 208.523 61.0307 7.5
    endloop
  endfacet
  facet normal 0 0 1
    outer loop
      vertex 183.8 57.4981 7.5
      vertex 208.523 61.0307 7.5
      vertex 208.825 61.3749 7.5
    endloop
  endfacet
  facet normal 0 0 1
    outer loop
      vertex 183.448 57.6716 7.5
      vertex 208.825 61.3749 7.5
      vertex 209.169 61.6767 7.5
    endloop
  endfacet
  facet normal 0 0 1
    outer loop
      vertex 183.076 57.7978 7.5
      vertex 209.169 61.6767 7.5
      vertex 209.55 61.9311 7.5
    endloop
  endfacet
  facet normal 0 0 1
    outer loop
      vertex 182.692 57.8743 7.5
      vertex 209.55 61.9311 7.5
      vertex 209.961 62.1336 7.5
    endloop
  endfacet
  facet normal 0 0 1
    outer loop
      vertex 182.3 57.9 7.5
      vertex 209.961 62.1336 7.5
      vertex 210.394 62.2807 7.5
    endloop
  endfacet
  facet normal 0 0 1
    outer loop
      vertex 207.83 58.4432 7.5
      vertex 185.274 55.2916 7.5
      vertex 185.3 54.9 7.5
    endloop
  endfacet
  facet normal 0 0 1
    outer loop
      vertex 207.83 58.4432 7.5
      vertex 185.198 55.6765 7.5
      vertex 185.274 55.2916 7.5
    endloop
  endfacet
  facet normal 0 0 1
    outer loop
      vertex 207.8 58.9 7.5
      vertex 185.072 56.048 7.5
      vertex 185.198 55.6765 7.5
    endloop
  endfacet
  facet normal 0 0 1
    outer loop
      vertex 207.83 59.3568 7.5
      vertex 184.898 56.4 7.5
      vertex 185.072 56.048 7.5
    endloop
  endfacet
  facet normal 0 0 1
    outer loop
      vertex 207.919 59.8059 7.5
      vertex 184.68 56.7263 7.5
      vertex 184.898 56.4 7.5
    endloop
  endfacet
  facet normal 0 0 1
    outer loop
      vertex 208.066 60.2394 7.5
      vertex 184.421 57.0213 7.5
      vertex 184.68 56.7263 7.5
    endloop
  endfacet
  facet normal 0 0 1
    outer loop
      vertex 208.269 60.65 7.5
      vertex 184.126 57.2801 7.5
      vertex 184.421 57.0213 7.5
    endloop
  endfacet
  facet normal 0 0 1
    outer loop
      vertex 181.908 57.8743 7.5
      vertex 210.394 62.2807 7.5
      vertex 210.843 62.3701 7.5
    endloop
  endfacet
  facet normal 0 0 1
    outer loop
      vertex 208.523 61.0307 7.5
      vertex 183.8 57.4981 7.5
      vertex 184.126 57.2801 7.5
    endloop
  endfacet
  facet normal 0 0 1
    outer loop
      vertex 208.825 61.3749 7.5
      vertex 183.448 57.6716 7.5
      vertex 183.8 57.4981 7.5
    endloop
  endfacet
  facet normal 0 0 1
    outer loop
      vertex 209.169 61.6767 7.5
      vertex 183.076 57.7978 7.5
      vertex 183.448 57.6716 7.5
    endloop
  endfacet
  facet normal 0 0 1
    outer loop
      vertex 209.55 61.9311 7.5
      vertex 182.692 57.8743 7.5
      vertex 183.076 57.7978 7.5
    endloop
  endfacet
  facet normal 0 0 1
    outer loop
      vertex 209.961 62.1336 7.5
      vertex 182.3 57.9 7.5
      vertex 182.692 57.8743 7.5
    endloop
  endfacet
  facet normal 0 0 1
    outer loop
      vertex 210.394 62.2807 7.5
      vertex 181.908 57.8743 7.5
      vertex 182.3 57.9 7.5
    endloop
  endfacet
  facet normal 0 0 1
    outer loop
      vertex 179.402 10.6765 7.5
      vertex 120.3 9.9 7.5
      vertex 179.326 10.2916 7.5
    endloop
  endfacet
  facet normal 0 0 1
    outer loop
      vertex 179.326 55.2916 7.5
      vertex 120.3 54.9 7.5
      vertex 179.3 54.9 7.5
    endloop
  endfacet
  facet normal 0 0 1
    outer loop
      vertex 120.274 55.2916 7.5
      vertex 179.326 55.2916 7.5
      vertex 179.402 55.6765 7.5
    endloop
  endfacet
  facet normal 0 0 1
    outer loop
      vertex 120.198 55.6765 7.5
      vertex 179.402 55.6765 7.5
      vertex 179.528 56.048 7.5
    endloop
  endfacet
  facet normal 0 0 1
    outer loop
      vertex 120.072 56.048 7.5
      vertex 179.528 56.048 7.5
      vertex 179.702 56.4 7.5
    endloop
  endfacet
  facet normal 0 0 1
    outer loop
      vertex 119.898 56.4 7.5
      vertex 179.702 56.4 7.5
      vertex 179.92 56.7263 7.5
    endloop
  endfacet
  facet normal 0 0 1
    outer loop
      vertex 119.68 56.7263 7.5
      vertex 179.92 56.7263 7.5
      vertex 180.179 57.0213 7.5
    endloop
  endfacet
  facet normal 0 0 1
    outer loop
      vertex 119.421 57.0213 7.5
      vertex 180.179 57.0213 7.5
      vertex 180.474 57.2801 7.5
    endloop
  endfacet
  facet normal 0 0 1
    outer loop
      vertex 119.126 57.2801 7.5
      vertex 180.474 57.2801 7.5
      vertex 180.8 57.4981 7.5
    endloop
  endfacet
  facet normal 0 0 1
    outer loop
      vertex 118.8 57.4981 7.5
      vertex 180.8 57.4981 7.5
      vertex 181.152 57.6716 7.5
    endloop
  endfacet
  facet normal 0 0 1
    outer loop
      vertex 118.448 57.6716 7.5
      vertex 181.152 57.6716 7.5
      vertex 181.524 57.7978 7.5
    endloop
  endfacet
  facet normal 0 0 1
    outer loop
      vertex 118.076 57.7978 7.5
      vertex 181.524 57.7978 7.5
      vertex 181.908 57.8743 7.5
    endloop
  endfacet
  facet normal 0 0 1
    outer loop
      vertex 117.692 57.8743 7.5
      vertex 181.908 57.8743 7.5
      vertex 210.843 62.3701 7.5
    endloop
  endfacet
  facet normal 0 0 1
    outer loop
      vertex 179.326 55.2916 7.5
      vertex 120.274 55.2916 7.5
      vertex 120.3 54.9 7.5
    endloop
  endfacet
  facet normal 0 0 1
    outer loop
      vertex 179.402 55.6765 7.5
      vertex 120.198 55.6765 7.5
      vertex 120.274 55.2916 7.5
    endloop
  endfacet
  facet normal 0 0 1
    outer loop
      vertex 179.528 56.048 7.5
      vertex 120.072 56.048 7.5
      vertex 120.198 55.6765 7.5
    endloop
  endfacet
  facet normal 0 0 1
    outer loop
      vertex 179.702 56.4 7.5
      vertex 119.898 56.4 7.5
      vertex 120.072 56.048 7.5
    endloop
  endfacet
  facet normal 0 0 1
    outer loop
      vertex 179.92 56.7263 7.5
      vertex 119.68 56.7263 7.5
      vertex 119.898 56.4 7.5
    endloop
  endfacet
  facet normal -0 0 1
    outer loop
      vertex 72.8 62.4 7.5
      vertex 210.843 62.3701 7.5
      vertex 211.3 62.4 7.5
    endloop
  endfacet
  facet normal 0 0 1
    outer loop
      vertex 180.179 57.0213 7.5
      vertex 119.421 57.0213 7.5
      vertex 119.68 56.7263 7.5
    endloop
  endfacet
  facet normal 0 0 1
    outer loop
      vertex 180.474 57.2801 7.5
      vertex 119.126 57.2801 7.5
      vertex 119.421 57.0213 7.5
    endloop
  endfacet
  facet normal 0 0 1
    outer loop
      vertex 180.8 57.4981 7.5
      vertex 118.8 57.4981 7.5
      vertex 119.126 57.2801 7.5
    endloop
  endfacet
  facet normal 0 0 1
    outer loop
      vertex 181.152 57.6716 7.5
      vertex 118.448 57.6716 7.5
      vertex 118.8 57.4981 7.5
    endloop
  endfacet
  facet normal 0 0 1
    outer loop
      vertex 181.524 57.7978 7.5
      vertex 118.076 57.7978 7.5
      vertex 118.448 57.6716 7.5
    endloop
  endfacet
  facet normal 0 0 1
    outer loop
      vertex 181.908 57.8743 7.5
      vertex 117.692 57.8743 7.5
      vertex 118.076 57.7978 7.5
    endloop
  endfacet
  facet normal 0 0 1
    outer loop
      vertex 210.843 62.3701 7.5
      vertex 117.3 57.9 7.5
      vertex 117.692 57.8743 7.5
    endloop
  endfacet
  facet normal -0 0 1
    outer loop
      vertex 106.698 13.6235 7.5
      vertex 114.528 11.048 7.5
      vertex 106.774 14.0084 7.5
    endloop
  endfacet
  facet normal 0 0 1
    outer loop
      vertex 106.18 52.2263 7.5
      vertex 114.3 54.9 7.5
      vertex 114.326 55.2916 7.5
    endloop
  endfacet
  facet normal 0 0 1
    outer loop
      vertex 105.921 52.5213 7.5
      vertex 114.326 55.2916 7.5
      vertex 114.402 55.6765 7.5
    endloop
  endfacet
  facet normal 0 0 1
    outer loop
      vertex 105.626 52.7801 7.5
      vertex 114.402 55.6765 7.5
      vertex 114.528 56.048 7.5
    endloop
  endfacet
  facet normal 0 0 1
    outer loop
      vertex 105.3 52.9981 7.5
      vertex 114.528 56.048 7.5
      vertex 114.702 56.4 7.5
    endloop
  endfacet
  facet normal 0 0 1
    outer loop
      vertex 104.948 53.1716 7.5
      vertex 114.702 56.4 7.5
      vertex 114.92 56.7263 7.5
    endloop
  endfacet
  facet normal 0 0 1
    outer loop
      vertex 104.576 53.2978 7.5
      vertex 114.92 56.7263 7.5
      vertex 115.179 57.0213 7.5
    endloop
  endfacet
  facet normal 0 0 1
    outer loop
      vertex 104.192 53.3743 7.5
      vertex 115.179 57.0213 7.5
      vertex 115.474 57.2801 7.5
    endloop
  endfacet
  facet normal 0 0 1
    outer loop
      vertex 114.702 53.4 7.5
      vertex 106.774 50.7916 7.5
      vertex 106.8 50.4 7.5
    endloop
  endfacet
  facet normal 0 0 1
    outer loop
      vertex 114.528 53.7519 7.5
      vertex 106.698 51.1765 7.5
      vertex 106.774 50.7916 7.5
    endloop
  endfacet
  facet normal 0 0 1
    outer loop
      vertex 114.402 54.1235 7.5
      vertex 106.572 51.548 7.5
      vertex 106.698 51.1765 7.5
    endloop
  endfacet
  facet normal 0 0 1
    outer loop
      vertex 103.8 53.4 7.5
      vertex 115.474 57.2801 7.5
      vertex 115.8 57.4981 7.5
    endloop
  endfacet
  facet normal 0 0 1
    outer loop
      vertex 114.326 54.5084 7.5
      vertex 106.398 51.9 7.5
      vertex 106.572 51.548 7.5
    endloop
  endfacet
  facet normal 0 0 1
    outer loop
      vertex 114.3 54.9 7.5
      vertex 106.18 52.2263 7.5
      vertex 106.398 51.9 7.5
    endloop
  endfacet
  facet normal 0 0 1
    outer loop
      vertex 114.326 55.2916 7.5
      vertex 105.921 52.5213 7.5
      vertex 106.18 52.2263 7.5
    endloop
  endfacet
  facet normal 0 0 1
    outer loop
      vertex 114.402 55.6765 7.5
      vertex 105.626 52.7801 7.5
      vertex 105.921 52.5213 7.5
    endloop
  endfacet
  facet normal 0 0 1
    outer loop
      vertex 72.8 62.4 7.5
      vertex 115.8 57.4981 7.5
      vertex 116.152 57.6716 7.5
    endloop
  endfacet
  facet normal 0 0 1
    outer loop
      vertex 114.528 56.048 7.5
      vertex 105.3 52.9981 7.5
      vertex 105.626 52.7801 7.5
    endloop
  endfacet
  facet normal 0 0 1
    outer loop
      vertex 114.702 56.4 7.5
      vertex 104.948 53.1716 7.5
      vertex 105.3 52.9981 7.5
    endloop
  endfacet
  facet normal 0 0 1
    outer loop
      vertex 114.92 56.7263 7.5
      vertex 104.576 53.2978 7.5
      vertex 104.948 53.1716 7.5
    endloop
  endfacet
  facet normal 0 0 1
    outer loop
      vertex 115.179 57.0213 7.5
      vertex 104.192 53.3743 7.5
      vertex 104.576 53.2978 7.5
    endloop
  endfacet
  facet normal 0 0 1
    outer loop
      vertex 115.474 57.2801 7.5
      vertex 103.8 53.4 7.5
      vertex 104.192 53.3743 7.5
    endloop
  endfacet
  facet normal 0 0 1
    outer loop
      vertex 115.8 57.4981 7.5
      vertex 103.408 53.3743 7.5
      vertex 103.8 53.4 7.5
    endloop
  endfacet
  facet normal 0 0 1
    outer loop
      vertex 72.8 62.4 7.5
      vertex 116.152 57.6716 7.5
      vertex 116.524 57.7978 7.5
    endloop
  endfacet
  facet normal 0 0 1
    outer loop
      vertex 115.8 57.4981 7.5
      vertex 72.8 62.4 7.5
      vertex 103.408 53.3743 7.5
    endloop
  endfacet
  facet normal 0 0 1
    outer loop
      vertex 100.902 15.1765 7.5
      vertex 80.8 14.4 7.5
      vertex 100.826 14.7916 7.5
    endloop
  endfacet
  facet normal 0 0 1
    outer loop
      vertex 100.826 50.7916 7.5
      vertex 80.8 50.4 7.5
      vertex 100.8 50.4 7.5
    endloop
  endfacet
  facet normal 0 0 1
    outer loop
      vertex 80.7743 50.7916 7.5
      vertex 100.826 50.7916 7.5
      vertex 100.902 51.1765 7.5
    endloop
  endfacet
  facet normal 0 0 1
    outer loop
      vertex 80.6978 51.1765 7.5
      vertex 100.902 51.1765 7.5
      vertex 101.028 51.548 7.5
    endloop
  endfacet
  facet normal 0 0 1
    outer loop
      vertex 80.5716 51.548 7.5
      vertex 101.028 51.548 7.5
      vertex 101.202 51.9 7.5
    endloop
  endfacet
  facet normal 0 0 1
    outer loop
      vertex 80.3981 51.9 7.5
      vertex 101.202 51.9 7.5
      vertex 101.42 52.2263 7.5
    endloop
  endfacet
  facet normal 0 0 1
    outer loop
      vertex 80.1801 52.2263 7.5
      vertex 101.42 52.2263 7.5
      vertex 101.679 52.5213 7.5
    endloop
  endfacet
  facet normal 0 0 1
    outer loop
      vertex 79.9213 52.5213 7.5
      vertex 101.679 52.5213 7.5
      vertex 101.974 52.7801 7.5
    endloop
  endfacet
  facet normal 0 0 1
    outer loop
      vertex 72.8 62.4 7.5
      vertex 101.974 52.7801 7.5
      vertex 102.3 52.9981 7.5
    endloop
  endfacet
  facet normal 0 0 1
    outer loop
      vertex 72.8 62.4 7.5
      vertex 102.3 52.9981 7.5
      vertex 102.652 53.1716 7.5
    endloop
  endfacet
  facet normal 0 0 1
    outer loop
      vertex 72.8 62.4 7.5
      vertex 102.652 53.1716 7.5
      vertex 103.024 53.2978 7.5
    endloop
  endfacet
  facet normal 0 0 1
    outer loop
      vertex 103.408 53.3743 7.5
      vertex 72.8 62.4 7.5
      vertex 103.024 53.2978 7.5
    endloop
  endfacet
  facet normal 0 0 1
    outer loop
      vertex 100.826 50.7916 7.5
      vertex 80.7743 50.7916 7.5
      vertex 80.8 50.4 7.5
    endloop
  endfacet
  facet normal 0 0 1
    outer loop
      vertex 72.8 62.4 7.5
      vertex 116.524 57.7978 7.5
      vertex 116.908 57.8743 7.5
    endloop
  endfacet
  facet normal 0 0 1
    outer loop
      vertex 100.902 51.1765 7.5
      vertex 80.6978 51.1765 7.5
      vertex 80.7743 50.7916 7.5
    endloop
  endfacet
  facet normal 0 0 1
    outer loop
      vertex 101.028 51.548 7.5
      vertex 80.5716 51.548 7.5
      vertex 80.6978 51.1765 7.5
    endloop
  endfacet
  facet normal 0 0 1
    outer loop
      vertex 101.202 51.9 7.5
      vertex 80.3981 51.9 7.5
      vertex 80.5716 51.548 7.5
    endloop
  endfacet
  facet normal 0 0 1
    outer loop
      vertex 101.42 52.2263 7.5
      vertex 80.1801 52.2263 7.5
      vertex 80.3981 51.9 7.5
    endloop
  endfacet
  facet normal 0 0 1
    outer loop
      vertex 101.679 52.5213 7.5
      vertex 79.9213 52.5213 7.5
      vertex 80.1801 52.2263 7.5
    endloop
  endfacet
  facet normal 0 0 1
    outer loop
      vertex 101.974 52.7801 7.5
      vertex 79.6263 52.7801 7.5
      vertex 79.9213 52.5213 7.5
    endloop
  endfacet
  facet normal 0 0 1
    outer loop
      vertex 101.974 52.7801 7.5
      vertex 72.8 62.4 7.5
      vertex 79.6263 52.7801 7.5
    endloop
  endfacet
  facet normal 0 0 1
    outer loop
      vertex 79.6263 52.7801 7.5
      vertex 72.8 62.4 7.5
      vertex 79.3 52.9981 7.5
    endloop
  endfacet
  facet normal 0 0 1
    outer loop
      vertex 79.3 52.9981 7.5
      vertex 72.8 62.4 7.5
      vertex 78.9481 53.1716 7.5
    endloop
  endfacet
  facet normal 0 0 1
    outer loop
      vertex 78.9481 53.1716 7.5
      vertex 72.8 62.4 7.5
      vertex 78.5765 53.2978 7.5
    endloop
  endfacet
  facet normal 0 0 1
    outer loop
      vertex 78.5765 53.2978 7.5
      vertex 72.8 62.4 7.5
      vertex 78.1916 53.3743 7.5
    endloop
  endfacet
  facet normal 0 0 1
    outer loop
      vertex 78.1916 53.3743 7.5
      vertex 72.8 62.4 7.5
      vertex 77.8 53.4 7.5
    endloop
  endfacet
  facet normal 0 0 1
    outer loop
      vertex 72.8 2.4 7.5
      vertex 74.8257 14.7916 7.5
      vertex 72.8 62.4 7.5
    endloop
  endfacet
  facet normal 0 0 1
    outer loop
      vertex 74.8257 50.7916 7.5
      vertex 72.8 62.4 7.5
      vertex 74.8 50.4 7.5
    endloop
  endfacet
  facet normal 0 0 1
    outer loop
      vertex 74.9022 51.1765 7.5
      vertex 72.8 62.4 7.5
      vertex 74.8257 50.7916 7.5
    endloop
  endfacet
  facet normal 0 0 1
    outer loop
      vertex 75.0284 51.548 7.5
      vertex 72.8 62.4 7.5
      vertex 74.9022 51.1765 7.5
    endloop
  endfacet
  facet normal 0 0 1
    outer loop
      vertex 75.2019 51.9 7.5
      vertex 72.8 62.4 7.5
      vertex 75.0284 51.548 7.5
    endloop
  endfacet
  facet normal 0 0 1
    outer loop
      vertex 75.4199 52.2263 7.5
      vertex 72.8 62.4 7.5
      vertex 75.2019 51.9 7.5
    endloop
  endfacet
  facet normal 0 0 1
    outer loop
      vertex 75.6787 52.5213 7.5
      vertex 72.8 62.4 7.5
      vertex 75.4199 52.2263 7.5
    endloop
  endfacet
  facet normal 0 0 1
    outer loop
      vertex 75.9737 52.7801 7.5
      vertex 72.8 62.4 7.5
      vertex 75.6787 52.5213 7.5
    endloop
  endfacet
  facet normal 0 0 1
    outer loop
      vertex 76.3 52.9981 7.5
      vertex 72.8 62.4 7.5
      vertex 75.9737 52.7801 7.5
    endloop
  endfacet
  facet normal 0 0 1
    outer loop
      vertex 76.6519 53.1716 7.5
      vertex 72.8 62.4 7.5
      vertex 76.3 52.9981 7.5
    endloop
  endfacet
  facet normal 0 0 1
    outer loop
      vertex 77.0235 53.2978 7.5
      vertex 72.8 62.4 7.5
      vertex 76.6519 53.1716 7.5
    endloop
  endfacet
  facet normal 0 0 1
    outer loop
      vertex 77.4084 53.3743 7.5
      vertex 72.8 62.4 7.5
      vertex 77.0235 53.2978 7.5
    endloop
  endfacet
  facet normal 0 0 1
    outer loop
      vertex 77.8 53.4 7.5
      vertex 72.8 62.4 7.5
      vertex 77.4084 53.3743 7.5
    endloop
  endfacet
  facet normal 0 0 1
    outer loop
      vertex 117.3 57.9 7.5
      vertex 72.8 62.4 7.5
      vertex 116.908 57.8743 7.5
    endloop
  endfacet
  facet normal 0 0 1
    outer loop
      vertex 210.843 62.3701 7.5
      vertex 72.8 62.4 7.5
      vertex 117.3 57.9 7.5
    endloop
  endfacet
  facet normal -0 0 1
    outer loop
      vertex 214.77 58.4432 7.5
      vertex 214.8 5.90001 7.5
      vertex 214.8 58.9 7.5
    endloop
  endfacet
  facet normal 0 0 1
    outer loop
      vertex 214.77 58.4432 7.5
      vertex 214.77 6.35684 7.5
      vertex 214.8 5.90001 7.5
    endloop
  endfacet
  facet normal -0 0 1
    outer loop
      vertex 214.681 57.9941 7.5
      vertex 214.77 6.35684 7.5
      vertex 214.77 58.4432 7.5
    endloop
  endfacet
  facet normal 0 0 1
    outer loop
      vertex 214.681 57.9941 7.5
      vertex 214.681 6.80587 7.5
      vertex 214.77 6.35684 7.5
    endloop
  endfacet
  facet normal -0 0 1
    outer loop
      vertex 214.534 57.5606 7.5
      vertex 214.681 6.80587 7.5
      vertex 214.681 57.9941 7.5
    endloop
  endfacet
  facet normal 0 0 1
    outer loop
      vertex 214.534 57.5606 7.5
      vertex 214.534 7.23939 7.5
      vertex 214.681 6.80587 7.5
    endloop
  endfacet
  facet normal -0 0 1
    outer loop
      vertex 214.331 57.15 7.5
      vertex 214.534 7.23939 7.5
      vertex 214.534 57.5606 7.5
    endloop
  endfacet
  facet normal 0 0 1
    outer loop
      vertex 214.331 57.15 7.5
      vertex 214.331 7.65 7.5
      vertex 214.534 7.23939 7.5
    endloop
  endfacet
  facet normal -0 0 1
    outer loop
      vertex 214.077 56.7693 7.5
      vertex 214.331 7.65 7.5
      vertex 214.331 57.15 7.5
    endloop
  endfacet
  facet normal 0 0 1
    outer loop
      vertex 214.077 56.7693 7.5
      vertex 214.077 8.03066 7.5
      vertex 214.331 7.65 7.5
    endloop
  endfacet
  facet normal -0 0 1
    outer loop
      vertex 213.775 56.4251 7.5
      vertex 214.077 8.03066 7.5
      vertex 214.077 56.7693 7.5
    endloop
  endfacet
  facet normal 0 0 1
    outer loop
      vertex 213.775 56.4251 7.5
      vertex 213.775 8.37487 7.5
      vertex 214.077 8.03066 7.5
    endloop
  endfacet
  facet normal -0 0 1
    outer loop
      vertex 213.431 56.1233 7.5
      vertex 213.775 8.37487 7.5
      vertex 213.775 56.4251 7.5
    endloop
  endfacet
  facet normal 0 0 1
    outer loop
      vertex 213.431 56.1233 7.5
      vertex 213.431 8.67674 7.5
      vertex 213.775 8.37487 7.5
    endloop
  endfacet
  facet normal -0 0 1
    outer loop
      vertex 213.05 55.8689 7.5
      vertex 213.431 8.67674 7.5
      vertex 213.431 56.1233 7.5
    endloop
  endfacet
  facet normal 0 0 1
    outer loop
      vertex 213.05 55.8689 7.5
      vertex 213.05 8.93109 7.5
      vertex 213.431 8.67674 7.5
    endloop
  endfacet
  facet normal -0 0 1
    outer loop
      vertex 212.639 55.6664 7.5
      vertex 213.05 8.93109 7.5
      vertex 213.05 55.8689 7.5
    endloop
  endfacet
  facet normal 0 0 1
    outer loop
      vertex 212.639 55.6664 7.5
      vertex 212.639 9.13358 7.5
      vertex 213.05 8.93109 7.5
    endloop
  endfacet
  facet normal -0 0 1
    outer loop
      vertex 212.206 55.5193 7.5
      vertex 212.639 9.13358 7.5
      vertex 212.639 55.6664 7.5
    endloop
  endfacet
  facet normal 0 0 1
    outer loop
      vertex 212.206 55.5193 7.5
      vertex 212.206 9.28074 7.5
      vertex 212.639 9.13358 7.5
    endloop
  endfacet
  facet normal -0 0 1
    outer loop
      vertex 211.757 55.4299 7.5
      vertex 212.206 9.28074 7.5
      vertex 212.206 55.5193 7.5
    endloop
  endfacet
  facet normal 0 0 1
    outer loop
      vertex 211.757 55.4299 7.5
      vertex 211.757 9.37006 7.5
      vertex 212.206 9.28074 7.5
    endloop
  endfacet
  facet normal -0 0 1
    outer loop
      vertex 211.3 55.4 7.5
      vertex 211.757 9.37006 7.5
      vertex 211.757 55.4299 7.5
    endloop
  endfacet
  facet normal 0 0 1
    outer loop
      vertex 211.3 55.4 7.5
      vertex 211.3 9.4 7.5
      vertex 211.757 9.37006 7.5
    endloop
  endfacet
  facet normal 0 0 1
    outer loop
      vertex 210.843 55.4299 7.5
      vertex 211.3 9.4 7.5
      vertex 211.3 55.4 7.5
    endloop
  endfacet
  facet normal 0 0 1
    outer loop
      vertex 210.843 55.4299 7.5
      vertex 210.843 9.37006 7.5
      vertex 211.3 9.4 7.5
    endloop
  endfacet
  facet normal 0 0 1
    outer loop
      vertex 210.394 55.5193 7.5
      vertex 210.843 9.37006 7.5
      vertex 210.843 55.4299 7.5
    endloop
  endfacet
  facet normal 0 0 1
    outer loop
      vertex 210.394 55.5193 7.5
      vertex 210.394 9.28074 7.5
      vertex 210.843 9.37006 7.5
    endloop
  endfacet
  facet normal 0 0 1
    outer loop
      vertex 209.961 55.6664 7.5
      vertex 210.394 9.28074 7.5
      vertex 210.394 55.5193 7.5
    endloop
  endfacet
  facet normal 0 0 1
    outer loop
      vertex 209.961 55.6664 7.5
      vertex 209.961 9.13358 7.5
      vertex 210.394 9.28074 7.5
    endloop
  endfacet
  facet normal 0 0 1
    outer loop
      vertex 184.898 53.4 7.5
      vertex 208.825 56.4251 7.5
      vertex 185.072 53.7519 7.5
    endloop
  endfacet
  facet normal 0 0 1
    outer loop
      vertex 184.68 53.0737 7.5
      vertex 208.825 56.4251 7.5
      vertex 184.898 53.4 7.5
    endloop
  endfacet
  facet normal 0 0 1
    outer loop
      vertex 185.072 53.7519 7.5
      vertex 208.523 56.7693 7.5
      vertex 185.198 54.1235 7.5
    endloop
  endfacet
  facet normal 0 0 1
    outer loop
      vertex 208.523 56.7693 7.5
      vertex 185.072 53.7519 7.5
      vertex 208.825 56.4251 7.5
    endloop
  endfacet
  facet normal 0 0 1
    outer loop
      vertex 208.269 57.15 7.5
      vertex 185.198 54.1235 7.5
      vertex 208.523 56.7693 7.5
    endloop
  endfacet
  facet normal 0 0 1
    outer loop
      vertex 208.825 56.4251 7.5
      vertex 184.68 53.0737 7.5
      vertex 209.169 56.1233 7.5
    endloop
  endfacet
  facet normal 0 0 1
    outer loop
      vertex 185.198 54.1235 7.5
      vertex 208.269 57.15 7.5
      vertex 185.274 54.5084 7.5
    endloop
  endfacet
  facet normal 0 0 1
    outer loop
      vertex 209.55 8.93109 7.5
      vertex 185.3 9.9 7.5
      vertex 209.169 8.67674 7.5
    endloop
  endfacet
  facet normal 0 0 1
    outer loop
      vertex 208.066 57.5606 7.5
      vertex 185.274 54.5084 7.5
      vertex 208.269 57.15 7.5
    endloop
  endfacet
  facet normal 0 0 1
    outer loop
      vertex 209.169 8.67674 7.5
      vertex 185.3 9.9 7.5
      vertex 208.825 8.37487 7.5
    endloop
  endfacet
  facet normal 0 0 1
    outer loop
      vertex 185.274 54.5084 7.5
      vertex 208.066 57.5606 7.5
      vertex 185.3 54.9 7.5
    endloop
  endfacet
  facet normal 0 0 1
    outer loop
      vertex 208.825 8.37487 7.5
      vertex 185.3 9.9 7.5
      vertex 208.523 8.03066 7.5
    endloop
  endfacet
  facet normal 0 0 1
    outer loop
      vertex 185.3 54.9 7.5
      vertex 208.066 57.5606 7.5
      vertex 207.919 57.9941 7.5
    endloop
  endfacet
  facet normal 0 0 1
    outer loop
      vertex 208.523 8.03066 7.5
      vertex 185.3 9.9 7.5
      vertex 208.269 7.65 7.5
    endloop
  endfacet
  facet normal 0 0 1
    outer loop
      vertex 185.3 54.9 7.5
      vertex 207.919 57.9941 7.5
      vertex 207.83 58.4432 7.5
    endloop
  endfacet
  facet normal 0 0 1
    outer loop
      vertex 208.269 7.65 7.5
      vertex 185.3 9.9 7.5
      vertex 208.066 7.23939 7.5
    endloop
  endfacet
  facet normal 0 0 1
    outer loop
      vertex 185.198 55.6765 7.5
      vertex 207.83 58.4432 7.5
      vertex 207.8 58.9 7.5
    endloop
  endfacet
  facet normal 0 0 1
    outer loop
      vertex 208.066 7.23939 7.5
      vertex 185.3 9.9 7.5
      vertex 207.919 6.80587 7.5
    endloop
  endfacet
  facet normal 0 0 1
    outer loop
      vertex 207.919 6.80587 7.5
      vertex 185.274 9.50842 7.5
      vertex 207.83 6.35684 7.5
    endloop
  endfacet
  facet normal -0 0 1
    outer loop
      vertex 185.198 9.12354 7.5
      vertex 207.83 6.35684 7.5
      vertex 185.274 9.50842 7.5
    endloop
  endfacet
  facet normal 0 0 1
    outer loop
      vertex 207.83 6.35684 7.5
      vertex 185.198 9.12354 7.5
      vertex 207.8 5.9 7.5
    endloop
  endfacet
  facet normal -0 0 1
    outer loop
      vertex 185.072 8.75195 7.5
      vertex 207.8 5.9 7.5
      vertex 185.198 9.12354 7.5
    endloop
  endfacet
  facet normal 0 0 1
    outer loop
      vertex 207.8 5.9 7.5
      vertex 185.072 8.75195 7.5
      vertex 207.83 5.44316 7.5
    endloop
  endfacet
  facet normal -0 0 1
    outer loop
      vertex 184.898 8.4 7.5
      vertex 207.83 5.44316 7.5
      vertex 185.072 8.75195 7.5
    endloop
  endfacet
  facet normal 0 0 1
    outer loop
      vertex 207.83 5.44316 7.5
      vertex 184.898 8.4 7.5
      vertex 207.919 4.99413 7.5
    endloop
  endfacet
  facet normal -0 0 1
    outer loop
      vertex 184.68 8.07372 7.5
      vertex 207.919 4.99413 7.5
      vertex 184.898 8.4 7.5
    endloop
  endfacet
  facet normal 0 0 1
    outer loop
      vertex 207.919 4.99413 7.5
      vertex 184.68 8.07372 7.5
      vertex 208.066 4.56061 7.5
    endloop
  endfacet
  facet normal -0 0 1
    outer loop
      vertex 184.421 7.77868 7.5
      vertex 208.066 4.56061 7.5
      vertex 184.68 8.07372 7.5
    endloop
  endfacet
  facet normal 0 0 1
    outer loop
      vertex 208.066 4.56061 7.5
      vertex 184.421 7.77868 7.5
      vertex 208.269 4.15 7.5
    endloop
  endfacet
  facet normal -0 0 1
    outer loop
      vertex 184.126 7.51994 7.5
      vertex 208.269 4.15 7.5
      vertex 184.421 7.77868 7.5
    endloop
  endfacet
  facet normal 0 0 1
    outer loop
      vertex 208.269 4.15 7.5
      vertex 184.126 7.51994 7.5
      vertex 208.523 3.76934 7.5
    endloop
  endfacet
  facet normal -0 0 1
    outer loop
      vertex 183.8 7.30192 7.5
      vertex 208.523 3.76934 7.5
      vertex 184.126 7.51994 7.5
    endloop
  endfacet
  facet normal 0 0 1
    outer loop
      vertex 208.523 3.76934 7.5
      vertex 183.8 7.30192 7.5
      vertex 208.825 3.42513 7.5
    endloop
  endfacet
  facet normal -0 0 1
    outer loop
      vertex 183.448 7.12836 7.5
      vertex 208.825 3.42513 7.5
      vertex 183.8 7.30192 7.5
    endloop
  endfacet
  facet normal 0 0 1
    outer loop
      vertex 208.825 3.42513 7.5
      vertex 183.448 7.12836 7.5
      vertex 209.169 3.12326 7.5
    endloop
  endfacet
  facet normal -0 0 1
    outer loop
      vertex 183.076 7.00222 7.5
      vertex 209.169 3.12326 7.5
      vertex 183.448 7.12836 7.5
    endloop
  endfacet
  facet normal 0 0 1
    outer loop
      vertex 209.169 3.12326 7.5
      vertex 183.076 7.00222 7.5
      vertex 209.55 2.86891 7.5
    endloop
  endfacet
  facet normal -0 0 1
    outer loop
      vertex 182.692 6.92567 7.5
      vertex 209.55 2.86891 7.5
      vertex 183.076 7.00222 7.5
    endloop
  endfacet
  facet normal 0 0 1
    outer loop
      vertex 209.55 2.86891 7.5
      vertex 182.692 6.92567 7.5
      vertex 209.961 2.66642 7.5
    endloop
  endfacet
  facet normal -0 0 1
    outer loop
      vertex 182.3 6.9 7.5
      vertex 209.961 2.66642 7.5
      vertex 182.692 6.92567 7.5
    endloop
  endfacet
  facet normal 0 0 1
    outer loop
      vertex 209.961 2.66642 7.5
      vertex 182.3 6.9 7.5
      vertex 210.394 2.51926 7.5
    endloop
  endfacet
  facet normal 0 0 1
    outer loop
      vertex 181.908 6.92567 7.5
      vertex 210.394 2.51926 7.5
      vertex 182.3 6.9 7.5
    endloop
  endfacet
  facet normal 0 0 1
    outer loop
      vertex 210.394 2.51926 7.5
      vertex 181.908 6.92567 7.5
      vertex 210.843 2.42994 7.5
    endloop
  endfacet
  facet normal 0 0 1
    outer loop
      vertex 179.326 10.2916 7.5
      vertex 120.3 9.9 7.5
      vertex 179.3 9.9 7.5
    endloop
  endfacet
  facet normal 0 0 1
    outer loop
      vertex 179.3 9.9 7.5
      vertex 120.3 9.9 7.5
      vertex 179.326 9.50842 7.5
    endloop
  endfacet
  facet normal 0 0 1
    outer loop
      vertex 120.274 9.50842 7.5
      vertex 179.326 9.50842 7.5
      vertex 120.3 9.9 7.5
    endloop
  endfacet
  facet normal 0 0 1
    outer loop
      vertex 179.326 9.50842 7.5
      vertex 120.274 9.50842 7.5
      vertex 179.402 9.12354 7.5
    endloop
  endfacet
  facet normal 0 0 1
    outer loop
      vertex 120.198 9.12354 7.5
      vertex 179.402 9.12354 7.5
      vertex 120.274 9.50842 7.5
    endloop
  endfacet
  facet normal 0 0 1
    outer loop
      vertex 179.402 9.12354 7.5
      vertex 120.198 9.12354 7.5
      vertex 179.528 8.75195 7.5
    endloop
  endfacet
  facet normal 0 0 1
    outer loop
      vertex 120.072 8.75195 7.5
      vertex 179.528 8.75195 7.5
      vertex 120.198 9.12354 7.5
    endloop
  endfacet
  facet normal 0 0 1
    outer loop
      vertex 179.528 8.75195 7.5
      vertex 120.072 8.75195 7.5
      vertex 179.702 8.4 7.5
    endloop
  endfacet
  facet normal 0 0 1
    outer loop
      vertex 119.898 8.4 7.5
      vertex 179.702 8.4 7.5
      vertex 120.072 8.75195 7.5
    endloop
  endfacet
  facet normal 0 0 1
    outer loop
      vertex 179.702 8.4 7.5
      vertex 119.898 8.4 7.5
      vertex 179.92 8.07372 7.5
    endloop
  endfacet
  facet normal 0 0 1
    outer loop
      vertex 119.68 8.07372 7.5
      vertex 179.92 8.07372 7.5
      vertex 119.898 8.4 7.5
    endloop
  endfacet
  facet normal 0 0 1
    outer loop
      vertex 179.92 8.07372 7.5
      vertex 119.68 8.07372 7.5
      vertex 180.179 7.77868 7.5
    endloop
  endfacet
  facet normal 0 0 1
    outer loop
      vertex 119.421 7.77868 7.5
      vertex 180.179 7.77868 7.5
      vertex 119.68 8.07372 7.5
    endloop
  endfacet
  facet normal 0 0 1
    outer loop
      vertex 180.179 7.77868 7.5
      vertex 119.421 7.77868 7.5
      vertex 180.474 7.51994 7.5
    endloop
  endfacet
  facet normal 0 0 1
    outer loop
      vertex 119.126 7.51994 7.5
      vertex 180.474 7.51994 7.5
      vertex 119.421 7.77868 7.5
    endloop
  endfacet
  facet normal 0 0 1
    outer loop
      vertex 180.474 7.51994 7.5
      vertex 119.126 7.51994 7.5
      vertex 180.8 7.30192 7.5
    endloop
  endfacet
  facet normal 0 0 1
    outer loop
      vertex 118.8 7.30192 7.5
      vertex 180.8 7.30192 7.5
      vertex 119.126 7.51994 7.5
    endloop
  endfacet
  facet normal 0 0 1
    outer loop
      vertex 180.8 7.30192 7.5
      vertex 118.8 7.30192 7.5
      vertex 181.152 7.12836 7.5
    endloop
  endfacet
  facet normal 0 0 1
    outer loop
      vertex 118.448 7.12836 7.5
      vertex 181.152 7.12836 7.5
      vertex 118.8 7.30192 7.5
    endloop
  endfacet
  facet normal 0 0 1
    outer loop
      vertex 181.152 7.12836 7.5
      vertex 118.448 7.12836 7.5
      vertex 181.524 7.00222 7.5
    endloop
  endfacet
  facet normal 0 0 1
    outer loop
      vertex 118.076 7.00222 7.5
      vertex 181.524 7.00222 7.5
      vertex 118.448 7.12836 7.5
    endloop
  endfacet
  facet normal 0 0 1
    outer loop
      vertex 181.524 7.00222 7.5
      vertex 118.076 7.00222 7.5
      vertex 181.908 6.92567 7.5
    endloop
  endfacet
  facet normal 0 0 1
    outer loop
      vertex 117.692 6.92567 7.5
      vertex 181.908 6.92567 7.5
      vertex 118.076 7.00222 7.5
    endloop
  endfacet
  facet normal 0 0 1
    outer loop
      vertex 181.908 6.92567 7.5
      vertex 117.692 6.92567 7.5
      vertex 210.843 2.42994 7.5
    endloop
  endfacet
  facet normal -0 0 1
    outer loop
      vertex 117.3 6.9 7.5
      vertex 210.843 2.42994 7.5
      vertex 117.692 6.92567 7.5
    endloop
  endfacet
  facet normal 0 0 1
    outer loop
      vertex 72.8 2.4 7.5
      vertex 210.843 2.42994 7.5
      vertex 117.3 6.9 7.5
    endloop
  endfacet
  facet normal 0 0 1
    outer loop
      vertex 114.528 11.048 7.5
      vertex 106.698 13.6235 7.5
      vertex 114.402 10.6765 7.5
    endloop
  endfacet
  facet normal -0 0 1
    outer loop
      vertex 106.572 13.252 7.5
      vertex 114.402 10.6765 7.5
      vertex 106.698 13.6235 7.5
    endloop
  endfacet
  facet normal 0 0 1
    outer loop
      vertex 114.402 10.6765 7.5
      vertex 106.572 13.252 7.5
      vertex 114.326 10.2916 7.5
    endloop
  endfacet
  facet normal -0 0 1
    outer loop
      vertex 106.398 12.9 7.5
      vertex 114.326 10.2916 7.5
      vertex 106.572 13.252 7.5
    endloop
  endfacet
  facet normal 0 0 1
    outer loop
      vertex 114.326 10.2916 7.5
      vertex 106.398 12.9 7.5
      vertex 114.3 9.9 7.5
    endloop
  endfacet
  facet normal -0 0 1
    outer loop
      vertex 106.18 12.5737 7.5
      vertex 114.3 9.9 7.5
      vertex 106.398 12.9 7.5
    endloop
  endfacet
  facet normal 0 0 1
    outer loop
      vertex 114.3 9.9 7.5
      vertex 106.18 12.5737 7.5
      vertex 114.326 9.50842 7.5
    endloop
  endfacet
  facet normal -0 0 1
    outer loop
      vertex 105.921 12.2787 7.5
      vertex 114.326 9.50842 7.5
      vertex 106.18 12.5737 7.5
    endloop
  endfacet
  facet normal 0 0 1
    outer loop
      vertex 114.326 9.50842 7.5
      vertex 105.921 12.2787 7.5
      vertex 114.402 9.12354 7.5
    endloop
  endfacet
  facet normal -0 0 1
    outer loop
      vertex 105.626 12.0199 7.5
      vertex 114.402 9.12354 7.5
      vertex 105.921 12.2787 7.5
    endloop
  endfacet
  facet normal 0 0 1
    outer loop
      vertex 114.402 9.12354 7.5
      vertex 105.626 12.0199 7.5
      vertex 114.528 8.75195 7.5
    endloop
  endfacet
  facet normal -0 0 1
    outer loop
      vertex 105.3 11.8019 7.5
      vertex 114.528 8.75195 7.5
      vertex 105.626 12.0199 7.5
    endloop
  endfacet
  facet normal 0 0 1
    outer loop
      vertex 114.528 8.75195 7.5
      vertex 105.3 11.8019 7.5
      vertex 114.702 8.4 7.5
    endloop
  endfacet
  facet normal -0 0 1
    outer loop
      vertex 104.948 11.6284 7.5
      vertex 114.702 8.4 7.5
      vertex 105.3 11.8019 7.5
    endloop
  endfacet
  facet normal 0 0 1
    outer loop
      vertex 114.702 8.4 7.5
      vertex 104.948 11.6284 7.5
      vertex 114.92 8.07372 7.5
    endloop
  endfacet
  facet normal -0 0 1
    outer loop
      vertex 104.576 11.5022 7.5
      vertex 114.92 8.07372 7.5
      vertex 104.948 11.6284 7.5
    endloop
  endfacet
  facet normal 0 0 1
    outer loop
      vertex 114.92 8.07372 7.5
      vertex 104.576 11.5022 7.5
      vertex 115.179 7.77868 7.5
    endloop
  endfacet
  facet normal -0 0 1
    outer loop
      vertex 104.192 11.4257 7.5
      vertex 115.179 7.77868 7.5
      vertex 104.576 11.5022 7.5
    endloop
  endfacet
  facet normal 0 0 1
    outer loop
      vertex 115.179 7.77868 7.5
      vertex 104.192 11.4257 7.5
      vertex 115.474 7.51994 7.5
    endloop
  endfacet
  facet normal -0 0 1
    outer loop
      vertex 103.8 11.4 7.5
      vertex 115.474 7.51994 7.5
      vertex 104.192 11.4257 7.5
    endloop
  endfacet
  facet normal 0 0 1
    outer loop
      vertex 115.474 7.51994 7.5
      vertex 103.8 11.4 7.5
      vertex 115.8 7.30192 7.5
    endloop
  endfacet
  facet normal 0 0 1
    outer loop
      vertex 103.408 11.4257 7.5
      vertex 115.8 7.30192 7.5
      vertex 103.8 11.4 7.5
    endloop
  endfacet
  facet normal 0 0 1
    outer loop
      vertex 72.8 2.4 7.5
      vertex 115.8 7.30192 7.5
      vertex 103.408 11.4257 7.5
    endloop
  endfacet
  facet normal 0 0 1
    outer loop
      vertex 115.8 7.30192 7.5
      vertex 72.8 2.4 7.5
      vertex 116.152 7.12836 7.5
    endloop
  endfacet
  facet normal 0 0 1
    outer loop
      vertex 72.8 2.4 7.5
      vertex 103.408 11.4257 7.5
      vertex 103.024 11.5022 7.5
    endloop
  endfacet
  facet normal 0 0 1
    outer loop
      vertex 100.826 14.7916 7.5
      vertex 80.8 14.4 7.5
      vertex 100.8 14.4 7.5
    endloop
  endfacet
  facet normal 0 0 1
    outer loop
      vertex 100.8 14.4 7.5
      vertex 80.8 14.4 7.5
      vertex 100.826 14.0084 7.5
    endloop
  endfacet
  facet normal 0 0 1
    outer loop
      vertex 80.7743 14.0084 7.5
      vertex 100.826 14.0084 7.5
      vertex 80.8 14.4 7.5
    endloop
  endfacet
  facet normal 0 0 1
    outer loop
      vertex 100.826 14.0084 7.5
      vertex 80.7743 14.0084 7.5
      vertex 100.902 13.6235 7.5
    endloop
  endfacet
  facet normal 0 0 1
    outer loop
      vertex 80.6978 13.6235 7.5
      vertex 100.902 13.6235 7.5
      vertex 80.7743 14.0084 7.5
    endloop
  endfacet
  facet normal 0 0 1
    outer loop
      vertex 100.902 13.6235 7.5
      vertex 80.6978 13.6235 7.5
      vertex 101.028 13.252 7.5
    endloop
  endfacet
  facet normal 0 0 1
    outer loop
      vertex 80.5716 13.252 7.5
      vertex 101.028 13.252 7.5
      vertex 80.6978 13.6235 7.5
    endloop
  endfacet
  facet normal 0 0 1
    outer loop
      vertex 101.028 13.252 7.5
      vertex 80.5716 13.252 7.5
      vertex 101.202 12.9 7.5
    endloop
  endfacet
  facet normal 0 0 1
    outer loop
      vertex 80.3981 12.9 7.5
      vertex 101.202 12.9 7.5
      vertex 80.5716 13.252 7.5
    endloop
  endfacet
  facet normal 0 0 1
    outer loop
      vertex 101.202 12.9 7.5
      vertex 80.3981 12.9 7.5
      vertex 101.42 12.5737 7.5
    endloop
  endfacet
  facet normal 0 0 1
    outer loop
      vertex 80.1801 12.5737 7.5
      vertex 101.42 12.5737 7.5
      vertex 80.3981 12.9 7.5
    endloop
  endfacet
  facet normal 0 0 1
    outer loop
      vertex 101.42 12.5737 7.5
      vertex 80.1801 12.5737 7.5
      vertex 101.679 12.2787 7.5
    endloop
  endfacet
  facet normal 0 0 1
    outer loop
      vertex 79.9213 12.2787 7.5
      vertex 101.679 12.2787 7.5
      vertex 80.1801 12.5737 7.5
    endloop
  endfacet
  facet normal 0 0 1
    outer loop
      vertex 101.679 12.2787 7.5
      vertex 79.9213 12.2787 7.5
      vertex 101.974 12.0199 7.5
    endloop
  endfacet
  facet normal 0 0 1
    outer loop
      vertex 79.6263 12.0199 7.5
      vertex 101.974 12.0199 7.5
      vertex 79.9213 12.2787 7.5
    endloop
  endfacet
  facet normal 0 0 1
    outer loop
      vertex 72.8 2.4 7.5
      vertex 101.974 12.0199 7.5
      vertex 79.6263 12.0199 7.5
    endloop
  endfacet
  facet normal 0 0 1
    outer loop
      vertex 101.974 12.0199 7.5
      vertex 72.8 2.4 7.5
      vertex 102.3 11.8019 7.5
    endloop
  endfacet
  facet normal 0 0 1
    outer loop
      vertex 102.3 11.8019 7.5
      vertex 72.8 2.4 7.5
      vertex 102.652 11.6284 7.5
    endloop
  endfacet
  facet normal 0 0 1
    outer loop
      vertex 102.652 11.6284 7.5
      vertex 72.8 2.4 7.5
      vertex 103.024 11.5022 7.5
    endloop
  endfacet
  facet normal 0 0 1
    outer loop
      vertex 116.152 7.12836 7.5
      vertex 72.8 2.4 7.5
      vertex 116.524 7.00222 7.5
    endloop
  endfacet
  facet normal 0 0 1
    outer loop
      vertex 72.8 2.4 7.5
      vertex 79.6263 12.0199 7.5
      vertex 79.3 11.8019 7.5
    endloop
  endfacet
  facet normal 0 0 1
    outer loop
      vertex 72.8 2.4 7.5
      vertex 79.3 11.8019 7.5
      vertex 78.9481 11.6284 7.5
    endloop
  endfacet
  facet normal 0 0 1
    outer loop
      vertex 72.8 2.4 7.5
      vertex 78.9481 11.6284 7.5
      vertex 78.5765 11.5022 7.5
    endloop
  endfacet
  facet normal 0 0 1
    outer loop
      vertex 72.8 2.4 7.5
      vertex 78.5765 11.5022 7.5
      vertex 78.1916 11.4257 7.5
    endloop
  endfacet
  facet normal 0 0 1
    outer loop
      vertex 72.8 2.4 7.5
      vertex 78.1916 11.4257 7.5
      vertex 77.8 11.4 7.5
    endloop
  endfacet
  facet normal 0 0 1
    outer loop
      vertex 72.8 2.4 7.5
      vertex 77.8 11.4 7.5
      vertex 77.4084 11.4257 7.5
    endloop
  endfacet
  facet normal 0 0 -0
    outer loop
      vertex 211.3 2.4 7.5
      vertex 72.8 2.4 7.5
      vertex 214.8 2.4 7.5
    endloop
  endfacet
  facet normal 0 0 1
    outer loop
      vertex 210.843 2.42994 7.5
      vertex 72.8 2.4 7.5
      vertex 211.3 2.4 7.5
    endloop
  endfacet
  facet normal 0 0 1
    outer loop
      vertex 116.908 6.92567 7.5
      vertex 72.8 2.4 7.5
      vertex 117.3 6.9 7.5
    endloop
  endfacet
  facet normal 0 0 1
    outer loop
      vertex 116.524 7.00222 7.5
      vertex 72.8 2.4 7.5
      vertex 116.908 6.92567 7.5
    endloop
  endfacet
  facet normal 0 0 1
    outer loop
      vertex 77.0235 11.5022 7.5
      vertex 72.8 2.4 7.5
      vertex 77.4084 11.4257 7.5
    endloop
  endfacet
  facet normal 0 0 1
    outer loop
      vertex 76.6519 11.6284 7.5
      vertex 72.8 2.4 7.5
      vertex 77.0235 11.5022 7.5
    endloop
  endfacet
  facet normal 0 0 1
    outer loop
      vertex 76.3 11.8019 7.5
      vertex 72.8 2.4 7.5
      vertex 76.6519 11.6284 7.5
    endloop
  endfacet
  facet normal 0 0 1
    outer loop
      vertex 75.9737 12.0199 7.5
      vertex 72.8 2.4 7.5
      vertex 76.3 11.8019 7.5
    endloop
  endfacet
  facet normal 0 0 1
    outer loop
      vertex 75.6787 12.2787 7.5
      vertex 72.8 2.4 7.5
      vertex 75.9737 12.0199 7.5
    endloop
  endfacet
  facet normal 0 0 1
    outer loop
      vertex 75.4199 12.5737 7.5
      vertex 72.8 2.4 7.5
      vertex 75.6787 12.2787 7.5
    endloop
  endfacet
  facet normal 0 0 1
    outer loop
      vertex 75.2019 12.9 7.5
      vertex 72.8 2.4 7.5
      vertex 75.4199 12.5737 7.5
    endloop
  endfacet
  facet normal 0 0 1
    outer loop
      vertex 75.0284 13.252 7.5
      vertex 72.8 2.4 7.5
      vertex 75.2019 12.9 7.5
    endloop
  endfacet
  facet normal 0 0 1
    outer loop
      vertex 74.9022 13.6235 7.5
      vertex 72.8 2.4 7.5
      vertex 75.0284 13.252 7.5
    endloop
  endfacet
  facet normal 0 0 1
    outer loop
      vertex 74.8257 14.0084 7.5
      vertex 72.8 2.4 7.5
      vertex 74.9022 13.6235 7.5
    endloop
  endfacet
  facet normal 0 0 1
    outer loop
      vertex 74.8 14.4 7.5
      vertex 72.8 2.4 7.5
      vertex 74.8257 14.0084 7.5
    endloop
  endfacet
  facet normal 0 0 1
    outer loop
      vertex 74.8257 14.7916 7.5
      vertex 72.8 2.4 7.5
      vertex 74.8 14.4 7.5
    endloop
  endfacet
  facet normal 0 0 -0
    outer loop
      vertex 2.4 58.9 7.5
      vertex 2.4 62.4 7.5
      vertex 2.4 5.9 7.5
    endloop
  endfacet
  facet normal 0 0 0
    outer loop
      vertex 2.4 2.4 7.5
      vertex 2.4 5.9 7.5
      vertex 2.4 62.4 7.5
    endloop
  endfacet
  facet normal 0 0 1
    outer loop
      vertex 9.13358 57.5606 7.5
      vertex 16.4 58.6 7.5
      vertex 9.28074 57.9941 7.5
    endloop
  endfacet
  facet normal 0 0 1
    outer loop
      vertex 16.4 6.2 7.5
      vertex 9.37006 6.35684 7.5
      vertex 9.4 5.9 7.5
    endloop
  endfacet
  facet normal 0 0 1
    outer loop
      vertex 8.93109 57.15 7.5
      vertex 16.4 58.6 7.5
      vertex 9.13358 57.5606 7.5
    endloop
  endfacet
  facet normal 0 0 1
    outer loop
      vertex 16.4 6.2 7.5
      vertex 9.28074 6.80587 7.5
      vertex 9.37006 6.35684 7.5
    endloop
  endfacet
  facet normal 0 0 1
    outer loop
      vertex 8.67674 56.7693 7.5
      vertex 16.4 58.6 7.5
      vertex 8.93109 57.15 7.5
    endloop
  endfacet
  facet normal 0 0 1
    outer loop
      vertex 16.4 6.2 7.5
      vertex 9.13358 7.23939 7.5
      vertex 9.28074 6.80587 7.5
    endloop
  endfacet
  facet normal 0 0 1
    outer loop
      vertex 8.37487 56.4251 7.5
      vertex 16.4 58.6 7.5
      vertex 8.67674 56.7693 7.5
    endloop
  endfacet
  facet normal 0 0 1
    outer loop
      vertex 16.4 6.2 7.5
      vertex 8.93109 7.65 7.5
      vertex 9.13358 7.23939 7.5
    endloop
  endfacet
  facet normal 0 0 1
    outer loop
      vertex 8.03066 56.1233 7.5
      vertex 16.4 58.6 7.5
      vertex 8.37487 56.4251 7.5
    endloop
  endfacet
  facet normal 0 0 1
    outer loop
      vertex 16.4 6.2 7.5
      vertex 8.67674 8.03066 7.5
      vertex 8.93109 7.65 7.5
    endloop
  endfacet
  facet normal 0 0 1
    outer loop
      vertex 7.65 55.8689 7.5
      vertex 16.4 58.6 7.5
      vertex 8.03066 56.1233 7.5
    endloop
  endfacet
  facet normal 0 0 1
    outer loop
      vertex 16.4 6.2 7.5
      vertex 8.37487 8.37487 7.5
      vertex 8.67674 8.03066 7.5
    endloop
  endfacet
  facet normal 0 0 1
    outer loop
      vertex 16.4 58.6 7.5
      vertex 7.65 55.8689 7.5
      vertex 16.4 6.2 7.5
    endloop
  endfacet
  facet normal 0 0 1
    outer loop
      vertex 16.4 6.2 7.5
      vertex 8.03066 8.67674 7.5
      vertex 8.37487 8.37487 7.5
    endloop
  endfacet
  facet normal -0 0 1
    outer loop
      vertex 7.65 8.93109 7.5
      vertex 16.4 6.2 7.5
      vertex 7.65 55.8689 7.5
    endloop
  endfacet
  facet normal 0 0 1
    outer loop
      vertex 16.4 6.2 7.5
      vertex 7.65 8.93109 7.5
      vertex 8.03066 8.67674 7.5
    endloop
  endfacet
  facet normal -0 0 1
    outer loop
      vertex 7.23939 55.6664 7.5
      vertex 7.65 8.93109 7.5
      vertex 7.65 55.8689 7.5
    endloop
  endfacet
  facet normal 0 0 1
    outer loop
      vertex 7.23939 55.6664 7.5
      vertex 7.23939 9.13358 7.5
      vertex 7.65 8.93109 7.5
    endloop
  endfacet
  facet normal -0 0 1
    outer loop
      vertex 6.80587 55.5193 7.5
      vertex 7.23939 9.13358 7.5
      vertex 7.23939 55.6664 7.5
    endloop
  endfacet
  facet normal 0 0 1
    outer loop
      vertex 6.80587 55.5193 7.5
      vertex 6.80587 9.28074 7.5
      vertex 7.23939 9.13358 7.5
    endloop
  endfacet
  facet normal -0 0 1
    outer loop
      vertex 6.35684 55.4299 7.5
      vertex 6.80587 9.28074 7.5
      vertex 6.80587 55.5193 7.5
    endloop
  endfacet
  facet normal 0 0 1
    outer loop
      vertex 6.35684 55.4299 7.5
      vertex 6.35684 9.37006 7.5
      vertex 6.80587 9.28074 7.5
    endloop
  endfacet
  facet normal -0 0 1
    outer loop
      vertex 5.9 55.4 7.5
      vertex 6.35684 9.37006 7.5
      vertex 6.35684 55.4299 7.5
    endloop
  endfacet
  facet normal 0 0 1
    outer loop
      vertex 5.9 55.4 7.5
      vertex 5.9 9.4 7.5
      vertex 6.35684 9.37006 7.5
    endloop
  endfacet
  facet normal 0 0 1
    outer loop
      vertex 5.44316 55.4299 7.5
      vertex 5.9 9.4 7.5
      vertex 5.9 55.4 7.5
    endloop
  endfacet
  facet normal 0 0 1
    outer loop
      vertex 5.44316 55.4299 7.5
      vertex 5.44316 9.37006 7.5
      vertex 5.9 9.4 7.5
    endloop
  endfacet
  facet normal 0 0 1
    outer loop
      vertex 4.99413 55.5193 7.5
      vertex 5.44316 9.37006 7.5
      vertex 5.44316 55.4299 7.5
    endloop
  endfacet
  facet normal 0 0 1
    outer loop
      vertex 4.99413 55.5193 7.5
      vertex 4.99413 9.28074 7.5
      vertex 5.44316 9.37006 7.5
    endloop
  endfacet
  facet normal 0 0 1
    outer loop
      vertex 4.56061 55.6664 7.5
      vertex 4.99413 9.28074 7.5
      vertex 4.99413 55.5193 7.5
    endloop
  endfacet
  facet normal 0 0 1
    outer loop
      vertex 4.56061 55.6664 7.5
      vertex 4.56061 9.13358 7.5
      vertex 4.99413 9.28074 7.5
    endloop
  endfacet
  facet normal 0 0 1
    outer loop
      vertex 4.15 55.8689 7.5
      vertex 4.56061 9.13358 7.5
      vertex 4.56061 55.6664 7.5
    endloop
  endfacet
  facet normal 0 0 1
    outer loop
      vertex 4.15 55.8689 7.5
      vertex 4.15 8.93109 7.5
      vertex 4.56061 9.13358 7.5
    endloop
  endfacet
  facet normal 0 0 1
    outer loop
      vertex 3.76934 56.1233 7.5
      vertex 4.15 8.93109 7.5
      vertex 4.15 55.8689 7.5
    endloop
  endfacet
  facet normal 0 0 1
    outer loop
      vertex 3.76934 56.1233 7.5
      vertex 3.76934 8.67674 7.5
      vertex 4.15 8.93109 7.5
    endloop
  endfacet
  facet normal 0 0 1
    outer loop
      vertex 3.42513 56.4251 7.5
      vertex 3.76934 8.67674 7.5
      vertex 3.76934 56.1233 7.5
    endloop
  endfacet
  facet normal 0 0 1
    outer loop
      vertex 3.42513 56.4251 7.5
      vertex 3.42513 8.37487 7.5
      vertex 3.76934 8.67674 7.5
    endloop
  endfacet
  facet normal 0 0 1
    outer loop
      vertex 3.12326 56.7693 7.5
      vertex 3.42513 8.37487 7.5
      vertex 3.42513 56.4251 7.5
    endloop
  endfacet
  facet normal 0 0 1
    outer loop
      vertex 3.12326 56.7693 7.5
      vertex 3.12326 8.03066 7.5
      vertex 3.42513 8.37487 7.5
    endloop
  endfacet
  facet normal 0 0 1
    outer loop
      vertex 2.86891 57.15 7.5
      vertex 3.12326 8.03066 7.5
      vertex 3.12326 56.7693 7.5
    endloop
  endfacet
  facet normal 0 0 1
    outer loop
      vertex 2.86891 57.15 7.5
      vertex 2.86891 7.65 7.5
      vertex 3.12326 8.03066 7.5
    endloop
  endfacet
  facet normal 0 0 1
    outer loop
      vertex 2.66642 57.5606 7.5
      vertex 2.86891 7.65 7.5
      vertex 2.86891 57.15 7.5
    endloop
  endfacet
  facet normal 0 0 1
    outer loop
      vertex 2.66642 57.5606 7.5
      vertex 2.66642 7.23939 7.5
      vertex 2.86891 7.65 7.5
    endloop
  endfacet
  facet normal 0 0 1
    outer loop
      vertex 2.51926 57.9941 7.5
      vertex 2.66642 7.23939 7.5
      vertex 2.66642 57.5606 7.5
    endloop
  endfacet
  facet normal 0 0 1
    outer loop
      vertex 2.51926 57.9941 7.5
      vertex 2.51926 6.80587 7.5
      vertex 2.66642 7.23939 7.5
    endloop
  endfacet
  facet normal 0 0 1
    outer loop
      vertex 2.42994 58.4432 7.5
      vertex 2.51926 6.80587 7.5
      vertex 2.51926 57.9941 7.5
    endloop
  endfacet
  facet normal 0 0 1
    outer loop
      vertex 2.42994 58.4432 7.5
      vertex 2.42994 6.35684 7.5
      vertex 2.51926 6.80587 7.5
    endloop
  endfacet
  facet normal 0 0 1
    outer loop
      vertex 2.4 58.9 7.5
      vertex 2.42994 6.35684 7.5
      vertex 2.42994 58.4432 7.5
    endloop
  endfacet
  facet normal 0 0 1
    outer loop
      vertex 2.42994 6.35684 7.5
      vertex 2.4 58.9 7.5
      vertex 2.4 5.9 7.5
    endloop
  endfacet
  facet normal 0 0 1
    outer loop
      vertex 70.8 62.4 7.5
      vertex 68.8 58.6 7.5
      vertex 70.8 2.4 7.5
    endloop
  endfacet
  facet normal 0 0 1
    outer loop
      vertex 70.8 62.4 7.5
      vertex 16.4 58.6 7.5
      vertex 68.8 58.6 7.5
    endloop
  endfacet
  facet normal 0 0 1
    outer loop
      vertex 9.37006 58.4432 7.5
      vertex 16.4 58.6 7.5
      vertex 9.4 58.9 7.5
    endloop
  endfacet
  facet normal -0 0 1
    outer loop
      vertex 7.23939 62.1336 7.5
      vertex 16.4 58.6 7.5
      vertex 70.8 62.4 7.5
    endloop
  endfacet
  facet normal 0 0 1
    outer loop
      vertex 16.4 58.6 7.5
      vertex 9.37006 59.3568 7.5
      vertex 9.4 58.9 7.5
    endloop
  endfacet
  facet normal 0 0 1
    outer loop
      vertex 16.4 58.6 7.5
      vertex 9.28074 59.8059 7.5
      vertex 9.37006 59.3568 7.5
    endloop
  endfacet
  facet normal 0 0 1
    outer loop
      vertex 16.4 58.6 7.5
      vertex 9.13358 60.2394 7.5
      vertex 9.28074 59.8059 7.5
    endloop
  endfacet
  facet normal 0 0 1
    outer loop
      vertex 16.4 58.6 7.5
      vertex 8.93109 60.65 7.5
      vertex 9.13358 60.2394 7.5
    endloop
  endfacet
  facet normal 0 0 1
    outer loop
      vertex 16.4 58.6 7.5
      vertex 8.67674 61.0307 7.5
      vertex 8.93109 60.65 7.5
    endloop
  endfacet
  facet normal 0 0 1
    outer loop
      vertex 16.4 58.6 7.5
      vertex 8.37487 61.3749 7.5
      vertex 8.67674 61.0307 7.5
    endloop
  endfacet
  facet normal 0 0 1
    outer loop
      vertex 16.4 58.6 7.5
      vertex 8.03066 61.6767 7.5
      vertex 8.37487 61.3749 7.5
    endloop
  endfacet
  facet normal 0 0 1
    outer loop
      vertex 16.4 58.6 7.5
      vertex 7.65 61.9311 7.5
      vertex 8.03066 61.6767 7.5
    endloop
  endfacet
  facet normal 0 0 1
    outer loop
      vertex 16.4 58.6 7.5
      vertex 7.23939 62.1336 7.5
      vertex 7.65 61.9311 7.5
    endloop
  endfacet
  facet normal 0 0 1
    outer loop
      vertex 70.8 62.4 7.5
      vertex 6.80587 62.2807 7.5
      vertex 7.23939 62.1336 7.5
    endloop
  endfacet
  facet normal 0 0 1
    outer loop
      vertex 70.8 62.4 7.5
      vertex 6.35684 62.3701 7.5
      vertex 6.80587 62.2807 7.5
    endloop
  endfacet
  facet normal 0 -0 1
    outer loop
      vertex 6.35684 62.3701 7.5
      vertex 70.8 62.4 7.5
      vertex 5.90001 62.4 7.5
    endloop
  endfacet
  facet normal -0 0 1
    outer loop
      vertex 68.8 6.2 7.5
      vertex 70.8 2.4 7.5
      vertex 68.8 58.6 7.5
    endloop
  endfacet
  facet normal -0 0 1
    outer loop
      vertex 16.4 6.2 7.5
      vertex 70.8 2.4 7.5
      vertex 68.8 6.2 7.5
    endloop
  endfacet
  facet normal 0 0 1
    outer loop
      vertex 9.28074 57.9941 7.5
      vertex 16.4 58.6 7.5
      vertex 9.37006 58.4432 7.5
    endloop
  endfacet
  facet normal 0 0 1
    outer loop
      vertex 9.37006 5.44316 7.5
      vertex 16.4 6.2 7.5
      vertex 9.4 5.9 7.5
    endloop
  endfacet
  facet normal 0 0 1
    outer loop
      vertex 9.28074 4.99413 7.5
      vertex 16.4 6.2 7.5
      vertex 9.37006 5.44316 7.5
    endloop
  endfacet
  facet normal 0 0 1
    outer loop
      vertex 9.13358 4.56061 7.5
      vertex 16.4 6.2 7.5
      vertex 9.28074 4.99413 7.5
    endloop
  endfacet
  facet normal 0 0 1
    outer loop
      vertex 8.93109 4.15 7.5
      vertex 16.4 6.2 7.5
      vertex 9.13358 4.56061 7.5
    endloop
  endfacet
  facet normal 0 0 1
    outer loop
      vertex 8.67674 3.76934 7.5
      vertex 16.4 6.2 7.5
      vertex 8.93109 4.15 7.5
    endloop
  endfacet
  facet normal 0 0 1
    outer loop
      vertex 8.37487 3.42513 7.5
      vertex 16.4 6.2 7.5
      vertex 8.67674 3.76934 7.5
    endloop
  endfacet
  facet normal 0 0 1
    outer loop
      vertex 8.03066 3.12326 7.5
      vertex 16.4 6.2 7.5
      vertex 8.37487 3.42513 7.5
    endloop
  endfacet
  facet normal 0 0 1
    outer loop
      vertex 7.65 2.86891 7.5
      vertex 16.4 6.2 7.5
      vertex 8.03066 3.12326 7.5
    endloop
  endfacet
  facet normal 0 0 1
    outer loop
      vertex 7.23939 2.66642 7.5
      vertex 16.4 6.2 7.5
      vertex 7.65 2.86891 7.5
    endloop
  endfacet
  facet normal 0 0 1
    outer loop
      vertex 16.4 6.2 7.5
      vertex 7.23939 2.66642 7.5
      vertex 70.8 2.4 7.5
    endloop
  endfacet
  facet normal -0 0 1
    outer loop
      vertex 6.80587 2.51926 7.5
      vertex 70.8 2.4 7.5
      vertex 7.23939 2.66642 7.5
    endloop
  endfacet
  facet normal -0 0 1
    outer loop
      vertex 6.35684 2.42994 7.5
      vertex 70.8 2.4 7.5
      vertex 6.80587 2.51926 7.5
    endloop
  endfacet
  facet normal 0 0 1
    outer loop
      vertex 5.9 2.4 7.5
      vertex 70.8 2.4 7.5
      vertex 6.35684 2.42994 7.5
    endloop
  endfacet
  facet normal 0 0 -0
    outer loop
      vertex 5.9 2.4 7.5
      vertex 2.4 2.4 7.5
      vertex 70.8 2.4 7.5
    endloop
  endfacet
  facet normal -0 0 1
    outer loop
      vertex 18 57 7.5
      vertex 67.2 7.8 7.5
      vertex 67.2 57 7.5
    endloop
  endfacet
  facet normal 0 0 1
    outer loop
      vertex 67.2 7.8 7.5
      vertex 18 57 7.5
      vertex 18 7.8 7.5
    endloop
  endfacet
  facet normal 1 0 0
    outer loop
      vertex 2.4 62.4 37.5
      vertex 2.4 38.5 22.5
      vertex 2.4 62.4 7.5
    endloop
  endfacet
  facet normal 1 0 0
    outer loop
      vertex 2.4 62.4 37.5
      vertex 2.4 38.4478 23.2962
      vertex 2.4 38.5 22.5
    endloop
  endfacet
  facet normal 1 0 0
    outer loop
      vertex 2.4 62.4 37.5
      vertex 2.4 38.2921 24.0788
      vertex 2.4 38.4478 23.2962
    endloop
  endfacet
  facet normal 1 0 0
    outer loop
      vertex 2.4 62.4 37.5
      vertex 2.4 38.0357 24.8344
      vertex 2.4 38.2921 24.0788
    endloop
  endfacet
  facet normal 1 0 0
    outer loop
      vertex 2.4 62.4 37.5
      vertex 2.4 37.6828 25.55
      vertex 2.4 38.0357 24.8344
    endloop
  endfacet
  facet normal 1 0 0
    outer loop
      vertex 2.4 62.4 37.5
      vertex 2.4 37.2395 26.2134
      vertex 2.4 37.6828 25.55
    endloop
  endfacet
  facet normal 1 0 0
    outer loop
      vertex 2.4 62.4 37.5
      vertex 2.4 36.7134 26.8134
      vertex 2.4 37.2395 26.2134
    endloop
  endfacet
  facet normal 1 0 0
    outer loop
      vertex 2.4 62.4 37.5
      vertex 2.4 36.1134 27.3395
      vertex 2.4 36.7134 26.8134
    endloop
  endfacet
  facet normal 1 0 0
    outer loop
      vertex 2.4 62.4 37.5
      vertex 2.4 35.45 27.7828
      vertex 2.4 36.1134 27.3395
    endloop
  endfacet
  facet normal 1 0 0
    outer loop
      vertex 2.4 62.4 37.5
      vertex 2.4 34.7344 28.1357
      vertex 2.4 35.45 27.7828
    endloop
  endfacet
  facet normal 1 0 0
    outer loop
      vertex 2.4 62.4 37.5
      vertex 2.4 33.9788 28.3921
      vertex 2.4 34.7344 28.1357
    endloop
  endfacet
  facet normal 1 0 0
    outer loop
      vertex 2.4 62.4 37.5
      vertex 2.4 33.1962 28.5478
      vertex 2.4 33.9788 28.3921
    endloop
  endfacet
  facet normal 1 0 0
    outer loop
      vertex 2.4 62.4 37.5
      vertex 2.4 32.4 28.6
      vertex 2.4 33.1962 28.5478
    endloop
  endfacet
  facet normal 1 -0 0
    outer loop
      vertex 2.4 2.4 37.5
      vertex 2.4 32.4 28.6
      vertex 2.4 62.4 37.5
    endloop
  endfacet
  facet normal 1 0 0
    outer loop
      vertex 2.4 32.4 28.6
      vertex 2.4 2.4 37.5
      vertex 2.4 31.6038 28.5478
    endloop
  endfacet
  facet normal 1 0 0
    outer loop
      vertex 2.4 26.3522 23.2962
      vertex 2.4 2.4 37.5
      vertex 2.4 26.3 22.5
    endloop
  endfacet
  facet normal 1 0 0
    outer loop
      vertex 2.4 26.5079 24.0788
      vertex 2.4 2.4 37.5
      vertex 2.4 26.3522 23.2962
    endloop
  endfacet
  facet normal 1 0 0
    outer loop
      vertex 2.4 26.7643 24.8344
      vertex 2.4 2.4 37.5
      vertex 2.4 26.5079 24.0788
    endloop
  endfacet
  facet normal 1 0 0
    outer loop
      vertex 2.4 27.1172 25.55
      vertex 2.4 2.4 37.5
      vertex 2.4 26.7643 24.8344
    endloop
  endfacet
  facet normal 1 0 0
    outer loop
      vertex 2.4 27.5605 26.2134
      vertex 2.4 2.4 37.5
      vertex 2.4 27.1172 25.55
    endloop
  endfacet
  facet normal 1 0 0
    outer loop
      vertex 2.4 28.0866 26.8134
      vertex 2.4 2.4 37.5
      vertex 2.4 27.5605 26.2134
    endloop
  endfacet
  facet normal 1 0 0
    outer loop
      vertex 2.4 28.6866 27.3395
      vertex 2.4 2.4 37.5
      vertex 2.4 28.0866 26.8134
    endloop
  endfacet
  facet normal 1 0 0
    outer loop
      vertex 2.4 29.35 27.7828
      vertex 2.4 2.4 37.5
      vertex 2.4 28.6866 27.3395
    endloop
  endfacet
  facet normal 1 0 0
    outer loop
      vertex 2.4 30.0656 28.1357
      vertex 2.4 2.4 37.5
      vertex 2.4 29.35 27.7828
    endloop
  endfacet
  facet normal 1 0 0
    outer loop
      vertex 2.4 30.8212 28.3921
      vertex 2.4 2.4 37.5
      vertex 2.4 30.0656 28.1357
    endloop
  endfacet
  facet normal 1 0 0
    outer loop
      vertex 2.4 31.6038 28.5478
      vertex 2.4 2.4 37.5
      vertex 2.4 30.8212 28.3921
    endloop
  endfacet
  facet normal 1 -0 0
    outer loop
      vertex 2.4 38.4478 21.7038
      vertex 2.4 62.4 7.5
      vertex 2.4 38.5 22.5
    endloop
  endfacet
  facet normal 1 -0 0
    outer loop
      vertex 2.4 38.2921 20.9212
      vertex 2.4 62.4 7.5
      vertex 2.4 38.4478 21.7038
    endloop
  endfacet
  facet normal 1 -0 0
    outer loop
      vertex 2.4 38.0357 20.1656
      vertex 2.4 62.4 7.5
      vertex 2.4 38.2921 20.9212
    endloop
  endfacet
  facet normal 1 -0 0
    outer loop
      vertex 2.4 37.6828 19.45
      vertex 2.4 62.4 7.5
      vertex 2.4 38.0357 20.1656
    endloop
  endfacet
  facet normal 1 -0 0
    outer loop
      vertex 2.4 37.2395 18.7866
      vertex 2.4 62.4 7.5
      vertex 2.4 37.6828 19.45
    endloop
  endfacet
  facet normal 1 -0 0
    outer loop
      vertex 2.4 36.7134 18.1866
      vertex 2.4 62.4 7.5
      vertex 2.4 37.2395 18.7866
    endloop
  endfacet
  facet normal 1 -0 0
    outer loop
      vertex 2.4 36.1134 17.6605
      vertex 2.4 62.4 7.5
      vertex 2.4 36.7134 18.1866
    endloop
  endfacet
  facet normal 1 -0 0
    outer loop
      vertex 2.4 35.45 17.2172
      vertex 2.4 62.4 7.5
      vertex 2.4 36.1134 17.6605
    endloop
  endfacet
  facet normal 1 -0 0
    outer loop
      vertex 2.4 34.7344 16.8643
      vertex 2.4 62.4 7.5
      vertex 2.4 35.45 17.2172
    endloop
  endfacet
  facet normal 1 -0 0
    outer loop
      vertex 2.4 33.9788 16.6079
      vertex 2.4 62.4 7.5
      vertex 2.4 34.7344 16.8643
    endloop
  endfacet
  facet normal 1 -0 0
    outer loop
      vertex 2.4 33.1962 16.4522
      vertex 2.4 62.4 7.5
      vertex 2.4 33.9788 16.6079
    endloop
  endfacet
  facet normal 1 -0 0
    outer loop
      vertex 2.4 32.4 16.4
      vertex 2.4 62.4 7.5
      vertex 2.4 33.1962 16.4522
    endloop
  endfacet
  facet normal 1 0 0
    outer loop
      vertex 2.4 2.4 7.5
      vertex 2.4 32.4 16.4
      vertex 2.4 31.6038 16.4522
    endloop
  endfacet
  facet normal 1 0 0
    outer loop
      vertex 2.4 2.4 7.5
      vertex 2.4 31.6038 16.4522
      vertex 2.4 30.8212 16.6079
    endloop
  endfacet
  facet normal 1 0 0
    outer loop
      vertex 2.4 2.4 7.5
      vertex 2.4 26.3 22.5
      vertex 2.4 2.4 37.5
    endloop
  endfacet
  facet normal 1 0 0
    outer loop
      vertex 2.4 26.3 22.5
      vertex 2.4 2.4 7.5
      vertex 2.4 26.3522 21.7038
    endloop
  endfacet
  facet normal 1 0 0
    outer loop
      vertex 2.4 26.3522 21.7038
      vertex 2.4 2.4 7.5
      vertex 2.4 26.5079 20.9212
    endloop
  endfacet
  facet normal 1 0 0
    outer loop
      vertex 2.4 26.5079 20.9212
      vertex 2.4 2.4 7.5
      vertex 2.4 26.7643 20.1656
    endloop
  endfacet
  facet normal 1 0 0
    outer loop
      vertex 2.4 26.7643 20.1656
      vertex 2.4 2.4 7.5
      vertex 2.4 27.1172 19.45
    endloop
  endfacet
  facet normal 1 0 0
    outer loop
      vertex 2.4 27.1172 19.45
      vertex 2.4 2.4 7.5
      vertex 2.4 27.5605 18.7866
    endloop
  endfacet
  facet normal 1 0 0
    outer loop
      vertex 2.4 27.5605 18.7866
      vertex 2.4 2.4 7.5
      vertex 2.4 28.0866 18.1866
    endloop
  endfacet
  facet normal 1 0 0
    outer loop
      vertex 2.4 32.4 16.4
      vertex 2.4 2.4 7.5
      vertex 2.4 62.4 7.5
    endloop
  endfacet
  facet normal 1 0 0
    outer loop
      vertex 2.4 30.0656 16.8643
      vertex 2.4 2.4 7.5
      vertex 2.4 30.8212 16.6079
    endloop
  endfacet
  facet normal 1 0 0
    outer loop
      vertex 2.4 29.35 17.2172
      vertex 2.4 2.4 7.5
      vertex 2.4 30.0656 16.8643
    endloop
  endfacet
  facet normal 1 0 0
    outer loop
      vertex 2.4 28.6866 17.6605
      vertex 2.4 2.4 7.5
      vertex 2.4 29.35 17.2172
    endloop
  endfacet
  facet normal 1 0 0
    outer loop
      vertex 2.4 28.0866 18.1866
      vertex 2.4 2.4 7.5
      vertex 2.4 28.6866 17.6605
    endloop
  endfacet
  facet normal 0 -1 0
    outer loop
      vertex 5.90001 62.4 7.5
      vertex 70.8 62.4 37.5
      vertex 5.90001 62.4 37.5
    endloop
  endfacet
  facet normal 0 -1 -0
    outer loop
      vertex 70.8 62.4 37.5
      vertex 5.90001 62.4 7.5
      vertex 70.8 62.4 7.5
    endloop
  endfacet
  facet normal 0 0 0
    outer loop
      vertex 70.8 62.4 37.5
      vertex 2.4 62.4 37.5
      vertex 5.90001 62.4 37.5
    endloop
  endfacet
  facet normal 0 -1 0
    outer loop
      vertex 72.8 62.4 7.5
      vertex 211.3 62.4 37.5
      vertex 72.8 62.4 37.5
    endloop
  endfacet
  facet normal 0 -1 -0
    outer loop
      vertex 211.3 62.4 37.5
      vertex 72.8 62.4 7.5
      vertex 211.3 62.4 7.5
    endloop
  endfacet
  facet normal 0 0 0
    outer loop
      vertex 72.8 62.4 37.5
      vertex 211.3 62.4 37.5
      vertex 214.8 62.4 37.5
    endloop
  endfacet
  facet normal 0 1 -0
    outer loop
      vertex 214.8 2.4 7.5
      vertex 72.8 2.4 37.5
      vertex 214.8 2.4 37.5
    endloop
  endfacet
  facet normal 0 1 0
    outer loop
      vertex 72.8 2.4 37.5
      vertex 214.8 2.4 7.5
      vertex 72.8 2.4 7.5
    endloop
  endfacet
  facet normal 0 1 -0
    outer loop
      vertex 70.8 2.4 7.5
      vertex 2.4 2.4 37.5
      vertex 70.8 2.4 37.5
    endloop
  endfacet
  facet normal 0 1 0
    outer loop
      vertex 2.4 2.4 37.5
      vertex 70.8 2.4 7.5
      vertex 2.4 2.4 7.5
    endloop
  endfacet
  facet normal -0 0.195128 0.980778
    outer loop
      vertex 214.8 31.6038 16.4522
      vertex 217.2 30.8212 16.6079
      vertex 217.2 31.6038 16.4522
    endloop
  endfacet
  facet normal 0 0.195128 0.980778
    outer loop
      vertex 217.2 30.8212 16.6079
      vertex 214.8 31.6038 16.4522
      vertex 214.8 30.8212 16.6079
    endloop
  endfacet
  facet normal 0 -0.946965 0.321336
    outer loop
      vertex 214.8 38.0357 20.1656
      vertex 217.2 38.2921 20.9212
      vertex 214.8 38.2921 20.9212
    endloop
  endfacet
  facet normal 0 -0.946965 0.321336
    outer loop
      vertex 217.2 38.2921 20.9212
      vertex 214.8 38.0357 20.1656
      vertex 217.2 38.0357 20.1656
    endloop
  endfacet
  facet normal 0 0.831452 -0.555596
    outer loop
      vertex 217.2 27.1172 25.55
      vertex 214.8 27.5605 26.2134
      vertex 217.2 27.5605 26.2134
    endloop
  endfacet
  facet normal 0 0.831452 -0.555596
    outer loop
      vertex 214.8 27.5605 26.2134
      vertex 217.2 27.1172 25.55
      vertex 214.8 27.1172 25.55
    endloop
  endfacet
  facet normal 0 0.997858 0.065421
    outer loop
      vertex 217.2 26.3522 21.7038
      vertex 214.8 26.3 22.5
      vertex 217.2 26.3 22.5
    endloop
  endfacet
  facet normal 0 0.997858 0.065421
    outer loop
      vertex 214.8 26.3 22.5
      vertex 217.2 26.3522 21.7038
      vertex 214.8 26.3522 21.7038
    endloop
  endfacet
  facet normal 0 -0.065421 -0.997858
    outer loop
      vertex 214.8 32.4 28.6
      vertex 217.2 33.1962 28.5478
      vertex 217.2 32.4 28.6
    endloop
  endfacet
  facet normal -0 -0.065421 -0.997858
    outer loop
      vertex 217.2 33.1962 28.5478
      vertex 214.8 32.4 28.6
      vertex 214.8 33.1962 28.5478
    endloop
  endfacet
  facet normal 0 0.065421 -0.997858
    outer loop
      vertex 214.8 31.6038 28.5478
      vertex 217.2 32.4 28.6
      vertex 217.2 31.6038 28.5478
    endloop
  endfacet
  facet normal 0 0.065421 -0.997858
    outer loop
      vertex 217.2 32.4 28.6
      vertex 214.8 31.6038 28.5478
      vertex 214.8 32.4 28.6
    endloop
  endfacet
  facet normal 0 -0.555596 -0.831452
    outer loop
      vertex 214.8 35.45 27.7828
      vertex 217.2 36.1134 27.3395
      vertex 217.2 35.45 27.7828
    endloop
  endfacet
  facet normal -0 -0.555596 -0.831452
    outer loop
      vertex 217.2 36.1134 27.3395
      vertex 214.8 35.45 27.7828
      vertex 214.8 36.1134 27.3395
    endloop
  endfacet
  facet normal 0 -0.659285 0.751893
    outer loop
      vertex 214.8 36.7134 18.1866
      vertex 217.2 36.1134 17.6605
      vertex 217.2 36.7134 18.1866
    endloop
  endfacet
  facet normal 0 -0.659285 0.751893
    outer loop
      vertex 217.2 36.1134 17.6605
      vertex 214.8 36.7134 18.1866
      vertex 214.8 36.1134 17.6605
    endloop
  endfacet
  facet normal 0 -0.065421 0.997858
    outer loop
      vertex 214.8 33.1962 16.4522
      vertex 217.2 32.4 16.4
      vertex 217.2 33.1962 16.4522
    endloop
  endfacet
  facet normal 0 -0.065421 0.997858
    outer loop
      vertex 217.2 32.4 16.4
      vertex 214.8 33.1962 16.4522
      vertex 214.8 32.4 16.4
    endloop
  endfacet
  facet normal -0 0.659285 0.751893
    outer loop
      vertex 214.8 28.6866 17.6605
      vertex 217.2 28.0866 18.1866
      vertex 217.2 28.6866 17.6605
    endloop
  endfacet
  facet normal 0 0.659285 0.751893
    outer loop
      vertex 217.2 28.0866 18.1866
      vertex 214.8 28.6866 17.6605
      vertex 214.8 28.0866 18.1866
    endloop
  endfacet
  facet normal 0 0.195128 -0.980778
    outer loop
      vertex 214.8 30.8212 28.3921
      vertex 217.2 31.6038 28.5478
      vertex 217.2 30.8212 28.3921
    endloop
  endfacet
  facet normal 0 0.195128 -0.980778
    outer loop
      vertex 217.2 31.6038 28.5478
      vertex 214.8 30.8212 28.3921
      vertex 214.8 31.6038 28.5478
    endloop
  endfacet
  facet normal -0 0.065421 0.997858
    outer loop
      vertex 214.8 32.4 16.4
      vertex 217.2 31.6038 16.4522
      vertex 217.2 32.4 16.4
    endloop
  endfacet
  facet normal 0 0.065421 0.997858
    outer loop
      vertex 217.2 31.6038 16.4522
      vertex 214.8 32.4 16.4
      vertex 214.8 31.6038 16.4522
    endloop
  endfacet
  facet normal 0 0.321336 -0.946965
    outer loop
      vertex 214.8 30.0656 28.1357
      vertex 217.2 30.8212 28.3921
      vertex 217.2 30.0656 28.1357
    endloop
  endfacet
  facet normal 0 0.321336 -0.946965
    outer loop
      vertex 217.2 30.8212 28.3921
      vertex 214.8 30.0656 28.1357
      vertex 214.8 30.8212 28.3921
    endloop
  endfacet
  facet normal 0 -0.555596 0.831452
    outer loop
      vertex 214.8 36.1134 17.6605
      vertex 217.2 35.45 17.2172
      vertex 217.2 36.1134 17.6605
    endloop
  endfacet
  facet normal 0 -0.555596 0.831452
    outer loop
      vertex 217.2 35.45 17.2172
      vertex 214.8 36.1134 17.6605
      vertex 214.8 35.45 17.2172
    endloop
  endfacet
  facet normal -0 0.442294 0.89687
    outer loop
      vertex 214.8 30.0656 16.8643
      vertex 217.2 29.35 17.2172
      vertex 217.2 30.0656 16.8643
    endloop
  endfacet
  facet normal 0 0.442294 0.89687
    outer loop
      vertex 217.2 29.35 17.2172
      vertex 214.8 30.0656 16.8643
      vertex 214.8 29.35 17.2172
    endloop
  endfacet
  facet normal -0 0.321336 0.946965
    outer loop
      vertex 214.8 30.8212 16.6079
      vertex 217.2 30.0656 16.8643
      vertex 217.2 30.8212 16.6079
    endloop
  endfacet
  facet normal 0 0.321336 0.946965
    outer loop
      vertex 217.2 30.0656 16.8643
      vertex 214.8 30.8212 16.6079
      vertex 214.8 30.0656 16.8643
    endloop
  endfacet
  facet normal 0 -0.997858 0.065421
    outer loop
      vertex 214.8 38.4478 21.7038
      vertex 217.2 38.5 22.5
      vertex 214.8 38.5 22.5
    endloop
  endfacet
  facet normal 0 -0.997858 0.065421
    outer loop
      vertex 217.2 38.5 22.5
      vertex 214.8 38.4478 21.7038
      vertex 217.2 38.4478 21.7038
    endloop
  endfacet
  facet normal 0 0.442294 -0.89687
    outer loop
      vertex 214.8 29.35 27.7828
      vertex 217.2 30.0656 28.1357
      vertex 217.2 29.35 27.7828
    endloop
  endfacet
  facet normal 0 0.442294 -0.89687
    outer loop
      vertex 217.2 30.0656 28.1357
      vertex 214.8 29.35 27.7828
      vertex 214.8 30.0656 28.1357
    endloop
  endfacet
  facet normal 0 0.659285 -0.751893
    outer loop
      vertex 214.8 28.0866 26.8134
      vertex 217.2 28.6866 27.3395
      vertex 217.2 28.0866 26.8134
    endloop
  endfacet
  facet normal 0 0.659285 -0.751893
    outer loop
      vertex 217.2 28.6866 27.3395
      vertex 214.8 28.0866 26.8134
      vertex 214.8 28.6866 27.3395
    endloop
  endfacet
  facet normal 0 0.89687 -0.442294
    outer loop
      vertex 217.2 26.7643 24.8344
      vertex 214.8 27.1172 25.55
      vertex 217.2 27.1172 25.55
    endloop
  endfacet
  facet normal 0 0.89687 -0.442294
    outer loop
      vertex 214.8 27.1172 25.55
      vertex 217.2 26.7643 24.8344
      vertex 214.8 26.7643 24.8344
    endloop
  endfacet
  facet normal 0 -0.195128 0.980778
    outer loop
      vertex 214.8 33.9788 16.6079
      vertex 217.2 33.1962 16.4522
      vertex 217.2 33.9788 16.6079
    endloop
  endfacet
  facet normal 0 -0.195128 0.980778
    outer loop
      vertex 217.2 33.1962 16.4522
      vertex 214.8 33.9788 16.6079
      vertex 214.8 33.1962 16.4522
    endloop
  endfacet
  facet normal 0 -0.831452 -0.555596
    outer loop
      vertex 214.8 37.6828 25.55
      vertex 217.2 37.2395 26.2134
      vertex 214.8 37.2395 26.2134
    endloop
  endfacet
  facet normal 0 -0.831452 -0.555596
    outer loop
      vertex 217.2 37.2395 26.2134
      vertex 214.8 37.6828 25.55
      vertex 217.2 37.6828 25.55
    endloop
  endfacet
  facet normal -0 0.555596 0.831452
    outer loop
      vertex 214.8 29.35 17.2172
      vertex 217.2 28.6866 17.6605
      vertex 217.2 29.35 17.2172
    endloop
  endfacet
  facet normal 0 0.555596 0.831452
    outer loop
      vertex 217.2 28.6866 17.6605
      vertex 214.8 29.35 17.2172
      vertex 214.8 28.6866 17.6605
    endloop
  endfacet
  facet normal 0 0.997858 -0.065421
    outer loop
      vertex 217.2 26.3 22.5
      vertex 214.8 26.3522 23.2962
      vertex 217.2 26.3522 23.2962
    endloop
  endfacet
  facet normal 0 0.997858 -0.065421
    outer loop
      vertex 214.8 26.3522 23.2962
      vertex 217.2 26.3 22.5
      vertex 214.8 26.3 22.5
    endloop
  endfacet
  facet normal 0 0.980778 -0.195128
    outer loop
      vertex 217.2 26.3522 23.2962
      vertex 214.8 26.5079 24.0788
      vertex 217.2 26.5079 24.0788
    endloop
  endfacet
  facet normal 0 0.980778 -0.195128
    outer loop
      vertex 214.8 26.5079 24.0788
      vertex 217.2 26.3522 23.2962
      vertex 214.8 26.3522 23.2962
    endloop
  endfacet
  facet normal 0 0.980778 0.195128
    outer loop
      vertex 217.2 26.5079 20.9212
      vertex 214.8 26.3522 21.7038
      vertex 217.2 26.3522 21.7038
    endloop
  endfacet
  facet normal 0 0.980778 0.195128
    outer loop
      vertex 214.8 26.3522 21.7038
      vertex 217.2 26.5079 20.9212
      vertex 214.8 26.5079 20.9212
    endloop
  endfacet
  facet normal 0 -0.442294 0.89687
    outer loop
      vertex 214.8 35.45 17.2172
      vertex 217.2 34.7344 16.8643
      vertex 217.2 35.45 17.2172
    endloop
  endfacet
  facet normal 0 -0.442294 0.89687
    outer loop
      vertex 217.2 34.7344 16.8643
      vertex 214.8 35.45 17.2172
      vertex 214.8 34.7344 16.8643
    endloop
  endfacet
  facet normal 0 -0.751893 0.659285
    outer loop
      vertex 214.8 36.7134 18.1866
      vertex 217.2 37.2395 18.7866
      vertex 214.8 37.2395 18.7866
    endloop
  endfacet
  facet normal 0 -0.751893 0.659285
    outer loop
      vertex 217.2 37.2395 18.7866
      vertex 214.8 36.7134 18.1866
      vertex 217.2 36.7134 18.1866
    endloop
  endfacet
  facet normal 0 0.555596 -0.831452
    outer loop
      vertex 214.8 28.6866 27.3395
      vertex 217.2 29.35 27.7828
      vertex 217.2 28.6866 27.3395
    endloop
  endfacet
  facet normal 0 0.555596 -0.831452
    outer loop
      vertex 217.2 29.35 27.7828
      vertex 214.8 28.6866 27.3395
      vertex 214.8 29.35 27.7828
    endloop
  endfacet
  facet normal 0 -0.89687 0.442294
    outer loop
      vertex 214.8 37.6828 19.45
      vertex 217.2 38.0357 20.1656
      vertex 214.8 38.0357 20.1656
    endloop
  endfacet
  facet normal 0 -0.89687 0.442294
    outer loop
      vertex 217.2 38.0357 20.1656
      vertex 214.8 37.6828 19.45
      vertex 217.2 37.6828 19.45
    endloop
  endfacet
  facet normal 0 0.946965 0.321336
    outer loop
      vertex 217.2 26.7643 20.1656
      vertex 214.8 26.5079 20.9212
      vertex 217.2 26.5079 20.9212
    endloop
  endfacet
  facet normal 0 0.946965 0.321336
    outer loop
      vertex 214.8 26.5079 20.9212
      vertex 217.2 26.7643 20.1656
      vertex 214.8 26.7643 20.1656
    endloop
  endfacet
  facet normal 0 -0.89687 -0.442294
    outer loop
      vertex 214.8 38.0357 24.8344
      vertex 217.2 37.6828 25.55
      vertex 214.8 37.6828 25.55
    endloop
  endfacet
  facet normal 0 -0.89687 -0.442294
    outer loop
      vertex 217.2 37.6828 25.55
      vertex 214.8 38.0357 24.8344
      vertex 217.2 38.0357 24.8344
    endloop
  endfacet
  facet normal 0 -0.659285 -0.751893
    outer loop
      vertex 214.8 36.1134 27.3395
      vertex 217.2 36.7134 26.8134
      vertex 217.2 36.1134 27.3395
    endloop
  endfacet
  facet normal -0 -0.659285 -0.751893
    outer loop
      vertex 217.2 36.7134 26.8134
      vertex 214.8 36.1134 27.3395
      vertex 214.8 36.7134 26.8134
    endloop
  endfacet
  facet normal 0 -0.751893 -0.659285
    outer loop
      vertex 214.8 37.2395 26.2134
      vertex 217.2 36.7134 26.8134
      vertex 214.8 36.7134 26.8134
    endloop
  endfacet
  facet normal 0 -0.751893 -0.659285
    outer loop
      vertex 217.2 36.7134 26.8134
      vertex 214.8 37.2395 26.2134
      vertex 217.2 37.2395 26.2134
    endloop
  endfacet
  facet normal 0 -0.831452 0.555596
    outer loop
      vertex 214.8 37.2395 18.7866
      vertex 217.2 37.6828 19.45
      vertex 214.8 37.6828 19.45
    endloop
  endfacet
  facet normal 0 -0.831452 0.555596
    outer loop
      vertex 217.2 37.6828 19.45
      vertex 214.8 37.2395 18.7866
      vertex 217.2 37.2395 18.7866
    endloop
  endfacet
  facet normal 0 -0.997858 -0.065421
    outer loop
      vertex 214.8 38.5 22.5
      vertex 217.2 38.4478 23.2962
      vertex 214.8 38.4478 23.2962
    endloop
  endfacet
  facet normal 0 -0.997858 -0.065421
    outer loop
      vertex 217.2 38.4478 23.2962
      vertex 214.8 38.5 22.5
      vertex 217.2 38.5 22.5
    endloop
  endfacet
  facet normal 0 0.89687 0.442294
    outer loop
      vertex 217.2 27.1172 19.45
      vertex 214.8 26.7643 20.1656
      vertex 217.2 26.7643 20.1656
    endloop
  endfacet
  facet normal 0 0.89687 0.442294
    outer loop
      vertex 214.8 26.7643 20.1656
      vertex 217.2 27.1172 19.45
      vertex 214.8 27.1172 19.45
    endloop
  endfacet
  facet normal 0 0.751893 -0.659285
    outer loop
      vertex 217.2 27.5605 26.2134
      vertex 214.8 28.0866 26.8134
      vertex 217.2 28.0866 26.8134
    endloop
  endfacet
  facet normal 0 0.751893 -0.659285
    outer loop
      vertex 214.8 28.0866 26.8134
      vertex 217.2 27.5605 26.2134
      vertex 214.8 27.5605 26.2134
    endloop
  endfacet
  facet normal 0 -0.195128 -0.980778
    outer loop
      vertex 214.8 33.1962 28.5478
      vertex 217.2 33.9788 28.3921
      vertex 217.2 33.1962 28.5478
    endloop
  endfacet
  facet normal -0 -0.195128 -0.980778
    outer loop
      vertex 217.2 33.9788 28.3921
      vertex 214.8 33.1962 28.5478
      vertex 214.8 33.9788 28.3921
    endloop
  endfacet
  facet normal 0 -0.980778 -0.195128
    outer loop
      vertex 214.8 38.4478 23.2962
      vertex 217.2 38.2921 24.0788
      vertex 214.8 38.2921 24.0788
    endloop
  endfacet
  facet normal 0 -0.980778 -0.195128
    outer loop
      vertex 217.2 38.2921 24.0788
      vertex 214.8 38.4478 23.2962
      vertex 217.2 38.4478 23.2962
    endloop
  endfacet
  facet normal 0 -0.946965 -0.321336
    outer loop
      vertex 214.8 38.2921 24.0788
      vertex 217.2 38.0357 24.8344
      vertex 214.8 38.0357 24.8344
    endloop
  endfacet
  facet normal 0 -0.946965 -0.321336
    outer loop
      vertex 217.2 38.0357 24.8344
      vertex 214.8 38.2921 24.0788
      vertex 217.2 38.2921 24.0788
    endloop
  endfacet
  facet normal 0 -0.321336 0.946965
    outer loop
      vertex 214.8 34.7344 16.8643
      vertex 217.2 33.9788 16.6079
      vertex 217.2 34.7344 16.8643
    endloop
  endfacet
  facet normal 0 -0.321336 0.946965
    outer loop
      vertex 217.2 33.9788 16.6079
      vertex 214.8 34.7344 16.8643
      vertex 214.8 33.9788 16.6079
    endloop
  endfacet
  facet normal 0 0.946965 -0.321336
    outer loop
      vertex 217.2 26.5079 24.0788
      vertex 214.8 26.7643 24.8344
      vertex 217.2 26.7643 24.8344
    endloop
  endfacet
  facet normal 0 0.946965 -0.321336
    outer loop
      vertex 214.8 26.7643 24.8344
      vertex 217.2 26.5079 24.0788
      vertex 214.8 26.5079 24.0788
    endloop
  endfacet
  facet normal 0 -0.321336 -0.946965
    outer loop
      vertex 214.8 33.9788 28.3921
      vertex 217.2 34.7344 28.1357
      vertex 217.2 33.9788 28.3921
    endloop
  endfacet
  facet normal -0 -0.321336 -0.946965
    outer loop
      vertex 217.2 34.7344 28.1357
      vertex 214.8 33.9788 28.3921
      vertex 214.8 34.7344 28.1357
    endloop
  endfacet
  facet normal 0 0.831452 0.555596
    outer loop
      vertex 217.2 27.5605 18.7866
      vertex 214.8 27.1172 19.45
      vertex 217.2 27.1172 19.45
    endloop
  endfacet
  facet normal 0 0.831452 0.555596
    outer loop
      vertex 214.8 27.1172 19.45
      vertex 217.2 27.5605 18.7866
      vertex 214.8 27.5605 18.7866
    endloop
  endfacet
  facet normal 0 0.751893 0.659285
    outer loop
      vertex 217.2 28.0866 18.1866
      vertex 214.8 27.5605 18.7866
      vertex 217.2 27.5605 18.7866
    endloop
  endfacet
  facet normal 0 0.751893 0.659285
    outer loop
      vertex 214.8 27.5605 18.7866
      vertex 217.2 28.0866 18.1866
      vertex 214.8 28.0866 18.1866
    endloop
  endfacet
  facet normal 0 -0.980778 0.195128
    outer loop
      vertex 214.8 38.2921 20.9212
      vertex 217.2 38.4478 21.7038
      vertex 214.8 38.4478 21.7038
    endloop
  endfacet
  facet normal 0 -0.980778 0.195128
    outer loop
      vertex 217.2 38.4478 21.7038
      vertex 214.8 38.2921 20.9212
      vertex 217.2 38.2921 20.9212
    endloop
  endfacet
  facet normal 0 -0.442294 -0.89687
    outer loop
      vertex 214.8 34.7344 28.1357
      vertex 217.2 35.45 27.7828
      vertex 217.2 34.7344 28.1357
    endloop
  endfacet
  facet normal -0 -0.442294 -0.89687
    outer loop
      vertex 217.2 35.45 27.7828
      vertex 214.8 34.7344 28.1357
      vertex 214.8 35.45 27.7828
    endloop
  endfacet
  facet normal -0 0.195128 0.980778
    outer loop
      vertex 0 31.6038 16.4522
      vertex 2.4 30.8212 16.6079
      vertex 2.4 31.6038 16.4522
    endloop
  endfacet
  facet normal 0 0.195128 0.980778
    outer loop
      vertex 2.4 30.8212 16.6079
      vertex 0 31.6038 16.4522
      vertex 0 30.8212 16.6079
    endloop
  endfacet
  facet normal 0 0.946965 0.321336
    outer loop
      vertex 2.4 26.7643 20.1656
      vertex 0 26.5079 20.9212
      vertex 2.4 26.5079 20.9212
    endloop
  endfacet
  facet normal 0 0.946965 0.321336
    outer loop
      vertex 0 26.5079 20.9212
      vertex 2.4 26.7643 20.1656
      vertex 0 26.7643 20.1656
    endloop
  endfacet
  facet normal 0 -0.946965 0.321336
    outer loop
      vertex 0 38.0357 20.1656
      vertex 2.4 38.2921 20.9212
      vertex 0 38.2921 20.9212
    endloop
  endfacet
  facet normal 0 -0.946965 0.321336
    outer loop
      vertex 2.4 38.2921 20.9212
      vertex 0 38.0357 20.1656
      vertex 2.4 38.0357 20.1656
    endloop
  endfacet
  facet normal 0 0.831452 -0.555596
    outer loop
      vertex 2.4 27.1172 25.55
      vertex 0 27.5605 26.2134
      vertex 2.4 27.5605 26.2134
    endloop
  endfacet
  facet normal 0 0.831452 -0.555596
    outer loop
      vertex 0 27.5605 26.2134
      vertex 2.4 27.1172 25.55
      vertex 0 27.1172 25.55
    endloop
  endfacet
  facet normal 0 0.997858 0.065421
    outer loop
      vertex 2.4 26.3522 21.7038
      vertex 0 26.3 22.5
      vertex 2.4 26.3 22.5
    endloop
  endfacet
  facet normal 0 0.997858 0.065421
    outer loop
      vertex 0 26.3 22.5
      vertex 2.4 26.3522 21.7038
      vertex 0 26.3522 21.7038
    endloop
  endfacet
  facet normal 0 -0.065421 -0.997858
    outer loop
      vertex 0 32.4 28.6
      vertex 2.4 33.1962 28.5478
      vertex 2.4 32.4 28.6
    endloop
  endfacet
  facet normal -0 -0.065421 -0.997858
    outer loop
      vertex 2.4 33.1962 28.5478
      vertex 0 32.4 28.6
      vertex 0 33.1962 28.5478
    endloop
  endfacet
  facet normal 0 0.065421 -0.997858
    outer loop
      vertex 0 31.6038 28.5478
      vertex 2.4 32.4 28.6
      vertex 2.4 31.6038 28.5478
    endloop
  endfacet
  facet normal 0 0.065421 -0.997858
    outer loop
      vertex 2.4 32.4 28.6
      vertex 0 31.6038 28.5478
      vertex 0 32.4 28.6
    endloop
  endfacet
  facet normal 0 -0.555596 -0.831452
    outer loop
      vertex 0 35.45 27.7828
      vertex 2.4 36.1134 27.3395
      vertex 2.4 35.45 27.7828
    endloop
  endfacet
  facet normal -0 -0.555596 -0.831452
    outer loop
      vertex 2.4 36.1134 27.3395
      vertex 0 35.45 27.7828
      vertex 0 36.1134 27.3395
    endloop
  endfacet
  facet normal 0 -0.659285 0.751893
    outer loop
      vertex 0 36.7134 18.1866
      vertex 2.4 36.1134 17.6605
      vertex 2.4 36.7134 18.1866
    endloop
  endfacet
  facet normal 0 -0.659285 0.751893
    outer loop
      vertex 2.4 36.1134 17.6605
      vertex 0 36.7134 18.1866
      vertex 0 36.1134 17.6605
    endloop
  endfacet
  facet normal 0 -0.065421 0.997858
    outer loop
      vertex 0 33.1962 16.4522
      vertex 2.4 32.4 16.4
      vertex 2.4 33.1962 16.4522
    endloop
  endfacet
  facet normal 0 -0.065421 0.997858
    outer loop
      vertex 2.4 32.4 16.4
      vertex 0 33.1962 16.4522
      vertex 0 32.4 16.4
    endloop
  endfacet
  facet normal -0 0.659285 0.751893
    outer loop
      vertex 0 28.6866 17.6605
      vertex 2.4 28.0866 18.1866
      vertex 2.4 28.6866 17.6605
    endloop
  endfacet
  facet normal 0 0.659285 0.751893
    outer loop
      vertex 2.4 28.0866 18.1866
      vertex 0 28.6866 17.6605
      vertex 0 28.0866 18.1866
    endloop
  endfacet
  facet normal 0 0.195128 -0.980778
    outer loop
      vertex 0 30.8212 28.3921
      vertex 2.4 31.6038 28.5478
      vertex 2.4 30.8212 28.3921
    endloop
  endfacet
  facet normal 0 0.195128 -0.980778
    outer loop
      vertex 2.4 31.6038 28.5478
      vertex 0 30.8212 28.3921
      vertex 0 31.6038 28.5478
    endloop
  endfacet
  facet normal -0 0.065421 0.997858
    outer loop
      vertex 0 32.4 16.4
      vertex 2.4 31.6038 16.4522
      vertex 2.4 32.4 16.4
    endloop
  endfacet
  facet normal 0 0.065421 0.997858
    outer loop
      vertex 2.4 31.6038 16.4522
      vertex 0 32.4 16.4
      vertex 0 31.6038 16.4522
    endloop
  endfacet
  facet normal 0 0.321336 -0.946965
    outer loop
      vertex 0 30.0656 28.1357
      vertex 2.4 30.8212 28.3921
      vertex 2.4 30.0656 28.1357
    endloop
  endfacet
  facet normal 0 0.321336 -0.946965
    outer loop
      vertex 2.4 30.8212 28.3921
      vertex 0 30.0656 28.1357
      vertex 0 30.8212 28.3921
    endloop
  endfacet
  facet normal 0 -0.555596 0.831452
    outer loop
      vertex 0 36.1134 17.6605
      vertex 2.4 35.45 17.2172
      vertex 2.4 36.1134 17.6605
    endloop
  endfacet
  facet normal 0 -0.555596 0.831452
    outer loop
      vertex 2.4 35.45 17.2172
      vertex 0 36.1134 17.6605
      vertex 0 35.45 17.2172
    endloop
  endfacet
  facet normal -0 0.442294 0.89687
    outer loop
      vertex 0 30.0656 16.8643
      vertex 2.4 29.35 17.2172
      vertex 2.4 30.0656 16.8643
    endloop
  endfacet
  facet normal 0 0.442294 0.89687
    outer loop
      vertex 2.4 29.35 17.2172
      vertex 0 30.0656 16.8643
      vertex 0 29.35 17.2172
    endloop
  endfacet
  facet normal -0 0.321336 0.946965
    outer loop
      vertex 0 30.8212 16.6079
      vertex 2.4 30.0656 16.8643
      vertex 2.4 30.8212 16.6079
    endloop
  endfacet
  facet normal 0 0.321336 0.946965
    outer loop
      vertex 2.4 30.0656 16.8643
      vertex 0 30.8212 16.6079
      vertex 0 30.0656 16.8643
    endloop
  endfacet
  facet normal 0 -0.997858 0.065421
    outer loop
      vertex 0 38.4478 21.7038
      vertex 2.4 38.5 22.5
      vertex 0 38.5 22.5
    endloop
  endfacet
  facet normal 0 -0.997858 0.065421
    outer loop
      vertex 2.4 38.5 22.5
      vertex 0 38.4478 21.7038
      vertex 2.4 38.4478 21.7038
    endloop
  endfacet
  facet normal 0 0.442294 -0.89687
    outer loop
      vertex 0 29.35 27.7828
      vertex 2.4 30.0656 28.1357
      vertex 2.4 29.35 27.7828
    endloop
  endfacet
  facet normal 0 0.442294 -0.89687
    outer loop
      vertex 2.4 30.0656 28.1357
      vertex 0 29.35 27.7828
      vertex 0 30.0656 28.1357
    endloop
  endfacet
  facet normal 0 0.659285 -0.751893
    outer loop
      vertex 0 28.0866 26.8134
      vertex 2.4 28.6866 27.3395
      vertex 2.4 28.0866 26.8134
    endloop
  endfacet
  facet normal 0 0.659285 -0.751893
    outer loop
      vertex 2.4 28.6866 27.3395
      vertex 0 28.0866 26.8134
      vertex 0 28.6866 27.3395
    endloop
  endfacet
  facet normal 0 0.89687 -0.442294
    outer loop
      vertex 2.4 26.7643 24.8344
      vertex 0 27.1172 25.55
      vertex 2.4 27.1172 25.55
    endloop
  endfacet
  facet normal 0 0.89687 -0.442294
    outer loop
      vertex 0 27.1172 25.55
      vertex 2.4 26.7643 24.8344
      vertex 0 26.7643 24.8344
    endloop
  endfacet
  facet normal 0 -0.195128 0.980778
    outer loop
      vertex 0 33.9788 16.6079
      vertex 2.4 33.1962 16.4522
      vertex 2.4 33.9788 16.6079
    endloop
  endfacet
  facet normal 0 -0.195128 0.980778
    outer loop
      vertex 2.4 33.1962 16.4522
      vertex 0 33.9788 16.6079
      vertex 0 33.1962 16.4522
    endloop
  endfacet
  facet normal 0 -0.831452 -0.555596
    outer loop
      vertex 0 37.6828 25.55
      vertex 2.4 37.2395 26.2134
      vertex 0 37.2395 26.2134
    endloop
  endfacet
  facet normal 0 -0.831452 -0.555596
    outer loop
      vertex 2.4 37.2395 26.2134
      vertex 0 37.6828 25.55
      vertex 2.4 37.6828 25.55
    endloop
  endfacet
  facet normal -0 0.555596 0.831452
    outer loop
      vertex 0 29.35 17.2172
      vertex 2.4 28.6866 17.6605
      vertex 2.4 29.35 17.2172
    endloop
  endfacet
  facet normal 0 0.555596 0.831452
    outer loop
      vertex 2.4 28.6866 17.6605
      vertex 0 29.35 17.2172
      vertex 0 28.6866 17.6605
    endloop
  endfacet
  facet normal 0 0.997858 -0.065421
    outer loop
      vertex 2.4 26.3 22.5
      vertex 0 26.3522 23.2962
      vertex 2.4 26.3522 23.2962
    endloop
  endfacet
  facet normal 0 0.997858 -0.065421
    outer loop
      vertex 0 26.3522 23.2962
      vertex 2.4 26.3 22.5
      vertex 0 26.3 22.5
    endloop
  endfacet
  facet normal 0 0.980778 -0.195128
    outer loop
      vertex 2.4 26.3522 23.2962
      vertex 0 26.5079 24.0788
      vertex 2.4 26.5079 24.0788
    endloop
  endfacet
  facet normal 0 0.980778 -0.195128
    outer loop
      vertex 0 26.5079 24.0788
      vertex 2.4 26.3522 23.2962
      vertex 0 26.3522 23.2962
    endloop
  endfacet
  facet normal 0 0.980778 0.195128
    outer loop
      vertex 2.4 26.5079 20.9212
      vertex 0 26.3522 21.7038
      vertex 2.4 26.3522 21.7038
    endloop
  endfacet
  facet normal 0 0.980778 0.195128
    outer loop
      vertex 0 26.3522 21.7038
      vertex 2.4 26.5079 20.9212
      vertex 0 26.5079 20.9212
    endloop
  endfacet
  facet normal 0 -0.751893 0.659285
    outer loop
      vertex 0 36.7134 18.1866
      vertex 2.4 37.2395 18.7866
      vertex 0 37.2395 18.7866
    endloop
  endfacet
  facet normal 0 -0.751893 0.659285
    outer loop
      vertex 2.4 37.2395 18.7866
      vertex 0 36.7134 18.1866
      vertex 2.4 36.7134 18.1866
    endloop
  endfacet
  facet normal 0 0.555596 -0.831452
    outer loop
      vertex 0 28.6866 27.3395
      vertex 2.4 29.35 27.7828
      vertex 2.4 28.6866 27.3395
    endloop
  endfacet
  facet normal 0 0.555596 -0.831452
    outer loop
      vertex 2.4 29.35 27.7828
      vertex 0 28.6866 27.3395
      vertex 0 29.35 27.7828
    endloop
  endfacet
  facet normal 0 -0.89687 0.442294
    outer loop
      vertex 0 37.6828 19.45
      vertex 2.4 38.0357 20.1656
      vertex 0 38.0357 20.1656
    endloop
  endfacet
  facet normal 0 -0.89687 0.442294
    outer loop
      vertex 2.4 38.0357 20.1656
      vertex 0 37.6828 19.45
      vertex 2.4 37.6828 19.45
    endloop
  endfacet
  facet normal 0 -0.89687 -0.442294
    outer loop
      vertex 0 38.0357 24.8344
      vertex 2.4 37.6828 25.55
      vertex 0 37.6828 25.55
    endloop
  endfacet
  facet normal 0 -0.89687 -0.442294
    outer loop
      vertex 2.4 37.6828 25.55
      vertex 0 38.0357 24.8344
      vertex 2.4 38.0357 24.8344
    endloop
  endfacet
  facet normal 0 -0.659285 -0.751893
    outer loop
      vertex 0 36.1134 27.3395
      vertex 2.4 36.7134 26.8134
      vertex 2.4 36.1134 27.3395
    endloop
  endfacet
  facet normal -0 -0.659285 -0.751893
    outer loop
      vertex 2.4 36.7134 26.8134
      vertex 0 36.1134 27.3395
      vertex 0 36.7134 26.8134
    endloop
  endfacet
  facet normal 0 -0.442294 0.89687
    outer loop
      vertex 0 35.45 17.2172
      vertex 2.4 34.7344 16.8643
      vertex 2.4 35.45 17.2172
    endloop
  endfacet
  facet normal 0 -0.442294 0.89687
    outer loop
      vertex 2.4 34.7344 16.8643
      vertex 0 35.45 17.2172
      vertex 0 34.7344 16.8643
    endloop
  endfacet
  facet normal 0 -0.751893 -0.659285
    outer loop
      vertex 0 37.2395 26.2134
      vertex 2.4 36.7134 26.8134
      vertex 0 36.7134 26.8134
    endloop
  endfacet
  facet normal 0 -0.751893 -0.659285
    outer loop
      vertex 2.4 36.7134 26.8134
      vertex 0 37.2395 26.2134
      vertex 2.4 37.2395 26.2134
    endloop
  endfacet
  facet normal 0 -0.831452 0.555596
    outer loop
      vertex 0 37.2395 18.7866
      vertex 2.4 37.6828 19.45
      vertex 0 37.6828 19.45
    endloop
  endfacet
  facet normal 0 -0.831452 0.555596
    outer loop
      vertex 2.4 37.6828 19.45
      vertex 0 37.2395 18.7866
      vertex 2.4 37.2395 18.7866
    endloop
  endfacet
  facet normal 0 -0.997858 -0.065421
    outer loop
      vertex 0 38.5 22.5
      vertex 2.4 38.4478 23.2962
      vertex 0 38.4478 23.2962
    endloop
  endfacet
  facet normal 0 -0.997858 -0.065421
    outer loop
      vertex 2.4 38.4478 23.2962
      vertex 0 38.5 22.5
      vertex 2.4 38.5 22.5
    endloop
  endfacet
  facet normal 0 0.89687 0.442294
    outer loop
      vertex 2.4 27.1172 19.45
      vertex 0 26.7643 20.1656
      vertex 2.4 26.7643 20.1656
    endloop
  endfacet
  facet normal 0 0.89687 0.442294
    outer loop
      vertex 0 26.7643 20.1656
      vertex 2.4 27.1172 19.45
      vertex 0 27.1172 19.45
    endloop
  endfacet
  facet normal 0 0.751893 -0.659285
    outer loop
      vertex 2.4 27.5605 26.2134
      vertex 0 28.0866 26.8134
      vertex 2.4 28.0866 26.8134
    endloop
  endfacet
  facet normal 0 0.751893 -0.659285
    outer loop
      vertex 0 28.0866 26.8134
      vertex 2.4 27.5605 26.2134
      vertex 0 27.5605 26.2134
    endloop
  endfacet
  facet normal 0 -0.195128 -0.980778
    outer loop
      vertex 0 33.1962 28.5478
      vertex 2.4 33.9788 28.3921
      vertex 2.4 33.1962 28.5478
    endloop
  endfacet
  facet normal -0 -0.195128 -0.980778
    outer loop
      vertex 2.4 33.9788 28.3921
      vertex 0 33.1962 28.5478
      vertex 0 33.9788 28.3921
    endloop
  endfacet
  facet normal 0 -0.980778 -0.195128
    outer loop
      vertex 0 38.4478 23.2962
      vertex 2.4 38.2921 24.0788
      vertex 0 38.2921 24.0788
    endloop
  endfacet
  facet normal 0 -0.980778 -0.195128
    outer loop
      vertex 2.4 38.2921 24.0788
      vertex 0 38.4478 23.2962
      vertex 2.4 38.4478 23.2962
    endloop
  endfacet
  facet normal 0 -0.946965 -0.321336
    outer loop
      vertex 0 38.2921 24.0788
      vertex 2.4 38.0357 24.8344
      vertex 0 38.0357 24.8344
    endloop
  endfacet
  facet normal 0 -0.946965 -0.321336
    outer loop
      vertex 2.4 38.0357 24.8344
      vertex 0 38.2921 24.0788
      vertex 2.4 38.2921 24.0788
    endloop
  endfacet
  facet normal 0 -0.321336 0.946965
    outer loop
      vertex 0 34.7344 16.8643
      vertex 2.4 33.9788 16.6079
      vertex 2.4 34.7344 16.8643
    endloop
  endfacet
  facet normal 0 -0.321336 0.946965
    outer loop
      vertex 2.4 33.9788 16.6079
      vertex 0 34.7344 16.8643
      vertex 0 33.9788 16.6079
    endloop
  endfacet
  facet normal 0 0.946965 -0.321336
    outer loop
      vertex 2.4 26.5079 24.0788
      vertex 0 26.7643 24.8344
      vertex 2.4 26.7643 24.8344
    endloop
  endfacet
  facet normal 0 0.946965 -0.321336
    outer loop
      vertex 0 26.7643 24.8344
      vertex 2.4 26.5079 24.0788
      vertex 0 26.5079 24.0788
    endloop
  endfacet
  facet normal 0 -0.321336 -0.946965
    outer loop
      vertex 0 33.9788 28.3921
      vertex 2.4 34.7344 28.1357
      vertex 2.4 33.9788 28.3921
    endloop
  endfacet
  facet normal -0 -0.321336 -0.946965
    outer loop
      vertex 2.4 34.7344 28.1357
      vertex 0 33.9788 28.3921
      vertex 0 34.7344 28.1357
    endloop
  endfacet
  facet normal 0 0.831452 0.555596
    outer loop
      vertex 2.4 27.5605 18.7866
      vertex 0 27.1172 19.45
      vertex 2.4 27.1172 19.45
    endloop
  endfacet
  facet normal 0 0.831452 0.555596
    outer loop
      vertex 0 27.1172 19.45
      vertex 2.4 27.5605 18.7866
      vertex 0 27.5605 18.7866
    endloop
  endfacet
  facet normal 0 0.751893 0.659285
    outer loop
      vertex 2.4 28.0866 18.1866
      vertex 0 27.5605 18.7866
      vertex 2.4 27.5605 18.7866
    endloop
  endfacet
  facet normal 0 0.751893 0.659285
    outer loop
      vertex 0 27.5605 18.7866
      vertex 2.4 28.0866 18.1866
      vertex 0 28.0866 18.1866
    endloop
  endfacet
  facet normal 0 -0.980778 0.195128
    outer loop
      vertex 0 38.2921 20.9212
      vertex 2.4 38.4478 21.7038
      vertex 0 38.4478 21.7038
    endloop
  endfacet
  facet normal 0 -0.980778 0.195128
    outer loop
      vertex 2.4 38.4478 21.7038
      vertex 0 38.2921 20.9212
      vertex 2.4 38.2921 20.9212
    endloop
  endfacet
  facet normal 0 -0.442294 -0.89687
    outer loop
      vertex 0 34.7344 28.1357
      vertex 2.4 35.45 27.7828
      vertex 2.4 34.7344 28.1357
    endloop
  endfacet
  facet normal -0 -0.442294 -0.89687
    outer loop
      vertex 2.4 35.45 27.7828
      vertex 0 34.7344 28.1357
      vertex 0 35.45 27.7828
    endloop
  endfacet
  facet normal 1 0 0
    outer loop
      vertex 72.8 55.3743 31.1084
      vertex 72.8 62.4 37.5
      vertex 72.8 55.4 31.5
    endloop
  endfacet
  facet normal 1 0 0
    outer loop
      vertex 72.8 62.4 37.5
      vertex 72.8 55.3743 31.8916
      vertex 72.8 55.4 31.5
    endloop
  endfacet
  facet normal 1 0 0
    outer loop
      vertex 72.8 62.4 37.5
      vertex 72.8 55.2978 32.2765
      vertex 72.8 55.3743 31.8916
    endloop
  endfacet
  facet normal 1 0 0
    outer loop
      vertex 72.8 62.4 37.5
      vertex 72.8 55.1716 32.648
      vertex 72.8 55.2978 32.2765
    endloop
  endfacet
  facet normal 1 0 0
    outer loop
      vertex 72.8 62.4 37.5
      vertex 72.8 54.9981 33
      vertex 72.8 55.1716 32.648
    endloop
  endfacet
  facet normal 1 0 0
    outer loop
      vertex 72.8 62.4 37.5
      vertex 72.8 54.7801 33.3263
      vertex 72.8 54.9981 33
    endloop
  endfacet
  facet normal 1 0 0
    outer loop
      vertex 72.8 62.4 37.5
      vertex 72.8 54.5213 33.6213
      vertex 72.8 54.7801 33.3263
    endloop
  endfacet
  facet normal 1 0 0
    outer loop
      vertex 72.8 62.4 37.5
      vertex 72.8 54.2263 33.8801
      vertex 72.8 54.5213 33.6213
    endloop
  endfacet
  facet normal 1 0 0
    outer loop
      vertex 72.8 62.4 37.5
      vertex 72.8 53.9 34.0981
      vertex 72.8 54.2263 33.8801
    endloop
  endfacet
  facet normal 1 0 0
    outer loop
      vertex 72.8 62.4 37.5
      vertex 72.8 53.548 34.2716
      vertex 72.8 53.9 34.0981
    endloop
  endfacet
  facet normal 1 0 0
    outer loop
      vertex 72.8 62.4 37.5
      vertex 72.8 53.1765 34.3978
      vertex 72.8 53.548 34.2716
    endloop
  endfacet
  facet normal 1 0 0
    outer loop
      vertex 72.8 62.4 37.5
      vertex 72.8 52.7916 34.4743
      vertex 72.8 53.1765 34.3978
    endloop
  endfacet
  facet normal 1 0 0
    outer loop
      vertex 72.8 62.4 37.5
      vertex 72.8 52.4 34.5
      vertex 72.8 52.7916 34.4743
    endloop
  endfacet
  facet normal 1 0 0
    outer loop
      vertex 72.8 62.4 37.5
      vertex 72.8 52.0084 34.4743
      vertex 72.8 52.4 34.5
    endloop
  endfacet
  facet normal 1 0 0
    outer loop
      vertex 72.8 62.4 37.5
      vertex 72.8 51.6235 34.3978
      vertex 72.8 52.0084 34.4743
    endloop
  endfacet
  facet normal 1 0 0
    outer loop
      vertex 72.8 49.4257 31.8916
      vertex 72.8 2.4 37.5
      vertex 72.8 49.4 31.5
    endloop
  endfacet
  facet normal 1 0 0
    outer loop
      vertex 72.8 49.5022 32.2765
      vertex 72.8 2.4 37.5
      vertex 72.8 49.4257 31.8916
    endloop
  endfacet
  facet normal 1 0 0
    outer loop
      vertex 72.8 49.6284 32.648
      vertex 72.8 2.4 37.5
      vertex 72.8 49.5022 32.2765
    endloop
  endfacet
  facet normal 1 0 0
    outer loop
      vertex 72.8 49.8019 33
      vertex 72.8 2.4 37.5
      vertex 72.8 49.6284 32.648
    endloop
  endfacet
  facet normal 1 0 0
    outer loop
      vertex 72.8 50.0199 33.3263
      vertex 72.8 2.4 37.5
      vertex 72.8 49.8019 33
    endloop
  endfacet
  facet normal 1 0 0
    outer loop
      vertex 72.8 50.2787 33.6213
      vertex 72.8 2.4 37.5
      vertex 72.8 50.0199 33.3263
    endloop
  endfacet
  facet normal 1 0 0
    outer loop
      vertex 72.8 50.5737 33.8801
      vertex 72.8 2.4 37.5
      vertex 72.8 50.2787 33.6213
    endloop
  endfacet
  facet normal 1 0 0
    outer loop
      vertex 72.8 50.9 34.0981
      vertex 72.8 2.4 37.5
      vertex 72.8 50.5737 33.8801
    endloop
  endfacet
  facet normal 1 0 0
    outer loop
      vertex 72.8 51.2519 34.2716
      vertex 72.8 2.4 37.5
      vertex 72.8 50.9 34.0981
    endloop
  endfacet
  facet normal 1 0 0
    outer loop
      vertex 72.8 51.6235 34.3978
      vertex 72.8 2.4 37.5
      vertex 72.8 51.2519 34.2716
    endloop
  endfacet
  facet normal 1 -0 0
    outer loop
      vertex 72.8 2.4 37.5
      vertex 72.8 51.6235 34.3978
      vertex 72.8 62.4 37.5
    endloop
  endfacet
  facet normal 1 0 0
    outer loop
      vertex 72.8 55.2978 30.7235
      vertex 72.8 62.4 37.5
      vertex 72.8 55.3743 31.1084
    endloop
  endfacet
  facet normal 1 0 0
    outer loop
      vertex 72.8 55.1716 30.3519
      vertex 72.8 62.4 37.5
      vertex 72.8 55.2978 30.7235
    endloop
  endfacet
  facet normal 1 0 0
    outer loop
      vertex 72.8 54.9981 30
      vertex 72.8 62.4 37.5
      vertex 72.8 55.1716 30.3519
    endloop
  endfacet
  facet normal 1 0 0
    outer loop
      vertex 72.8 62.4 37.5
      vertex 72.8 54.9981 30
      vertex 72.8 62.4 7.5
    endloop
  endfacet
  facet normal 1 -0 0
    outer loop
      vertex 72.8 54.7801 29.6737
      vertex 72.8 62.4 7.5
      vertex 72.8 54.9981 30
    endloop
  endfacet
  facet normal 1 -0 0
    outer loop
      vertex 72.8 54.5213 29.3787
      vertex 72.8 62.4 7.5
      vertex 72.8 54.7801 29.6737
    endloop
  endfacet
  facet normal 1 -0 0
    outer loop
      vertex 72.8 54.2263 29.1199
      vertex 72.8 62.4 7.5
      vertex 72.8 54.5213 29.3787
    endloop
  endfacet
  facet normal 1 -0 0
    outer loop
      vertex 72.8 53.9 28.9019
      vertex 72.8 62.4 7.5
      vertex 72.8 54.2263 29.1199
    endloop
  endfacet
  facet normal 1 -0 0
    outer loop
      vertex 72.8 53.548 28.7284
      vertex 72.8 62.4 7.5
      vertex 72.8 53.9 28.9019
    endloop
  endfacet
  facet normal 1 -0 0
    outer loop
      vertex 72.8 53.1765 28.6022
      vertex 72.8 62.4 7.5
      vertex 72.8 53.548 28.7284
    endloop
  endfacet
  facet normal 1 -0 0
    outer loop
      vertex 72.8 52.7916 28.5257
      vertex 72.8 62.4 7.5
      vertex 72.8 53.1765 28.6022
    endloop
  endfacet
  facet normal 1 -0 0
    outer loop
      vertex 72.8 52.4 28.5
      vertex 72.8 62.4 7.5
      vertex 72.8 52.7916 28.5257
    endloop
  endfacet
  facet normal 1 0 0
    outer loop
      vertex 72.8 52.0084 28.5257
      vertex 72.8 62.4 7.5
      vertex 72.8 52.4 28.5
    endloop
  endfacet
  facet normal 1 0 0
    outer loop
      vertex 72.8 51.6235 28.6022
      vertex 72.8 62.4 7.5
      vertex 72.8 52.0084 28.5257
    endloop
  endfacet
  facet normal 1 0 0
    outer loop
      vertex 72.8 51.2519 28.7284
      vertex 72.8 62.4 7.5
      vertex 72.8 51.6235 28.6022
    endloop
  endfacet
  facet normal 1 0 0
    outer loop
      vertex 72.8 50.9 28.9019
      vertex 72.8 62.4 7.5
      vertex 72.8 51.2519 28.7284
    endloop
  endfacet
  facet normal 1 0 0
    outer loop
      vertex 72.8 50.5737 29.1199
      vertex 72.8 62.4 7.5
      vertex 72.8 50.9 28.9019
    endloop
  endfacet
  facet normal 1 0 0
    outer loop
      vertex 72.8 2.4 7.5
      vertex 72.8 50.5737 29.1199
      vertex 72.8 50.2787 29.3787
    endloop
  endfacet
  facet normal 1 0 0
    outer loop
      vertex 72.8 2.4 7.5
      vertex 72.8 50.2787 29.3787
      vertex 72.8 50.0199 29.6737
    endloop
  endfacet
  facet normal 1 0 0
    outer loop
      vertex 72.8 2.4 7.5
      vertex 72.8 50.0199 29.6737
      vertex 72.8 49.8019 30
    endloop
  endfacet
  facet normal 1 0 0
    outer loop
      vertex 72.8 2.4 37.5
      vertex 72.8 49.4257 31.1084
      vertex 72.8 49.4 31.5
    endloop
  endfacet
  facet normal 1 0 0
    outer loop
      vertex 72.8 2.4 37.5
      vertex 72.8 49.5022 30.7235
      vertex 72.8 49.4257 31.1084
    endloop
  endfacet
  facet normal 1 0 0
    outer loop
      vertex 72.8 2.4 7.5
      vertex 72.8 49.5022 30.7235
      vertex 72.8 2.4 37.5
    endloop
  endfacet
  facet normal 1 0 0
    outer loop
      vertex 72.8 49.5022 30.7235
      vertex 72.8 2.4 7.5
      vertex 72.8 49.6284 30.3519
    endloop
  endfacet
  facet normal 1 0 0
    outer loop
      vertex 72.8 49.6284 30.3519
      vertex 72.8 2.4 7.5
      vertex 72.8 49.8019 30
    endloop
  endfacet
  facet normal 1 0 0
    outer loop
      vertex 72.8 50.5737 29.1199
      vertex 72.8 2.4 7.5
      vertex 72.8 62.4 7.5
    endloop
  endfacet
  facet normal -1 0 0
    outer loop
      vertex 70.8 54.9981 30
      vertex 70.8 62.4 37.5
      vertex 70.8 62.4 7.5
    endloop
  endfacet
  facet normal -1 0 0
    outer loop
      vertex 70.8 62.4 37.5
      vertex 70.8 55.3743 31.1084
      vertex 70.8 55.4 31.5
    endloop
  endfacet
  facet normal -1 0 0
    outer loop
      vertex 70.8 62.4 37.5
      vertex 70.8 55.2978 30.7235
      vertex 70.8 55.3743 31.1084
    endloop
  endfacet
  facet normal -1 0 0
    outer loop
      vertex 70.8 62.4 37.5
      vertex 70.8 55.1716 30.3519
      vertex 70.8 55.2978 30.7235
    endloop
  endfacet
  facet normal -1 0 0
    outer loop
      vertex 70.8 62.4 37.5
      vertex 70.8 54.9981 30
      vertex 70.8 55.1716 30.3519
    endloop
  endfacet
  facet normal -1 0 0
    outer loop
      vertex 70.8 62.4 7.5
      vertex 70.8 54.7801 29.6737
      vertex 70.8 54.9981 30
    endloop
  endfacet
  facet normal -1 0 0
    outer loop
      vertex 70.8 62.4 7.5
      vertex 70.8 54.5213 29.3787
      vertex 70.8 54.7801 29.6737
    endloop
  endfacet
  facet normal -1 0 0
    outer loop
      vertex 70.8 62.4 7.5
      vertex 70.8 54.2263 29.1199
      vertex 70.8 54.5213 29.3787
    endloop
  endfacet
  facet normal -1 0 0
    outer loop
      vertex 70.8 62.4 7.5
      vertex 70.8 53.9 28.9019
      vertex 70.8 54.2263 29.1199
    endloop
  endfacet
  facet normal -1 0 0
    outer loop
      vertex 70.8 62.4 7.5
      vertex 70.8 53.548 28.7284
      vertex 70.8 53.9 28.9019
    endloop
  endfacet
  facet normal -1 0 0
    outer loop
      vertex 70.8 62.4 7.5
      vertex 70.8 53.1765 28.6022
      vertex 70.8 53.548 28.7284
    endloop
  endfacet
  facet normal -1 0 0
    outer loop
      vertex 70.8 62.4 7.5
      vertex 70.8 52.7916 28.5257
      vertex 70.8 53.1765 28.6022
    endloop
  endfacet
  facet normal -1 0 0
    outer loop
      vertex 70.8 62.4 7.5
      vertex 70.8 52.4 28.5
      vertex 70.8 52.7916 28.5257
    endloop
  endfacet
  facet normal -1 0 0
    outer loop
      vertex 70.8 62.4 7.5
      vertex 70.8 52.0084 28.5257
      vertex 70.8 52.4 28.5
    endloop
  endfacet
  facet normal -1 0 0
    outer loop
      vertex 70.8 62.4 7.5
      vertex 70.8 51.6235 28.6022
      vertex 70.8 52.0084 28.5257
    endloop
  endfacet
  facet normal -1 0 0
    outer loop
      vertex 70.8 62.4 7.5
      vertex 70.8 51.2519 28.7284
      vertex 70.8 51.6235 28.6022
    endloop
  endfacet
  facet normal -1 0 0
    outer loop
      vertex 70.8 62.4 7.5
      vertex 70.8 50.9 28.9019
      vertex 70.8 51.2519 28.7284
    endloop
  endfacet
  facet normal -1 0 0
    outer loop
      vertex 70.8 62.4 7.5
      vertex 70.8 50.5737 29.1199
      vertex 70.8 50.9 28.9019
    endloop
  endfacet
  facet normal -1 0 0
    outer loop
      vertex 70.8 2.4 7.5
      vertex 70.8 50.5737 29.1199
      vertex 70.8 62.4 7.5
    endloop
  endfacet
  facet normal -1 -0 0
    outer loop
      vertex 70.8 50.5737 29.1199
      vertex 70.8 2.4 7.5
      vertex 70.8 50.2787 29.3787
    endloop
  endfacet
  facet normal -1 -0 0
    outer loop
      vertex 70.8 50.2787 29.3787
      vertex 70.8 2.4 7.5
      vertex 70.8 50.0199 29.6737
    endloop
  endfacet
  facet normal -1 0 0
    outer loop
      vertex 70.8 49.5022 30.7235
      vertex 70.8 2.4 37.5
      vertex 70.8 49.4257 31.1084
    endloop
  endfacet
  facet normal -1 0 0
    outer loop
      vertex 70.8 2.4 37.5
      vertex 70.8 49.5022 30.7235
      vertex 70.8 2.4 7.5
    endloop
  endfacet
  facet normal -1 -0 0
    outer loop
      vertex 70.8 49.6284 30.3519
      vertex 70.8 2.4 7.5
      vertex 70.8 49.5022 30.7235
    endloop
  endfacet
  facet normal -1 -0 0
    outer loop
      vertex 70.8 49.8019 30
      vertex 70.8 2.4 7.5
      vertex 70.8 49.6284 30.3519
    endloop
  endfacet
  facet normal -1 -0 0
    outer loop
      vertex 70.8 50.0199 29.6737
      vertex 70.8 2.4 7.5
      vertex 70.8 49.8019 30
    endloop
  endfacet
  facet normal -1 0 0
    outer loop
      vertex 70.8 55.3743 31.8916
      vertex 70.8 62.4 37.5
      vertex 70.8 55.4 31.5
    endloop
  endfacet
  facet normal -1 0 0
    outer loop
      vertex 70.8 55.2978 32.2765
      vertex 70.8 62.4 37.5
      vertex 70.8 55.3743 31.8916
    endloop
  endfacet
  facet normal -1 0 0
    outer loop
      vertex 70.8 55.1716 32.648
      vertex 70.8 62.4 37.5
      vertex 70.8 55.2978 32.2765
    endloop
  endfacet
  facet normal -1 0 0
    outer loop
      vertex 70.8 54.9981 33
      vertex 70.8 62.4 37.5
      vertex 70.8 55.1716 32.648
    endloop
  endfacet
  facet normal -1 0 0
    outer loop
      vertex 70.8 54.7801 33.3263
      vertex 70.8 62.4 37.5
      vertex 70.8 54.9981 33
    endloop
  endfacet
  facet normal -1 0 0
    outer loop
      vertex 70.8 54.5213 33.6213
      vertex 70.8 62.4 37.5
      vertex 70.8 54.7801 33.3263
    endloop
  endfacet
  facet normal -1 0 0
    outer loop
      vertex 70.8 54.2263 33.8801
      vertex 70.8 62.4 37.5
      vertex 70.8 54.5213 33.6213
    endloop
  endfacet
  facet normal -1 0 0
    outer loop
      vertex 70.8 53.9 34.0981
      vertex 70.8 62.4 37.5
      vertex 70.8 54.2263 33.8801
    endloop
  endfacet
  facet normal -1 0 0
    outer loop
      vertex 70.8 53.548 34.2716
      vertex 70.8 62.4 37.5
      vertex 70.8 53.9 34.0981
    endloop
  endfacet
  facet normal -1 0 0
    outer loop
      vertex 70.8 53.1765 34.3978
      vertex 70.8 62.4 37.5
      vertex 70.8 53.548 34.2716
    endloop
  endfacet
  facet normal -1 0 0
    outer loop
      vertex 70.8 52.7916 34.4743
      vertex 70.8 62.4 37.5
      vertex 70.8 53.1765 34.3978
    endloop
  endfacet
  facet normal -1 0 0
    outer loop
      vertex 70.8 52.4 34.5
      vertex 70.8 62.4 37.5
      vertex 70.8 52.7916 34.4743
    endloop
  endfacet
  facet normal -1 0 0
    outer loop
      vertex 70.8 52.0084 34.4743
      vertex 70.8 62.4 37.5
      vertex 70.8 52.4 34.5
    endloop
  endfacet
  facet normal -1 0 0
    outer loop
      vertex 70.8 51.6235 34.3978
      vertex 70.8 62.4 37.5
      vertex 70.8 52.0084 34.4743
    endloop
  endfacet
  facet normal -1 0 0
    outer loop
      vertex 70.8 49.4257 31.1084
      vertex 70.8 2.4 37.5
      vertex 70.8 49.4 31.5
    endloop
  endfacet
  facet normal -1 0 0
    outer loop
      vertex 70.8 49.4 31.5
      vertex 70.8 2.4 37.5
      vertex 70.8 49.4257 31.8916
    endloop
  endfacet
  facet normal -1 0 0
    outer loop
      vertex 70.8 49.4257 31.8916
      vertex 70.8 2.4 37.5
      vertex 70.8 49.5022 32.2765
    endloop
  endfacet
  facet normal -1 0 0
    outer loop
      vertex 70.8 49.5022 32.2765
      vertex 70.8 2.4 37.5
      vertex 70.8 49.6284 32.648
    endloop
  endfacet
  facet normal -1 0 0
    outer loop
      vertex 70.8 49.6284 32.648
      vertex 70.8 2.4 37.5
      vertex 70.8 49.8019 33
    endloop
  endfacet
  facet normal -1 0 0
    outer loop
      vertex 70.8 49.8019 33
      vertex 70.8 2.4 37.5
      vertex 70.8 50.0199 33.3263
    endloop
  endfacet
  facet normal -1 0 0
    outer loop
      vertex 70.8 50.0199 33.3263
      vertex 70.8 2.4 37.5
      vertex 70.8 50.2787 33.6213
    endloop
  endfacet
  facet normal -1 0 0
    outer loop
      vertex 70.8 50.2787 33.6213
      vertex 70.8 2.4 37.5
      vertex 70.8 50.5737 33.8801
    endloop
  endfacet
  facet normal -1 0 0
    outer loop
      vertex 70.8 51.6235 34.3978
      vertex 70.8 2.4 37.5
      vertex 70.8 62.4 37.5
    endloop
  endfacet
  facet normal -1 0 0
    outer loop
      vertex 70.8 51.2519 34.2716
      vertex 70.8 2.4 37.5
      vertex 70.8 51.6235 34.3978
    endloop
  endfacet
  facet normal -1 0 0
    outer loop
      vertex 70.8 50.9 34.0981
      vertex 70.8 2.4 37.5
      vertex 70.8 51.2519 34.2716
    endloop
  endfacet
  facet normal -1 0 0
    outer loop
      vertex 70.8 50.5737 33.8801
      vertex 70.8 2.4 37.5
      vertex 70.8 50.9 34.0981
    endloop
  endfacet
  facet normal 0 0.442211 -0.896911
    outer loop
      vertex 70.8 50.9 34.0981
      vertex 72.8 51.2519 34.2716
      vertex 72.8 50.9 34.0981
    endloop
  endfacet
  facet normal 0 0.442211 -0.896911
    outer loop
      vertex 72.8 51.2519 34.2716
      vertex 70.8 50.9 34.0981
      vertex 70.8 51.2519 34.2716
    endloop
  endfacet
  facet normal 0 -0.321651 0.946858
    outer loop
      vertex 70.8 53.548 28.7284
      vertex 72.8 53.1765 28.6022
      vertex 72.8 53.548 28.7284
    endloop
  endfacet
  facet normal 0 -0.321651 0.946858
    outer loop
      vertex 72.8 53.1765 28.6022
      vertex 70.8 53.548 28.7284
      vertex 70.8 53.1765 28.6022
    endloop
  endfacet
  facet normal 0 0.321574 -0.946885
    outer loop
      vertex 70.8 51.2519 34.2716
      vertex 72.8 51.6235 34.3978
      vertex 72.8 51.2519 34.2716
    endloop
  endfacet
  facet normal 0 0.321574 -0.946885
    outer loop
      vertex 72.8 51.6235 34.3978
      vertex 70.8 51.2519 34.2716
      vertex 70.8 51.6235 34.3978
    endloop
  endfacet
  facet normal 0 -0.659478 0.751724
    outer loop
      vertex 70.8 54.5213 29.3787
      vertex 72.8 54.2263 29.1199
      vertex 72.8 54.5213 29.3787
    endloop
  endfacet
  facet normal 0 -0.659478 0.751724
    outer loop
      vertex 72.8 54.2263 29.1199
      vertex 70.8 54.5213 29.3787
      vertex 70.8 54.2263 29.1199
    endloop
  endfacet
  facet normal 0 -0.321651 -0.946858
    outer loop
      vertex 70.8 53.1765 34.3978
      vertex 72.8 53.548 34.2716
      vertex 72.8 53.1765 34.3978
    endloop
  endfacet
  facet normal -0 -0.321651 -0.946858
    outer loop
      vertex 72.8 53.548 34.2716
      vertex 70.8 53.1765 34.3978
      vertex 70.8 53.548 34.2716
    endloop
  endfacet
  facet normal -0 0.442211 0.896911
    outer loop
      vertex 70.8 51.2519 28.7284
      vertex 72.8 50.9 28.9019
      vertex 72.8 51.2519 28.7284
    endloop
  endfacet
  facet normal 0 0.442211 0.896911
    outer loop
      vertex 72.8 50.9 28.9019
      vertex 70.8 51.2519 28.7284
      vertex 70.8 50.9 28.9019
    endloop
  endfacet
  facet normal -0 0.0654873 0.997853
    outer loop
      vertex 70.8 52.4 28.5
      vertex 72.8 52.0084 28.5257
      vertex 72.8 52.4 28.5
    endloop
  endfacet
  facet normal 0 0.0654873 0.997853
    outer loop
      vertex 72.8 52.0084 28.5257
      vertex 70.8 52.4 28.5
      vertex 70.8 52.0084 28.5257
    endloop
  endfacet
  facet normal 0 0.751724 0.659478
    outer loop
      vertex 72.8 50.2787 29.3787
      vertex 70.8 50.0199 29.6737
      vertex 72.8 50.0199 29.6737
    endloop
  endfacet
  facet normal 0 0.751724 0.659478
    outer loop
      vertex 70.8 50.0199 29.6737
      vertex 72.8 50.2787 29.3787
      vertex 70.8 50.2787 29.3787
    endloop
  endfacet
  facet normal 0 -0.44211 0.896961
    outer loop
      vertex 70.8 53.9 28.9019
      vertex 72.8 53.548 28.7284
      vertex 72.8 53.9 28.9019
    endloop
  endfacet
  facet normal 0 -0.44211 0.896961
    outer loop
      vertex 72.8 53.548 28.7284
      vertex 70.8 53.9 28.9019
      vertex 70.8 53.548 28.7284
    endloop
  endfacet
  facet normal 0 -0.980815 -0.19494
    outer loop
      vertex 70.8 55.3743 31.8916
      vertex 72.8 55.2978 32.2765
      vertex 70.8 55.2978 32.2765
    endloop
  endfacet
  facet normal 0 -0.980815 -0.19494
    outer loop
      vertex 72.8 55.2978 32.2765
      vertex 70.8 55.3743 31.8916
      vertex 72.8 55.3743 31.8916
    endloop
  endfacet
  facet normal 0 -0.0654873 0.997853
    outer loop
      vertex 70.8 52.7916 28.5257
      vertex 72.8 52.4 28.5
      vertex 72.8 52.7916 28.5257
    endloop
  endfacet
  facet normal 0 -0.0654873 0.997853
    outer loop
      vertex 72.8 52.4 28.5
      vertex 70.8 52.7916 28.5257
      vertex 70.8 52.4 28.5
    endloop
  endfacet
  facet normal 0 0.751724 -0.659478
    outer loop
      vertex 72.8 50.0199 33.3263
      vertex 70.8 50.2787 33.6213
      vertex 72.8 50.2787 33.6213
    endloop
  endfacet
  facet normal 0 0.751724 -0.659478
    outer loop
      vertex 70.8 50.2787 33.6213
      vertex 72.8 50.0199 33.3263
      vertex 70.8 50.0199 33.3263
    endloop
  endfacet
  facet normal 0 -0.19494 -0.980815
    outer loop
      vertex 70.8 52.7916 34.4743
      vertex 72.8 53.1765 34.3978
      vertex 72.8 52.7916 34.4743
    endloop
  endfacet
  facet normal -0 -0.19494 -0.980815
    outer loop
      vertex 72.8 53.1765 34.3978
      vertex 70.8 52.7916 34.4743
      vertex 70.8 53.1765 34.3978
    endloop
  endfacet
  facet normal 0 -0.555523 -0.831501
    outer loop
      vertex 70.8 53.9 34.0981
      vertex 72.8 54.2263 33.8801
      vertex 72.8 53.9 34.0981
    endloop
  endfacet
  facet normal -0 -0.555523 -0.831501
    outer loop
      vertex 72.8 54.2263 33.8801
      vertex 70.8 53.9 34.0981
      vertex 70.8 54.2263 33.8801
    endloop
  endfacet
  facet normal 0 0.997853 -0.0654873
    outer loop
      vertex 72.8 49.4 31.5
      vertex 70.8 49.4257 31.8916
      vertex 72.8 49.4257 31.8916
    endloop
  endfacet
  facet normal 0 0.997853 -0.0654873
    outer loop
      vertex 70.8 49.4257 31.8916
      vertex 72.8 49.4 31.5
      vertex 70.8 49.4 31.5
    endloop
  endfacet
  facet normal 0 0.659478 -0.751724
    outer loop
      vertex 70.8 50.2787 33.6213
      vertex 72.8 50.5737 33.8801
      vertex 72.8 50.2787 33.6213
    endloop
  endfacet
  facet normal 0 0.659478 -0.751724
    outer loop
      vertex 72.8 50.5737 33.8801
      vertex 70.8 50.2787 33.6213
      vertex 70.8 50.5737 33.8801
    endloop
  endfacet
  facet normal 0 -0.555523 0.831501
    outer loop
      vertex 70.8 54.2263 29.1199
      vertex 72.8 53.9 28.9019
      vertex 72.8 54.2263 29.1199
    endloop
  endfacet
  facet normal 0 -0.555523 0.831501
    outer loop
      vertex 72.8 53.9 28.9019
      vertex 70.8 54.2263 29.1199
      vertex 70.8 53.9 28.9019
    endloop
  endfacet
  facet normal 0 -0.946885 0.321574
    outer loop
      vertex 70.8 55.1716 30.3519
      vertex 72.8 55.2978 30.7235
      vertex 70.8 55.2978 30.7235
    endloop
  endfacet
  facet normal 0 -0.946885 0.321574
    outer loop
      vertex 72.8 55.2978 30.7235
      vertex 70.8 55.1716 30.3519
      vertex 72.8 55.1716 30.3519
    endloop
  endfacet
  facet normal 0 -0.44211 -0.896961
    outer loop
      vertex 70.8 53.548 34.2716
      vertex 72.8 53.9 34.0981
      vertex 72.8 53.548 34.2716
    endloop
  endfacet
  facet normal -0 -0.44211 -0.896961
    outer loop
      vertex 72.8 53.9 34.0981
      vertex 70.8 53.548 34.2716
      vertex 70.8 53.9 34.0981
    endloop
  endfacet
  facet normal 0 0.555523 -0.831501
    outer loop
      vertex 70.8 50.5737 33.8801
      vertex 72.8 50.9 34.0981
      vertex 72.8 50.5737 33.8801
    endloop
  endfacet
  facet normal 0 0.555523 -0.831501
    outer loop
      vertex 72.8 50.9 34.0981
      vertex 70.8 50.5737 33.8801
      vertex 70.8 50.9 34.0981
    endloop
  endfacet
  facet normal 0 0.896911 0.442211
    outer loop
      vertex 72.8 49.8019 30
      vertex 70.8 49.6284 30.3519
      vertex 72.8 49.6284 30.3519
    endloop
  endfacet
  facet normal 0 0.896911 0.442211
    outer loop
      vertex 70.8 49.6284 30.3519
      vertex 72.8 49.8019 30
      vertex 70.8 49.8019 30
    endloop
  endfacet
  facet normal 0 -0.946858 -0.321651
    outer loop
      vertex 70.8 55.2978 32.2765
      vertex 72.8 55.1716 32.648
      vertex 70.8 55.1716 32.648
    endloop
  endfacet
  facet normal 0 -0.946858 -0.321651
    outer loop
      vertex 72.8 55.1716 32.648
      vertex 70.8 55.2978 32.2765
      vertex 72.8 55.2978 32.2765
    endloop
  endfacet
  facet normal 0 -0.751724 -0.659478
    outer loop
      vertex 70.8 54.7801 33.3263
      vertex 72.8 54.5213 33.6213
      vertex 70.8 54.5213 33.6213
    endloop
  endfacet
  facet normal 0 -0.751724 -0.659478
    outer loop
      vertex 72.8 54.5213 33.6213
      vertex 70.8 54.7801 33.3263
      vertex 72.8 54.7801 33.3263
    endloop
  endfacet
  facet normal 0 -0.831501 0.555523
    outer loop
      vertex 70.8 54.7801 29.6737
      vertex 72.8 54.9981 30
      vertex 70.8 54.9981 30
    endloop
  endfacet
  facet normal 0 -0.831501 0.555523
    outer loop
      vertex 72.8 54.9981 30
      vertex 70.8 54.7801 29.6737
      vertex 72.8 54.7801 29.6737
    endloop
  endfacet
  facet normal 0 0.831501 0.555523
    outer loop
      vertex 72.8 50.0199 29.6737
      vertex 70.8 49.8019 30
      vertex 72.8 49.8019 30
    endloop
  endfacet
  facet normal 0 0.831501 0.555523
    outer loop
      vertex 70.8 49.8019 30
      vertex 72.8 50.0199 29.6737
      vertex 70.8 50.0199 29.6737
    endloop
  endfacet
  facet normal 0 0.980815 0.19494
    outer loop
      vertex 72.8 49.5022 30.7235
      vertex 70.8 49.4257 31.1084
      vertex 72.8 49.4257 31.1084
    endloop
  endfacet
  facet normal 0 0.980815 0.19494
    outer loop
      vertex 70.8 49.4257 31.1084
      vertex 72.8 49.5022 30.7235
      vertex 70.8 49.5022 30.7235
    endloop
  endfacet
  facet normal 0 0.980815 -0.19494
    outer loop
      vertex 72.8 49.4257 31.8916
      vertex 70.8 49.5022 32.2765
      vertex 72.8 49.5022 32.2765
    endloop
  endfacet
  facet normal 0 0.980815 -0.19494
    outer loop
      vertex 70.8 49.5022 32.2765
      vertex 72.8 49.4257 31.8916
      vertex 70.8 49.4257 31.8916
    endloop
  endfacet
  facet normal 0 -0.0654873 -0.997853
    outer loop
      vertex 70.8 52.4 34.5
      vertex 72.8 52.7916 34.4743
      vertex 72.8 52.4 34.5
    endloop
  endfacet
  facet normal -0 -0.0654873 -0.997853
    outer loop
      vertex 72.8 52.7916 34.4743
      vertex 70.8 52.4 34.5
      vertex 70.8 52.7916 34.4743
    endloop
  endfacet
  facet normal 0 -0.896961 -0.44211
    outer loop
      vertex 70.8 55.1716 32.648
      vertex 72.8 54.9981 33
      vertex 70.8 54.9981 33
    endloop
  endfacet
  facet normal 0 -0.896961 -0.44211
    outer loop
      vertex 72.8 54.9981 33
      vertex 70.8 55.1716 32.648
      vertex 72.8 55.1716 32.648
    endloop
  endfacet
  facet normal -0 0.19494 0.980815
    outer loop
      vertex 70.8 52.0084 28.5257
      vertex 72.8 51.6235 28.6022
      vertex 72.8 52.0084 28.5257
    endloop
  endfacet
  facet normal 0 0.19494 0.980815
    outer loop
      vertex 72.8 51.6235 28.6022
      vertex 70.8 52.0084 28.5257
      vertex 70.8 51.6235 28.6022
    endloop
  endfacet
  facet normal 0 -0.751724 0.659478
    outer loop
      vertex 70.8 54.5213 29.3787
      vertex 72.8 54.7801 29.6737
      vertex 70.8 54.7801 29.6737
    endloop
  endfacet
  facet normal 0 -0.751724 0.659478
    outer loop
      vertex 72.8 54.7801 29.6737
      vertex 70.8 54.5213 29.3787
      vertex 72.8 54.5213 29.3787
    endloop
  endfacet
  facet normal -0 0.555523 0.831501
    outer loop
      vertex 70.8 50.9 28.9019
      vertex 72.8 50.5737 29.1199
      vertex 72.8 50.9 28.9019
    endloop
  endfacet
  facet normal 0 0.555523 0.831501
    outer loop
      vertex 72.8 50.5737 29.1199
      vertex 70.8 50.9 28.9019
      vertex 70.8 50.5737 29.1199
    endloop
  endfacet
  facet normal 0 -0.997853 0.0654873
    outer loop
      vertex 70.8 55.3743 31.1084
      vertex 72.8 55.4 31.5
      vertex 70.8 55.4 31.5
    endloop
  endfacet
  facet normal 0 -0.997853 0.0654873
    outer loop
      vertex 72.8 55.4 31.5
      vertex 70.8 55.3743 31.1084
      vertex 72.8 55.3743 31.1084
    endloop
  endfacet
  facet normal 0 -0.19494 0.980815
    outer loop
      vertex 70.8 53.1765 28.6022
      vertex 72.8 52.7916 28.5257
      vertex 72.8 53.1765 28.6022
    endloop
  endfacet
  facet normal 0 -0.19494 0.980815
    outer loop
      vertex 72.8 52.7916 28.5257
      vertex 70.8 53.1765 28.6022
      vertex 70.8 52.7916 28.5257
    endloop
  endfacet
  facet normal -0 0.659478 0.751724
    outer loop
      vertex 70.8 50.5737 29.1199
      vertex 72.8 50.2787 29.3787
      vertex 72.8 50.5737 29.1199
    endloop
  endfacet
  facet normal 0 0.659478 0.751724
    outer loop
      vertex 72.8 50.2787 29.3787
      vertex 70.8 50.5737 29.1199
      vertex 70.8 50.2787 29.3787
    endloop
  endfacet
  facet normal 0 -0.980815 0.19494
    outer loop
      vertex 70.8 55.2978 30.7235
      vertex 72.8 55.3743 31.1084
      vertex 70.8 55.3743 31.1084
    endloop
  endfacet
  facet normal 0 -0.980815 0.19494
    outer loop
      vertex 72.8 55.3743 31.1084
      vertex 70.8 55.2978 30.7235
      vertex 72.8 55.2978 30.7235
    endloop
  endfacet
  facet normal 0 0.946885 0.321574
    outer loop
      vertex 72.8 49.6284 30.3519
      vertex 70.8 49.5022 30.7235
      vertex 72.8 49.5022 30.7235
    endloop
  endfacet
  facet normal 0 0.946885 0.321574
    outer loop
      vertex 70.8 49.5022 30.7235
      vertex 72.8 49.6284 30.3519
      vertex 70.8 49.6284 30.3519
    endloop
  endfacet
  facet normal 0 -0.831501 -0.555523
    outer loop
      vertex 70.8 54.9981 33
      vertex 72.8 54.7801 33.3263
      vertex 70.8 54.7801 33.3263
    endloop
  endfacet
  facet normal 0 -0.831501 -0.555523
    outer loop
      vertex 72.8 54.7801 33.3263
      vertex 70.8 54.9981 33
      vertex 72.8 54.9981 33
    endloop
  endfacet
  facet normal 0 0.946858 -0.321651
    outer loop
      vertex 72.8 49.5022 32.2765
      vertex 70.8 49.6284 32.648
      vertex 72.8 49.6284 32.648
    endloop
  endfacet
  facet normal 0 0.946858 -0.321651
    outer loop
      vertex 70.8 49.6284 32.648
      vertex 72.8 49.5022 32.2765
      vertex 70.8 49.5022 32.2765
    endloop
  endfacet
  facet normal 0 -0.997853 -0.0654873
    outer loop
      vertex 70.8 55.4 31.5
      vertex 72.8 55.3743 31.8916
      vertex 70.8 55.3743 31.8916
    endloop
  endfacet
  facet normal 0 -0.997853 -0.0654873
    outer loop
      vertex 72.8 55.3743 31.8916
      vertex 70.8 55.4 31.5
      vertex 72.8 55.4 31.5
    endloop
  endfacet
  facet normal 0 0.831501 -0.555523
    outer loop
      vertex 72.8 49.8019 33
      vertex 70.8 50.0199 33.3263
      vertex 72.8 50.0199 33.3263
    endloop
  endfacet
  facet normal 0 0.831501 -0.555523
    outer loop
      vertex 70.8 50.0199 33.3263
      vertex 72.8 49.8019 33
      vertex 70.8 49.8019 33
    endloop
  endfacet
  facet normal 0 -0.896911 0.442211
    outer loop
      vertex 70.8 54.9981 30
      vertex 72.8 55.1716 30.3519
      vertex 70.8 55.1716 30.3519
    endloop
  endfacet
  facet normal 0 -0.896911 0.442211
    outer loop
      vertex 72.8 55.1716 30.3519
      vertex 70.8 54.9981 30
      vertex 72.8 54.9981 30
    endloop
  endfacet
  facet normal 0 0.997853 0.0654873
    outer loop
      vertex 72.8 49.4257 31.1084
      vertex 70.8 49.4 31.5
      vertex 72.8 49.4 31.5
    endloop
  endfacet
  facet normal 0 0.997853 0.0654873
    outer loop
      vertex 70.8 49.4 31.5
      vertex 72.8 49.4257 31.1084
      vertex 70.8 49.4257 31.1084
    endloop
  endfacet
  facet normal 0 0.896961 -0.44211
    outer loop
      vertex 72.8 49.6284 32.648
      vertex 70.8 49.8019 33
      vertex 72.8 49.8019 33
    endloop
  endfacet
  facet normal 0 0.896961 -0.44211
    outer loop
      vertex 70.8 49.8019 33
      vertex 72.8 49.6284 32.648
      vertex 70.8 49.6284 32.648
    endloop
  endfacet
  facet normal 0 0.19494 -0.980815
    outer loop
      vertex 70.8 51.6235 34.3978
      vertex 72.8 52.0084 34.4743
      vertex 72.8 51.6235 34.3978
    endloop
  endfacet
  facet normal 0 0.19494 -0.980815
    outer loop
      vertex 72.8 52.0084 34.4743
      vertex 70.8 51.6235 34.3978
      vertex 70.8 52.0084 34.4743
    endloop
  endfacet
  facet normal 0 0.0654873 -0.997853
    outer loop
      vertex 70.8 52.0084 34.4743
      vertex 72.8 52.4 34.5
      vertex 72.8 52.0084 34.4743
    endloop
  endfacet
  facet normal 0 0.0654873 -0.997853
    outer loop
      vertex 72.8 52.4 34.5
      vertex 70.8 52.0084 34.4743
      vertex 70.8 52.4 34.5
    endloop
  endfacet
  facet normal -0 0.321574 0.946885
    outer loop
      vertex 70.8 51.6235 28.6022
      vertex 72.8 51.2519 28.7284
      vertex 72.8 51.6235 28.6022
    endloop
  endfacet
  facet normal 0 0.321574 0.946885
    outer loop
      vertex 72.8 51.2519 28.7284
      vertex 70.8 51.6235 28.6022
      vertex 70.8 51.2519 28.7284
    endloop
  endfacet
  facet normal 0 -0.659478 -0.751724
    outer loop
      vertex 70.8 54.2263 33.8801
      vertex 72.8 54.5213 33.6213
      vertex 72.8 54.2263 33.8801
    endloop
  endfacet
  facet normal -0 -0.659478 -0.751724
    outer loop
      vertex 72.8 54.5213 33.6213
      vertex 70.8 54.2263 33.8801
      vertex 70.8 54.5213 33.6213
    endloop
  endfacet
  facet normal 1 -0 0
    outer loop
      vertex 68.8 6.2 15.49
      vertex 68.8 58.6 7.5
      vertex 68.8 58.6 15.49
    endloop
  endfacet
  facet normal 1 0 0
    outer loop
      vertex 68.8 58.6 7.5
      vertex 68.8 6.2 15.49
      vertex 68.8 6.2 7.5
    endloop
  endfacet
  facet normal 0 0 1
    outer loop
      vertex 68.8 58.6 15.49
      vertex 67.2 57 15.49
      vertex 68.8 6.2 15.49
    endloop
  endfacet
  facet normal 0 0 1
    outer loop
      vertex 68.8 58.6 15.49
      vertex 18 57 15.49
      vertex 67.2 57 15.49
    endloop
  endfacet
  facet normal 0 0 1
    outer loop
      vertex 18 57 15.49
      vertex 16.4 58.6 15.49
      vertex 18 7.8 15.49
    endloop
  endfacet
  facet normal -0 0 1
    outer loop
      vertex 16.4 58.6 15.49
      vertex 18 57 15.49
      vertex 68.8 58.6 15.49
    endloop
  endfacet
  facet normal -0 0 1
    outer loop
      vertex 67.2 7.8 15.49
      vertex 68.8 6.2 15.49
      vertex 67.2 57 15.49
    endloop
  endfacet
  facet normal -0 0 1
    outer loop
      vertex 18 7.8 15.49
      vertex 68.8 6.2 15.49
      vertex 67.2 7.8 15.49
    endloop
  endfacet
  facet normal 0 0 1
    outer loop
      vertex 18 7.8 15.49
      vertex 16.4 6.2 15.49
      vertex 68.8 6.2 15.49
    endloop
  endfacet
  facet normal 0 0 1
    outer loop
      vertex 16.4 6.2 15.49
      vertex 18 7.8 15.49
      vertex 16.4 58.6 15.49
    endloop
  endfacet
  facet normal -1 0 0
    outer loop
      vertex 16.4 6.2 7.5
      vertex 16.4 58.6 15.49
      vertex 16.4 58.6 7.5
    endloop
  endfacet
  facet normal -1 -0 0
    outer loop
      vertex 16.4 58.6 15.49
      vertex 16.4 6.2 7.5
      vertex 16.4 6.2 15.49
    endloop
  endfacet
  facet normal 0 1 -0
    outer loop
      vertex 68.8 58.6 7.5
      vertex 16.4 58.6 15.49
      vertex 68.8 58.6 15.49
    endloop
  endfacet
  facet normal 0 1 0
    outer loop
      vertex 16.4 58.6 15.49
      vertex 68.8 58.6 7.5
      vertex 16.4 58.6 7.5
    endloop
  endfacet
  facet normal 0 -1 0
    outer loop
      vertex 16.4 6.2 7.5
      vertex 68.8 6.2 15.49
      vertex 16.4 6.2 15.49
    endloop
  endfacet
  facet normal 0 -1 -0
    outer loop
      vertex 68.8 6.2 15.49
      vertex 16.4 6.2 7.5
      vertex 68.8 6.2 7.5
    endloop
  endfacet
  facet normal -1 0 0
    outer loop
      vertex 67.2 7.8 7.5
      vertex 67.2 57 15.49
      vertex 67.2 57 7.5
    endloop
  endfacet
  facet normal -1 -0 0
    outer loop
      vertex 67.2 57 15.49
      vertex 67.2 7.8 7.5
      vertex 67.2 7.8 15.49
    endloop
  endfacet
  facet normal 1 -0 0
    outer loop
      vertex 18 7.8 15.49
      vertex 18 57 7.5
      vertex 18 57 15.49
    endloop
  endfacet
  facet normal 1 0 0
    outer loop
      vertex 18 57 7.5
      vertex 18 7.8 15.49
      vertex 18 7.8 7.5
    endloop
  endfacet
  facet normal 0 -1 0
    outer loop
      vertex 18 57 7.5
      vertex 67.2 57 15.49
      vertex 18 57 15.49
    endloop
  endfacet
  facet normal 0 -1 -0
    outer loop
      vertex 67.2 57 15.49
      vertex 18 57 7.5
      vertex 67.2 57 7.5
    endloop
  endfacet
  facet normal 0 1 -0
    outer loop
      vertex 67.2 7.8 7.5
      vertex 18 7.8 15.49
      vertex 67.2 7.8 15.49
    endloop
  endfacet
  facet normal 0 1 0
    outer loop
      vertex 18 7.8 15.49
      vertex 67.2 7.8 7.5
      vertex 18 7.8 7.5
    endloop
  endfacet
  facet normal 0.980784 0.195095 0
    outer loop
      vertex 9.37006 6.35684 37.5
      vertex 9.28074 6.80587 7.5
      vertex 9.28074 6.80587 37.5
    endloop
  endfacet
  facet normal 0.980784 0.195095 0
    outer loop
      vertex 9.28074 6.80587 7.5
      vertex 9.37006 6.35684 37.5
      vertex 9.37006 6.35684 7.5
    endloop
  endfacet
  facet normal 0.997859 0.0653969 0
    outer loop
      vertex 9.4 5.9 37.5
      vertex 9.37006 6.35684 7.5
      vertex 9.37006 6.35684 37.5
    endloop
  endfacet
  facet normal 0.997859 0.0653969 0
    outer loop
      vertex 9.37006 6.35684 7.5
      vertex 9.4 5.9 37.5
      vertex 9.4 5.9 7.5
    endloop
  endfacet
  facet normal 0.321439 -0.94693 0
    outer loop
      vertex 6.80587 2.51926 7.5
      vertex 7.23939 2.66642 37.5
      vertex 6.80587 2.51926 37.5
    endloop
  endfacet
  facet normal 0.321439 -0.94693 0
    outer loop
      vertex 7.23939 2.66642 37.5
      vertex 6.80587 2.51926 7.5
      vertex 7.23939 2.66642 7.5
    endloop
  endfacet
  facet normal 0.831468 0.555572 0
    outer loop
      vertex 8.93109 7.65 37.5
      vertex 8.67674 8.03066 7.5
      vertex 8.67674 8.03066 37.5
    endloop
  endfacet
  facet normal 0.831468 0.555572 0
    outer loop
      vertex 8.67674 8.03066 7.5
      vertex 8.93109 7.65 37.5
      vertex 8.93109 7.65 7.5
    endloop
  endfacet
  facet normal -0.896873 0.442288 0
    outer loop
      vertex 2.66642 7.23939 7.5
      vertex 2.86891 7.65 37.5
      vertex 2.86891 7.65 7.5
    endloop
  endfacet
  facet normal -0.896873 0.442288 0
    outer loop
      vertex 2.86891 7.65 37.5
      vertex 2.66642 7.23939 7.5
      vertex 2.66642 7.23939 37.5
    endloop
  endfacet
  facet normal -0.555572 0.831468 0
    outer loop
      vertex 4.15 8.93109 7.5
      vertex 3.76934 8.67674 37.5
      vertex 4.15 8.93109 37.5
    endloop
  endfacet
  facet normal -0.555572 0.831468 0
    outer loop
      vertex 3.76934 8.67674 37.5
      vertex 4.15 8.93109 7.5
      vertex 3.76934 8.67674 7.5
    endloop
  endfacet
  facet normal -0.659353 0.751833 0
    outer loop
      vertex 3.76934 8.67674 7.5
      vertex 3.42513 8.37487 37.5
      vertex 3.76934 8.67674 37.5
    endloop
  endfacet
  facet normal -0.659353 0.751833 0
    outer loop
      vertex 3.42513 8.37487 37.5
      vertex 3.76934 8.67674 7.5
      vertex 3.42513 8.37487 7.5
    endloop
  endfacet
  facet normal -0.751833 0.659353 0
    outer loop
      vertex 3.12326 8.03066 7.5
      vertex 3.42513 8.37487 37.5
      vertex 3.42513 8.37487 7.5
    endloop
  endfacet
  facet normal -0.751833 0.659353 0
    outer loop
      vertex 3.42513 8.37487 37.5
      vertex 3.12326 8.03066 7.5
      vertex 3.12326 8.03066 37.5
    endloop
  endfacet
  facet normal 0.94693 -0.321439 0
    outer loop
      vertex 9.13358 4.56061 37.5
      vertex 9.28074 4.99413 7.5
      vertex 9.28074 4.99413 37.5
    endloop
  endfacet
  facet normal 0.94693 -0.321439 0
    outer loop
      vertex 9.28074 4.99413 7.5
      vertex 9.13358 4.56061 37.5
      vertex 9.13358 4.56061 7.5
    endloop
  endfacet
  facet normal -0.997859 0.0653969 0
    outer loop
      vertex 2.4 5.9 7.5
      vertex 2.42994 6.35684 37.5
      vertex 2.42994 6.35684 7.5
    endloop
  endfacet
  facet normal -0.997859 0.0653969 0
    outer loop
      vertex 2.42994 6.35684 37.5
      vertex 2.4 5.9 7.5
      vertex 2.4 5.9 37.5
    endloop
  endfacet
  facet normal 0.555572 0.831468 -0
    outer loop
      vertex 8.03066 8.67674 7.5
      vertex 7.65 8.93109 37.5
      vertex 8.03066 8.67674 37.5
    endloop
  endfacet
  facet normal 0.555572 0.831468 0
    outer loop
      vertex 7.65 8.93109 37.5
      vertex 8.03066 8.67674 7.5
      vertex 7.65 8.93109 7.5
    endloop
  endfacet
  facet normal 0.195095 -0.980784 0
    outer loop
      vertex 6.35684 2.42994 7.5
      vertex 6.80587 2.51926 37.5
      vertex 6.35684 2.42994 37.5
    endloop
  endfacet
  facet normal 0.195095 -0.980784 0
    outer loop
      vertex 6.80587 2.51926 37.5
      vertex 6.35684 2.42994 7.5
      vertex 6.80587 2.51926 7.5
    endloop
  endfacet
  facet normal -0.321439 0.94693 0
    outer loop
      vertex 4.99413 9.28074 7.5
      vertex 4.56061 9.13358 37.5
      vertex 4.99413 9.28074 37.5
    endloop
  endfacet
  facet normal -0.321439 0.94693 0
    outer loop
      vertex 4.56061 9.13358 37.5
      vertex 4.99413 9.28074 7.5
      vertex 4.56061 9.13358 7.5
    endloop
  endfacet
  facet normal 0.555572 -0.831468 0
    outer loop
      vertex 7.65 2.86891 7.5
      vertex 8.03066 3.12326 37.5
      vertex 7.65 2.86891 37.5
    endloop
  endfacet
  facet normal 0.555572 -0.831468 0
    outer loop
      vertex 8.03066 3.12326 37.5
      vertex 7.65 2.86891 7.5
      vertex 8.03066 3.12326 7.5
    endloop
  endfacet
  facet normal -0.94693 0.321439 0
    outer loop
      vertex 2.51926 6.80587 7.5
      vertex 2.66642 7.23939 37.5
      vertex 2.66642 7.23939 7.5
    endloop
  endfacet
  facet normal -0.94693 0.321439 0
    outer loop
      vertex 2.66642 7.23939 37.5
      vertex 2.51926 6.80587 7.5
      vertex 2.51926 6.80587 37.5
    endloop
  endfacet
  facet normal 0.321439 0.94693 -0
    outer loop
      vertex 7.23939 9.13358 7.5
      vertex 6.80587 9.28074 37.5
      vertex 7.23939 9.13358 37.5
    endloop
  endfacet
  facet normal 0.321439 0.94693 0
    outer loop
      vertex 6.80587 9.28074 37.5
      vertex 7.23939 9.13358 7.5
      vertex 6.80587 9.28074 7.5
    endloop
  endfacet
  facet normal 0.0653969 0.997859 -0
    outer loop
      vertex 6.35684 9.37006 7.5
      vertex 5.9 9.4 37.5
      vertex 6.35684 9.37006 37.5
    endloop
  endfacet
  facet normal 0.0653969 0.997859 0
    outer loop
      vertex 5.9 9.4 37.5
      vertex 6.35684 9.37006 7.5
      vertex 5.9 9.4 7.5
    endloop
  endfacet
  facet normal -0.442288 0.896873 0
    outer loop
      vertex 4.56061 9.13358 7.5
      vertex 4.15 8.93109 37.5
      vertex 4.56061 9.13358 37.5
    endloop
  endfacet
  facet normal -0.442288 0.896873 0
    outer loop
      vertex 4.15 8.93109 37.5
      vertex 4.56061 9.13358 7.5
      vertex 4.15 8.93109 7.5
    endloop
  endfacet
  facet normal 0.831468 -0.555572 0
    outer loop
      vertex 8.67674 3.76934 37.5
      vertex 8.93109 4.15 7.5
      vertex 8.93109 4.15 37.5
    endloop
  endfacet
  facet normal 0.831468 -0.555572 0
    outer loop
      vertex 8.93109 4.15 7.5
      vertex 8.67674 3.76934 37.5
      vertex 8.67674 3.76934 7.5
    endloop
  endfacet
  facet normal 0.442288 0.896873 -0
    outer loop
      vertex 7.65 8.93109 7.5
      vertex 7.23939 9.13358 37.5
      vertex 7.65 8.93109 37.5
    endloop
  endfacet
  facet normal 0.442288 0.896873 0
    outer loop
      vertex 7.23939 9.13358 37.5
      vertex 7.65 8.93109 7.5
      vertex 7.23939 9.13358 7.5
    endloop
  endfacet
  facet normal -0.195095 0.980784 0
    outer loop
      vertex 5.44316 9.37006 7.5
      vertex 4.99413 9.28074 37.5
      vertex 5.44316 9.37006 37.5
    endloop
  endfacet
  facet normal -0.195095 0.980784 0
    outer loop
      vertex 4.99413 9.28074 37.5
      vertex 5.44316 9.37006 7.5
      vertex 4.99413 9.28074 7.5
    endloop
  endfacet
  facet normal 0.751833 0.659353 0
    outer loop
      vertex 8.67674 8.03066 37.5
      vertex 8.37487 8.37487 7.5
      vertex 8.37487 8.37487 37.5
    endloop
  endfacet
  facet normal 0.751833 0.659353 0
    outer loop
      vertex 8.37487 8.37487 7.5
      vertex 8.67674 8.03066 37.5
      vertex 8.67674 8.03066 7.5
    endloop
  endfacet
  facet normal 0.195095 0.980784 -0
    outer loop
      vertex 6.80587 9.28074 7.5
      vertex 6.35684 9.37006 37.5
      vertex 6.80587 9.28074 37.5
    endloop
  endfacet
  facet normal 0.195095 0.980784 0
    outer loop
      vertex 6.35684 9.37006 37.5
      vertex 6.80587 9.28074 7.5
      vertex 6.35684 9.37006 7.5
    endloop
  endfacet
  facet normal 0.751833 -0.659353 0
    outer loop
      vertex 8.37487 3.42513 37.5
      vertex 8.67674 3.76934 7.5
      vertex 8.67674 3.76934 37.5
    endloop
  endfacet
  facet normal 0.751833 -0.659353 0
    outer loop
      vertex 8.67674 3.76934 7.5
      vertex 8.37487 3.42513 37.5
      vertex 8.37487 3.42513 7.5
    endloop
  endfacet
  facet normal -0.0653969 0.997859 0
    outer loop
      vertex 5.9 9.4 7.5
      vertex 5.44316 9.37006 37.5
      vertex 5.9 9.4 37.5
    endloop
  endfacet
  facet normal -0.0653969 0.997859 0
    outer loop
      vertex 5.44316 9.37006 37.5
      vertex 5.9 9.4 7.5
      vertex 5.44316 9.37006 7.5
    endloop
  endfacet
  facet normal -0.980784 0.195095 0
    outer loop
      vertex 2.42994 6.35684 7.5
      vertex 2.51926 6.80587 37.5
      vertex 2.51926 6.80587 7.5
    endloop
  endfacet
  facet normal -0.980784 0.195095 0
    outer loop
      vertex 2.51926 6.80587 37.5
      vertex 2.42994 6.35684 7.5
      vertex 2.42994 6.35684 37.5
    endloop
  endfacet
  facet normal 0.0653969 -0.997859 0
    outer loop
      vertex 5.9 2.4 7.5
      vertex 6.35684 2.42994 37.5
      vertex 5.9 2.4 37.5
    endloop
  endfacet
  facet normal 0.0653969 -0.997859 0
    outer loop
      vertex 6.35684 2.42994 37.5
      vertex 5.9 2.4 7.5
      vertex 6.35684 2.42994 7.5
    endloop
  endfacet
  facet normal 0.442288 -0.896873 0
    outer loop
      vertex 7.23939 2.66642 7.5
      vertex 7.65 2.86891 37.5
      vertex 7.23939 2.66642 37.5
    endloop
  endfacet
  facet normal 0.442288 -0.896873 0
    outer loop
      vertex 7.65 2.86891 37.5
      vertex 7.23939 2.66642 7.5
      vertex 7.65 2.86891 7.5
    endloop
  endfacet
  facet normal 0.659353 -0.751833 0
    outer loop
      vertex 8.03066 3.12326 7.5
      vertex 8.37487 3.42513 37.5
      vertex 8.03066 3.12326 37.5
    endloop
  endfacet
  facet normal 0.659353 -0.751833 0
    outer loop
      vertex 8.37487 3.42513 37.5
      vertex 8.03066 3.12326 7.5
      vertex 8.37487 3.42513 7.5
    endloop
  endfacet
  facet normal 0.896873 -0.442288 0
    outer loop
      vertex 8.93109 4.15 37.5
      vertex 9.13358 4.56061 7.5
      vertex 9.13358 4.56061 37.5
    endloop
  endfacet
  facet normal 0.896873 -0.442288 0
    outer loop
      vertex 9.13358 4.56061 7.5
      vertex 8.93109 4.15 37.5
      vertex 8.93109 4.15 7.5
    endloop
  endfacet
  facet normal 0.659353 0.751833 -0
    outer loop
      vertex 8.37487 8.37487 7.5
      vertex 8.03066 8.67674 37.5
      vertex 8.37487 8.37487 37.5
    endloop
  endfacet
  facet normal 0.659353 0.751833 0
    outer loop
      vertex 8.03066 8.67674 37.5
      vertex 8.37487 8.37487 7.5
      vertex 8.03066 8.67674 7.5
    endloop
  endfacet
  facet normal 0.997859 -0.0653969 0
    outer loop
      vertex 9.37006 5.44316 37.5
      vertex 9.4 5.9 7.5
      vertex 9.4 5.9 37.5
    endloop
  endfacet
  facet normal 0.997859 -0.0653969 0
    outer loop
      vertex 9.4 5.9 7.5
      vertex 9.37006 5.44316 37.5
      vertex 9.37006 5.44316 7.5
    endloop
  endfacet
  facet normal 0.896873 0.442288 0
    outer loop
      vertex 9.13358 7.23939 37.5
      vertex 8.93109 7.65 7.5
      vertex 8.93109 7.65 37.5
    endloop
  endfacet
  facet normal 0.896873 0.442288 0
    outer loop
      vertex 8.93109 7.65 7.5
      vertex 9.13358 7.23939 37.5
      vertex 9.13358 7.23939 7.5
    endloop
  endfacet
  facet normal 0.980784 -0.195095 0
    outer loop
      vertex 9.28074 4.99413 37.5
      vertex 9.37006 5.44316 7.5
      vertex 9.37006 5.44316 37.5
    endloop
  endfacet
  facet normal 0.980784 -0.195095 0
    outer loop
      vertex 9.37006 5.44316 7.5
      vertex 9.28074 4.99413 37.5
      vertex 9.28074 4.99413 7.5
    endloop
  endfacet
  facet normal 0.94693 0.321439 0
    outer loop
      vertex 9.28074 6.80587 37.5
      vertex 9.13358 7.23939 7.5
      vertex 9.13358 7.23939 37.5
    endloop
  endfacet
  facet normal 0.94693 0.321439 0
    outer loop
      vertex 9.13358 7.23939 7.5
      vertex 9.28074 6.80587 37.5
      vertex 9.28074 6.80587 7.5
    endloop
  endfacet
  facet normal 0 0 1
    outer loop
      vertex 7.2 5.9 37.5
      vertex 9.4 5.9 37.5
      vertex 9.37006 6.35684 37.5
    endloop
  endfacet
  facet normal 0 0 1
    outer loop
      vertex 7.18888 6.06968 37.5
      vertex 9.37006 6.35684 37.5
      vertex 9.28074 6.80587 37.5
    endloop
  endfacet
  facet normal 0 0 1
    outer loop
      vertex 9.4 5.9 37.5
      vertex 7.2 5.9 37.5
      vertex 9.37006 5.44316 37.5
    endloop
  endfacet
  facet normal 0 0 1
    outer loop
      vertex 7.1557 6.23646 37.5
      vertex 9.28074 6.80587 37.5
      vertex 9.13358 7.23939 37.5
    endloop
  endfacet
  facet normal -0 0 1
    outer loop
      vertex 7.18888 5.73032 37.5
      vertex 9.37006 5.44316 37.5
      vertex 7.2 5.9 37.5
    endloop
  endfacet
  facet normal 0 0 1
    outer loop
      vertex 7.10104 6.39749 37.5
      vertex 9.13358 7.23939 37.5
      vertex 8.93109 7.65 37.5
    endloop
  endfacet
  facet normal 0 0 1
    outer loop
      vertex 9.37006 5.44316 37.5
      vertex 7.18888 5.73032 37.5
      vertex 9.28074 4.99413 37.5
    endloop
  endfacet
  facet normal 0 0 1
    outer loop
      vertex 7.02583 6.55 37.5
      vertex 8.93109 7.65 37.5
      vertex 8.67674 8.03066 37.5
    endloop
  endfacet
  facet normal -0 0 1
    outer loop
      vertex 7.1557 5.56354 37.5
      vertex 9.28074 4.99413 37.5
      vertex 7.18888 5.73032 37.5
    endloop
  endfacet
  facet normal 0 0 1
    outer loop
      vertex 6.93136 6.69139 37.5
      vertex 8.67674 8.03066 37.5
      vertex 8.37487 8.37487 37.5
    endloop
  endfacet
  facet normal 0 0 1
    outer loop
      vertex 9.28074 4.99413 37.5
      vertex 7.1557 5.56354 37.5
      vertex 9.13358 4.56061 37.5
    endloop
  endfacet
  facet normal 0 0 1
    outer loop
      vertex 6.81924 6.81924 37.5
      vertex 8.37487 8.37487 37.5
      vertex 8.03066 8.67674 37.5
    endloop
  endfacet
  facet normal -0 0 1
    outer loop
      vertex 7.10104 5.40251 37.5
      vertex 9.13358 4.56061 37.5
      vertex 7.1557 5.56354 37.5
    endloop
  endfacet
  facet normal 0 0 1
    outer loop
      vertex 6.69139 6.93136 37.5
      vertex 8.03066 8.67674 37.5
      vertex 7.65 8.93109 37.5
    endloop
  endfacet
  facet normal 0 0 1
    outer loop
      vertex 9.13358 4.56061 37.5
      vertex 7.10104 5.40251 37.5
      vertex 8.93109 4.15 37.5
    endloop
  endfacet
  facet normal 0 0 1
    outer loop
      vertex 6.55 7.02583 37.5
      vertex 7.65 8.93109 37.5
      vertex 7.23939 9.13358 37.5
    endloop
  endfacet
  facet normal -0 0 1
    outer loop
      vertex 7.02583 5.25 37.5
      vertex 8.93109 4.15 37.5
      vertex 7.10104 5.40251 37.5
    endloop
  endfacet
  facet normal 0 0 1
    outer loop
      vertex 8.93109 4.15 37.5
      vertex 7.02583 5.25 37.5
      vertex 8.67674 3.76934 37.5
    endloop
  endfacet
  facet normal 0 0 1
    outer loop
      vertex 9.37006 6.35684 37.5
      vertex 7.18888 6.06968 37.5
      vertex 7.2 5.9 37.5
    endloop
  endfacet
  facet normal 0 0 1
    outer loop
      vertex 9.28074 6.80587 37.5
      vertex 7.1557 6.23646 37.5
      vertex 7.18888 6.06968 37.5
    endloop
  endfacet
  facet normal 0 0 1
    outer loop
      vertex 9.13358 7.23939 37.5
      vertex 7.10104 6.39749 37.5
      vertex 7.1557 6.23646 37.5
    endloop
  endfacet
  facet normal 0 0 1
    outer loop
      vertex 8.93109 7.65 37.5
      vertex 7.02583 6.55 37.5
      vertex 7.10104 6.39749 37.5
    endloop
  endfacet
  facet normal 0 0 1
    outer loop
      vertex 8.67674 8.03066 37.5
      vertex 6.93136 6.69139 37.5
      vertex 7.02583 6.55 37.5
    endloop
  endfacet
  facet normal 0 0 1
    outer loop
      vertex 8.37487 8.37487 37.5
      vertex 6.81924 6.81924 37.5
      vertex 6.93136 6.69139 37.5
    endloop
  endfacet
  facet normal 0 0 1
    outer loop
      vertex 6.39749 7.10104 37.5
      vertex 7.23939 9.13358 37.5
      vertex 6.80587 9.28074 37.5
    endloop
  endfacet
  facet normal 0 0 1
    outer loop
      vertex 8.03066 8.67674 37.5
      vertex 6.69139 6.93136 37.5
      vertex 6.81924 6.81924 37.5
    endloop
  endfacet
  facet normal 0 0 1
    outer loop
      vertex 7.65 8.93109 37.5
      vertex 6.55 7.02583 37.5
      vertex 6.69139 6.93136 37.5
    endloop
  endfacet
  facet normal 0 0 1
    outer loop
      vertex 7.23939 9.13358 37.5
      vertex 6.39749 7.10104 37.5
      vertex 6.55 7.02583 37.5
    endloop
  endfacet
  facet normal 0 0 1
    outer loop
      vertex 6.23646 7.1557 37.5
      vertex 6.80587 9.28074 37.5
      vertex 6.35684 9.37006 37.5
    endloop
  endfacet
  facet normal 0 0 1
    outer loop
      vertex 6.80587 9.28074 37.5
      vertex 6.23646 7.1557 37.5
      vertex 6.39749 7.10104 37.5
    endloop
  endfacet
  facet normal 0 0 1
    outer loop
      vertex 6.35684 9.37006 37.5
      vertex 6.06968 7.18888 37.5
      vertex 6.23646 7.1557 37.5
    endloop
  endfacet
  facet normal 0 0 1
    outer loop
      vertex 5.9 9.4 37.5
      vertex 6.06968 7.18888 37.5
      vertex 6.35684 9.37006 37.5
    endloop
  endfacet
  facet normal 0 0 1
    outer loop
      vertex 5.9 9.4 37.5
      vertex 5.9 7.2 37.5
      vertex 6.06968 7.18888 37.5
    endloop
  endfacet
  facet normal 0 0 1
    outer loop
      vertex 5.9 9.4 37.5
      vertex 5.73032 7.18888 37.5
      vertex 5.9 7.2 37.5
    endloop
  endfacet
  facet normal -0 0 1
    outer loop
      vertex 5.44316 9.37006 37.5
      vertex 5.73032 7.18888 37.5
      vertex 5.9 9.4 37.5
    endloop
  endfacet
  facet normal 0 0 1
    outer loop
      vertex 5.73032 7.18888 37.5
      vertex 5.44316 9.37006 37.5
      vertex 5.56354 7.1557 37.5
    endloop
  endfacet
  facet normal -0 0 1
    outer loop
      vertex 4.99413 9.28074 37.5
      vertex 5.56354 7.1557 37.5
      vertex 5.44316 9.37006 37.5
    endloop
  endfacet
  facet normal 0 0 1
    outer loop
      vertex 5.56354 7.1557 37.5
      vertex 4.99413 9.28074 37.5
      vertex 5.40251 7.10104 37.5
    endloop
  endfacet
  facet normal -0 0 1
    outer loop
      vertex 4.56061 9.13358 37.5
      vertex 5.40251 7.10104 37.5
      vertex 4.99413 9.28074 37.5
    endloop
  endfacet
  facet normal 0 0 1
    outer loop
      vertex 5.40251 7.10104 37.5
      vertex 4.56061 9.13358 37.5
      vertex 5.25 7.02583 37.5
    endloop
  endfacet
  facet normal -0 0 1
    outer loop
      vertex 4.15 8.93109 37.5
      vertex 5.25 7.02583 37.5
      vertex 4.56061 9.13358 37.5
    endloop
  endfacet
  facet normal 0 0 1
    outer loop
      vertex 5.25 7.02583 37.5
      vertex 4.15 8.93109 37.5
      vertex 5.10861 6.93136 37.5
    endloop
  endfacet
  facet normal -0 0 1
    outer loop
      vertex 3.76934 8.67674 37.5
      vertex 5.10861 6.93136 37.5
      vertex 4.15 8.93109 37.5
    endloop
  endfacet
  facet normal 0 0 1
    outer loop
      vertex 5.10861 6.93136 37.5
      vertex 3.76934 8.67674 37.5
      vertex 4.98076 6.81924 37.5
    endloop
  endfacet
  facet normal -0 0 1
    outer loop
      vertex 3.42513 8.37487 37.5
      vertex 4.98076 6.81924 37.5
      vertex 3.76934 8.67674 37.5
    endloop
  endfacet
  facet normal 0 0 1
    outer loop
      vertex 4.98076 6.81924 37.5
      vertex 3.42513 8.37487 37.5
      vertex 4.86864 6.69139 37.5
    endloop
  endfacet
  facet normal 0 0 1
    outer loop
      vertex 4.86864 6.69139 37.5
      vertex 3.12326 8.03066 37.5
      vertex 4.77417 6.55 37.5
    endloop
  endfacet
  facet normal -0 0 1
    outer loop
      vertex 3.12326 8.03066 37.5
      vertex 4.86864 6.69139 37.5
      vertex 3.42513 8.37487 37.5
    endloop
  endfacet
  facet normal -0 0 1
    outer loop
      vertex 6.93136 5.10861 37.5
      vertex 8.67674 3.76934 37.5
      vertex 7.02583 5.25 37.5
    endloop
  endfacet
  facet normal 0 0 1
    outer loop
      vertex 8.67674 3.76934 37.5
      vertex 6.93136 5.10861 37.5
      vertex 8.37487 3.42513 37.5
    endloop
  endfacet
  facet normal -0 0 1
    outer loop
      vertex 6.81924 4.98076 37.5
      vertex 8.37487 3.42513 37.5
      vertex 6.93136 5.10861 37.5
    endloop
  endfacet
  facet normal 0 0 1
    outer loop
      vertex 8.37487 3.42513 37.5
      vertex 6.81924 4.98076 37.5
      vertex 8.03066 3.12326 37.5
    endloop
  endfacet
  facet normal -0 0 1
    outer loop
      vertex 6.69139 4.86864 37.5
      vertex 8.03066 3.12326 37.5
      vertex 6.81924 4.98076 37.5
    endloop
  endfacet
  facet normal 0 0 1
    outer loop
      vertex 8.03066 3.12326 37.5
      vertex 6.69139 4.86864 37.5
      vertex 7.65 2.86891 37.5
    endloop
  endfacet
  facet normal -0 0 1
    outer loop
      vertex 6.55 4.77417 37.5
      vertex 7.65 2.86891 37.5
      vertex 6.69139 4.86864 37.5
    endloop
  endfacet
  facet normal 0 0 1
    outer loop
      vertex 7.65 2.86891 37.5
      vertex 6.55 4.77417 37.5
      vertex 7.23939 2.66642 37.5
    endloop
  endfacet
  facet normal -0 0 1
    outer loop
      vertex 6.39749 4.69896 37.5
      vertex 7.23939 2.66642 37.5
      vertex 6.55 4.77417 37.5
    endloop
  endfacet
  facet normal 0 0 1
    outer loop
      vertex 7.23939 2.66642 37.5
      vertex 6.39749 4.69896 37.5
      vertex 6.80587 2.51926 37.5
    endloop
  endfacet
  facet normal -0 0 1
    outer loop
      vertex 6.23646 4.6443 37.5
      vertex 6.80587 2.51926 37.5
      vertex 6.39749 4.69896 37.5
    endloop
  endfacet
  facet normal 0 0 1
    outer loop
      vertex 6.80587 2.51926 37.5
      vertex 6.23646 4.6443 37.5
      vertex 6.35684 2.42994 37.5
    endloop
  endfacet
  facet normal -0 0 1
    outer loop
      vertex 6.06968 4.61112 37.5
      vertex 6.35684 2.42994 37.5
      vertex 6.23646 4.6443 37.5
    endloop
  endfacet
  facet normal -0 0 1
    outer loop
      vertex 5.9 4.6 37.5
      vertex 6.35684 2.42994 37.5
      vertex 6.06968 4.61112 37.5
    endloop
  endfacet
  facet normal 0 0 1
    outer loop
      vertex 5.9 4.6 37.5
      vertex 5.9 2.4 37.5
      vertex 6.35684 2.42994 37.5
    endloop
  endfacet
  facet normal 0 0 1
    outer loop
      vertex 5.73032 4.61112 37.5
      vertex 5.9 2.4 37.5
      vertex 5.9 4.6 37.5
    endloop
  endfacet
  facet normal 0 0 1
    outer loop
      vertex 5.56354 4.6443 37.5
      vertex 5.9 2.4 37.5
      vertex 5.73032 4.61112 37.5
    endloop
  endfacet
  facet normal 0 0 1
    outer loop
      vertex 5.40251 4.69896 37.5
      vertex 5.9 2.4 37.5
      vertex 5.56354 4.6443 37.5
    endloop
  endfacet
  facet normal 0 0 1
    outer loop
      vertex 5.25 4.77417 37.5
      vertex 5.9 2.4 37.5
      vertex 5.40251 4.69896 37.5
    endloop
  endfacet
  facet normal 0 0 1
    outer loop
      vertex 2.4 2.4 37.5
      vertex 5.25 4.77417 37.5
      vertex 5.10861 4.86864 37.5
    endloop
  endfacet
  facet normal 0 0 1
    outer loop
      vertex 2.4 2.4 37.5
      vertex 5.10861 4.86864 37.5
      vertex 4.98076 4.98076 37.5
    endloop
  endfacet
  facet normal 0 0 1
    outer loop
      vertex 2.4 2.4 37.5
      vertex 4.98076 4.98076 37.5
      vertex 4.86864 5.10861 37.5
    endloop
  endfacet
  facet normal 0 0 1
    outer loop
      vertex 2.4 2.4 37.5
      vertex 4.86864 5.10861 37.5
      vertex 4.77417 5.25 37.5
    endloop
  endfacet
  facet normal 0 0 1
    outer loop
      vertex 2.4 5.9 37.5
      vertex 4.77417 5.25 37.5
      vertex 4.69896 5.40251 37.5
    endloop
  endfacet
  facet normal -0 0 1
    outer loop
      vertex 2.86891 7.65 37.5
      vertex 4.77417 6.55 37.5
      vertex 3.12326 8.03066 37.5
    endloop
  endfacet
  facet normal 0 0 1
    outer loop
      vertex 4.77417 6.55 37.5
      vertex 2.86891 7.65 37.5
      vertex 4.69896 6.39749 37.5
    endloop
  endfacet
  facet normal -0 0 1
    outer loop
      vertex 2.66642 7.23939 37.5
      vertex 4.69896 6.39749 37.5
      vertex 2.86891 7.65 37.5
    endloop
  endfacet
  facet normal 0 0 1
    outer loop
      vertex 4.69896 6.39749 37.5
      vertex 2.66642 7.23939 37.5
      vertex 4.6443 6.23646 37.5
    endloop
  endfacet
  facet normal -0 0 1
    outer loop
      vertex 2.51926 6.80587 37.5
      vertex 4.6443 6.23646 37.5
      vertex 2.66642 7.23939 37.5
    endloop
  endfacet
  facet normal 0 0 1
    outer loop
      vertex 4.6443 6.23646 37.5
      vertex 2.51926 6.80587 37.5
      vertex 4.61112 6.06968 37.5
    endloop
  endfacet
  facet normal -0 0 1
    outer loop
      vertex 2.42994 6.35684 37.5
      vertex 4.61112 6.06968 37.5
      vertex 2.51926 6.80587 37.5
    endloop
  endfacet
  facet normal 0 0 1
    outer loop
      vertex 4.61112 6.06968 37.5
      vertex 2.42994 6.35684 37.5
      vertex 4.6 5.9 37.5
    endloop
  endfacet
  facet normal 0 0 1
    outer loop
      vertex 2.4 5.9 37.5
      vertex 4.6 5.9 37.5
      vertex 2.42994 6.35684 37.5
    endloop
  endfacet
  facet normal 0 0 1
    outer loop
      vertex 4.6 5.9 37.5
      vertex 2.4 5.9 37.5
      vertex 4.61112 5.73032 37.5
    endloop
  endfacet
  facet normal 0 0 1
    outer loop
      vertex 4.61112 5.73032 37.5
      vertex 2.4 5.9 37.5
      vertex 4.6443 5.56354 37.5
    endloop
  endfacet
  facet normal 0 0 1
    outer loop
      vertex 4.6443 5.56354 37.5
      vertex 2.4 5.9 37.5
      vertex 4.69896 5.40251 37.5
    endloop
  endfacet
  facet normal 0 0 1
    outer loop
      vertex 4.77417 5.25 37.5
      vertex 2.4 5.9 37.5
      vertex 2.4 2.4 37.5
    endloop
  endfacet
  facet normal 0 0 1
    outer loop
      vertex 5.25 4.77417 37.5
      vertex 2.4 2.4 37.5
      vertex 5.9 2.4 37.5
    endloop
  endfacet
  facet normal -0.831468 0.555572 0
    outer loop
      vertex 2.86891 7.65 7.5
      vertex 3.12326 8.03066 37.5
      vertex 3.12326 8.03066 7.5
    endloop
  endfacet
  facet normal -0.831468 0.555572 0
    outer loop
      vertex 3.12326 8.03066 37.5
      vertex 2.86891 7.65 7.5
      vertex 2.86891 7.65 37.5
    endloop
  endfacet
  facet normal -1 0 0
    outer loop
      vertex 2.4 2.4 7.5
      vertex 2.4 5.9 37.5
      vertex 2.4 5.9 7.5
    endloop
  endfacet
  facet normal -1 -0 0
    outer loop
      vertex 2.4 5.9 37.5
      vertex 2.4 2.4 7.5
      vertex 2.4 2.4 37.5
    endloop
  endfacet
  facet normal 0 -1 0
    outer loop
      vertex 2.4 2.4 7.5
      vertex 5.9 2.4 37.5
      vertex 2.4 2.4 37.5
    endloop
  endfacet
  facet normal 0 -1 -0
    outer loop
      vertex 5.9 2.4 37.5
      vertex 2.4 2.4 7.5
      vertex 5.9 2.4 7.5
    endloop
  endfacet
  facet normal 0.195121 0.980779 -0
    outer loop
      vertex 5.73032 4.61112 25.49
      vertex 5.56354 4.6443 37.5
      vertex 5.73032 4.61112 37.5
    endloop
  endfacet
  facet normal 0.195121 0.980779 0
    outer loop
      vertex 5.56354 4.6443 37.5
      vertex 5.73032 4.61112 25.49
      vertex 5.56354 4.6443 25.49
    endloop
  endfacet
  facet normal -0.195121 -0.980779 0
    outer loop
      vertex 6.06968 7.18888 25.49
      vertex 6.23646 7.1557 37.5
      vertex 6.06968 7.18888 37.5
    endloop
  endfacet
  facet normal -0.195121 -0.980779 -0
    outer loop
      vertex 6.23646 7.1557 37.5
      vertex 6.06968 7.18888 25.49
      vertex 6.23646 7.1557 25.49
    endloop
  endfacet
  facet normal -0.751844 -0.659341 0
    outer loop
      vertex 6.93136 6.69139 25.49
      vertex 6.81924 6.81924 37.5
      vertex 6.81924 6.81924 25.49
    endloop
  endfacet
  facet normal -0.751844 -0.659341 0
    outer loop
      vertex 6.81924 6.81924 37.5
      vertex 6.93136 6.69139 25.49
      vertex 6.93136 6.69139 37.5
    endloop
  endfacet
  facet normal 0.946934 0.321427 0
    outer loop
      vertex 4.69896 5.40251 37.5
      vertex 4.6443 5.56354 25.49
      vertex 4.6443 5.56354 37.5
    endloop
  endfacet
  facet normal 0.946934 0.321427 0
    outer loop
      vertex 4.6443 5.56354 25.49
      vertex 4.69896 5.40251 37.5
      vertex 4.69896 5.40251 25.49
    endloop
  endfacet
  facet normal -0.997859 -0.0653948 0
    outer loop
      vertex 7.2 5.9 25.49
      vertex 7.18888 6.06968 37.5
      vertex 7.18888 6.06968 25.49
    endloop
  endfacet
  facet normal -0.997859 -0.0653948 0
    outer loop
      vertex 7.18888 6.06968 37.5
      vertex 7.2 5.9 25.49
      vertex 7.2 5.9 37.5
    endloop
  endfacet
  facet normal -0.997859 0.0653948 0
    outer loop
      vertex 7.18888 5.73032 25.49
      vertex 7.2 5.9 37.5
      vertex 7.2 5.9 25.49
    endloop
  endfacet
  facet normal -0.997859 0.0653948 0
    outer loop
      vertex 7.2 5.9 37.5
      vertex 7.18888 5.73032 25.49
      vertex 7.18888 5.73032 37.5
    endloop
  endfacet
  facet normal -0.946934 -0.321427 0
    outer loop
      vertex 7.1557 6.23646 25.49
      vertex 7.10104 6.39749 37.5
      vertex 7.10104 6.39749 25.49
    endloop
  endfacet
  facet normal -0.946934 -0.321427 0
    outer loop
      vertex 7.10104 6.39749 37.5
      vertex 7.1557 6.23646 25.49
      vertex 7.1557 6.23646 37.5
    endloop
  endfacet
  facet normal -0.555555 -0.83148 0
    outer loop
      vertex 6.55 7.02583 25.49
      vertex 6.69139 6.93136 37.5
      vertex 6.55 7.02583 37.5
    endloop
  endfacet
  facet normal -0.555555 -0.83148 -0
    outer loop
      vertex 6.69139 6.93136 37.5
      vertex 6.55 7.02583 25.49
      vertex 6.69139 6.93136 25.49
    endloop
  endfacet
  facet normal -0.896872 -0.442291 0
    outer loop
      vertex 7.10104 6.39749 25.49
      vertex 7.02583 6.55 37.5
      vertex 7.02583 6.55 25.49
    endloop
  endfacet
  facet normal -0.896872 -0.442291 0
    outer loop
      vertex 7.02583 6.55 37.5
      vertex 7.10104 6.39749 25.49
      vertex 7.10104 6.39749 37.5
    endloop
  endfacet
  facet normal 0.659341 -0.751844 0
    outer loop
      vertex 4.98076 6.81924 25.49
      vertex 5.10861 6.93136 37.5
      vertex 4.98076 6.81924 37.5
    endloop
  endfacet
  facet normal 0.659341 -0.751844 0
    outer loop
      vertex 5.10861 6.93136 37.5
      vertex 4.98076 6.81924 25.49
      vertex 5.10861 6.93136 25.49
    endloop
  endfacet
  facet normal 0.555555 0.83148 -0
    outer loop
      vertex 5.25 4.77417 25.49
      vertex 5.10861 4.86864 37.5
      vertex 5.25 4.77417 37.5
    endloop
  endfacet
  facet normal 0.555555 0.83148 0
    outer loop
      vertex 5.10861 4.86864 37.5
      vertex 5.25 4.77417 25.49
      vertex 5.10861 4.86864 25.49
    endloop
  endfacet
  facet normal 0.751844 -0.659341 0
    outer loop
      vertex 4.86864 6.69139 37.5
      vertex 4.98076 6.81924 25.49
      vertex 4.98076 6.81924 37.5
    endloop
  endfacet
  facet normal 0.751844 -0.659341 0
    outer loop
      vertex 4.98076 6.81924 25.49
      vertex 4.86864 6.69139 37.5
      vertex 4.86864 6.69139 25.49
    endloop
  endfacet
  facet normal 0.321427 0.946934 -0
    outer loop
      vertex 5.56354 4.6443 25.49
      vertex 5.40251 4.69896 37.5
      vertex 5.56354 4.6443 37.5
    endloop
  endfacet
  facet normal 0.321427 0.946934 0
    outer loop
      vertex 5.40251 4.69896 37.5
      vertex 5.56354 4.6443 25.49
      vertex 5.40251 4.69896 25.49
    endloop
  endfacet
  facet normal 0.83148 0.555555 0
    outer loop
      vertex 4.86864 5.10861 37.5
      vertex 4.77417 5.25 25.49
      vertex 4.77417 5.25 37.5
    endloop
  endfacet
  facet normal 0.83148 0.555555 0
    outer loop
      vertex 4.77417 5.25 25.49
      vertex 4.86864 5.10861 37.5
      vertex 4.86864 5.10861 25.49
    endloop
  endfacet
  facet normal 0.442291 -0.896872 0
    outer loop
      vertex 5.25 7.02583 25.49
      vertex 5.40251 7.10104 37.5
      vertex 5.25 7.02583 37.5
    endloop
  endfacet
  facet normal 0.442291 -0.896872 0
    outer loop
      vertex 5.40251 7.10104 37.5
      vertex 5.25 7.02583 25.49
      vertex 5.40251 7.10104 25.49
    endloop
  endfacet
  facet normal -0.0653948 0.997859 0
    outer loop
      vertex 6.06968 4.61112 25.49
      vertex 5.9 4.6 37.5
      vertex 6.06968 4.61112 37.5
    endloop
  endfacet
  facet normal -0.0653948 0.997859 0
    outer loop
      vertex 5.9 4.6 37.5
      vertex 6.06968 4.61112 25.49
      vertex 5.9 4.6 25.49
    endloop
  endfacet
  facet normal -0.83148 -0.555555 0
    outer loop
      vertex 7.02583 6.55 25.49
      vertex 6.93136 6.69139 37.5
      vertex 6.93136 6.69139 25.49
    endloop
  endfacet
  facet normal -0.83148 -0.555555 0
    outer loop
      vertex 6.93136 6.69139 37.5
      vertex 7.02583 6.55 25.49
      vertex 7.02583 6.55 37.5
    endloop
  endfacet
  facet normal -0.83148 0.555555 0
    outer loop
      vertex 6.93136 5.10861 25.49
      vertex 7.02583 5.25 37.5
      vertex 7.02583 5.25 25.49
    endloop
  endfacet
  facet normal -0.83148 0.555555 0
    outer loop
      vertex 7.02583 5.25 37.5
      vertex 6.93136 5.10861 25.49
      vertex 6.93136 5.10861 37.5
    endloop
  endfacet
  facet normal -0.980779 -0.195121 0
    outer loop
      vertex 7.18888 6.06968 25.49
      vertex 7.1557 6.23646 37.5
      vertex 7.1557 6.23646 25.49
    endloop
  endfacet
  facet normal -0.980779 -0.195121 0
    outer loop
      vertex 7.1557 6.23646 37.5
      vertex 7.18888 6.06968 25.49
      vertex 7.18888 6.06968 37.5
    endloop
  endfacet
  facet normal 0.997859 0.0653948 0
    outer loop
      vertex 4.61112 5.73032 37.5
      vertex 4.6 5.9 25.49
      vertex 4.6 5.9 37.5
    endloop
  endfacet
  facet normal 0.997859 0.0653948 0
    outer loop
      vertex 4.6 5.9 25.49
      vertex 4.61112 5.73032 37.5
      vertex 4.61112 5.73032 25.49
    endloop
  endfacet
  facet normal -0.442291 -0.896872 0
    outer loop
      vertex 6.39749 7.10104 25.49
      vertex 6.55 7.02583 37.5
      vertex 6.39749 7.10104 37.5
    endloop
  endfacet
  facet normal -0.442291 -0.896872 -0
    outer loop
      vertex 6.55 7.02583 37.5
      vertex 6.39749 7.10104 25.49
      vertex 6.55 7.02583 25.49
    endloop
  endfacet
  facet normal -0.321427 0.946934 0
    outer loop
      vertex 6.39749 4.69896 25.49
      vertex 6.23646 4.6443 37.5
      vertex 6.39749 4.69896 37.5
    endloop
  endfacet
  facet normal -0.321427 0.946934 0
    outer loop
      vertex 6.23646 4.6443 37.5
      vertex 6.39749 4.69896 25.49
      vertex 6.23646 4.6443 25.49
    endloop
  endfacet
  facet normal -0.896872 0.442291 0
    outer loop
      vertex 7.02583 5.25 25.49
      vertex 7.10104 5.40251 37.5
      vertex 7.10104 5.40251 25.49
    endloop
  endfacet
  facet normal -0.896872 0.442291 0
    outer loop
      vertex 7.10104 5.40251 37.5
      vertex 7.02583 5.25 25.49
      vertex 7.02583 5.25 37.5
    endloop
  endfacet
  facet normal 0.83148 -0.555555 0
    outer loop
      vertex 4.77417 6.55 37.5
      vertex 4.86864 6.69139 25.49
      vertex 4.86864 6.69139 37.5
    endloop
  endfacet
  facet normal 0.83148 -0.555555 0
    outer loop
      vertex 4.86864 6.69139 25.49
      vertex 4.77417 6.55 37.5
      vertex 4.77417 6.55 25.49
    endloop
  endfacet
  facet normal -0.321427 -0.946934 0
    outer loop
      vertex 6.23646 7.1557 25.49
      vertex 6.39749 7.10104 37.5
      vertex 6.23646 7.1557 37.5
    endloop
  endfacet
  facet normal -0.321427 -0.946934 -0
    outer loop
      vertex 6.39749 7.10104 37.5
      vertex 6.23646 7.1557 25.49
      vertex 6.39749 7.10104 25.49
    endloop
  endfacet
  facet normal -0.946934 0.321427 0
    outer loop
      vertex 7.10104 5.40251 25.49
      vertex 7.1557 5.56354 37.5
      vertex 7.1557 5.56354 25.49
    endloop
  endfacet
  facet normal -0.946934 0.321427 0
    outer loop
      vertex 7.1557 5.56354 37.5
      vertex 7.10104 5.40251 25.49
      vertex 7.10104 5.40251 37.5
    endloop
  endfacet
  facet normal 0.896872 -0.442291 0
    outer loop
      vertex 4.69896 6.39749 37.5
      vertex 4.77417 6.55 25.49
      vertex 4.77417 6.55 37.5
    endloop
  endfacet
  facet normal 0.896872 -0.442291 0
    outer loop
      vertex 4.77417 6.55 25.49
      vertex 4.69896 6.39749 37.5
      vertex 4.69896 6.39749 25.49
    endloop
  endfacet
  facet normal 0.195121 -0.980779 0
    outer loop
      vertex 5.56354 7.1557 25.49
      vertex 5.73032 7.18888 37.5
      vertex 5.56354 7.1557 37.5
    endloop
  endfacet
  facet normal 0.195121 -0.980779 0
    outer loop
      vertex 5.73032 7.18888 37.5
      vertex 5.56354 7.1557 25.49
      vertex 5.73032 7.18888 25.49
    endloop
  endfacet
  facet normal -0.195121 0.980779 0
    outer loop
      vertex 6.23646 4.6443 25.49
      vertex 6.06968 4.61112 37.5
      vertex 6.23646 4.6443 37.5
    endloop
  endfacet
  facet normal -0.195121 0.980779 0
    outer loop
      vertex 6.06968 4.61112 37.5
      vertex 6.23646 4.6443 25.49
      vertex 6.06968 4.61112 25.49
    endloop
  endfacet
  facet normal 0.946934 -0.321427 0
    outer loop
      vertex 4.6443 6.23646 37.5
      vertex 4.69896 6.39749 25.49
      vertex 4.69896 6.39749 37.5
    endloop
  endfacet
  facet normal 0.946934 -0.321427 0
    outer loop
      vertex 4.69896 6.39749 25.49
      vertex 4.6443 6.23646 37.5
      vertex 4.6443 6.23646 25.49
    endloop
  endfacet
  facet normal -0.555555 0.83148 0
    outer loop
      vertex 6.69139 4.86864 25.49
      vertex 6.55 4.77417 37.5
      vertex 6.69139 4.86864 37.5
    endloop
  endfacet
  facet normal -0.555555 0.83148 0
    outer loop
      vertex 6.55 4.77417 37.5
      vertex 6.69139 4.86864 25.49
      vertex 6.55 4.77417 25.49
    endloop
  endfacet
  facet normal -0.659341 -0.751844 0
    outer loop
      vertex 6.69139 6.93136 25.49
      vertex 6.81924 6.81924 37.5
      vertex 6.69139 6.93136 37.5
    endloop
  endfacet
  facet normal -0.659341 -0.751844 -0
    outer loop
      vertex 6.81924 6.81924 37.5
      vertex 6.69139 6.93136 25.49
      vertex 6.81924 6.81924 25.49
    endloop
  endfacet
  facet normal 0.321427 -0.946934 0
    outer loop
      vertex 5.40251 7.10104 25.49
      vertex 5.56354 7.1557 37.5
      vertex 5.40251 7.10104 37.5
    endloop
  endfacet
  facet normal 0.321427 -0.946934 0
    outer loop
      vertex 5.56354 7.1557 37.5
      vertex 5.40251 7.10104 25.49
      vertex 5.56354 7.1557 25.49
    endloop
  endfacet
  facet normal 0.751844 0.659341 0
    outer loop
      vertex 4.98076 4.98076 37.5
      vertex 4.86864 5.10861 25.49
      vertex 4.86864 5.10861 37.5
    endloop
  endfacet
  facet normal 0.751844 0.659341 0
    outer loop
      vertex 4.86864 5.10861 25.49
      vertex 4.98076 4.98076 37.5
      vertex 4.98076 4.98076 25.49
    endloop
  endfacet
  facet normal -0.0653948 -0.997859 0
    outer loop
      vertex 5.9 7.2 25.49
      vertex 6.06968 7.18888 37.5
      vertex 5.9 7.2 37.5
    endloop
  endfacet
  facet normal -0.0653948 -0.997859 -0
    outer loop
      vertex 6.06968 7.18888 37.5
      vertex 5.9 7.2 25.49
      vertex 6.06968 7.18888 25.49
    endloop
  endfacet
  facet normal -0.980779 0.195121 0
    outer loop
      vertex 7.1557 5.56354 25.49
      vertex 7.18888 5.73032 37.5
      vertex 7.18888 5.73032 25.49
    endloop
  endfacet
  facet normal -0.980779 0.195121 0
    outer loop
      vertex 7.18888 5.73032 37.5
      vertex 7.1557 5.56354 25.49
      vertex 7.1557 5.56354 37.5
    endloop
  endfacet
  facet normal 0.659341 0.751844 -0
    outer loop
      vertex 5.10861 4.86864 25.49
      vertex 4.98076 4.98076 37.5
      vertex 5.10861 4.86864 37.5
    endloop
  endfacet
  facet normal 0.659341 0.751844 0
    outer loop
      vertex 4.98076 4.98076 37.5
      vertex 5.10861 4.86864 25.49
      vertex 4.98076 4.98076 25.49
    endloop
  endfacet
  facet normal -0.659341 0.751844 0
    outer loop
      vertex 6.81924 4.98076 25.49
      vertex 6.69139 4.86864 37.5
      vertex 6.81924 4.98076 37.5
    endloop
  endfacet
  facet normal -0.659341 0.751844 0
    outer loop
      vertex 6.69139 4.86864 37.5
      vertex 6.81924 4.98076 25.49
      vertex 6.69139 4.86864 25.49
    endloop
  endfacet
  facet normal -0.751844 0.659341 0
    outer loop
      vertex 6.81924 4.98076 25.49
      vertex 6.93136 5.10861 37.5
      vertex 6.93136 5.10861 25.49
    endloop
  endfacet
  facet normal -0.751844 0.659341 0
    outer loop
      vertex 6.93136 5.10861 37.5
      vertex 6.81924 4.98076 25.49
      vertex 6.81924 4.98076 37.5
    endloop
  endfacet
  facet normal -0.442291 0.896872 0
    outer loop
      vertex 6.55 4.77417 25.49
      vertex 6.39749 4.69896 37.5
      vertex 6.55 4.77417 37.5
    endloop
  endfacet
  facet normal -0.442291 0.896872 0
    outer loop
      vertex 6.39749 4.69896 37.5
      vertex 6.55 4.77417 25.49
      vertex 6.39749 4.69896 25.49
    endloop
  endfacet
  facet normal 0.0653948 -0.997859 0
    outer loop
      vertex 5.73032 7.18888 25.49
      vertex 5.9 7.2 37.5
      vertex 5.73032 7.18888 37.5
    endloop
  endfacet
  facet normal 0.0653948 -0.997859 0
    outer loop
      vertex 5.9 7.2 37.5
      vertex 5.73032 7.18888 25.49
      vertex 5.9 7.2 25.49
    endloop
  endfacet
  facet normal 0.0653948 0.997859 -0
    outer loop
      vertex 5.9 4.6 25.49
      vertex 5.73032 4.61112 37.5
      vertex 5.9 4.6 37.5
    endloop
  endfacet
  facet normal 0.0653948 0.997859 0
    outer loop
      vertex 5.73032 4.61112 37.5
      vertex 5.9 4.6 25.49
      vertex 5.73032 4.61112 25.49
    endloop
  endfacet
  facet normal 0.896872 0.442291 0
    outer loop
      vertex 4.77417 5.25 37.5
      vertex 4.69896 5.40251 25.49
      vertex 4.69896 5.40251 37.5
    endloop
  endfacet
  facet normal 0.896872 0.442291 0
    outer loop
      vertex 4.69896 5.40251 25.49
      vertex 4.77417 5.25 37.5
      vertex 4.77417 5.25 25.49
    endloop
  endfacet
  facet normal 0.555555 -0.83148 0
    outer loop
      vertex 5.10861 6.93136 25.49
      vertex 5.25 7.02583 37.5
      vertex 5.10861 6.93136 37.5
    endloop
  endfacet
  facet normal 0.555555 -0.83148 0
    outer loop
      vertex 5.25 7.02583 37.5
      vertex 5.10861 6.93136 25.49
      vertex 5.25 7.02583 25.49
    endloop
  endfacet
  facet normal 0.442291 0.896872 -0
    outer loop
      vertex 5.40251 4.69896 25.49
      vertex 5.25 4.77417 37.5
      vertex 5.40251 4.69896 37.5
    endloop
  endfacet
  facet normal 0.442291 0.896872 0
    outer loop
      vertex 5.25 4.77417 37.5
      vertex 5.40251 4.69896 25.49
      vertex 5.25 4.77417 25.49
    endloop
  endfacet
  facet normal 0.980779 0.195121 0
    outer loop
      vertex 4.6443 5.56354 37.5
      vertex 4.61112 5.73032 25.49
      vertex 4.61112 5.73032 37.5
    endloop
  endfacet
  facet normal 0.980779 0.195121 0
    outer loop
      vertex 4.61112 5.73032 25.49
      vertex 4.6443 5.56354 37.5
      vertex 4.6443 5.56354 25.49
    endloop
  endfacet
  facet normal 0.980779 -0.195121 0
    outer loop
      vertex 4.61112 6.06968 37.5
      vertex 4.6443 6.23646 25.49
      vertex 4.6443 6.23646 37.5
    endloop
  endfacet
  facet normal 0.980779 -0.195121 0
    outer loop
      vertex 4.6443 6.23646 25.49
      vertex 4.61112 6.06968 37.5
      vertex 4.61112 6.06968 25.49
    endloop
  endfacet
  facet normal 0.997859 -0.0653948 0
    outer loop
      vertex 4.6 5.9 37.5
      vertex 4.61112 6.06968 25.49
      vertex 4.61112 6.06968 37.5
    endloop
  endfacet
  facet normal 0.997859 -0.0653948 0
    outer loop
      vertex 4.61112 6.06968 25.49
      vertex 4.6 5.9 37.5
      vertex 4.6 5.9 25.49
    endloop
  endfacet
  facet normal 0 0 1
    outer loop
      vertex 7.18888 6.06968 25.49
      vertex 7.18888 5.73032 25.49
      vertex 7.2 5.9 25.49
    endloop
  endfacet
  facet normal 0 0 1
    outer loop
      vertex 7.1557 6.23646 25.49
      vertex 7.18888 5.73032 25.49
      vertex 7.18888 6.06968 25.49
    endloop
  endfacet
  facet normal 0 0 1
    outer loop
      vertex 7.1557 6.23646 25.49
      vertex 7.1557 5.56354 25.49
      vertex 7.18888 5.73032 25.49
    endloop
  endfacet
  facet normal 0 0 1
    outer loop
      vertex 7.10104 6.39749 25.49
      vertex 7.1557 5.56354 25.49
      vertex 7.1557 6.23646 25.49
    endloop
  endfacet
  facet normal 0 0 1
    outer loop
      vertex 7.10104 6.39749 25.49
      vertex 7.10104 5.40251 25.49
      vertex 7.1557 5.56354 25.49
    endloop
  endfacet
  facet normal 0 0 1
    outer loop
      vertex 7.02583 6.55 25.49
      vertex 7.10104 5.40251 25.49
      vertex 7.10104 6.39749 25.49
    endloop
  endfacet
  facet normal 0 0 1
    outer loop
      vertex 7.02583 6.55 25.49
      vertex 7.02583 5.25 25.49
      vertex 7.10104 5.40251 25.49
    endloop
  endfacet
  facet normal 0 0 1
    outer loop
      vertex 6.93136 6.69139 25.49
      vertex 7.02583 5.25 25.49
      vertex 7.02583 6.55 25.49
    endloop
  endfacet
  facet normal 0 0 1
    outer loop
      vertex 6.93136 6.69139 25.49
      vertex 6.93136 5.10861 25.49
      vertex 7.02583 5.25 25.49
    endloop
  endfacet
  facet normal 0 0 1
    outer loop
      vertex 6.81924 6.81924 25.49
      vertex 6.93136 5.10861 25.49
      vertex 6.93136 6.69139 25.49
    endloop
  endfacet
  facet normal 0 0 1
    outer loop
      vertex 6.81924 6.81924 25.49
      vertex 6.81924 4.98076 25.49
      vertex 6.93136 5.10861 25.49
    endloop
  endfacet
  facet normal 0 0 1
    outer loop
      vertex 6.69139 6.93136 25.49
      vertex 6.81924 4.98076 25.49
      vertex 6.81924 6.81924 25.49
    endloop
  endfacet
  facet normal 0 0 1
    outer loop
      vertex 6.69139 6.93136 25.49
      vertex 6.69139 4.86864 25.49
      vertex 6.81924 4.98076 25.49
    endloop
  endfacet
  facet normal 0 0 1
    outer loop
      vertex 6.55 7.02583 25.49
      vertex 6.69139 4.86864 25.49
      vertex 6.69139 6.93136 25.49
    endloop
  endfacet
  facet normal 0 0 1
    outer loop
      vertex 6.55 7.02583 25.49
      vertex 6.55 4.77417 25.49
      vertex 6.69139 4.86864 25.49
    endloop
  endfacet
  facet normal 0 0 1
    outer loop
      vertex 6.39749 7.10104 25.49
      vertex 6.55 4.77417 25.49
      vertex 6.55 7.02583 25.49
    endloop
  endfacet
  facet normal 0 0 1
    outer loop
      vertex 6.39749 7.10104 25.49
      vertex 6.39749 4.69896 25.49
      vertex 6.55 4.77417 25.49
    endloop
  endfacet
  facet normal 0 0 1
    outer loop
      vertex 6.23646 7.1557 25.49
      vertex 6.39749 4.69896 25.49
      vertex 6.39749 7.10104 25.49
    endloop
  endfacet
  facet normal 0 0 1
    outer loop
      vertex 6.23646 7.1557 25.49
      vertex 6.23646 4.6443 25.49
      vertex 6.39749 4.69896 25.49
    endloop
  endfacet
  facet normal 0 0 1
    outer loop
      vertex 6.06968 7.18888 25.49
      vertex 6.23646 4.6443 25.49
      vertex 6.23646 7.1557 25.49
    endloop
  endfacet
  facet normal 0 0 1
    outer loop
      vertex 6.06968 7.18888 25.49
      vertex 6.06968 4.61112 25.49
      vertex 6.23646 4.6443 25.49
    endloop
  endfacet
  facet normal 0 0 1
    outer loop
      vertex 5.9 7.2 25.49
      vertex 6.06968 4.61112 25.49
      vertex 6.06968 7.18888 25.49
    endloop
  endfacet
  facet normal 0 0 1
    outer loop
      vertex 5.9 7.2 25.49
      vertex 5.9 4.6 25.49
      vertex 6.06968 4.61112 25.49
    endloop
  endfacet
  facet normal -0 0 1
    outer loop
      vertex 5.73032 7.18888 25.49
      vertex 5.9 4.6 25.49
      vertex 5.9 7.2 25.49
    endloop
  endfacet
  facet normal 0 0 1
    outer loop
      vertex 5.73032 7.18888 25.49
      vertex 5.73032 4.61112 25.49
      vertex 5.9 4.6 25.49
    endloop
  endfacet
  facet normal -0 0 1
    outer loop
      vertex 5.56354 7.1557 25.49
      vertex 5.73032 4.61112 25.49
      vertex 5.73032 7.18888 25.49
    endloop
  endfacet
  facet normal 0 0 1
    outer loop
      vertex 5.56354 7.1557 25.49
      vertex 5.56354 4.6443 25.49
      vertex 5.73032 4.61112 25.49
    endloop
  endfacet
  facet normal -0 0 1
    outer loop
      vertex 5.40251 7.10104 25.49
      vertex 5.56354 4.6443 25.49
      vertex 5.56354 7.1557 25.49
    endloop
  endfacet
  facet normal 0 0 1
    outer loop
      vertex 5.40251 7.10104 25.49
      vertex 5.40251 4.69896 25.49
      vertex 5.56354 4.6443 25.49
    endloop
  endfacet
  facet normal -0 0 1
    outer loop
      vertex 5.25 7.02583 25.49
      vertex 5.40251 4.69896 25.49
      vertex 5.40251 7.10104 25.49
    endloop
  endfacet
  facet normal 0 0 1
    outer loop
      vertex 5.25 7.02583 25.49
      vertex 5.25 4.77417 25.49
      vertex 5.40251 4.69896 25.49
    endloop
  endfacet
  facet normal -0 0 1
    outer loop
      vertex 5.10861 6.93136 25.49
      vertex 5.25 4.77417 25.49
      vertex 5.25 7.02583 25.49
    endloop
  endfacet
  facet normal 0 0 1
    outer loop
      vertex 5.10861 6.93136 25.49
      vertex 5.10861 4.86864 25.49
      vertex 5.25 4.77417 25.49
    endloop
  endfacet
  facet normal -0 0 1
    outer loop
      vertex 4.98076 6.81924 25.49
      vertex 5.10861 4.86864 25.49
      vertex 5.10861 6.93136 25.49
    endloop
  endfacet
  facet normal 0 0 1
    outer loop
      vertex 4.98076 6.81924 25.49
      vertex 4.98076 4.98076 25.49
      vertex 5.10861 4.86864 25.49
    endloop
  endfacet
  facet normal -0 0 1
    outer loop
      vertex 4.86864 6.69139 25.49
      vertex 4.98076 4.98076 25.49
      vertex 4.98076 6.81924 25.49
    endloop
  endfacet
  facet normal 0 0 1
    outer loop
      vertex 4.86864 6.69139 25.49
      vertex 4.86864 5.10861 25.49
      vertex 4.98076 4.98076 25.49
    endloop
  endfacet
  facet normal -0 0 1
    outer loop
      vertex 4.77417 6.55 25.49
      vertex 4.86864 5.10861 25.49
      vertex 4.86864 6.69139 25.49
    endloop
  endfacet
  facet normal 0 0 1
    outer loop
      vertex 4.77417 6.55 25.49
      vertex 4.77417 5.25 25.49
      vertex 4.86864 5.10861 25.49
    endloop
  endfacet
  facet normal -0 0 1
    outer loop
      vertex 4.69896 6.39749 25.49
      vertex 4.77417 5.25 25.49
      vertex 4.77417 6.55 25.49
    endloop
  endfacet
  facet normal 0 0 1
    outer loop
      vertex 4.69896 6.39749 25.49
      vertex 4.69896 5.40251 25.49
      vertex 4.77417 5.25 25.49
    endloop
  endfacet
  facet normal -0 0 1
    outer loop
      vertex 4.6443 6.23646 25.49
      vertex 4.69896 5.40251 25.49
      vertex 4.69896 6.39749 25.49
    endloop
  endfacet
  facet normal 0 0 1
    outer loop
      vertex 4.6443 6.23646 25.49
      vertex 4.6443 5.56354 25.49
      vertex 4.69896 5.40251 25.49
    endloop
  endfacet
  facet normal -0 0 1
    outer loop
      vertex 4.61112 6.06968 25.49
      vertex 4.6443 5.56354 25.49
      vertex 4.6443 6.23646 25.49
    endloop
  endfacet
  facet normal 0 0 1
    outer loop
      vertex 4.61112 6.06968 25.49
      vertex 4.61112 5.73032 25.49
      vertex 4.6443 5.56354 25.49
    endloop
  endfacet
  facet normal 0 -0 1
    outer loop
      vertex 4.61112 5.73032 25.49
      vertex 4.61112 6.06968 25.49
      vertex 4.6 5.9 25.49
    endloop
  endfacet
  facet normal 0.98079 0.195066 0
    outer loop
      vertex 9.37006 59.3568 37.5
      vertex 9.28074 59.8059 7.5
      vertex 9.28074 59.8059 37.5
    endloop
  endfacet
  facet normal 0.98079 0.195066 0
    outer loop
      vertex 9.28074 59.8059 7.5
      vertex 9.37006 59.3568 37.5
      vertex 9.37006 59.3568 7.5
    endloop
  endfacet
  facet normal 0.997859 0.0654026 0
    outer loop
      vertex 9.4 58.9 37.5
      vertex 9.37006 59.3568 7.5
      vertex 9.37006 59.3568 37.5
    endloop
  endfacet
  facet normal 0.997859 0.0654026 0
    outer loop
      vertex 9.37006 59.3568 7.5
      vertex 9.4 58.9 37.5
      vertex 9.4 58.9 7.5
    endloop
  endfacet
  facet normal 0.321322 -0.94697 0
    outer loop
      vertex 6.80587 55.5193 7.5
      vertex 7.23939 55.6664 37.5
      vertex 6.80587 55.5193 37.5
    endloop
  endfacet
  facet normal 0.321322 -0.94697 0
    outer loop
      vertex 7.23939 55.6664 37.5
      vertex 6.80587 55.5193 7.5
      vertex 7.23939 55.6664 7.5
    endloop
  endfacet
  facet normal 0.831495 0.555532 0
    outer loop
      vertex 8.93109 60.65 37.5
      vertex 8.67674 61.0307 7.5
      vertex 8.67674 61.0307 37.5
    endloop
  endfacet
  facet normal 0.831495 0.555532 0
    outer loop
      vertex 8.67674 61.0307 7.5
      vertex 8.93109 60.65 37.5
      vertex 8.93109 60.65 7.5
    endloop
  endfacet
  facet normal 0.946926 -0.321452 0
    outer loop
      vertex 9.13358 57.5606 37.5
      vertex 9.28074 57.9941 7.5
      vertex 9.28074 57.9941 37.5
    endloop
  endfacet
  facet normal 0.946926 -0.321452 0
    outer loop
      vertex 9.28074 57.9941 7.5
      vertex 9.13358 57.5606 37.5
      vertex 9.13358 57.5606 7.5
    endloop
  endfacet
  facet normal 0.555647 0.831418 -0
    outer loop
      vertex 8.03066 61.6767 7.5
      vertex 7.65 61.9311 37.5
      vertex 8.03066 61.6767 37.5
    endloop
  endfacet
  facet normal 0.555647 0.831418 0
    outer loop
      vertex 7.65 61.9311 37.5
      vertex 8.03066 61.6767 7.5
      vertex 7.65 61.9311 7.5
    endloop
  endfacet
  facet normal -0.321322 -0.94697 0
    outer loop
      vertex 4.56061 55.6664 7.5
      vertex 4.99413 55.5193 37.5
      vertex 4.56061 55.6664 37.5
    endloop
  endfacet
  facet normal -0.321322 -0.94697 -0
    outer loop
      vertex 4.99413 55.5193 37.5
      vertex 4.56061 55.6664 7.5
      vertex 4.99413 55.5193 7.5
    endloop
  endfacet
  facet normal -0.751824 -0.659364 0
    outer loop
      vertex 3.42513 56.4251 7.5
      vertex 3.12326 56.7693 37.5
      vertex 3.12326 56.7693 7.5
    endloop
  endfacet
  facet normal -0.751824 -0.659364 0
    outer loop
      vertex 3.12326 56.7693 37.5
      vertex 3.42513 56.4251 7.5
      vertex 3.42513 56.4251 37.5
    endloop
  endfacet
  facet normal 0.195263 -0.980751 0
    outer loop
      vertex 6.35684 55.4299 7.5
      vertex 6.80587 55.5193 37.5
      vertex 6.35684 55.4299 37.5
    endloop
  endfacet
  facet normal 0.195263 -0.980751 0
    outer loop
      vertex 6.80587 55.5193 37.5
      vertex 6.35684 55.4299 7.5
      vertex 6.80587 55.5193 7.5
    endloop
  endfacet
  facet normal -0.831495 -0.555532 0
    outer loop
      vertex 3.12326 56.7693 7.5
      vertex 2.86891 57.15 37.5
      vertex 2.86891 57.15 7.5
    endloop
  endfacet
  facet normal -0.831495 -0.555532 0
    outer loop
      vertex 2.86891 57.15 37.5
      vertex 3.12326 56.7693 7.5
      vertex 3.12326 56.7693 37.5
    endloop
  endfacet
  facet normal 0.555647 -0.831418 0
    outer loop
      vertex 7.65 55.8689 7.5
      vertex 8.03066 56.1233 37.5
      vertex 7.65 55.8689 37.5
    endloop
  endfacet
  facet normal 0.555647 -0.831418 0
    outer loop
      vertex 8.03066 56.1233 37.5
      vertex 7.65 55.8689 7.5
      vertex 8.03066 56.1233 7.5
    endloop
  endfacet
  facet normal 0.321322 0.94697 -0
    outer loop
      vertex 7.23939 62.1336 7.5
      vertex 6.80587 62.2807 37.5
      vertex 7.23939 62.1336 37.5
    endloop
  endfacet
  facet normal 0.321322 0.94697 0
    outer loop
      vertex 6.80587 62.2807 37.5
      vertex 7.23939 62.1336 7.5
      vertex 6.80587 62.2807 7.5
    endloop
  endfacet
  facet normal 0.0653113 0.997865 -0
    outer loop
      vertex 6.35684 62.3701 7.5
      vertex 5.90001 62.4 37.5
      vertex 6.35684 62.3701 37.5
    endloop
  endfacet
  facet normal 0.0653113 0.997865 0
    outer loop
      vertex 5.90001 62.4 37.5
      vertex 6.35684 62.3701 7.5
      vertex 5.90001 62.4 7.5
    endloop
  endfacet
  facet normal 0.831495 -0.555532 0
    outer loop
      vertex 8.67674 56.7693 37.5
      vertex 8.93109 57.15 7.5
      vertex 8.93109 57.15 37.5
    endloop
  endfacet
  facet normal 0.831495 -0.555532 0
    outer loop
      vertex 8.93109 57.15 7.5
      vertex 8.67674 56.7693 37.5
      vertex 8.67674 56.7693 7.5
    endloop
  endfacet
  facet normal -0.997859 -0.0654026 0
    outer loop
      vertex 2.42994 58.4432 7.5
      vertex 2.4 58.9 37.5
      vertex 2.4 58.9 7.5
    endloop
  endfacet
  facet normal -0.997859 -0.0654026 0
    outer loop
      vertex 2.4 58.9 37.5
      vertex 2.42994 58.4432 7.5
      vertex 2.42994 58.4432 37.5
    endloop
  endfacet
  facet normal 0.98079 -0.195066 0
    outer loop
      vertex 9.28074 57.9941 37.5
      vertex 9.37006 58.4432 7.5
      vertex 9.37006 58.4432 37.5
    endloop
  endfacet
  facet normal 0.98079 -0.195066 0
    outer loop
      vertex 9.37006 58.4432 7.5
      vertex 9.28074 57.9941 37.5
      vertex 9.28074 57.9941 7.5
    endloop
  endfacet
  facet normal -0.946926 -0.321452 0
    outer loop
      vertex 2.66642 57.5606 7.5
      vertex 2.51926 57.9941 37.5
      vertex 2.51926 57.9941 7.5
    endloop
  endfacet
  facet normal -0.946926 -0.321452 0
    outer loop
      vertex 2.51926 57.9941 37.5
      vertex 2.66642 57.5606 7.5
      vertex 2.66642 57.5606 37.5
    endloop
  endfacet
  facet normal -0.659267 -0.751909 0
    outer loop
      vertex 3.42513 56.4251 7.5
      vertex 3.76934 56.1233 37.5
      vertex 3.42513 56.4251 37.5
    endloop
  endfacet
  facet normal -0.659267 -0.751909 -0
    outer loop
      vertex 3.76934 56.1233 37.5
      vertex 3.42513 56.4251 7.5
      vertex 3.76934 56.1233 7.5
    endloop
  endfacet
  facet normal 0.442305 0.896864 -0
    outer loop
      vertex 7.65 61.9311 7.5
      vertex 7.23939 62.1336 37.5
      vertex 7.65 61.9311 37.5
    endloop
  endfacet
  facet normal 0.442305 0.896864 0
    outer loop
      vertex 7.23939 62.1336 37.5
      vertex 7.65 61.9311 7.5
      vertex 7.23939 62.1336 7.5
    endloop
  endfacet
  facet normal 0.751824 0.659364 0
    outer loop
      vertex 8.67674 61.0307 37.5
      vertex 8.37487 61.3749 7.5
      vertex 8.37487 61.3749 37.5
    endloop
  endfacet
  facet normal 0.751824 0.659364 0
    outer loop
      vertex 8.37487 61.3749 7.5
      vertex 8.67674 61.0307 37.5
      vertex 8.67674 61.0307 7.5
    endloop
  endfacet
  facet normal 0.195263 0.980751 -0
    outer loop
      vertex 6.80587 62.2807 7.5
      vertex 6.35684 62.3701 37.5
      vertex 6.80587 62.2807 37.5
    endloop
  endfacet
  facet normal 0.195263 0.980751 0
    outer loop
      vertex 6.35684 62.3701 37.5
      vertex 6.80587 62.2807 7.5
      vertex 6.35684 62.3701 7.5
    endloop
  endfacet
  facet normal 0.751824 -0.659364 0
    outer loop
      vertex 8.37487 56.4251 37.5
      vertex 8.67674 56.7693 7.5
      vertex 8.67674 56.7693 37.5
    endloop
  endfacet
  facet normal 0.751824 -0.659364 0
    outer loop
      vertex 8.67674 56.7693 7.5
      vertex 8.37487 56.4251 37.5
      vertex 8.37487 56.4251 7.5
    endloop
  endfacet
  facet normal -0.442305 -0.896864 0
    outer loop
      vertex 4.15 55.8689 7.5
      vertex 4.56061 55.6664 37.5
      vertex 4.15 55.8689 37.5
    endloop
  endfacet
  facet normal -0.442305 -0.896864 -0
    outer loop
      vertex 4.56061 55.6664 37.5
      vertex 4.15 55.8689 7.5
      vertex 4.56061 55.6664 7.5
    endloop
  endfacet
  facet normal 0.0653099 -0.997865 0
    outer loop
      vertex 5.9 55.4 7.5
      vertex 6.35684 55.4299 37.5
      vertex 5.9 55.4 37.5
    endloop
  endfacet
  facet normal 0.0653099 -0.997865 0
    outer loop
      vertex 6.35684 55.4299 37.5
      vertex 5.9 55.4 7.5
      vertex 6.35684 55.4299 7.5
    endloop
  endfacet
  facet normal 0.442305 -0.896864 0
    outer loop
      vertex 7.23939 55.6664 7.5
      vertex 7.65 55.8689 37.5
      vertex 7.23939 55.6664 37.5
    endloop
  endfacet
  facet normal 0.442305 -0.896864 0
    outer loop
      vertex 7.65 55.8689 37.5
      vertex 7.23939 55.6664 7.5
      vertex 7.65 55.8689 7.5
    endloop
  endfacet
  facet normal 0.659267 -0.751909 0
    outer loop
      vertex 8.03066 56.1233 7.5
      vertex 8.37487 56.4251 37.5
      vertex 8.03066 56.1233 37.5
    endloop
  endfacet
  facet normal 0.659267 -0.751909 0
    outer loop
      vertex 8.37487 56.4251 37.5
      vertex 8.03066 56.1233 7.5
      vertex 8.37487 56.4251 7.5
    endloop
  endfacet
  facet normal -0.896869 -0.442297 0
    outer loop
      vertex 2.86891 57.15 7.5
      vertex 2.66642 57.5606 37.5
      vertex 2.66642 57.5606 7.5
    endloop
  endfacet
  facet normal -0.896869 -0.442297 0
    outer loop
      vertex 2.66642 57.5606 37.5
      vertex 2.86891 57.15 7.5
      vertex 2.86891 57.15 37.5
    endloop
  endfacet
  facet normal 0.896869 -0.442297 0
    outer loop
      vertex 8.93109 57.15 37.5
      vertex 9.13358 57.5606 7.5
      vertex 9.13358 57.5606 37.5
    endloop
  endfacet
  facet normal 0.896869 -0.442297 0
    outer loop
      vertex 9.13358 57.5606 7.5
      vertex 8.93109 57.15 37.5
      vertex 8.93109 57.15 7.5
    endloop
  endfacet
  facet normal 0.659267 0.751909 -0
    outer loop
      vertex 8.37487 61.3749 7.5
      vertex 8.03066 61.6767 37.5
      vertex 8.37487 61.3749 37.5
    endloop
  endfacet
  facet normal 0.659267 0.751909 0
    outer loop
      vertex 8.03066 61.6767 37.5
      vertex 8.37487 61.3749 7.5
      vertex 8.03066 61.6767 7.5
    endloop
  endfacet
  facet normal 0.997859 -0.0654026 0
    outer loop
      vertex 9.37006 58.4432 37.5
      vertex 9.4 58.9 7.5
      vertex 9.4 58.9 37.5
    endloop
  endfacet
  facet normal 0.997859 -0.0654026 0
    outer loop
      vertex 9.4 58.9 7.5
      vertex 9.37006 58.4432 37.5
      vertex 9.37006 58.4432 7.5
    endloop
  endfacet
  facet normal -0.555647 -0.831418 0
    outer loop
      vertex 3.76934 56.1233 7.5
      vertex 4.15 55.8689 37.5
      vertex 3.76934 56.1233 37.5
    endloop
  endfacet
  facet normal -0.555647 -0.831418 -0
    outer loop
      vertex 4.15 55.8689 37.5
      vertex 3.76934 56.1233 7.5
      vertex 4.15 55.8689 7.5
    endloop
  endfacet
  facet normal 0.896869 0.442297 0
    outer loop
      vertex 9.13358 60.2394 37.5
      vertex 8.93109 60.65 7.5
      vertex 8.93109 60.65 37.5
    endloop
  endfacet
  facet normal 0.896869 0.442297 0
    outer loop
      vertex 8.93109 60.65 7.5
      vertex 9.13358 60.2394 37.5
      vertex 9.13358 60.2394 7.5
    endloop
  endfacet
  facet normal 0.946926 0.321452 0
    outer loop
      vertex 9.28074 59.8059 37.5
      vertex 9.13358 60.2394 7.5
      vertex 9.13358 60.2394 37.5
    endloop
  endfacet
  facet normal 0.946926 0.321452 0
    outer loop
      vertex 9.13358 60.2394 7.5
      vertex 9.28074 59.8059 37.5
      vertex 9.28074 59.8059 7.5
    endloop
  endfacet
  facet normal -0.98079 -0.195066 0
    outer loop
      vertex 2.51926 57.9941 7.5
      vertex 2.42994 58.4432 37.5
      vertex 2.42994 58.4432 7.5
    endloop
  endfacet
  facet normal -0.98079 -0.195066 0
    outer loop
      vertex 2.42994 58.4432 37.5
      vertex 2.51926 57.9941 7.5
      vertex 2.51926 57.9941 37.5
    endloop
  endfacet
  facet normal 0 0 1
    outer loop
      vertex 7.2 58.9 37.5
      vertex 9.4 58.9 37.5
      vertex 9.37006 59.3568 37.5
    endloop
  endfacet
  facet normal 0 0 1
    outer loop
      vertex 7.18888 59.0697 37.5
      vertex 9.37006 59.3568 37.5
      vertex 9.28074 59.8059 37.5
    endloop
  endfacet
  facet normal 0 0 1
    outer loop
      vertex 9.4 58.9 37.5
      vertex 7.2 58.9 37.5
      vertex 9.37006 58.4432 37.5
    endloop
  endfacet
  facet normal 0 0 1
    outer loop
      vertex 7.1557 59.2365 37.5
      vertex 9.28074 59.8059 37.5
      vertex 9.13358 60.2394 37.5
    endloop
  endfacet
  facet normal -0 0 1
    outer loop
      vertex 7.18888 58.7303 37.5
      vertex 9.37006 58.4432 37.5
      vertex 7.2 58.9 37.5
    endloop
  endfacet
  facet normal 0 0 1
    outer loop
      vertex 7.10104 59.3975 37.5
      vertex 9.13358 60.2394 37.5
      vertex 8.93109 60.65 37.5
    endloop
  endfacet
  facet normal 0 0 1
    outer loop
      vertex 9.37006 58.4432 37.5
      vertex 7.18888 58.7303 37.5
      vertex 9.28074 57.9941 37.5
    endloop
  endfacet
  facet normal 0 0 1
    outer loop
      vertex 7.02583 59.55 37.5
      vertex 8.93109 60.65 37.5
      vertex 8.67674 61.0307 37.5
    endloop
  endfacet
  facet normal -0 0 1
    outer loop
      vertex 7.1557 58.5635 37.5
      vertex 9.28074 57.9941 37.5
      vertex 7.18888 58.7303 37.5
    endloop
  endfacet
  facet normal 0 0 1
    outer loop
      vertex 6.93136 59.6914 37.5
      vertex 8.67674 61.0307 37.5
      vertex 8.37487 61.3749 37.5
    endloop
  endfacet
  facet normal 0 0 1
    outer loop
      vertex 9.28074 57.9941 37.5
      vertex 7.1557 58.5635 37.5
      vertex 9.13358 57.5606 37.5
    endloop
  endfacet
  facet normal 0 0 1
    outer loop
      vertex 6.81924 59.8192 37.5
      vertex 8.37487 61.3749 37.5
      vertex 8.03066 61.6767 37.5
    endloop
  endfacet
  facet normal -0 0 1
    outer loop
      vertex 7.10104 58.4025 37.5
      vertex 9.13358 57.5606 37.5
      vertex 7.1557 58.5635 37.5
    endloop
  endfacet
  facet normal 0 0 1
    outer loop
      vertex 6.69139 59.9314 37.5
      vertex 8.03066 61.6767 37.5
      vertex 7.65 61.9311 37.5
    endloop
  endfacet
  facet normal 0 0 1
    outer loop
      vertex 9.13358 57.5606 37.5
      vertex 7.10104 58.4025 37.5
      vertex 8.93109 57.15 37.5
    endloop
  endfacet
  facet normal 0 0 1
    outer loop
      vertex 6.55 60.0258 37.5
      vertex 7.65 61.9311 37.5
      vertex 7.23939 62.1336 37.5
    endloop
  endfacet
  facet normal -0 0 1
    outer loop
      vertex 7.02583 58.25 37.5
      vertex 8.93109 57.15 37.5
      vertex 7.10104 58.4025 37.5
    endloop
  endfacet
  facet normal 0 0 1
    outer loop
      vertex 8.93109 57.15 37.5
      vertex 7.02583 58.25 37.5
      vertex 8.67674 56.7693 37.5
    endloop
  endfacet
  facet normal 0 0 1
    outer loop
      vertex 9.37006 59.3568 37.5
      vertex 7.18888 59.0697 37.5
      vertex 7.2 58.9 37.5
    endloop
  endfacet
  facet normal 0 0 1
    outer loop
      vertex 9.28074 59.8059 37.5
      vertex 7.1557 59.2365 37.5
      vertex 7.18888 59.0697 37.5
    endloop
  endfacet
  facet normal 0 0 1
    outer loop
      vertex 9.13358 60.2394 37.5
      vertex 7.10104 59.3975 37.5
      vertex 7.1557 59.2365 37.5
    endloop
  endfacet
  facet normal 0 0 1
    outer loop
      vertex 8.93109 60.65 37.5
      vertex 7.02583 59.55 37.5
      vertex 7.10104 59.3975 37.5
    endloop
  endfacet
  facet normal 0 0 1
    outer loop
      vertex 8.67674 61.0307 37.5
      vertex 6.93136 59.6914 37.5
      vertex 7.02583 59.55 37.5
    endloop
  endfacet
  facet normal 0 0 1
    outer loop
      vertex 8.37487 61.3749 37.5
      vertex 6.81924 59.8192 37.5
      vertex 6.93136 59.6914 37.5
    endloop
  endfacet
  facet normal 0 0 1
    outer loop
      vertex 6.39749 60.101 37.5
      vertex 7.23939 62.1336 37.5
      vertex 6.80587 62.2807 37.5
    endloop
  endfacet
  facet normal 0 0 1
    outer loop
      vertex 8.03066 61.6767 37.5
      vertex 6.69139 59.9314 37.5
      vertex 6.81924 59.8192 37.5
    endloop
  endfacet
  facet normal 0 0 1
    outer loop
      vertex 7.65 61.9311 37.5
      vertex 6.55 60.0258 37.5
      vertex 6.69139 59.9314 37.5
    endloop
  endfacet
  facet normal 0 0 1
    outer loop
      vertex 7.23939 62.1336 37.5
      vertex 6.39749 60.101 37.5
      vertex 6.55 60.0258 37.5
    endloop
  endfacet
  facet normal 0 0 1
    outer loop
      vertex 6.23646 60.1557 37.5
      vertex 6.80587 62.2807 37.5
      vertex 6.35684 62.3701 37.5
    endloop
  endfacet
  facet normal 0 0 1
    outer loop
      vertex 6.80587 62.2807 37.5
      vertex 6.23646 60.1557 37.5
      vertex 6.39749 60.101 37.5
    endloop
  endfacet
  facet normal 0 0 1
    outer loop
      vertex 6.35684 62.3701 37.5
      vertex 6.06968 60.1889 37.5
      vertex 6.23646 60.1557 37.5
    endloop
  endfacet
  facet normal 0 0 1
    outer loop
      vertex 5.90001 62.4 37.5
      vertex 6.06968 60.1889 37.5
      vertex 6.35684 62.3701 37.5
    endloop
  endfacet
  facet normal 0 0 1
    outer loop
      vertex 5.90001 62.4 37.5
      vertex 5.9 60.2 37.5
      vertex 6.06968 60.1889 37.5
    endloop
  endfacet
  facet normal 0 0 1
    outer loop
      vertex 5.90001 62.4 37.5
      vertex 5.73032 60.1889 37.5
      vertex 5.9 60.2 37.5
    endloop
  endfacet
  facet normal 0 0 1
    outer loop
      vertex 5.90001 62.4 37.5
      vertex 5.56354 60.1557 37.5
      vertex 5.73032 60.1889 37.5
    endloop
  endfacet
  facet normal 0 0 1
    outer loop
      vertex 5.90001 62.4 37.5
      vertex 5.40251 60.101 37.5
      vertex 5.56354 60.1557 37.5
    endloop
  endfacet
  facet normal 0 0 1
    outer loop
      vertex 5.90001 62.4 37.5
      vertex 5.25 60.0258 37.5
      vertex 5.40251 60.101 37.5
    endloop
  endfacet
  facet normal -0 0 1
    outer loop
      vertex 2.4 62.4 37.5
      vertex 5.25 60.0258 37.5
      vertex 5.90001 62.4 37.5
    endloop
  endfacet
  facet normal 0 0 1
    outer loop
      vertex 5.25 60.0258 37.5
      vertex 2.4 62.4 37.5
      vertex 5.10861 59.9314 37.5
    endloop
  endfacet
  facet normal 0 0 1
    outer loop
      vertex 5.10861 59.9314 37.5
      vertex 2.4 62.4 37.5
      vertex 4.98076 59.8192 37.5
    endloop
  endfacet
  facet normal 0 0 1
    outer loop
      vertex 4.98076 59.8192 37.5
      vertex 2.4 62.4 37.5
      vertex 4.86864 59.6914 37.5
    endloop
  endfacet
  facet normal 0 0 1
    outer loop
      vertex 4.86864 59.6914 37.5
      vertex 2.4 62.4 37.5
      vertex 4.77417 59.55 37.5
    endloop
  endfacet
  facet normal 0 0 1
    outer loop
      vertex 5.25 57.7742 37.5
      vertex 4.15 55.8689 37.5
      vertex 4.56061 55.6664 37.5
    endloop
  endfacet
  facet normal 0 0 1
    outer loop
      vertex 2.4 58.9 37.5
      vertex 4.6 58.9 37.5
      vertex 4.61112 59.0697 37.5
    endloop
  endfacet
  facet normal 0 0 1
    outer loop
      vertex 4.61112 58.7303 37.5
      vertex 3.76934 56.1233 37.5
      vertex 4.15 55.8689 37.5
    endloop
  endfacet
  facet normal 0 0 1
    outer loop
      vertex 2.4 58.9 37.5
      vertex 4.61112 59.0697 37.5
      vertex 4.6443 59.2365 37.5
    endloop
  endfacet
  facet normal 0 0 1
    outer loop
      vertex 4.61112 58.7303 37.5
      vertex 3.42513 56.4251 37.5
      vertex 3.76934 56.1233 37.5
    endloop
  endfacet
  facet normal 0 0 1
    outer loop
      vertex 2.4 58.9 37.5
      vertex 4.6443 59.2365 37.5
      vertex 4.69896 59.3975 37.5
    endloop
  endfacet
  facet normal 0 0 1
    outer loop
      vertex 2.4 58.9 37.5
      vertex 4.77417 59.55 37.5
      vertex 2.4 62.4 37.5
    endloop
  endfacet
  facet normal 0 0 1
    outer loop
      vertex 4.61112 58.7303 37.5
      vertex 3.12326 56.7693 37.5
      vertex 3.42513 56.4251 37.5
    endloop
  endfacet
  facet normal 0 0 1
    outer loop
      vertex 4.61112 58.7303 37.5
      vertex 2.86891 57.15 37.5
      vertex 3.12326 56.7693 37.5
    endloop
  endfacet
  facet normal 0 0 1
    outer loop
      vertex 4.61112 58.7303 37.5
      vertex 2.66642 57.5606 37.5
      vertex 2.86891 57.15 37.5
    endloop
  endfacet
  facet normal 0 0 1
    outer loop
      vertex 4.61112 58.7303 37.5
      vertex 2.51926 57.9941 37.5
      vertex 2.66642 57.5606 37.5
    endloop
  endfacet
  facet normal 0 0 1
    outer loop
      vertex 4.61112 58.7303 37.5
      vertex 2.42994 58.4432 37.5
      vertex 2.51926 57.9941 37.5
    endloop
  endfacet
  facet normal 0 0 1
    outer loop
      vertex 4.77417 59.55 37.5
      vertex 2.4 58.9 37.5
      vertex 4.69896 59.3975 37.5
    endloop
  endfacet
  facet normal 0 0 1
    outer loop
      vertex 4.6 58.9 37.5
      vertex 2.4 58.9 37.5
      vertex 2.42994 58.4432 37.5
    endloop
  endfacet
  facet normal -0 0 1
    outer loop
      vertex 6.93136 58.1086 37.5
      vertex 8.67674 56.7693 37.5
      vertex 7.02583 58.25 37.5
    endloop
  endfacet
  facet normal 0 0 1
    outer loop
      vertex 8.67674 56.7693 37.5
      vertex 6.93136 58.1086 37.5
      vertex 8.37487 56.4251 37.5
    endloop
  endfacet
  facet normal -0 0 1
    outer loop
      vertex 6.81924 57.9808 37.5
      vertex 8.37487 56.4251 37.5
      vertex 6.93136 58.1086 37.5
    endloop
  endfacet
  facet normal 0 0 1
    outer loop
      vertex 8.37487 56.4251 37.5
      vertex 6.81924 57.9808 37.5
      vertex 8.03066 56.1233 37.5
    endloop
  endfacet
  facet normal -0 0 1
    outer loop
      vertex 6.69139 57.8686 37.5
      vertex 8.03066 56.1233 37.5
      vertex 6.81924 57.9808 37.5
    endloop
  endfacet
  facet normal 0 0 1
    outer loop
      vertex 8.03066 56.1233 37.5
      vertex 6.69139 57.8686 37.5
      vertex 7.65 55.8689 37.5
    endloop
  endfacet
  facet normal -0 0 1
    outer loop
      vertex 6.55 57.7742 37.5
      vertex 7.65 55.8689 37.5
      vertex 6.69139 57.8686 37.5
    endloop
  endfacet
  facet normal 0 0 1
    outer loop
      vertex 7.65 55.8689 37.5
      vertex 6.55 57.7742 37.5
      vertex 7.23939 55.6664 37.5
    endloop
  endfacet
  facet normal -0 0 1
    outer loop
      vertex 6.39749 57.699 37.5
      vertex 7.23939 55.6664 37.5
      vertex 6.55 57.7742 37.5
    endloop
  endfacet
  facet normal 0 0 1
    outer loop
      vertex 7.23939 55.6664 37.5
      vertex 6.39749 57.699 37.5
      vertex 6.80587 55.5193 37.5
    endloop
  endfacet
  facet normal -0 0 1
    outer loop
      vertex 6.23646 57.6443 37.5
      vertex 6.80587 55.5193 37.5
      vertex 6.39749 57.699 37.5
    endloop
  endfacet
  facet normal 0 0 1
    outer loop
      vertex 6.80587 55.5193 37.5
      vertex 6.23646 57.6443 37.5
      vertex 6.35684 55.4299 37.5
    endloop
  endfacet
  facet normal -0 0 1
    outer loop
      vertex 6.06968 57.6111 37.5
      vertex 6.35684 55.4299 37.5
      vertex 6.23646 57.6443 37.5
    endloop
  endfacet
  facet normal -0 0 1
    outer loop
      vertex 5.9 57.6 37.5
      vertex 6.35684 55.4299 37.5
      vertex 6.06968 57.6111 37.5
    endloop
  endfacet
  facet normal 0 0 1
    outer loop
      vertex 5.9 57.6 37.5
      vertex 5.9 55.4 37.5
      vertex 6.35684 55.4299 37.5
    endloop
  endfacet
  facet normal 0 0 1
    outer loop
      vertex 5.73032 57.6111 37.5
      vertex 5.9 55.4 37.5
      vertex 5.9 57.6 37.5
    endloop
  endfacet
  facet normal 0 0 1
    outer loop
      vertex 5.44316 55.4299 37.5
      vertex 5.73032 57.6111 37.5
      vertex 5.56354 57.6443 37.5
    endloop
  endfacet
  facet normal 0 0 1
    outer loop
      vertex 5.73032 57.6111 37.5
      vertex 5.44316 55.4299 37.5
      vertex 5.9 55.4 37.5
    endloop
  endfacet
  facet normal 0 0 1
    outer loop
      vertex 4.99413 55.5193 37.5
      vertex 5.56354 57.6443 37.5
      vertex 5.40251 57.699 37.5
    endloop
  endfacet
  facet normal 0 0 1
    outer loop
      vertex 4.56061 55.6664 37.5
      vertex 5.40251 57.699 37.5
      vertex 5.25 57.7742 37.5
    endloop
  endfacet
  facet normal 0 0 1
    outer loop
      vertex 4.15 55.8689 37.5
      vertex 5.25 57.7742 37.5
      vertex 5.10861 57.8686 37.5
    endloop
  endfacet
  facet normal 0 0 1
    outer loop
      vertex 5.56354 57.6443 37.5
      vertex 4.99413 55.5193 37.5
      vertex 5.44316 55.4299 37.5
    endloop
  endfacet
  facet normal 0 0 1
    outer loop
      vertex 4.15 55.8689 37.5
      vertex 5.10861 57.8686 37.5
      vertex 4.98076 57.9808 37.5
    endloop
  endfacet
  facet normal 0 0 1
    outer loop
      vertex 4.15 55.8689 37.5
      vertex 4.98076 57.9808 37.5
      vertex 4.86864 58.1086 37.5
    endloop
  endfacet
  facet normal 0 0 1
    outer loop
      vertex 4.15 55.8689 37.5
      vertex 4.86864 58.1086 37.5
      vertex 4.77417 58.25 37.5
    endloop
  endfacet
  facet normal 0 0 1
    outer loop
      vertex 4.15 55.8689 37.5
      vertex 4.77417 58.25 37.5
      vertex 4.69896 58.4025 37.5
    endloop
  endfacet
  facet normal 0 0 1
    outer loop
      vertex 4.15 55.8689 37.5
      vertex 4.69896 58.4025 37.5
      vertex 4.6443 58.5635 37.5
    endloop
  endfacet
  facet normal 0 0 1
    outer loop
      vertex 4.15 55.8689 37.5
      vertex 4.6443 58.5635 37.5
      vertex 4.61112 58.7303 37.5
    endloop
  endfacet
  facet normal 0 0 1
    outer loop
      vertex 5.40251 57.699 37.5
      vertex 4.56061 55.6664 37.5
      vertex 4.99413 55.5193 37.5
    endloop
  endfacet
  facet normal 0 0 1
    outer loop
      vertex 2.42994 58.4432 37.5
      vertex 4.61112 58.7303 37.5
      vertex 4.6 58.9 37.5
    endloop
  endfacet
  facet normal -0.195263 -0.980751 0
    outer loop
      vertex 4.99413 55.5193 7.5
      vertex 5.44316 55.4299 37.5
      vertex 4.99413 55.5193 37.5
    endloop
  endfacet
  facet normal -0.195263 -0.980751 -0
    outer loop
      vertex 5.44316 55.4299 37.5
      vertex 4.99413 55.5193 7.5
      vertex 5.44316 55.4299 7.5
    endloop
  endfacet
  facet normal -0.0653099 -0.997865 0
    outer loop
      vertex 5.44316 55.4299 7.5
      vertex 5.9 55.4 37.5
      vertex 5.44316 55.4299 37.5
    endloop
  endfacet
  facet normal -0.0653099 -0.997865 -0
    outer loop
      vertex 5.9 55.4 37.5
      vertex 5.44316 55.4299 7.5
      vertex 5.9 55.4 7.5
    endloop
  endfacet
  facet normal -1 0 0
    outer loop
      vertex 2.4 58.9 7.5
      vertex 2.4 62.4 37.5
      vertex 2.4 62.4 7.5
    endloop
  endfacet
  facet normal -1 -0 0
    outer loop
      vertex 2.4 62.4 37.5
      vertex 2.4 58.9 7.5
      vertex 2.4 58.9 37.5
    endloop
  endfacet
  facet normal 0.195234 0.980757 -0
    outer loop
      vertex 5.73032 57.6111 25.49
      vertex 5.56354 57.6443 37.5
      vertex 5.73032 57.6111 37.5
    endloop
  endfacet
  facet normal 0.195234 0.980757 0
    outer loop
      vertex 5.56354 57.6443 37.5
      vertex 5.73032 57.6111 25.49
      vertex 5.56354 57.6443 25.49
    endloop
  endfacet
  facet normal -0.195234 -0.980757 0
    outer loop
      vertex 6.06968 60.1889 25.49
      vertex 6.23646 60.1557 37.5
      vertex 6.06968 60.1889 37.5
    endloop
  endfacet
  facet normal -0.195234 -0.980757 -0
    outer loop
      vertex 6.23646 60.1557 37.5
      vertex 6.06968 60.1889 25.49
      vertex 6.23646 60.1557 25.49
    endloop
  endfacet
  facet normal -0.751716 -0.659487 0
    outer loop
      vertex 6.93136 59.6914 25.49
      vertex 6.81924 59.8192 37.5
      vertex 6.81924 59.8192 25.49
    endloop
  endfacet
  facet normal -0.751716 -0.659487 0
    outer loop
      vertex 6.81924 59.8192 37.5
      vertex 6.93136 59.6914 25.49
      vertex 6.93136 59.6914 37.5
    endloop
  endfacet
  facet normal 0.946916 0.321481 0
    outer loop
      vertex 4.69896 58.4025 37.5
      vertex 4.6443 58.5635 25.49
      vertex 4.6443 58.5635 37.5
    endloop
  endfacet
  facet normal 0.946916 0.321481 0
    outer loop
      vertex 4.6443 58.5635 25.49
      vertex 4.69896 58.4025 37.5
      vertex 4.69896 58.4025 25.49
    endloop
  endfacet
  facet normal -0.99786 -0.0653872 0
    outer loop
      vertex 7.2 58.9 25.49
      vertex 7.18888 59.0697 37.5
      vertex 7.18888 59.0697 25.49
    endloop
  endfacet
  facet normal -0.99786 -0.0653872 0
    outer loop
      vertex 7.18888 59.0697 37.5
      vertex 7.2 58.9 25.49
      vertex 7.2 58.9 37.5
    endloop
  endfacet
  facet normal -0.99786 0.0653872 0
    outer loop
      vertex 7.18888 58.7303 25.49
      vertex 7.2 58.9 37.5
      vertex 7.2 58.9 25.49
    endloop
  endfacet
  facet normal -0.99786 0.0653872 0
    outer loop
      vertex 7.2 58.9 37.5
      vertex 7.18888 58.7303 25.49
      vertex 7.18888 58.7303 37.5
    endloop
  endfacet
  facet normal -0.946916 -0.321481 0
    outer loop
      vertex 7.1557 59.2365 25.49
      vertex 7.10104 59.3975 37.5
      vertex 7.10104 59.3975 25.49
    endloop
  endfacet
  facet normal -0.946916 -0.321481 0
    outer loop
      vertex 7.10104 59.3975 37.5
      vertex 7.1557 59.2365 25.49
      vertex 7.1557 59.2365 37.5
    endloop
  endfacet
  facet normal -0.55527 -0.83167 0
    outer loop
      vertex 6.55 60.0258 25.49
      vertex 6.69139 59.9314 37.5
      vertex 6.55 60.0258 37.5
    endloop
  endfacet
  facet normal -0.55527 -0.83167 -0
    outer loop
      vertex 6.69139 59.9314 37.5
      vertex 6.55 60.0258 25.49
      vertex 6.69139 59.9314 25.49
    endloop
  endfacet
  facet normal -0.89686 -0.442314 0
    outer loop
      vertex 7.10104 59.3975 25.49
      vertex 7.02583 59.55 37.5
      vertex 7.02583 59.55 25.49
    endloop
  endfacet
  facet normal -0.89686 -0.442314 0
    outer loop
      vertex 7.02583 59.55 37.5
      vertex 7.10104 59.3975 25.49
      vertex 7.10104 59.3975 37.5
    endloop
  endfacet
  facet normal 0.659607 -0.751611 0
    outer loop
      vertex 4.98076 59.8192 25.49
      vertex 5.10861 59.9314 37.5
      vertex 4.98076 59.8192 37.5
    endloop
  endfacet
  facet normal 0.659607 -0.751611 0
    outer loop
      vertex 5.10861 59.9314 37.5
      vertex 4.98076 59.8192 25.49
      vertex 5.10861 59.9314 25.49
    endloop
  endfacet
  facet normal 0.55527 0.83167 -0
    outer loop
      vertex 5.25 57.7742 25.49
      vertex 5.10861 57.8686 37.5
      vertex 5.25 57.7742 37.5
    endloop
  endfacet
  facet normal 0.55527 0.83167 0
    outer loop
      vertex 5.10861 57.8686 37.5
      vertex 5.25 57.7742 25.49
      vertex 5.10861 57.8686 25.49
    endloop
  endfacet
  facet normal 0.751716 -0.659487 0
    outer loop
      vertex 4.86864 59.6914 37.5
      vertex 4.98076 59.8192 25.49
      vertex 4.98076 59.8192 37.5
    endloop
  endfacet
  facet normal 0.751716 -0.659487 0
    outer loop
      vertex 4.98076 59.8192 25.49
      vertex 4.86864 59.6914 37.5
      vertex 4.86864 59.6914 25.49
    endloop
  endfacet
  facet normal 0.321638 0.946863 -0
    outer loop
      vertex 5.56354 57.6443 25.49
      vertex 5.40251 57.699 37.5
      vertex 5.56354 57.6443 37.5
    endloop
  endfacet
  facet normal 0.321638 0.946863 0
    outer loop
      vertex 5.40251 57.699 37.5
      vertex 5.56354 57.6443 25.49
      vertex 5.40251 57.699 25.49
    endloop
  endfacet
  facet normal 0.831498 0.555528 0
    outer loop
      vertex 4.86864 58.1086 37.5
      vertex 4.77417 58.25 25.49
      vertex 4.77417 58.25 37.5
    endloop
  endfacet
  facet normal 0.831498 0.555528 0
    outer loop
      vertex 4.77417 58.25 25.49
      vertex 4.86864 58.1086 37.5
      vertex 4.86864 58.1086 25.49
    endloop
  endfacet
  facet normal 0.442243 -0.896895 0
    outer loop
      vertex 5.25 60.0258 25.49
      vertex 5.40251 60.101 37.5
      vertex 5.25 60.0258 37.5
    endloop
  endfacet
  facet normal 0.442243 -0.896895 0
    outer loop
      vertex 5.40251 60.101 37.5
      vertex 5.25 60.0258 25.49
      vertex 5.40251 60.101 25.49
    endloop
  endfacet
  facet normal -0.0652777 0.997867 0
    outer loop
      vertex 6.06968 57.6111 25.49
      vertex 5.9 57.6 37.5
      vertex 6.06968 57.6111 37.5
    endloop
  endfacet
  facet normal -0.0652777 0.997867 0
    outer loop
      vertex 5.9 57.6 37.5
      vertex 6.06968 57.6111 25.49
      vertex 5.9 57.6 25.49
    endloop
  endfacet
  facet normal -0.831498 -0.555528 0
    outer loop
      vertex 7.02583 59.55 25.49
      vertex 6.93136 59.6914 37.5
      vertex 6.93136 59.6914 25.49
    endloop
  endfacet
  facet normal -0.831498 -0.555528 0
    outer loop
      vertex 6.93136 59.6914 37.5
      vertex 7.02583 59.55 25.49
      vertex 7.02583 59.55 37.5
    endloop
  endfacet
  facet normal -0.831498 0.555528 0
    outer loop
      vertex 6.93136 58.1086 25.49
      vertex 7.02583 58.25 37.5
      vertex 7.02583 58.25 25.49
    endloop
  endfacet
  facet normal -0.831498 0.555528 0
    outer loop
      vertex 7.02583 58.25 37.5
      vertex 6.93136 58.1086 25.49
      vertex 6.93136 58.1086 37.5
    endloop
  endfacet
  facet normal -0.980784 -0.195098 0
    outer loop
      vertex 7.18888 59.0697 25.49
      vertex 7.1557 59.2365 37.5
      vertex 7.1557 59.2365 25.49
    endloop
  endfacet
  facet normal -0.980784 -0.195098 0
    outer loop
      vertex 7.1557 59.2365 37.5
      vertex 7.18888 59.0697 25.49
      vertex 7.18888 59.0697 37.5
    endloop
  endfacet
  facet normal 0.99786 0.0653872 0
    outer loop
      vertex 4.61112 58.7303 37.5
      vertex 4.6 58.9 25.49
      vertex 4.6 58.9 37.5
    endloop
  endfacet
  facet normal 0.99786 0.0653872 0
    outer loop
      vertex 4.6 58.9 25.49
      vertex 4.61112 58.7303 37.5
      vertex 4.61112 58.7303 25.49
    endloop
  endfacet
  facet normal -0.442243 -0.896895 0
    outer loop
      vertex 6.39749 60.101 25.49
      vertex 6.55 60.0258 37.5
      vertex 6.39749 60.101 37.5
    endloop
  endfacet
  facet normal -0.442243 -0.896895 -0
    outer loop
      vertex 6.55 60.0258 37.5
      vertex 6.39749 60.101 25.49
      vertex 6.55 60.0258 25.49
    endloop
  endfacet
  facet normal -0.321638 0.946863 0
    outer loop
      vertex 6.39749 57.699 25.49
      vertex 6.23646 57.6443 37.5
      vertex 6.39749 57.699 37.5
    endloop
  endfacet
  facet normal -0.321638 0.946863 0
    outer loop
      vertex 6.23646 57.6443 37.5
      vertex 6.39749 57.699 25.49
      vertex 6.23646 57.6443 25.49
    endloop
  endfacet
  facet normal -0.89686 0.442314 0
    outer loop
      vertex 7.02583 58.25 25.49
      vertex 7.10104 58.4025 37.5
      vertex 7.10104 58.4025 25.49
    endloop
  endfacet
  facet normal -0.89686 0.442314 0
    outer loop
      vertex 7.10104 58.4025 37.5
      vertex 7.02583 58.25 25.49
      vertex 7.02583 58.25 37.5
    endloop
  endfacet
  facet normal 0.831498 -0.555528 0
    outer loop
      vertex 4.77417 59.55 37.5
      vertex 4.86864 59.6914 25.49
      vertex 4.86864 59.6914 37.5
    endloop
  endfacet
  facet normal 0.831498 -0.555528 0
    outer loop
      vertex 4.86864 59.6914 25.49
      vertex 4.77417 59.55 37.5
      vertex 4.77417 59.55 25.49
    endloop
  endfacet
  facet normal -0.321638 -0.946863 0
    outer loop
      vertex 6.23646 60.1557 25.49
      vertex 6.39749 60.101 37.5
      vertex 6.23646 60.1557 37.5
    endloop
  endfacet
  facet normal -0.321638 -0.946863 -0
    outer loop
      vertex 6.39749 60.101 37.5
      vertex 6.23646 60.1557 25.49
      vertex 6.39749 60.101 25.49
    endloop
  endfacet
  facet normal -0.946916 0.321481 0
    outer loop
      vertex 7.10104 58.4025 25.49
      vertex 7.1557 58.5635 37.5
      vertex 7.1557 58.5635 25.49
    endloop
  endfacet
  facet normal -0.946916 0.321481 0
    outer loop
      vertex 7.1557 58.5635 37.5
      vertex 7.10104 58.4025 25.49
      vertex 7.10104 58.4025 37.5
    endloop
  endfacet
  facet normal 0.89686 -0.442314 0
    outer loop
      vertex 4.69896 59.3975 37.5
      vertex 4.77417 59.55 25.49
      vertex 4.77417 59.55 37.5
    endloop
  endfacet
  facet normal 0.89686 -0.442314 0
    outer loop
      vertex 4.77417 59.55 25.49
      vertex 4.69896 59.3975 37.5
      vertex 4.69896 59.3975 25.49
    endloop
  endfacet
  facet normal 0.195234 -0.980757 0
    outer loop
      vertex 5.56354 60.1557 25.49
      vertex 5.73032 60.1889 37.5
      vertex 5.56354 60.1557 37.5
    endloop
  endfacet
  facet normal 0.195234 -0.980757 0
    outer loop
      vertex 5.73032 60.1889 37.5
      vertex 5.56354 60.1557 25.49
      vertex 5.73032 60.1889 25.49
    endloop
  endfacet
  facet normal -0.195234 0.980757 0
    outer loop
      vertex 6.23646 57.6443 25.49
      vertex 6.06968 57.6111 37.5
      vertex 6.23646 57.6443 37.5
    endloop
  endfacet
  facet normal -0.195234 0.980757 0
    outer loop
      vertex 6.06968 57.6111 37.5
      vertex 6.23646 57.6443 25.49
      vertex 6.06968 57.6111 25.49
    endloop
  endfacet
  facet normal 0.946916 -0.321481 0
    outer loop
      vertex 4.6443 59.2365 37.5
      vertex 4.69896 59.3975 25.49
      vertex 4.69896 59.3975 37.5
    endloop
  endfacet
  facet normal 0.946916 -0.321481 0
    outer loop
      vertex 4.69896 59.3975 25.49
      vertex 4.6443 59.2365 37.5
      vertex 4.6443 59.2365 25.49
    endloop
  endfacet
  facet normal -0.55527 0.83167 0
    outer loop
      vertex 6.69139 57.8686 25.49
      vertex 6.55 57.7742 37.5
      vertex 6.69139 57.8686 37.5
    endloop
  endfacet
  facet normal -0.55527 0.83167 0
    outer loop
      vertex 6.55 57.7742 37.5
      vertex 6.69139 57.8686 25.49
      vertex 6.55 57.7742 25.49
    endloop
  endfacet
  facet normal -0.659607 -0.751611 0
    outer loop
      vertex 6.69139 59.9314 25.49
      vertex 6.81924 59.8192 37.5
      vertex 6.69139 59.9314 37.5
    endloop
  endfacet
  facet normal -0.659607 -0.751611 -0
    outer loop
      vertex 6.81924 59.8192 37.5
      vertex 6.69139 59.9314 25.49
      vertex 6.81924 59.8192 25.49
    endloop
  endfacet
  facet normal 0.99786 -0.0653872 0
    outer loop
      vertex 4.6 58.9 37.5
      vertex 4.61112 59.0697 25.49
      vertex 4.61112 59.0697 37.5
    endloop
  endfacet
  facet normal 0.99786 -0.0653872 0
    outer loop
      vertex 4.61112 59.0697 25.49
      vertex 4.6 58.9 37.5
      vertex 4.6 58.9 25.49
    endloop
  endfacet
  facet normal 0.321638 -0.946863 0
    outer loop
      vertex 5.40251 60.101 25.49
      vertex 5.56354 60.1557 37.5
      vertex 5.40251 60.101 37.5
    endloop
  endfacet
  facet normal 0.321638 -0.946863 0
    outer loop
      vertex 5.56354 60.1557 37.5
      vertex 5.40251 60.101 25.49
      vertex 5.56354 60.1557 25.49
    endloop
  endfacet
  facet normal 0.751716 0.659487 0
    outer loop
      vertex 4.98076 57.9808 37.5
      vertex 4.86864 58.1086 25.49
      vertex 4.86864 58.1086 37.5
    endloop
  endfacet
  facet normal 0.751716 0.659487 0
    outer loop
      vertex 4.86864 58.1086 25.49
      vertex 4.98076 57.9808 37.5
      vertex 4.98076 57.9808 25.49
    endloop
  endfacet
  facet normal -0.0652777 -0.997867 0
    outer loop
      vertex 5.9 60.2 25.49
      vertex 6.06968 60.1889 37.5
      vertex 5.9 60.2 37.5
    endloop
  endfacet
  facet normal -0.0652777 -0.997867 -0
    outer loop
      vertex 6.06968 60.1889 37.5
      vertex 5.9 60.2 25.49
      vertex 6.06968 60.1889 25.49
    endloop
  endfacet
  facet normal -0.980784 0.195098 0
    outer loop
      vertex 7.1557 58.5635 25.49
      vertex 7.18888 58.7303 37.5
      vertex 7.18888 58.7303 25.49
    endloop
  endfacet
  facet normal -0.980784 0.195098 0
    outer loop
      vertex 7.18888 58.7303 37.5
      vertex 7.1557 58.5635 25.49
      vertex 7.1557 58.5635 37.5
    endloop
  endfacet
  facet normal 0.659607 0.751611 -0
    outer loop
      vertex 5.10861 57.8686 25.49
      vertex 4.98076 57.9808 37.5
      vertex 5.10861 57.8686 37.5
    endloop
  endfacet
  facet normal 0.659607 0.751611 0
    outer loop
      vertex 4.98076 57.9808 37.5
      vertex 5.10861 57.8686 25.49
      vertex 4.98076 57.9808 25.49
    endloop
  endfacet
  facet normal -0.659607 0.751611 0
    outer loop
      vertex 6.81924 57.9808 25.49
      vertex 6.69139 57.8686 37.5
      vertex 6.81924 57.9808 37.5
    endloop
  endfacet
  facet normal -0.659607 0.751611 0
    outer loop
      vertex 6.69139 57.8686 37.5
      vertex 6.81924 57.9808 25.49
      vertex 6.69139 57.8686 25.49
    endloop
  endfacet
  facet normal -0.751716 0.659487 0
    outer loop
      vertex 6.81924 57.9808 25.49
      vertex 6.93136 58.1086 37.5
      vertex 6.93136 58.1086 25.49
    endloop
  endfacet
  facet normal -0.751716 0.659487 0
    outer loop
      vertex 6.93136 58.1086 37.5
      vertex 6.81924 57.9808 25.49
      vertex 6.81924 57.9808 37.5
    endloop
  endfacet
  facet normal -0.442243 0.896895 0
    outer loop
      vertex 6.55 57.7742 25.49
      vertex 6.39749 57.699 37.5
      vertex 6.55 57.7742 37.5
    endloop
  endfacet
  facet normal -0.442243 0.896895 0
    outer loop
      vertex 6.39749 57.699 37.5
      vertex 6.55 57.7742 25.49
      vertex 6.39749 57.699 25.49
    endloop
  endfacet
  facet normal 0.0652777 -0.997867 0
    outer loop
      vertex 5.73032 60.1889 25.49
      vertex 5.9 60.2 37.5
      vertex 5.73032 60.1889 37.5
    endloop
  endfacet
  facet normal 0.0652777 -0.997867 0
    outer loop
      vertex 5.9 60.2 37.5
      vertex 5.73032 60.1889 25.49
      vertex 5.9 60.2 25.49
    endloop
  endfacet
  facet normal 0.0652777 0.997867 -0
    outer loop
      vertex 5.9 57.6 25.49
      vertex 5.73032 57.6111 37.5
      vertex 5.9 57.6 37.5
    endloop
  endfacet
  facet normal 0.0652777 0.997867 0
    outer loop
      vertex 5.73032 57.6111 37.5
      vertex 5.9 57.6 25.49
      vertex 5.73032 57.6111 25.49
    endloop
  endfacet
  facet normal 0.89686 0.442314 0
    outer loop
      vertex 4.77417 58.25 37.5
      vertex 4.69896 58.4025 25.49
      vertex 4.69896 58.4025 37.5
    endloop
  endfacet
  facet normal 0.89686 0.442314 0
    outer loop
      vertex 4.69896 58.4025 25.49
      vertex 4.77417 58.25 37.5
      vertex 4.77417 58.25 25.49
    endloop
  endfacet
  facet normal 0.55527 -0.83167 0
    outer loop
      vertex 5.10861 59.9314 25.49
      vertex 5.25 60.0258 37.5
      vertex 5.10861 59.9314 37.5
    endloop
  endfacet
  facet normal 0.55527 -0.83167 0
    outer loop
      vertex 5.25 60.0258 37.5
      vertex 5.10861 59.9314 25.49
      vertex 5.25 60.0258 25.49
    endloop
  endfacet
  facet normal 0.442243 0.896895 -0
    outer loop
      vertex 5.40251 57.699 25.49
      vertex 5.25 57.7742 37.5
      vertex 5.40251 57.699 37.5
    endloop
  endfacet
  facet normal 0.442243 0.896895 0
    outer loop
      vertex 5.25 57.7742 37.5
      vertex 5.40251 57.699 25.49
      vertex 5.25 57.7742 25.49
    endloop
  endfacet
  facet normal 0.980784 0.195098 0
    outer loop
      vertex 4.6443 58.5635 37.5
      vertex 4.61112 58.7303 25.49
      vertex 4.61112 58.7303 37.5
    endloop
  endfacet
  facet normal 0.980784 0.195098 0
    outer loop
      vertex 4.61112 58.7303 25.49
      vertex 4.6443 58.5635 37.5
      vertex 4.6443 58.5635 25.49
    endloop
  endfacet
  facet normal 0.980784 -0.195098 0
    outer loop
      vertex 4.61112 59.0697 37.5
      vertex 4.6443 59.2365 25.49
      vertex 4.6443 59.2365 37.5
    endloop
  endfacet
  facet normal 0.980784 -0.195098 0
    outer loop
      vertex 4.6443 59.2365 25.49
      vertex 4.61112 59.0697 37.5
      vertex 4.61112 59.0697 25.49
    endloop
  endfacet
  facet normal 0 0 1
    outer loop
      vertex 7.18888 59.0697 25.49
      vertex 7.18888 58.7303 25.49
      vertex 7.2 58.9 25.49
    endloop
  endfacet
  facet normal 0 0 1
    outer loop
      vertex 7.1557 59.2365 25.49
      vertex 7.18888 58.7303 25.49
      vertex 7.18888 59.0697 25.49
    endloop
  endfacet
  facet normal 0 0 1
    outer loop
      vertex 7.1557 59.2365 25.49
      vertex 7.1557 58.5635 25.49
      vertex 7.18888 58.7303 25.49
    endloop
  endfacet
  facet normal 0 0 1
    outer loop
      vertex 7.10104 59.3975 25.49
      vertex 7.1557 58.5635 25.49
      vertex 7.1557 59.2365 25.49
    endloop
  endfacet
  facet normal 0 0 1
    outer loop
      vertex 7.10104 59.3975 25.49
      vertex 7.10104 58.4025 25.49
      vertex 7.1557 58.5635 25.49
    endloop
  endfacet
  facet normal 0 0 1
    outer loop
      vertex 7.02583 59.55 25.49
      vertex 7.10104 58.4025 25.49
      vertex 7.10104 59.3975 25.49
    endloop
  endfacet
  facet normal 0 0 1
    outer loop
      vertex 7.02583 59.55 25.49
      vertex 7.02583 58.25 25.49
      vertex 7.10104 58.4025 25.49
    endloop
  endfacet
  facet normal 0 0 1
    outer loop
      vertex 6.93136 59.6914 25.49
      vertex 7.02583 58.25 25.49
      vertex 7.02583 59.55 25.49
    endloop
  endfacet
  facet normal 0 0 1
    outer loop
      vertex 6.93136 59.6914 25.49
      vertex 6.93136 58.1086 25.49
      vertex 7.02583 58.25 25.49
    endloop
  endfacet
  facet normal 0 0 1
    outer loop
      vertex 6.81924 59.8192 25.49
      vertex 6.93136 58.1086 25.49
      vertex 6.93136 59.6914 25.49
    endloop
  endfacet
  facet normal 0 0 1
    outer loop
      vertex 6.81924 59.8192 25.49
      vertex 6.81924 57.9808 25.49
      vertex 6.93136 58.1086 25.49
    endloop
  endfacet
  facet normal 0 0 1
    outer loop
      vertex 6.69139 59.9314 25.49
      vertex 6.81924 57.9808 25.49
      vertex 6.81924 59.8192 25.49
    endloop
  endfacet
  facet normal 0 0 1
    outer loop
      vertex 6.69139 59.9314 25.49
      vertex 6.69139 57.8686 25.49
      vertex 6.81924 57.9808 25.49
    endloop
  endfacet
  facet normal 0 0 1
    outer loop
      vertex 6.55 60.0258 25.49
      vertex 6.69139 57.8686 25.49
      vertex 6.69139 59.9314 25.49
    endloop
  endfacet
  facet normal 0 0 1
    outer loop
      vertex 6.55 60.0258 25.49
      vertex 6.55 57.7742 25.49
      vertex 6.69139 57.8686 25.49
    endloop
  endfacet
  facet normal 0 0 1
    outer loop
      vertex 6.39749 60.101 25.49
      vertex 6.55 57.7742 25.49
      vertex 6.55 60.0258 25.49
    endloop
  endfacet
  facet normal 0 0 1
    outer loop
      vertex 6.39749 60.101 25.49
      vertex 6.39749 57.699 25.49
      vertex 6.55 57.7742 25.49
    endloop
  endfacet
  facet normal 0 0 1
    outer loop
      vertex 6.23646 60.1557 25.49
      vertex 6.39749 57.699 25.49
      vertex 6.39749 60.101 25.49
    endloop
  endfacet
  facet normal 0 0 1
    outer loop
      vertex 6.23646 60.1557 25.49
      vertex 6.23646 57.6443 25.49
      vertex 6.39749 57.699 25.49
    endloop
  endfacet
  facet normal 0 0 1
    outer loop
      vertex 6.06968 60.1889 25.49
      vertex 6.23646 57.6443 25.49
      vertex 6.23646 60.1557 25.49
    endloop
  endfacet
  facet normal 0 0 1
    outer loop
      vertex 6.06968 60.1889 25.49
      vertex 6.06968 57.6111 25.49
      vertex 6.23646 57.6443 25.49
    endloop
  endfacet
  facet normal 0 0 1
    outer loop
      vertex 5.9 60.2 25.49
      vertex 6.06968 57.6111 25.49
      vertex 6.06968 60.1889 25.49
    endloop
  endfacet
  facet normal 0 0 1
    outer loop
      vertex 5.9 60.2 25.49
      vertex 5.9 57.6 25.49
      vertex 6.06968 57.6111 25.49
    endloop
  endfacet
  facet normal -0 0 1
    outer loop
      vertex 5.73032 60.1889 25.49
      vertex 5.9 57.6 25.49
      vertex 5.9 60.2 25.49
    endloop
  endfacet
  facet normal 0 0 1
    outer loop
      vertex 5.73032 60.1889 25.49
      vertex 5.73032 57.6111 25.49
      vertex 5.9 57.6 25.49
    endloop
  endfacet
  facet normal -0 0 1
    outer loop
      vertex 5.56354 60.1557 25.49
      vertex 5.73032 57.6111 25.49
      vertex 5.73032 60.1889 25.49
    endloop
  endfacet
  facet normal 0 0 1
    outer loop
      vertex 5.56354 60.1557 25.49
      vertex 5.56354 57.6443 25.49
      vertex 5.73032 57.6111 25.49
    endloop
  endfacet
  facet normal -0 0 1
    outer loop
      vertex 5.40251 60.101 25.49
      vertex 5.56354 57.6443 25.49
      vertex 5.56354 60.1557 25.49
    endloop
  endfacet
  facet normal 0 0 1
    outer loop
      vertex 5.40251 60.101 25.49
      vertex 5.40251 57.699 25.49
      vertex 5.56354 57.6443 25.49
    endloop
  endfacet
  facet normal -0 0 1
    outer loop
      vertex 5.25 60.0258 25.49
      vertex 5.40251 57.699 25.49
      vertex 5.40251 60.101 25.49
    endloop
  endfacet
  facet normal 0 0 1
    outer loop
      vertex 5.25 60.0258 25.49
      vertex 5.25 57.7742 25.49
      vertex 5.40251 57.699 25.49
    endloop
  endfacet
  facet normal -0 0 1
    outer loop
      vertex 5.10861 59.9314 25.49
      vertex 5.25 57.7742 25.49
      vertex 5.25 60.0258 25.49
    endloop
  endfacet
  facet normal 0 0 1
    outer loop
      vertex 5.10861 59.9314 25.49
      vertex 5.10861 57.8686 25.49
      vertex 5.25 57.7742 25.49
    endloop
  endfacet
  facet normal -0 0 1
    outer loop
      vertex 4.98076 59.8192 25.49
      vertex 5.10861 57.8686 25.49
      vertex 5.10861 59.9314 25.49
    endloop
  endfacet
  facet normal 0 0 1
    outer loop
      vertex 4.98076 59.8192 25.49
      vertex 4.98076 57.9808 25.49
      vertex 5.10861 57.8686 25.49
    endloop
  endfacet
  facet normal -0 0 1
    outer loop
      vertex 4.86864 59.6914 25.49
      vertex 4.98076 57.9808 25.49
      vertex 4.98076 59.8192 25.49
    endloop
  endfacet
  facet normal 0 0 1
    outer loop
      vertex 4.86864 59.6914 25.49
      vertex 4.86864 58.1086 25.49
      vertex 4.98076 57.9808 25.49
    endloop
  endfacet
  facet normal -0 0 1
    outer loop
      vertex 4.77417 59.55 25.49
      vertex 4.86864 58.1086 25.49
      vertex 4.86864 59.6914 25.49
    endloop
  endfacet
  facet normal 0 0 1
    outer loop
      vertex 4.77417 59.55 25.49
      vertex 4.77417 58.25 25.49
      vertex 4.86864 58.1086 25.49
    endloop
  endfacet
  facet normal -0 0 1
    outer loop
      vertex 4.69896 59.3975 25.49
      vertex 4.77417 58.25 25.49
      vertex 4.77417 59.55 25.49
    endloop
  endfacet
  facet normal 0 0 1
    outer loop
      vertex 4.69896 59.3975 25.49
      vertex 4.69896 58.4025 25.49
      vertex 4.77417 58.25 25.49
    endloop
  endfacet
  facet normal -0 0 1
    outer loop
      vertex 4.6443 59.2365 25.49
      vertex 4.69896 58.4025 25.49
      vertex 4.69896 59.3975 25.49
    endloop
  endfacet
  facet normal 0 0 1
    outer loop
      vertex 4.6443 59.2365 25.49
      vertex 4.6443 58.5635 25.49
      vertex 4.69896 58.4025 25.49
    endloop
  endfacet
  facet normal -0 0 1
    outer loop
      vertex 4.61112 59.0697 25.49
      vertex 4.6443 58.5635 25.49
      vertex 4.6443 59.2365 25.49
    endloop
  endfacet
  facet normal 0 0 1
    outer loop
      vertex 4.61112 59.0697 25.49
      vertex 4.61112 58.7303 25.49
      vertex 4.6443 58.5635 25.49
    endloop
  endfacet
  facet normal 0 -0 1
    outer loop
      vertex 4.61112 58.7303 25.49
      vertex 4.61112 59.0697 25.49
      vertex 4.6 58.9 25.49
    endloop
  endfacet
  facet normal 0.980918 0.194423 0
    outer loop
      vertex 214.77 6.35684 37.5
      vertex 214.681 6.80587 7.5
      vertex 214.681 6.80587 37.5
    endloop
  endfacet
  facet normal 0.980918 0.194423 0
    outer loop
      vertex 214.681 6.80587 7.5
      vertex 214.77 6.35684 37.5
      vertex 214.77 6.35684 7.5
    endloop
  endfacet
  facet normal 0.997851 0.0655288 0
    outer loop
      vertex 214.8 5.90001 37.5
      vertex 214.77 6.35684 7.5
      vertex 214.77 6.35684 37.5
    endloop
  endfacet
  facet normal 0.997851 0.0655288 0
    outer loop
      vertex 214.77 6.35684 7.5
      vertex 214.8 5.90001 37.5
      vertex 214.8 5.90001 7.5
    endloop
  endfacet
  facet normal 0.831822 0.555043 0
    outer loop
      vertex 214.331 7.65 37.5
      vertex 214.077 8.03066 7.5
      vertex 214.077 8.03066 37.5
    endloop
  endfacet
  facet normal 0.831822 0.555043 0
    outer loop
      vertex 214.077 8.03066 7.5
      vertex 214.331 7.65 37.5
      vertex 214.331 7.65 7.5
    endloop
  endfacet
  facet normal -0.896431 0.443183 0
    outer loop
      vertex 208.066 7.23939 7.5
      vertex 208.269 7.65 37.5
      vertex 208.269 7.65 7.5
    endloop
  endfacet
  facet normal -0.896431 0.443183 0
    outer loop
      vertex 208.269 7.65 37.5
      vertex 208.066 7.23939 7.5
      vertex 208.066 7.23939 37.5
    endloop
  endfacet
  facet normal -0.555229 0.831697 0
    outer loop
      vertex 209.55 8.93109 7.5
      vertex 209.169 8.67674 37.5
      vertex 209.55 8.93109 37.5
    endloop
  endfacet
  facet normal -0.555229 0.831697 0
    outer loop
      vertex 209.169 8.67674 37.5
      vertex 209.55 8.93109 7.5
      vertex 209.169 8.67674 7.5
    endloop
  endfacet
  facet normal -0.659581 0.751634 0
    outer loop
      vertex 209.169 8.67674 7.5
      vertex 208.825 8.37487 37.5
      vertex 209.169 8.67674 37.5
    endloop
  endfacet
  facet normal -0.659581 0.751634 0
    outer loop
      vertex 208.825 8.37487 37.5
      vertex 209.169 8.67674 7.5
      vertex 208.825 8.37487 7.5
    endloop
  endfacet
  facet normal -0.751693 0.659514 0
    outer loop
      vertex 208.523 8.03066 7.5
      vertex 208.825 8.37487 37.5
      vertex 208.825 8.37487 7.5
    endloop
  endfacet
  facet normal -0.751693 0.659514 0
    outer loop
      vertex 208.825 8.37487 37.5
      vertex 208.523 8.03066 7.5
      vertex 208.523 8.03066 37.5
    endloop
  endfacet
  facet normal -0.997851 0.0655274 0
    outer loop
      vertex 207.8 5.9 7.5
      vertex 207.83 6.35684 37.5
      vertex 207.83 6.35684 7.5
    endloop
  endfacet
  facet normal -0.997851 0.0655274 0
    outer loop
      vertex 207.83 6.35684 37.5
      vertex 207.8 5.9 7.5
      vertex 207.8 5.9 37.5
    endloop
  endfacet
  facet normal 0.555229 0.831697 -0
    outer loop
      vertex 213.431 8.67674 7.5
      vertex 213.05 8.93109 37.5
      vertex 213.431 8.67674 37.5
    endloop
  endfacet
  facet normal 0.555229 0.831697 0
    outer loop
      vertex 213.05 8.93109 37.5
      vertex 213.431 8.67674 7.5
      vertex 213.05 8.93109 7.5
    endloop
  endfacet
  facet normal -0.321785 -0.946813 0
    outer loop
      vertex 209.961 2.66642 7.5
      vertex 210.394 2.51926 37.5
      vertex 209.961 2.66642 37.5
    endloop
  endfacet
  facet normal -0.321785 -0.946813 -0
    outer loop
      vertex 210.394 2.51926 37.5
      vertex 209.961 2.66642 7.5
      vertex 210.394 2.51926 7.5
    endloop
  endfacet
  facet normal -0.321785 0.946813 0
    outer loop
      vertex 210.394 9.28074 7.5
      vertex 209.961 9.13358 37.5
      vertex 210.394 9.28074 37.5
    endloop
  endfacet
  facet normal -0.321785 0.946813 0
    outer loop
      vertex 209.961 9.13358 37.5
      vertex 210.394 9.28074 7.5
      vertex 209.961 9.13358 7.5
    endloop
  endfacet
  facet normal -0.831822 -0.555043 0
    outer loop
      vertex 208.523 3.76934 7.5
      vertex 208.269 4.15 37.5
      vertex 208.269 4.15 7.5
    endloop
  endfacet
  facet normal -0.831822 -0.555043 0
    outer loop
      vertex 208.269 4.15 37.5
      vertex 208.523 3.76934 7.5
      vertex 208.523 3.76934 37.5
    endloop
  endfacet
  facet normal -0.947037 0.321126 0
    outer loop
      vertex 207.919 6.80587 7.5
      vertex 208.066 7.23939 37.5
      vertex 208.066 7.23939 7.5
    endloop
  endfacet
  facet normal -0.947037 0.321126 0
    outer loop
      vertex 208.066 7.23939 37.5
      vertex 207.919 6.80587 7.5
      vertex 207.919 6.80587 37.5
    endloop
  endfacet
  facet normal 0.321785 0.946813 -0
    outer loop
      vertex 212.639 9.13358 7.5
      vertex 212.206 9.28074 37.5
      vertex 212.639 9.13358 37.5
    endloop
  endfacet
  facet normal 0.321785 0.946813 0
    outer loop
      vertex 212.206 9.28074 37.5
      vertex 212.639 9.13358 7.5
      vertex 212.206 9.28074 7.5
    endloop
  endfacet
  facet normal 0.0653741 0.997861 -0
    outer loop
      vertex 211.757 9.37006 7.5
      vertex 211.3 9.4 37.5
      vertex 211.757 9.37006 37.5
    endloop
  endfacet
  facet normal 0.0653741 0.997861 0
    outer loop
      vertex 211.3 9.4 37.5
      vertex 211.757 9.37006 7.5
      vertex 211.3 9.4 7.5
    endloop
  endfacet
  facet normal -0.44195 0.89704 0
    outer loop
      vertex 209.961 9.13358 7.5
      vertex 209.55 8.93109 37.5
      vertex 209.961 9.13358 37.5
    endloop
  endfacet
  facet normal -0.44195 0.89704 0
    outer loop
      vertex 209.55 8.93109 37.5
      vertex 209.961 9.13358 7.5
      vertex 209.55 8.93109 7.5
    endloop
  endfacet
  facet normal -0.997851 -0.0655274 0
    outer loop
      vertex 207.83 5.44316 7.5
      vertex 207.8 5.9 37.5
      vertex 207.8 5.9 7.5
    endloop
  endfacet
  facet normal -0.997851 -0.0655274 0
    outer loop
      vertex 207.8 5.9 37.5
      vertex 207.83 5.44316 7.5
      vertex 207.83 5.44316 37.5
    endloop
  endfacet
  facet normal -0.947037 -0.321126 0
    outer loop
      vertex 208.066 4.56061 7.5
      vertex 207.919 4.99413 37.5
      vertex 207.919 4.99413 7.5
    endloop
  endfacet
  facet normal -0.947037 -0.321126 0
    outer loop
      vertex 207.919 4.99413 37.5
      vertex 208.066 4.56061 7.5
      vertex 208.066 4.56061 37.5
    endloop
  endfacet
  facet normal -0.659581 -0.751634 0
    outer loop
      vertex 208.825 3.42513 7.5
      vertex 209.169 3.12326 37.5
      vertex 208.825 3.42513 37.5
    endloop
  endfacet
  facet normal -0.659581 -0.751634 -0
    outer loop
      vertex 209.169 3.12326 37.5
      vertex 208.825 3.42513 7.5
      vertex 209.169 3.12326 7.5
    endloop
  endfacet
  facet normal 0.44195 0.89704 -0
    outer loop
      vertex 213.05 8.93109 7.5
      vertex 212.639 9.13358 37.5
      vertex 213.05 8.93109 37.5
    endloop
  endfacet
  facet normal 0.44195 0.89704 0
    outer loop
      vertex 212.639 9.13358 37.5
      vertex 213.05 8.93109 7.5
      vertex 212.639 9.13358 7.5
    endloop
  endfacet
  facet normal -0.195108 0.980782 0
    outer loop
      vertex 210.843 9.37006 7.5
      vertex 210.394 9.28074 37.5
      vertex 210.843 9.37006 37.5
    endloop
  endfacet
  facet normal -0.195108 0.980782 0
    outer loop
      vertex 210.394 9.28074 37.5
      vertex 210.843 9.37006 7.5
      vertex 210.394 9.28074 7.5
    endloop
  endfacet
  facet normal 0.751693 0.659514 0
    outer loop
      vertex 214.077 8.03066 37.5
      vertex 213.775 8.37487 7.5
      vertex 213.775 8.37487 37.5
    endloop
  endfacet
  facet normal 0.751693 0.659514 0
    outer loop
      vertex 213.775 8.37487 7.5
      vertex 214.077 8.03066 37.5
      vertex 214.077 8.03066 7.5
    endloop
  endfacet
  facet normal 0.195108 0.980782 -0
    outer loop
      vertex 212.206 9.28074 7.5
      vertex 211.757 9.37006 37.5
      vertex 212.206 9.28074 37.5
    endloop
  endfacet
  facet normal 0.195108 0.980782 0
    outer loop
      vertex 211.757 9.37006 37.5
      vertex 212.206 9.28074 7.5
      vertex 211.757 9.37006 7.5
    endloop
  endfacet
  facet normal -0.44195 -0.89704 0
    outer loop
      vertex 209.55 2.86891 7.5
      vertex 209.961 2.66642 37.5
      vertex 209.55 2.86891 37.5
    endloop
  endfacet
  facet normal -0.44195 -0.89704 -0
    outer loop
      vertex 209.961 2.66642 37.5
      vertex 209.55 2.86891 7.5
      vertex 209.961 2.66642 7.5
    endloop
  endfacet
  facet normal -0.0653741 0.997861 0
    outer loop
      vertex 211.3 9.4 7.5
      vertex 210.843 9.37006 37.5
      vertex 211.3 9.4 37.5
    endloop
  endfacet
  facet normal -0.0653741 0.997861 0
    outer loop
      vertex 210.843 9.37006 37.5
      vertex 211.3 9.4 7.5
      vertex 210.843 9.37006 7.5
    endloop
  endfacet
  facet normal -0.980918 0.194423 0
    outer loop
      vertex 207.83 6.35684 7.5
      vertex 207.919 6.80587 37.5
      vertex 207.919 6.80587 7.5
    endloop
  endfacet
  facet normal -0.980918 0.194423 0
    outer loop
      vertex 207.919 6.80587 37.5
      vertex 207.83 6.35684 7.5
      vertex 207.83 6.35684 37.5
    endloop
  endfacet
  facet normal -0.896431 -0.443183 0
    outer loop
      vertex 208.269 4.15 7.5
      vertex 208.066 4.56061 37.5
      vertex 208.066 4.56061 7.5
    endloop
  endfacet
  facet normal -0.896431 -0.443183 0
    outer loop
      vertex 208.066 4.56061 37.5
      vertex 208.269 4.15 7.5
      vertex 208.269 4.15 37.5
    endloop
  endfacet
  facet normal 0.659581 0.751634 -0
    outer loop
      vertex 213.775 8.37487 7.5
      vertex 213.431 8.67674 37.5
      vertex 213.775 8.37487 37.5
    endloop
  endfacet
  facet normal 0.659581 0.751634 0
    outer loop
      vertex 213.431 8.67674 37.5
      vertex 213.775 8.37487 7.5
      vertex 213.431 8.67674 7.5
    endloop
  endfacet
  facet normal -0.555229 -0.831697 0
    outer loop
      vertex 209.169 3.12326 7.5
      vertex 209.55 2.86891 37.5
      vertex 209.169 3.12326 37.5
    endloop
  endfacet
  facet normal -0.555229 -0.831697 -0
    outer loop
      vertex 209.55 2.86891 37.5
      vertex 209.169 3.12326 7.5
      vertex 209.55 2.86891 7.5
    endloop
  endfacet
  facet normal 0.896431 0.443183 0
    outer loop
      vertex 214.534 7.23939 37.5
      vertex 214.331 7.65 7.5
      vertex 214.331 7.65 37.5
    endloop
  endfacet
  facet normal 0.896431 0.443183 0
    outer loop
      vertex 214.331 7.65 7.5
      vertex 214.534 7.23939 37.5
      vertex 214.534 7.23939 7.5
    endloop
  endfacet
  facet normal 0.947037 0.321126 0
    outer loop
      vertex 214.681 6.80587 37.5
      vertex 214.534 7.23939 7.5
      vertex 214.534 7.23939 37.5
    endloop
  endfacet
  facet normal 0.947037 0.321126 0
    outer loop
      vertex 214.534 7.23939 7.5
      vertex 214.681 6.80587 37.5
      vertex 214.681 6.80587 7.5
    endloop
  endfacet
  facet normal -0.980918 -0.194423 0
    outer loop
      vertex 207.919 4.99413 7.5
      vertex 207.83 5.44316 37.5
      vertex 207.83 5.44316 7.5
    endloop
  endfacet
  facet normal -0.980918 -0.194423 0
    outer loop
      vertex 207.83 5.44316 37.5
      vertex 207.919 4.99413 7.5
      vertex 207.919 4.99413 37.5
    endloop
  endfacet
  facet normal -0.751693 -0.659514 0
    outer loop
      vertex 208.825 3.42513 7.5
      vertex 208.523 3.76934 37.5
      vertex 208.523 3.76934 7.5
    endloop
  endfacet
  facet normal -0.751693 -0.659514 0
    outer loop
      vertex 208.523 3.76934 37.5
      vertex 208.825 3.42513 7.5
      vertex 208.825 3.42513 37.5
    endloop
  endfacet
  facet normal 0 0 1
    outer loop
      vertex 214.77 6.35684 37.5
      vertex 212.589 6.06968 37.5
      vertex 212.6 5.9 37.5
    endloop
  endfacet
  facet normal 0 0 1
    outer loop
      vertex 213.05 8.93109 37.5
      vertex 212.556 6.23646 37.5
      vertex 212.589 6.06968 37.5
    endloop
  endfacet
  facet normal 0 0 1
    outer loop
      vertex 213.05 8.93109 37.5
      vertex 212.501 6.39749 37.5
      vertex 212.556 6.23646 37.5
    endloop
  endfacet
  facet normal 0 0 1
    outer loop
      vertex 213.05 8.93109 37.5
      vertex 212.426 6.55 37.5
      vertex 212.501 6.39749 37.5
    endloop
  endfacet
  facet normal 0 0 1
    outer loop
      vertex 213.05 8.93109 37.5
      vertex 212.331 6.69139 37.5
      vertex 212.426 6.55 37.5
    endloop
  endfacet
  facet normal 0 0 1
    outer loop
      vertex 213.05 8.93109 37.5
      vertex 212.219 6.81924 37.5
      vertex 212.331 6.69139 37.5
    endloop
  endfacet
  facet normal 0 0 1
    outer loop
      vertex 211.797 7.10104 37.5
      vertex 212.639 9.13358 37.5
      vertex 212.206 9.28074 37.5
    endloop
  endfacet
  facet normal 0 0 1
    outer loop
      vertex 213.05 8.93109 37.5
      vertex 212.091 6.93136 37.5
      vertex 212.219 6.81924 37.5
    endloop
  endfacet
  facet normal 0 0 1
    outer loop
      vertex 213.05 8.93109 37.5
      vertex 211.95 7.02583 37.5
      vertex 212.091 6.93136 37.5
    endloop
  endfacet
  facet normal 0 0 1
    outer loop
      vertex 212.639 9.13358 37.5
      vertex 211.797 7.10104 37.5
      vertex 211.95 7.02583 37.5
    endloop
  endfacet
  facet normal 0 0 1
    outer loop
      vertex 211.636 7.1557 37.5
      vertex 212.206 9.28074 37.5
      vertex 211.757 9.37006 37.5
    endloop
  endfacet
  facet normal 0 0 1
    outer loop
      vertex 212.206 9.28074 37.5
      vertex 211.636 7.1557 37.5
      vertex 211.797 7.10104 37.5
    endloop
  endfacet
  facet normal 0 0 1
    outer loop
      vertex 211.757 9.37006 37.5
      vertex 211.47 7.18888 37.5
      vertex 211.636 7.1557 37.5
    endloop
  endfacet
  facet normal 0 0 1
    outer loop
      vertex 211.3 9.4 37.5
      vertex 211.47 7.18888 37.5
      vertex 211.757 9.37006 37.5
    endloop
  endfacet
  facet normal 0 0 1
    outer loop
      vertex 211.3 9.4 37.5
      vertex 211.3 7.2 37.5
      vertex 211.47 7.18888 37.5
    endloop
  endfacet
  facet normal 0 0 1
    outer loop
      vertex 211.3 9.4 37.5
      vertex 211.13 7.18888 37.5
      vertex 211.3 7.2 37.5
    endloop
  endfacet
  facet normal -0 0 1
    outer loop
      vertex 210.843 9.37006 37.5
      vertex 211.13 7.18888 37.5
      vertex 211.3 9.4 37.5
    endloop
  endfacet
  facet normal 0 0 1
    outer loop
      vertex 211.13 7.18888 37.5
      vertex 210.843 9.37006 37.5
      vertex 210.964 7.1557 37.5
    endloop
  endfacet
  facet normal -0 0 1
    outer loop
      vertex 210.394 9.28074 37.5
      vertex 210.964 7.1557 37.5
      vertex 210.843 9.37006 37.5
    endloop
  endfacet
  facet normal 0 0 1
    outer loop
      vertex 210.964 7.1557 37.5
      vertex 210.394 9.28074 37.5
      vertex 210.803 7.10104 37.5
    endloop
  endfacet
  facet normal -0 0 1
    outer loop
      vertex 209.961 9.13358 37.5
      vertex 210.803 7.10104 37.5
      vertex 210.394 9.28074 37.5
    endloop
  endfacet
  facet normal 0 0 1
    outer loop
      vertex 210.803 7.10104 37.5
      vertex 209.961 9.13358 37.5
      vertex 210.65 7.02583 37.5
    endloop
  endfacet
  facet normal -0 0 1
    outer loop
      vertex 209.55 8.93109 37.5
      vertex 210.65 7.02583 37.5
      vertex 209.961 9.13358 37.5
    endloop
  endfacet
  facet normal 0 0 1
    outer loop
      vertex 210.65 7.02583 37.5
      vertex 209.55 8.93109 37.5
      vertex 210.509 6.93136 37.5
    endloop
  endfacet
  facet normal -0 0 1
    outer loop
      vertex 209.169 8.67674 37.5
      vertex 210.509 6.93136 37.5
      vertex 209.55 8.93109 37.5
    endloop
  endfacet
  facet normal 0 0 1
    outer loop
      vertex 210.509 6.93136 37.5
      vertex 209.169 8.67674 37.5
      vertex 210.381 6.81924 37.5
    endloop
  endfacet
  facet normal -0 0 1
    outer loop
      vertex 208.825 8.37487 37.5
      vertex 210.381 6.81924 37.5
      vertex 209.169 8.67674 37.5
    endloop
  endfacet
  facet normal 0 0 1
    outer loop
      vertex 210.381 6.81924 37.5
      vertex 208.825 8.37487 37.5
      vertex 210.269 6.69139 37.5
    endloop
  endfacet
  facet normal 0 0 1
    outer loop
      vertex 210.269 6.69139 37.5
      vertex 208.523 8.03066 37.5
      vertex 210.174 6.55 37.5
    endloop
  endfacet
  facet normal -0 0 1
    outer loop
      vertex 208.523 8.03066 37.5
      vertex 210.269 6.69139 37.5
      vertex 208.825 8.37487 37.5
    endloop
  endfacet
  facet normal 0 0 1
    outer loop
      vertex 212.6 5.9 37.5
      vertex 214.8 5.90001 37.5
      vertex 214.77 6.35684 37.5
    endloop
  endfacet
  facet normal 0 0 1
    outer loop
      vertex 212.589 6.06968 37.5
      vertex 214.77 6.35684 37.5
      vertex 214.681 6.80587 37.5
    endloop
  endfacet
  facet normal 0 0 1
    outer loop
      vertex 212.589 6.06968 37.5
      vertex 214.681 6.80587 37.5
      vertex 214.534 7.23939 37.5
    endloop
  endfacet
  facet normal 0 0 1
    outer loop
      vertex 212.589 6.06968 37.5
      vertex 214.534 7.23939 37.5
      vertex 214.331 7.65 37.5
    endloop
  endfacet
  facet normal 0 0 1
    outer loop
      vertex 212.589 6.06968 37.5
      vertex 214.331 7.65 37.5
      vertex 214.077 8.03066 37.5
    endloop
  endfacet
  facet normal 0 0 1
    outer loop
      vertex 212.589 6.06968 37.5
      vertex 214.077 8.03066 37.5
      vertex 213.775 8.37487 37.5
    endloop
  endfacet
  facet normal 0 0 1
    outer loop
      vertex 212.589 6.06968 37.5
      vertex 213.775 8.37487 37.5
      vertex 213.431 8.67674 37.5
    endloop
  endfacet
  facet normal 0 0 1
    outer loop
      vertex 212.589 6.06968 37.5
      vertex 213.431 8.67674 37.5
      vertex 213.05 8.93109 37.5
    endloop
  endfacet
  facet normal 0 0 1
    outer loop
      vertex 211.95 7.02583 37.5
      vertex 213.05 8.93109 37.5
      vertex 212.639 9.13358 37.5
    endloop
  endfacet
  facet normal 0 0 1
    outer loop
      vertex 214.8 5.90001 37.5
      vertex 212.6 5.9 37.5
      vertex 212.589 5.73032 37.5
    endloop
  endfacet
  facet normal 0 0 1
    outer loop
      vertex 214.8 5.90001 37.5
      vertex 212.589 5.73032 37.5
      vertex 212.556 5.56354 37.5
    endloop
  endfacet
  facet normal 0 0 1
    outer loop
      vertex 214.8 5.90001 37.5
      vertex 212.556 5.56354 37.5
      vertex 212.501 5.40251 37.5
    endloop
  endfacet
  facet normal 0 0 1
    outer loop
      vertex 214.8 5.90001 37.5
      vertex 212.501 5.40251 37.5
      vertex 212.426 5.25 37.5
    endloop
  endfacet
  facet normal 0 0 1
    outer loop
      vertex 214.8 5.90001 37.5
      vertex 212.426 5.25 37.5
      vertex 214.8 2.4 37.5
    endloop
  endfacet
  facet normal -0 0 1
    outer loop
      vertex 212.331 5.10861 37.5
      vertex 214.8 2.4 37.5
      vertex 212.426 5.25 37.5
    endloop
  endfacet
  facet normal -0 0 1
    outer loop
      vertex 212.219 4.98076 37.5
      vertex 214.8 2.4 37.5
      vertex 212.331 5.10861 37.5
    endloop
  endfacet
  facet normal -0 0 1
    outer loop
      vertex 212.091 4.86864 37.5
      vertex 214.8 2.4 37.5
      vertex 212.219 4.98076 37.5
    endloop
  endfacet
  facet normal -0 0 1
    outer loop
      vertex 211.95 4.77417 37.5
      vertex 214.8 2.4 37.5
      vertex 212.091 4.86864 37.5
    endloop
  endfacet
  facet normal 0 0 1
    outer loop
      vertex 211.3 2.4 37.5
      vertex 211.95 4.77417 37.5
      vertex 211.797 4.69896 37.5
    endloop
  endfacet
  facet normal 0 0 1
    outer loop
      vertex 211.3 2.4 37.5
      vertex 211.797 4.69896 37.5
      vertex 211.636 4.6443 37.5
    endloop
  endfacet
  facet normal 0 0 1
    outer loop
      vertex 211.3 2.4 37.5
      vertex 211.636 4.6443 37.5
      vertex 211.47 4.61112 37.5
    endloop
  endfacet
  facet normal 0 0 1
    outer loop
      vertex 211.3 2.4 37.5
      vertex 211.47 4.61112 37.5
      vertex 211.3 4.6 37.5
    endloop
  endfacet
  facet normal 0 0 1
    outer loop
      vertex 211.95 4.77417 37.5
      vertex 211.3 2.4 37.5
      vertex 214.8 2.4 37.5
    endloop
  endfacet
  facet normal 0 0 1
    outer loop
      vertex 211.13 4.61112 37.5
      vertex 211.3 2.4 37.5
      vertex 211.3 4.6 37.5
    endloop
  endfacet
  facet normal 0 0 1
    outer loop
      vertex 210.843 2.42994 37.5
      vertex 211.13 4.61112 37.5
      vertex 210.964 4.6443 37.5
    endloop
  endfacet
  facet normal 0 0 1
    outer loop
      vertex 211.13 4.61112 37.5
      vertex 210.843 2.42994 37.5
      vertex 211.3 2.4 37.5
    endloop
  endfacet
  facet normal 0 0 1
    outer loop
      vertex 210.394 2.51926 37.5
      vertex 210.964 4.6443 37.5
      vertex 210.803 4.69896 37.5
    endloop
  endfacet
  facet normal 0 0 1
    outer loop
      vertex 209.961 2.66642 37.5
      vertex 210.803 4.69896 37.5
      vertex 210.65 4.77417 37.5
    endloop
  endfacet
  facet normal 0 0 1
    outer loop
      vertex 209.55 2.86891 37.5
      vertex 210.65 4.77417 37.5
      vertex 210.509 4.86864 37.5
    endloop
  endfacet
  facet normal 0 0 1
    outer loop
      vertex 210.964 4.6443 37.5
      vertex 210.394 2.51926 37.5
      vertex 210.843 2.42994 37.5
    endloop
  endfacet
  facet normal 0 0 1
    outer loop
      vertex 209.169 3.12326 37.5
      vertex 210.509 4.86864 37.5
      vertex 210.381 4.98076 37.5
    endloop
  endfacet
  facet normal 0 0 1
    outer loop
      vertex 208.825 3.42513 37.5
      vertex 210.381 4.98076 37.5
      vertex 210.269 5.10861 37.5
    endloop
  endfacet
  facet normal 0 0 1
    outer loop
      vertex 208.523 3.76934 37.5
      vertex 210.269 5.10861 37.5
      vertex 210.174 5.25 37.5
    endloop
  endfacet
  facet normal 0 0 1
    outer loop
      vertex 208.269 4.15 37.5
      vertex 210.174 5.25 37.5
      vertex 210.099 5.40251 37.5
    endloop
  endfacet
  facet normal 0 0 1
    outer loop
      vertex 208.066 4.56061 37.5
      vertex 210.099 5.40251 37.5
      vertex 210.044 5.56354 37.5
    endloop
  endfacet
  facet normal 0 0 1
    outer loop
      vertex 207.919 4.99413 37.5
      vertex 210.044 5.56354 37.5
      vertex 210.011 5.73032 37.5
    endloop
  endfacet
  facet normal 0 0 1
    outer loop
      vertex 210.803 4.69896 37.5
      vertex 209.961 2.66642 37.5
      vertex 210.394 2.51926 37.5
    endloop
  endfacet
  facet normal 0 0 1
    outer loop
      vertex 207.83 5.44316 37.5
      vertex 210.011 5.73032 37.5
      vertex 210 5.9 37.5
    endloop
  endfacet
  facet normal -0 0 1
    outer loop
      vertex 208.269 7.65 37.5
      vertex 210.174 6.55 37.5
      vertex 208.523 8.03066 37.5
    endloop
  endfacet
  facet normal 0 0 1
    outer loop
      vertex 210.174 6.55 37.5
      vertex 208.269 7.65 37.5
      vertex 210.099 6.39749 37.5
    endloop
  endfacet
  facet normal 0 0 1
    outer loop
      vertex 210.65 4.77417 37.5
      vertex 209.55 2.86891 37.5
      vertex 209.961 2.66642 37.5
    endloop
  endfacet
  facet normal -0 0 1
    outer loop
      vertex 208.066 7.23939 37.5
      vertex 210.099 6.39749 37.5
      vertex 208.269 7.65 37.5
    endloop
  endfacet
  facet normal 0 0 1
    outer loop
      vertex 210.509 4.86864 37.5
      vertex 209.169 3.12326 37.5
      vertex 209.55 2.86891 37.5
    endloop
  endfacet
  facet normal 0 0 1
    outer loop
      vertex 210.099 6.39749 37.5
      vertex 208.066 7.23939 37.5
      vertex 210.044 6.23646 37.5
    endloop
  endfacet
  facet normal 0 0 1
    outer loop
      vertex 210.381 4.98076 37.5
      vertex 208.825 3.42513 37.5
      vertex 209.169 3.12326 37.5
    endloop
  endfacet
  facet normal -0 0 1
    outer loop
      vertex 207.919 6.80587 37.5
      vertex 210.044 6.23646 37.5
      vertex 208.066 7.23939 37.5
    endloop
  endfacet
  facet normal 0 0 1
    outer loop
      vertex 210.269 5.10861 37.5
      vertex 208.523 3.76934 37.5
      vertex 208.825 3.42513 37.5
    endloop
  endfacet
  facet normal 0 0 1
    outer loop
      vertex 210.044 6.23646 37.5
      vertex 207.919 6.80587 37.5
      vertex 210.011 6.06968 37.5
    endloop
  endfacet
  facet normal 0 0 1
    outer loop
      vertex 210.174 5.25 37.5
      vertex 208.269 4.15 37.5
      vertex 208.523 3.76934 37.5
    endloop
  endfacet
  facet normal -0 0 1
    outer loop
      vertex 207.83 6.35684 37.5
      vertex 210.011 6.06968 37.5
      vertex 207.919 6.80587 37.5
    endloop
  endfacet
  facet normal 0 0 1
    outer loop
      vertex 210.099 5.40251 37.5
      vertex 208.066 4.56061 37.5
      vertex 208.269 4.15 37.5
    endloop
  endfacet
  facet normal 0 0 1
    outer loop
      vertex 210.011 6.06968 37.5
      vertex 207.83 6.35684 37.5
      vertex 210 5.9 37.5
    endloop
  endfacet
  facet normal 0 0 1
    outer loop
      vertex 210.044 5.56354 37.5
      vertex 207.919 4.99413 37.5
      vertex 208.066 4.56061 37.5
    endloop
  endfacet
  facet normal 0 0 1
    outer loop
      vertex 207.8 5.9 37.5
      vertex 210 5.9 37.5
      vertex 207.83 6.35684 37.5
    endloop
  endfacet
  facet normal 0 0 1
    outer loop
      vertex 210.011 5.73032 37.5
      vertex 207.83 5.44316 37.5
      vertex 207.919 4.99413 37.5
    endloop
  endfacet
  facet normal 0 0 1
    outer loop
      vertex 210 5.9 37.5
      vertex 207.8 5.9 37.5
      vertex 207.83 5.44316 37.5
    endloop
  endfacet
  facet normal -0.195108 -0.980782 0
    outer loop
      vertex 210.394 2.51926 7.5
      vertex 210.843 2.42994 37.5
      vertex 210.394 2.51926 37.5
    endloop
  endfacet
  facet normal -0.195108 -0.980782 -0
    outer loop
      vertex 210.843 2.42994 37.5
      vertex 210.394 2.51926 7.5
      vertex 210.843 2.42994 7.5
    endloop
  endfacet
  facet normal -0.831822 0.555043 0
    outer loop
      vertex 208.269 7.65 7.5
      vertex 208.523 8.03066 37.5
      vertex 208.523 8.03066 7.5
    endloop
  endfacet
  facet normal -0.831822 0.555043 0
    outer loop
      vertex 208.523 8.03066 37.5
      vertex 208.269 7.65 7.5
      vertex 208.269 7.65 37.5
    endloop
  endfacet
  facet normal -0.0653741 -0.997861 0
    outer loop
      vertex 210.843 2.42994 7.5
      vertex 211.3 2.4 37.5
      vertex 210.843 2.42994 37.5
    endloop
  endfacet
  facet normal -0.0653741 -0.997861 -0
    outer loop
      vertex 211.3 2.4 37.5
      vertex 210.843 2.42994 7.5
      vertex 211.3 2.4 7.5
    endloop
  endfacet
  facet normal 0 -1 0
    outer loop
      vertex 211.3 2.4 7.5
      vertex 214.8 2.4 37.5
      vertex 211.3 2.4 37.5
    endloop
  endfacet
  facet normal 0 -1 -0
    outer loop
      vertex 214.8 2.4 37.5
      vertex 211.3 2.4 7.5
      vertex 214.8 2.4 7.5
    endloop
  endfacet
  facet normal -0.980981 -0.194102 0
    outer loop
      vertex 212.589 6.06968 25.49
      vertex 212.556 6.23646 37.5
      vertex 212.556 6.23646 25.49
    endloop
  endfacet
  facet normal -0.980981 -0.194102 0
    outer loop
      vertex 212.556 6.23646 37.5
      vertex 212.589 6.06968 25.49
      vertex 212.589 6.06968 37.5
    endloop
  endfacet
  facet normal -0.997905 -0.0646921 0
    outer loop
      vertex 212.6 5.9 25.49
      vertex 212.589 6.06968 37.5
      vertex 212.589 6.06968 25.49
    endloop
  endfacet
  facet normal -0.997905 -0.0646921 0
    outer loop
      vertex 212.589 6.06968 37.5
      vertex 212.6 5.9 25.49
      vertex 212.6 5.9 37.5
    endloop
  endfacet
  facet normal -0.946324 -0.323218 0
    outer loop
      vertex 212.556 6.23646 25.49
      vertex 212.501 6.39749 37.5
      vertex 212.501 6.39749 25.49
    endloop
  endfacet
  facet normal -0.946324 -0.323218 0
    outer loop
      vertex 212.501 6.39749 37.5
      vertex 212.556 6.23646 25.49
      vertex 212.556 6.23646 37.5
    endloop
  endfacet
  facet normal 0.196003 0.980603 -0
    outer loop
      vertex 211.13 4.61112 25.49
      vertex 210.964 4.6443 37.5
      vertex 211.13 4.61112 37.5
    endloop
  endfacet
  facet normal 0.196003 0.980603 0
    outer loop
      vertex 210.964 4.6443 37.5
      vertex 211.13 4.61112 25.49
      vertex 210.964 4.6443 25.49
    endloop
  endfacet
  facet normal -0.44115 -0.897433 0
    outer loop
      vertex 211.797 7.10104 25.49
      vertex 211.95 7.02583 37.5
      vertex 211.797 7.10104 37.5
    endloop
  endfacet
  facet normal -0.44115 -0.897433 -0
    outer loop
      vertex 211.95 7.02583 37.5
      vertex 211.797 7.10104 25.49
      vertex 211.95 7.02583 25.49
    endloop
  endfacet
  facet normal -0.897361 -0.441296 0
    outer loop
      vertex 212.501 6.39749 25.49
      vertex 212.426 6.55 37.5
      vertex 212.426 6.55 25.49
    endloop
  endfacet
  facet normal -0.897361 -0.441296 0
    outer loop
      vertex 212.426 6.55 37.5
      vertex 212.501 6.39749 25.49
      vertex 212.501 6.39749 37.5
    endloop
  endfacet
  facet normal -0.83004 -0.557704 0
    outer loop
      vertex 212.426 6.55 25.49
      vertex 212.331 6.69139 37.5
      vertex 212.331 6.69139 25.49
    endloop
  endfacet
  facet normal -0.83004 -0.557704 0
    outer loop
      vertex 212.331 6.69139 37.5
      vertex 212.426 6.55 25.49
      vertex 212.426 6.55 37.5
    endloop
  endfacet
  facet normal -0.752194 0.658942 0
    outer loop
      vertex 212.219 4.98076 25.49
      vertex 212.331 5.10861 37.5
      vertex 212.331 5.10861 25.49
    endloop
  endfacet
  facet normal -0.752194 0.658942 0
    outer loop
      vertex 212.331 5.10861 37.5
      vertex 212.219 4.98076 25.49
      vertex 212.219 4.98076 37.5
    endloop
  endfacet
  facet normal 0.44115 -0.897433 0
    outer loop
      vertex 210.65 7.02583 25.49
      vertex 210.803 7.10104 37.5
      vertex 210.65 7.02583 37.5
    endloop
  endfacet
  facet normal 0.44115 -0.897433 0
    outer loop
      vertex 210.803 7.10104 37.5
      vertex 210.65 7.02583 25.49
      vertex 210.803 7.10104 25.49
    endloop
  endfacet
  facet normal 0.997905 0.0646921 0
    outer loop
      vertex 210.011 5.73032 37.5
      vertex 210 5.9 25.49
      vertex 210 5.9 37.5
    endloop
  endfacet
  facet normal 0.997905 0.0646921 0
    outer loop
      vertex 210 5.9 25.49
      vertex 210.011 5.73032 37.5
      vertex 210.011 5.73032 25.49
    endloop
  endfacet
  facet normal -0.897361 0.441296 0
    outer loop
      vertex 212.426 5.25 25.49
      vertex 212.501 5.40251 37.5
      vertex 212.501 5.40251 25.49
    endloop
  endfacet
  facet normal -0.897361 0.441296 0
    outer loop
      vertex 212.501 5.40251 37.5
      vertex 212.426 5.25 25.49
      vertex 212.426 5.25 37.5
    endloop
  endfacet
  facet normal 0.658904 -0.752227 0
    outer loop
      vertex 210.381 6.81924 25.49
      vertex 210.509 6.93136 37.5
      vertex 210.381 6.81924 37.5
    endloop
  endfacet
  facet normal 0.658904 -0.752227 0
    outer loop
      vertex 210.509 6.93136 37.5
      vertex 210.381 6.81924 25.49
      vertex 210.509 6.93136 25.49
    endloop
  endfacet
  facet normal -0.752194 -0.658942 0
    outer loop
      vertex 212.331 6.69139 25.49
      vertex 212.219 6.81924 37.5
      vertex 212.219 6.81924 25.49
    endloop
  endfacet
  facet normal -0.752194 -0.658942 0
    outer loop
      vertex 212.219 6.81924 37.5
      vertex 212.331 6.69139 25.49
      vertex 212.331 6.69139 37.5
    endloop
  endfacet
  facet normal -0.980981 0.194102 0
    outer loop
      vertex 212.556 5.56354 25.49
      vertex 212.589 5.73032 37.5
      vertex 212.589 5.73032 25.49
    endloop
  endfacet
  facet normal -0.980981 0.194102 0
    outer loop
      vertex 212.589 5.73032 37.5
      vertex 212.556 5.56354 25.49
      vertex 212.556 5.56354 37.5
    endloop
  endfacet
  facet normal -0.946324 0.323218 0
    outer loop
      vertex 212.501 5.40251 25.49
      vertex 212.556 5.56354 37.5
      vertex 212.556 5.56354 25.49
    endloop
  endfacet
  facet normal -0.946324 0.323218 0
    outer loop
      vertex 212.556 5.56354 37.5
      vertex 212.501 5.40251 25.49
      vertex 212.501 5.40251 37.5
    endloop
  endfacet
  facet normal 0.980981 0.194102 0
    outer loop
      vertex 210.044 5.56354 37.5
      vertex 210.011 5.73032 25.49
      vertex 210.011 5.73032 37.5
    endloop
  endfacet
  facet normal 0.980981 0.194102 0
    outer loop
      vertex 210.011 5.73032 25.49
      vertex 210.044 5.56354 37.5
      vertex 210.044 5.56354 25.49
    endloop
  endfacet
  facet normal 0.752194 0.658942 0
    outer loop
      vertex 210.381 4.98076 37.5
      vertex 210.269 5.10861 25.49
      vertex 210.269 5.10861 37.5
    endloop
  endfacet
  facet normal 0.752194 0.658942 0
    outer loop
      vertex 210.269 5.10861 25.49
      vertex 210.381 4.98076 37.5
      vertex 210.381 4.98076 25.49
    endloop
  endfacet
  facet normal -0.556616 -0.83077 0
    outer loop
      vertex 211.95 7.02583 25.49
      vertex 212.091 6.93136 37.5
      vertex 211.95 7.02583 37.5
    endloop
  endfacet
  facet normal -0.556616 -0.83077 -0
    outer loop
      vertex 212.091 6.93136 37.5
      vertex 211.95 7.02583 25.49
      vertex 212.091 6.93136 25.49
    endloop
  endfacet
  facet normal -0.83004 0.557704 0
    outer loop
      vertex 212.331 5.10861 25.49
      vertex 212.426 5.25 37.5
      vertex 212.426 5.25 25.49
    endloop
  endfacet
  facet normal -0.83004 0.557704 0
    outer loop
      vertex 212.426 5.25 37.5
      vertex 212.331 5.10861 25.49
      vertex 212.331 5.10861 37.5
    endloop
  endfacet
  facet normal -0.321481 0.946916 0
    outer loop
      vertex 211.797 4.69896 25.49
      vertex 211.636 4.6443 37.5
      vertex 211.797 4.69896 37.5
    endloop
  endfacet
  facet normal -0.321481 0.946916 0
    outer loop
      vertex 211.636 4.6443 37.5
      vertex 211.797 4.69896 25.49
      vertex 211.636 4.6443 25.49
    endloop
  endfacet
  facet normal 0.556616 -0.83077 0
    outer loop
      vertex 210.509 6.93136 25.49
      vertex 210.65 7.02583 37.5
      vertex 210.509 6.93136 37.5
    endloop
  endfacet
  facet normal 0.556616 -0.83077 0
    outer loop
      vertex 210.65 7.02583 37.5
      vertex 210.509 6.93136 25.49
      vertex 210.65 7.02583 25.49
    endloop
  endfacet
  facet normal -0.196003 0.980603 0
    outer loop
      vertex 211.636 4.6443 25.49
      vertex 211.47 4.61112 37.5
      vertex 211.636 4.6443 37.5
    endloop
  endfacet
  facet normal -0.196003 0.980603 0
    outer loop
      vertex 211.47 4.61112 37.5
      vertex 211.636 4.6443 25.49
      vertex 211.47 4.61112 25.49
    endloop
  endfacet
  facet normal 0.0652723 0.997867 -0
    outer loop
      vertex 211.3 4.6 25.49
      vertex 211.13 4.61112 37.5
      vertex 211.3 4.6 37.5
    endloop
  endfacet
  facet normal 0.0652723 0.997867 0
    outer loop
      vertex 211.13 4.61112 37.5
      vertex 211.3 4.6 25.49
      vertex 211.13 4.61112 25.49
    endloop
  endfacet
  facet normal 0.658904 0.752227 -0
    outer loop
      vertex 210.509 4.86864 25.49
      vertex 210.381 4.98076 37.5
      vertex 210.509 4.86864 37.5
    endloop
  endfacet
  facet normal 0.658904 0.752227 0
    outer loop
      vertex 210.381 4.98076 37.5
      vertex 210.509 4.86864 25.49
      vertex 210.381 4.98076 25.49
    endloop
  endfacet
  facet normal -0.658904 -0.752227 0
    outer loop
      vertex 212.091 6.93136 25.49
      vertex 212.219 6.81924 37.5
      vertex 212.091 6.93136 37.5
    endloop
  endfacet
  facet normal -0.658904 -0.752227 -0
    outer loop
      vertex 212.219 6.81924 37.5
      vertex 212.091 6.93136 25.49
      vertex 212.219 6.81924 25.49
    endloop
  endfacet
  facet normal 0.980981 -0.194102 0
    outer loop
      vertex 210.011 6.06968 37.5
      vertex 210.044 6.23646 25.49
      vertex 210.044 6.23646 37.5
    endloop
  endfacet
  facet normal 0.980981 -0.194102 0
    outer loop
      vertex 210.044 6.23646 25.49
      vertex 210.011 6.06968 37.5
      vertex 210.011 6.06968 25.49
    endloop
  endfacet
  facet normal 0.321481 -0.946916 0
    outer loop
      vertex 210.803 7.10104 25.49
      vertex 210.964 7.1557 37.5
      vertex 210.803 7.10104 37.5
    endloop
  endfacet
  facet normal 0.321481 -0.946916 0
    outer loop
      vertex 210.964 7.1557 37.5
      vertex 210.803 7.10104 25.49
      vertex 210.964 7.1557 25.49
    endloop
  endfacet
  facet normal -0.658904 0.752227 0
    outer loop
      vertex 212.219 4.98076 25.49
      vertex 212.091 4.86864 37.5
      vertex 212.219 4.98076 37.5
    endloop
  endfacet
  facet normal -0.658904 0.752227 0
    outer loop
      vertex 212.091 4.86864 37.5
      vertex 212.219 4.98076 25.49
      vertex 212.091 4.86864 25.49
    endloop
  endfacet
  facet normal 0.946324 0.323218 0
    outer loop
      vertex 210.099 5.40251 37.5
      vertex 210.044 5.56354 25.49
      vertex 210.044 5.56354 37.5
    endloop
  endfacet
  facet normal 0.946324 0.323218 0
    outer loop
      vertex 210.044 5.56354 25.49
      vertex 210.099 5.40251 37.5
      vertex 210.099 5.40251 25.49
    endloop
  endfacet
  facet normal -0.0652723 0.997867 0
    outer loop
      vertex 211.47 4.61112 25.49
      vertex 211.3 4.6 37.5
      vertex 211.47 4.61112 37.5
    endloop
  endfacet
  facet normal -0.0652723 0.997867 0
    outer loop
      vertex 211.3 4.6 37.5
      vertex 211.47 4.61112 25.49
      vertex 211.3 4.6 25.49
    endloop
  endfacet
  facet normal 0.752194 -0.658942 0
    outer loop
      vertex 210.269 6.69139 37.5
      vertex 210.381 6.81924 25.49
      vertex 210.381 6.81924 37.5
    endloop
  endfacet
  facet normal 0.752194 -0.658942 0
    outer loop
      vertex 210.381 6.81924 25.49
      vertex 210.269 6.69139 37.5
      vertex 210.269 6.69139 25.49
    endloop
  endfacet
  facet normal 0.83004 -0.557704 0
    outer loop
      vertex 210.174 6.55 37.5
      vertex 210.269 6.69139 25.49
      vertex 210.269 6.69139 37.5
    endloop
  endfacet
  facet normal 0.83004 -0.557704 0
    outer loop
      vertex 210.269 6.69139 25.49
      vertex 210.174 6.55 37.5
      vertex 210.174 6.55 25.49
    endloop
  endfacet
  facet normal 0.946324 -0.323218 0
    outer loop
      vertex 210.044 6.23646 37.5
      vertex 210.099 6.39749 25.49
      vertex 210.099 6.39749 37.5
    endloop
  endfacet
  facet normal 0.946324 -0.323218 0
    outer loop
      vertex 210.099 6.39749 25.49
      vertex 210.044 6.23646 37.5
      vertex 210.044 6.23646 25.49
    endloop
  endfacet
  facet normal -0.321481 -0.946916 0
    outer loop
      vertex 211.636 7.1557 25.49
      vertex 211.797 7.10104 37.5
      vertex 211.636 7.1557 37.5
    endloop
  endfacet
  facet normal -0.321481 -0.946916 -0
    outer loop
      vertex 211.797 7.10104 37.5
      vertex 211.636 7.1557 25.49
      vertex 211.797 7.10104 25.49
    endloop
  endfacet
  facet normal 0.997905 -0.0646921 0
    outer loop
      vertex 210 5.9 37.5
      vertex 210.011 6.06968 25.49
      vertex 210.011 6.06968 37.5
    endloop
  endfacet
  facet normal 0.997905 -0.0646921 0
    outer loop
      vertex 210.011 6.06968 25.49
      vertex 210 5.9 37.5
      vertex 210 5.9 25.49
    endloop
  endfacet
  facet normal 0.83004 0.557704 0
    outer loop
      vertex 210.269 5.10861 37.5
      vertex 210.174 5.25 25.49
      vertex 210.174 5.25 37.5
    endloop
  endfacet
  facet normal 0.83004 0.557704 0
    outer loop
      vertex 210.174 5.25 25.49
      vertex 210.269 5.10861 37.5
      vertex 210.269 5.10861 25.49
    endloop
  endfacet
  facet normal -0.997905 0.0646921 0
    outer loop
      vertex 212.589 5.73032 25.49
      vertex 212.6 5.9 37.5
      vertex 212.6 5.9 25.49
    endloop
  endfacet
  facet normal -0.997905 0.0646921 0
    outer loop
      vertex 212.6 5.9 37.5
      vertex 212.589 5.73032 25.49
      vertex 212.589 5.73032 37.5
    endloop
  endfacet
  facet normal 0.0652723 -0.997867 0
    outer loop
      vertex 211.13 7.18888 25.49
      vertex 211.3 7.2 37.5
      vertex 211.13 7.18888 37.5
    endloop
  endfacet
  facet normal 0.0652723 -0.997867 0
    outer loop
      vertex 211.3 7.2 37.5
      vertex 211.13 7.18888 25.49
      vertex 211.3 7.2 25.49
    endloop
  endfacet
  facet normal -0.556616 0.83077 0
    outer loop
      vertex 212.091 4.86864 25.49
      vertex 211.95 4.77417 37.5
      vertex 212.091 4.86864 37.5
    endloop
  endfacet
  facet normal -0.556616 0.83077 0
    outer loop
      vertex 211.95 4.77417 37.5
      vertex 212.091 4.86864 25.49
      vertex 211.95 4.77417 25.49
    endloop
  endfacet
  facet normal 0.196003 -0.980603 0
    outer loop
      vertex 210.964 7.1557 25.49
      vertex 211.13 7.18888 37.5
      vertex 210.964 7.1557 37.5
    endloop
  endfacet
  facet normal 0.196003 -0.980603 0
    outer loop
      vertex 211.13 7.18888 37.5
      vertex 210.964 7.1557 25.49
      vertex 211.13 7.18888 25.49
    endloop
  endfacet
  facet normal 0.897361 -0.441296 0
    outer loop
      vertex 210.099 6.39749 37.5
      vertex 210.174 6.55 25.49
      vertex 210.174 6.55 37.5
    endloop
  endfacet
  facet normal 0.897361 -0.441296 0
    outer loop
      vertex 210.174 6.55 25.49
      vertex 210.099 6.39749 37.5
      vertex 210.099 6.39749 25.49
    endloop
  endfacet
  facet normal 0.321481 0.946916 -0
    outer loop
      vertex 210.964 4.6443 25.49
      vertex 210.803 4.69896 37.5
      vertex 210.964 4.6443 37.5
    endloop
  endfacet
  facet normal 0.321481 0.946916 0
    outer loop
      vertex 210.803 4.69896 37.5
      vertex 210.964 4.6443 25.49
      vertex 210.803 4.69896 25.49
    endloop
  endfacet
  facet normal -0.0652723 -0.997867 0
    outer loop
      vertex 211.3 7.2 25.49
      vertex 211.47 7.18888 37.5
      vertex 211.3 7.2 37.5
    endloop
  endfacet
  facet normal -0.0652723 -0.997867 -0
    outer loop
      vertex 211.47 7.18888 37.5
      vertex 211.3 7.2 25.49
      vertex 211.47 7.18888 25.49
    endloop
  endfacet
  facet normal -0.196003 -0.980603 0
    outer loop
      vertex 211.47 7.18888 25.49
      vertex 211.636 7.1557 37.5
      vertex 211.47 7.18888 37.5
    endloop
  endfacet
  facet normal -0.196003 -0.980603 -0
    outer loop
      vertex 211.636 7.1557 37.5
      vertex 211.47 7.18888 25.49
      vertex 211.636 7.1557 25.49
    endloop
  endfacet
  facet normal -0.44115 0.897433 0
    outer loop
      vertex 211.95 4.77417 25.49
      vertex 211.797 4.69896 37.5
      vertex 211.95 4.77417 37.5
    endloop
  endfacet
  facet normal -0.44115 0.897433 0
    outer loop
      vertex 211.797 4.69896 37.5
      vertex 211.95 4.77417 25.49
      vertex 211.797 4.69896 25.49
    endloop
  endfacet
  facet normal 0.44115 0.897433 -0
    outer loop
      vertex 210.803 4.69896 25.49
      vertex 210.65 4.77417 37.5
      vertex 210.803 4.69896 37.5
    endloop
  endfacet
  facet normal 0.44115 0.897433 0
    outer loop
      vertex 210.65 4.77417 37.5
      vertex 210.803 4.69896 25.49
      vertex 210.65 4.77417 25.49
    endloop
  endfacet
  facet normal 0.897361 0.441296 0
    outer loop
      vertex 210.174 5.25 37.5
      vertex 210.099 5.40251 25.49
      vertex 210.099 5.40251 37.5
    endloop
  endfacet
  facet normal 0.897361 0.441296 0
    outer loop
      vertex 210.099 5.40251 25.49
      vertex 210.174 5.25 37.5
      vertex 210.174 5.25 25.49
    endloop
  endfacet
  facet normal 0 0 1
    outer loop
      vertex 212.589 6.06968 25.49
      vertex 212.589 5.73032 25.49
      vertex 212.6 5.9 25.49
    endloop
  endfacet
  facet normal 0 0 1
    outer loop
      vertex 212.556 6.23646 25.49
      vertex 212.589 5.73032 25.49
      vertex 212.589 6.06968 25.49
    endloop
  endfacet
  facet normal 0 0 1
    outer loop
      vertex 212.556 6.23646 25.49
      vertex 212.556 5.56354 25.49
      vertex 212.589 5.73032 25.49
    endloop
  endfacet
  facet normal 0 0 1
    outer loop
      vertex 212.501 6.39749 25.49
      vertex 212.556 5.56354 25.49
      vertex 212.556 6.23646 25.49
    endloop
  endfacet
  facet normal 0 0 1
    outer loop
      vertex 212.501 6.39749 25.49
      vertex 212.501 5.40251 25.49
      vertex 212.556 5.56354 25.49
    endloop
  endfacet
  facet normal 0 0 1
    outer loop
      vertex 212.426 6.55 25.49
      vertex 212.501 5.40251 25.49
      vertex 212.501 6.39749 25.49
    endloop
  endfacet
  facet normal 0 0 1
    outer loop
      vertex 212.426 6.55 25.49
      vertex 212.426 5.25 25.49
      vertex 212.501 5.40251 25.49
    endloop
  endfacet
  facet normal 0 0 1
    outer loop
      vertex 212.331 6.69139 25.49
      vertex 212.426 5.25 25.49
      vertex 212.426 6.55 25.49
    endloop
  endfacet
  facet normal 0 0 1
    outer loop
      vertex 212.331 6.69139 25.49
      vertex 212.331 5.10861 25.49
      vertex 212.426 5.25 25.49
    endloop
  endfacet
  facet normal 0 0 1
    outer loop
      vertex 212.219 6.81924 25.49
      vertex 212.331 5.10861 25.49
      vertex 212.331 6.69139 25.49
    endloop
  endfacet
  facet normal 0 0 1
    outer loop
      vertex 212.219 6.81924 25.49
      vertex 212.219 4.98076 25.49
      vertex 212.331 5.10861 25.49
    endloop
  endfacet
  facet normal 0 0 1
    outer loop
      vertex 212.091 6.93136 25.49
      vertex 212.219 4.98076 25.49
      vertex 212.219 6.81924 25.49
    endloop
  endfacet
  facet normal 0 0 1
    outer loop
      vertex 212.091 6.93136 25.49
      vertex 212.091 4.86864 25.49
      vertex 212.219 4.98076 25.49
    endloop
  endfacet
  facet normal 0 0 1
    outer loop
      vertex 211.95 7.02583 25.49
      vertex 212.091 4.86864 25.49
      vertex 212.091 6.93136 25.49
    endloop
  endfacet
  facet normal 0 0 1
    outer loop
      vertex 211.95 7.02583 25.49
      vertex 211.95 4.77417 25.49
      vertex 212.091 4.86864 25.49
    endloop
  endfacet
  facet normal 0 0 1
    outer loop
      vertex 211.797 7.10104 25.49
      vertex 211.95 4.77417 25.49
      vertex 211.95 7.02583 25.49
    endloop
  endfacet
  facet normal 0 0 1
    outer loop
      vertex 211.797 7.10104 25.49
      vertex 211.797 4.69896 25.49
      vertex 211.95 4.77417 25.49
    endloop
  endfacet
  facet normal 0 0 1
    outer loop
      vertex 211.636 7.1557 25.49
      vertex 211.797 4.69896 25.49
      vertex 211.797 7.10104 25.49
    endloop
  endfacet
  facet normal 0 0 1
    outer loop
      vertex 211.636 7.1557 25.49
      vertex 211.636 4.6443 25.49
      vertex 211.797 4.69896 25.49
    endloop
  endfacet
  facet normal 0 0 1
    outer loop
      vertex 211.47 7.18888 25.49
      vertex 211.636 4.6443 25.49
      vertex 211.636 7.1557 25.49
    endloop
  endfacet
  facet normal 0 0 1
    outer loop
      vertex 211.47 7.18888 25.49
      vertex 211.47 4.61112 25.49
      vertex 211.636 4.6443 25.49
    endloop
  endfacet
  facet normal 0 0 1
    outer loop
      vertex 211.3 7.2 25.49
      vertex 211.47 4.61112 25.49
      vertex 211.47 7.18888 25.49
    endloop
  endfacet
  facet normal 0 0 1
    outer loop
      vertex 211.3 7.2 25.49
      vertex 211.3 4.6 25.49
      vertex 211.47 4.61112 25.49
    endloop
  endfacet
  facet normal -0 0 1
    outer loop
      vertex 211.13 7.18888 25.49
      vertex 211.3 4.6 25.49
      vertex 211.3 7.2 25.49
    endloop
  endfacet
  facet normal 0 0 1
    outer loop
      vertex 211.13 7.18888 25.49
      vertex 211.13 4.61112 25.49
      vertex 211.3 4.6 25.49
    endloop
  endfacet
  facet normal -0 0 1
    outer loop
      vertex 210.964 7.1557 25.49
      vertex 211.13 4.61112 25.49
      vertex 211.13 7.18888 25.49
    endloop
  endfacet
  facet normal 0 0 1
    outer loop
      vertex 210.964 7.1557 25.49
      vertex 210.964 4.6443 25.49
      vertex 211.13 4.61112 25.49
    endloop
  endfacet
  facet normal -0 0 1
    outer loop
      vertex 210.803 7.10104 25.49
      vertex 210.964 4.6443 25.49
      vertex 210.964 7.1557 25.49
    endloop
  endfacet
  facet normal 0 0 1
    outer loop
      vertex 210.803 7.10104 25.49
      vertex 210.803 4.69896 25.49
      vertex 210.964 4.6443 25.49
    endloop
  endfacet
  facet normal -0 0 1
    outer loop
      vertex 210.65 7.02583 25.49
      vertex 210.803 4.69896 25.49
      vertex 210.803 7.10104 25.49
    endloop
  endfacet
  facet normal 0 0 1
    outer loop
      vertex 210.65 7.02583 25.49
      vertex 210.65 4.77417 25.49
      vertex 210.803 4.69896 25.49
    endloop
  endfacet
  facet normal -0 0 1
    outer loop
      vertex 210.509 6.93136 25.49
      vertex 210.65 4.77417 25.49
      vertex 210.65 7.02583 25.49
    endloop
  endfacet
  facet normal 0 0 1
    outer loop
      vertex 210.509 6.93136 25.49
      vertex 210.509 4.86864 25.49
      vertex 210.65 4.77417 25.49
    endloop
  endfacet
  facet normal -0 0 1
    outer loop
      vertex 210.381 6.81924 25.49
      vertex 210.509 4.86864 25.49
      vertex 210.509 6.93136 25.49
    endloop
  endfacet
  facet normal 0 0 1
    outer loop
      vertex 210.381 6.81924 25.49
      vertex 210.381 4.98076 25.49
      vertex 210.509 4.86864 25.49
    endloop
  endfacet
  facet normal -0 0 1
    outer loop
      vertex 210.269 6.69139 25.49
      vertex 210.381 4.98076 25.49
      vertex 210.381 6.81924 25.49
    endloop
  endfacet
  facet normal 0 0 1
    outer loop
      vertex 210.269 6.69139 25.49
      vertex 210.269 5.10861 25.49
      vertex 210.381 4.98076 25.49
    endloop
  endfacet
  facet normal -0 0 1
    outer loop
      vertex 210.174 6.55 25.49
      vertex 210.269 5.10861 25.49
      vertex 210.269 6.69139 25.49
    endloop
  endfacet
  facet normal 0 0 1
    outer loop
      vertex 210.174 6.55 25.49
      vertex 210.174 5.25 25.49
      vertex 210.269 5.10861 25.49
    endloop
  endfacet
  facet normal -0 0 1
    outer loop
      vertex 210.099 6.39749 25.49
      vertex 210.174 5.25 25.49
      vertex 210.174 6.55 25.49
    endloop
  endfacet
  facet normal 0 0 1
    outer loop
      vertex 210.099 6.39749 25.49
      vertex 210.099 5.40251 25.49
      vertex 210.174 5.25 25.49
    endloop
  endfacet
  facet normal -0 0 1
    outer loop
      vertex 210.044 6.23646 25.49
      vertex 210.099 5.40251 25.49
      vertex 210.099 6.39749 25.49
    endloop
  endfacet
  facet normal 0 0 1
    outer loop
      vertex 210.044 6.23646 25.49
      vertex 210.044 5.56354 25.49
      vertex 210.099 5.40251 25.49
    endloop
  endfacet
  facet normal -0 0 1
    outer loop
      vertex 210.011 6.06968 25.49
      vertex 210.044 5.56354 25.49
      vertex 210.044 6.23646 25.49
    endloop
  endfacet
  facet normal 0 0 1
    outer loop
      vertex 210.011 6.06968 25.49
      vertex 210.011 5.73032 25.49
      vertex 210.044 5.56354 25.49
    endloop
  endfacet
  facet normal 0 -0 1
    outer loop
      vertex 210.011 5.73032 25.49
      vertex 210.011 6.06968 25.49
      vertex 210 5.9 25.49
    endloop
  endfacet
  facet normal 0.556616 0.83077 -0
    outer loop
      vertex 210.65 4.77417 25.49
      vertex 210.509 4.86864 37.5
      vertex 210.65 4.77417 37.5
    endloop
  endfacet
  facet normal 0.556616 0.83077 0
    outer loop
      vertex 210.509 4.86864 37.5
      vertex 210.65 4.77417 25.49
      vertex 210.509 4.86864 25.49
    endloop
  endfacet
  facet normal 0.321668 -0.946853 0
    outer loop
      vertex 212.206 55.5193 7.5
      vertex 212.639 55.6664 37.5
      vertex 212.206 55.5193 37.5
    endloop
  endfacet
  facet normal 0.321668 -0.946853 0
    outer loop
      vertex 212.639 55.6664 37.5
      vertex 212.206 55.5193 7.5
      vertex 212.639 55.6664 7.5
    endloop
  endfacet
  facet normal -0.896427 0.443192 0
    outer loop
      vertex 208.066 60.2394 7.5
      vertex 208.269 60.65 37.5
      vertex 208.269 60.65 7.5
    endloop
  endfacet
  facet normal -0.896427 0.443192 0
    outer loop
      vertex 208.269 60.65 37.5
      vertex 208.066 60.2394 7.5
      vertex 208.066 60.2394 37.5
    endloop
  endfacet
  facet normal -0.555305 0.831647 0
    outer loop
      vertex 209.55 61.9311 7.5
      vertex 209.169 61.6767 37.5
      vertex 209.55 61.9311 37.5
    endloop
  endfacet
  facet normal -0.555305 0.831647 0
    outer loop
      vertex 209.169 61.6767 37.5
      vertex 209.55 61.9311 7.5
      vertex 209.169 61.6767 7.5
    endloop
  endfacet
  facet normal -0.659494 0.75171 0
    outer loop
      vertex 209.169 61.6767 7.5
      vertex 208.825 61.3749 37.5
      vertex 209.169 61.6767 37.5
    endloop
  endfacet
  facet normal -0.659494 0.75171 0
    outer loop
      vertex 208.825 61.3749 37.5
      vertex 209.169 61.6767 7.5
      vertex 208.825 61.3749 7.5
    endloop
  endfacet
  facet normal -0.751683 0.659524 0
    outer loop
      vertex 208.523 61.0307 7.5
      vertex 208.825 61.3749 37.5
      vertex 208.825 61.3749 7.5
    endloop
  endfacet
  facet normal -0.751683 0.659524 0
    outer loop
      vertex 208.825 61.3749 37.5
      vertex 208.523 61.0307 7.5
      vertex 208.523 61.0307 37.5
    endloop
  endfacet
  facet normal 0.947032 -0.321139 0
    outer loop
      vertex 214.534 57.5606 37.5
      vertex 214.681 57.9941 7.5
      vertex 214.681 57.9941 37.5
    endloop
  endfacet
  facet normal 0.947032 -0.321139 0
    outer loop
      vertex 214.681 57.9941 7.5
      vertex 214.534 57.5606 37.5
      vertex 214.534 57.5606 7.5
    endloop
  endfacet
  facet normal -0.99785 0.0655331 0
    outer loop
      vertex 207.8 58.9 7.5
      vertex 207.83 59.3568 37.5
      vertex 207.83 59.3568 7.5
    endloop
  endfacet
  facet normal -0.99785 0.0655331 0
    outer loop
      vertex 207.83 59.3568 37.5
      vertex 207.8 58.9 7.5
      vertex 207.8 58.9 37.5
    endloop
  endfacet
  facet normal -0.321668 -0.946853 0
    outer loop
      vertex 209.961 55.6664 7.5
      vertex 210.394 55.5193 37.5
      vertex 209.961 55.6664 37.5
    endloop
  endfacet
  facet normal -0.321668 -0.946853 -0
    outer loop
      vertex 210.394 55.5193 37.5
      vertex 209.961 55.6664 7.5
      vertex 210.394 55.5193 7.5
    endloop
  endfacet
  facet normal 0.195276 -0.980748 0
    outer loop
      vertex 211.757 55.4299 7.5
      vertex 212.206 55.5193 37.5
      vertex 211.757 55.4299 37.5
    endloop
  endfacet
  facet normal 0.195276 -0.980748 0
    outer loop
      vertex 212.206 55.5193 37.5
      vertex 211.757 55.4299 7.5
      vertex 212.206 55.5193 7.5
    endloop
  endfacet
  facet normal -0.321668 0.946853 0
    outer loop
      vertex 210.394 62.2807 7.5
      vertex 209.961 62.1336 37.5
      vertex 210.394 62.2807 37.5
    endloop
  endfacet
  facet normal -0.321668 0.946853 0
    outer loop
      vertex 209.961 62.1336 37.5
      vertex 210.394 62.2807 7.5
      vertex 209.961 62.1336 7.5
    endloop
  endfacet
  facet normal -0.831849 -0.555003 0
    outer loop
      vertex 208.523 56.7693 7.5
      vertex 208.269 57.15 37.5
      vertex 208.269 57.15 7.5
    endloop
  endfacet
  facet normal -0.831849 -0.555003 0
    outer loop
      vertex 208.269 57.15 37.5
      vertex 208.523 56.7693 7.5
      vertex 208.523 56.7693 37.5
    endloop
  endfacet
  facet normal 0.555305 -0.831647 0
    outer loop
      vertex 213.05 55.8689 7.5
      vertex 213.431 56.1233 37.5
      vertex 213.05 55.8689 37.5
    endloop
  endfacet
  facet normal 0.555305 -0.831647 0
    outer loop
      vertex 213.431 56.1233 37.5
      vertex 213.05 55.8689 7.5
      vertex 213.431 56.1233 7.5
    endloop
  endfacet
  facet normal -0.947032 0.321139 0
    outer loop
      vertex 207.919 59.8059 7.5
      vertex 208.066 60.2394 37.5
      vertex 208.066 60.2394 7.5
    endloop
  endfacet
  facet normal -0.947032 0.321139 0
    outer loop
      vertex 208.066 60.2394 37.5
      vertex 207.919 59.8059 7.5
      vertex 207.919 59.8059 37.5
    endloop
  endfacet
  facet normal -0.441968 0.897031 0
    outer loop
      vertex 209.961 62.1336 7.5
      vertex 209.55 61.9311 37.5
      vertex 209.961 62.1336 37.5
    endloop
  endfacet
  facet normal -0.441968 0.897031 0
    outer loop
      vertex 209.55 61.9311 37.5
      vertex 209.961 62.1336 7.5
      vertex 209.55 61.9311 7.5
    endloop
  endfacet
  facet normal 0.831849 -0.555003 0
    outer loop
      vertex 214.077 56.7693 37.5
      vertex 214.331 57.15 7.5
      vertex 214.331 57.15 37.5
    endloop
  endfacet
  facet normal 0.831849 -0.555003 0
    outer loop
      vertex 214.331 57.15 7.5
      vertex 214.077 56.7693 37.5
      vertex 214.077 56.7693 7.5
    endloop
  endfacet
  facet normal -0.99785 -0.0655331 0
    outer loop
      vertex 207.83 58.4432 7.5
      vertex 207.8 58.9 37.5
      vertex 207.8 58.9 7.5
    endloop
  endfacet
  facet normal -0.99785 -0.0655331 0
    outer loop
      vertex 207.8 58.9 37.5
      vertex 207.83 58.4432 7.5
      vertex 207.83 58.4432 37.5
    endloop
  endfacet
  facet normal -0.947032 -0.321139 0
    outer loop
      vertex 208.066 57.5606 7.5
      vertex 207.919 57.9941 37.5
      vertex 207.919 57.9941 7.5
    endloop
  endfacet
  facet normal -0.947032 -0.321139 0
    outer loop
      vertex 207.919 57.9941 37.5
      vertex 208.066 57.5606 7.5
      vertex 208.066 57.5606 37.5
    endloop
  endfacet
  facet normal -0.659494 -0.75171 0
    outer loop
      vertex 208.825 56.4251 7.5
      vertex 209.169 56.1233 37.5
      vertex 208.825 56.4251 37.5
    endloop
  endfacet
  facet normal -0.659494 -0.75171 -0
    outer loop
      vertex 209.169 56.1233 37.5
      vertex 208.825 56.4251 7.5
      vertex 209.169 56.1233 7.5
    endloop
  endfacet
  facet normal -0.195276 0.980748 0
    outer loop
      vertex 210.843 62.3701 7.5
      vertex 210.394 62.2807 37.5
      vertex 210.843 62.3701 37.5
    endloop
  endfacet
  facet normal -0.195276 0.980748 0
    outer loop
      vertex 210.394 62.2807 37.5
      vertex 210.843 62.3701 7.5
      vertex 210.394 62.2807 7.5
    endloop
  endfacet
  facet normal 0.751683 -0.659524 0
    outer loop
      vertex 213.775 56.4251 37.5
      vertex 214.077 56.7693 7.5
      vertex 214.077 56.7693 37.5
    endloop
  endfacet
  facet normal 0.751683 -0.659524 0
    outer loop
      vertex 214.077 56.7693 7.5
      vertex 213.775 56.4251 37.5
      vertex 213.775 56.4251 7.5
    endloop
  endfacet
  facet normal -0.441968 -0.897031 0
    outer loop
      vertex 209.55 55.8689 7.5
      vertex 209.961 55.6664 37.5
      vertex 209.55 55.8689 37.5
    endloop
  endfacet
  facet normal -0.441968 -0.897031 -0
    outer loop
      vertex 209.961 55.6664 37.5
      vertex 209.55 55.8689 7.5
      vertex 209.961 55.6664 7.5
    endloop
  endfacet
  facet normal -0.0652871 0.997867 0
    outer loop
      vertex 211.3 62.4 7.5
      vertex 210.843 62.3701 37.5
      vertex 211.3 62.4 37.5
    endloop
  endfacet
  facet normal -0.0652871 0.997867 0
    outer loop
      vertex 210.843 62.3701 37.5
      vertex 211.3 62.4 7.5
      vertex 210.843 62.3701 7.5
    endloop
  endfacet
  facet normal -0.980924 0.194394 0
    outer loop
      vertex 207.83 59.3568 7.5
      vertex 207.919 59.8059 37.5
      vertex 207.919 59.8059 7.5
    endloop
  endfacet
  facet normal -0.980924 0.194394 0
    outer loop
      vertex 207.919 59.8059 37.5
      vertex 207.83 59.3568 7.5
      vertex 207.83 59.3568 37.5
    endloop
  endfacet
  facet normal 0.0652871 -0.997867 0
    outer loop
      vertex 211.3 55.4 7.5
      vertex 211.757 55.4299 37.5
      vertex 211.3 55.4 37.5
    endloop
  endfacet
  facet normal 0.0652871 -0.997867 0
    outer loop
      vertex 211.757 55.4299 37.5
      vertex 211.3 55.4 7.5
      vertex 211.757 55.4299 7.5
    endloop
  endfacet
  facet normal 0.441968 -0.897031 0
    outer loop
      vertex 212.639 55.6664 7.5
      vertex 213.05 55.8689 37.5
      vertex 212.639 55.6664 37.5
    endloop
  endfacet
  facet normal 0.441968 -0.897031 0
    outer loop
      vertex 213.05 55.8689 37.5
      vertex 212.639 55.6664 7.5
      vertex 213.05 55.8689 7.5
    endloop
  endfacet
  facet normal 0.659494 -0.75171 0
    outer loop
      vertex 213.431 56.1233 7.5
      vertex 213.775 56.4251 37.5
      vertex 213.431 56.1233 37.5
    endloop
  endfacet
  facet normal 0.659494 -0.75171 0
    outer loop
      vertex 213.775 56.4251 37.5
      vertex 213.431 56.1233 7.5
      vertex 213.775 56.4251 7.5
    endloop
  endfacet
  facet normal -0.896427 -0.443192 0
    outer loop
      vertex 208.269 57.15 7.5
      vertex 208.066 57.5606 37.5
      vertex 208.066 57.5606 7.5
    endloop
  endfacet
  facet normal -0.896427 -0.443192 0
    outer loop
      vertex 208.066 57.5606 37.5
      vertex 208.269 57.15 7.5
      vertex 208.269 57.15 37.5
    endloop
  endfacet
  facet normal 0.896427 -0.443192 0
    outer loop
      vertex 214.331 57.15 37.5
      vertex 214.534 57.5606 7.5
      vertex 214.534 57.5606 37.5
    endloop
  endfacet
  facet normal 0.896427 -0.443192 0
    outer loop
      vertex 214.534 57.5606 7.5
      vertex 214.331 57.15 37.5
      vertex 214.331 57.15 7.5
    endloop
  endfacet
  facet normal 0.99785 -0.0655331 0
    outer loop
      vertex 214.77 58.4432 37.5
      vertex 214.8 58.9 7.5
      vertex 214.8 58.9 37.5
    endloop
  endfacet
  facet normal 0.99785 -0.0655331 0
    outer loop
      vertex 214.8 58.9 7.5
      vertex 214.77 58.4432 37.5
      vertex 214.77 58.4432 7.5
    endloop
  endfacet
  facet normal -0.555305 -0.831647 0
    outer loop
      vertex 209.169 56.1233 7.5
      vertex 209.55 55.8689 37.5
      vertex 209.169 56.1233 37.5
    endloop
  endfacet
  facet normal -0.555305 -0.831647 -0
    outer loop
      vertex 209.55 55.8689 37.5
      vertex 209.169 56.1233 7.5
      vertex 209.55 55.8689 7.5
    endloop
  endfacet
  facet normal 0.980924 -0.194394 0
    outer loop
      vertex 214.681 57.9941 37.5
      vertex 214.77 58.4432 7.5
      vertex 214.77 58.4432 37.5
    endloop
  endfacet
  facet normal 0.980924 -0.194394 0
    outer loop
      vertex 214.77 58.4432 7.5
      vertex 214.681 57.9941 37.5
      vertex 214.681 57.9941 7.5
    endloop
  endfacet
  facet normal -0.980924 -0.194394 0
    outer loop
      vertex 207.919 57.9941 7.5
      vertex 207.83 58.4432 37.5
      vertex 207.83 58.4432 7.5
    endloop
  endfacet
  facet normal -0.980924 -0.194394 0
    outer loop
      vertex 207.83 58.4432 37.5
      vertex 207.919 57.9941 7.5
      vertex 207.919 57.9941 37.5
    endloop
  endfacet
  facet normal -0.751683 -0.659524 0
    outer loop
      vertex 208.825 56.4251 7.5
      vertex 208.523 56.7693 37.5
      vertex 208.523 56.7693 7.5
    endloop
  endfacet
  facet normal -0.751683 -0.659524 0
    outer loop
      vertex 208.523 56.7693 37.5
      vertex 208.825 56.4251 7.5
      vertex 208.825 56.4251 37.5
    endloop
  endfacet
  facet normal -0 0 1
    outer loop
      vertex 212.426 59.55 37.5
      vertex 214.8 58.9 37.5
      vertex 214.8 62.4 37.5
    endloop
  endfacet
  facet normal -0 -0 1
    outer loop
      vertex 212.501 59.3975 37.5
      vertex 214.8 58.9 37.5
      vertex 212.426 59.55 37.5
    endloop
  endfacet
  facet normal -0 -0 1
    outer loop
      vertex 212.589 59.0697 37.5
      vertex 214.8 58.9 37.5
      vertex 212.556 59.2365 37.5
    endloop
  endfacet
  facet normal 0 0 1
    outer loop
      vertex 214.8 58.9 37.5
      vertex 212.6 58.9 37.5
      vertex 214.77 58.4432 37.5
    endloop
  endfacet
  facet normal -0 0 1
    outer loop
      vertex 212.589 58.7303 37.5
      vertex 214.77 58.4432 37.5
      vertex 212.6 58.9 37.5
    endloop
  endfacet
  facet normal -0 0 1
    outer loop
      vertex 212.556 58.5635 37.5
      vertex 214.681 57.9941 37.5
      vertex 212.589 58.7303 37.5
    endloop
  endfacet
  facet normal -0 0 1
    outer loop
      vertex 212.501 58.4025 37.5
      vertex 214.534 57.5606 37.5
      vertex 212.556 58.5635 37.5
    endloop
  endfacet
  facet normal 0 0 1
    outer loop
      vertex 214.534 57.5606 37.5
      vertex 212.501 58.4025 37.5
      vertex 214.331 57.15 37.5
    endloop
  endfacet
  facet normal 0 0 1
    outer loop
      vertex 214.331 57.15 37.5
      vertex 212.426 58.25 37.5
      vertex 214.077 56.7693 37.5
    endloop
  endfacet
  facet normal -0 0 1
    outer loop
      vertex 212.426 58.25 37.5
      vertex 214.331 57.15 37.5
      vertex 212.501 58.4025 37.5
    endloop
  endfacet
  facet normal 0 0 1
    outer loop
      vertex 214.681 57.9941 37.5
      vertex 212.556 58.5635 37.5
      vertex 214.534 57.5606 37.5
    endloop
  endfacet
  facet normal 0 0 1
    outer loop
      vertex 214.77 58.4432 37.5
      vertex 212.589 58.7303 37.5
      vertex 214.681 57.9941 37.5
    endloop
  endfacet
  facet normal 0 -0 1
    outer loop
      vertex 212.6 58.9 37.5
      vertex 214.8 58.9 37.5
      vertex 212.589 59.0697 37.5
    endloop
  endfacet
  facet normal -0 -0 1
    outer loop
      vertex 212.556 59.2365 37.5
      vertex 214.8 58.9 37.5
      vertex 212.501 59.3975 37.5
    endloop
  endfacet
  facet normal 0 0 1
    outer loop
      vertex 214.8 62.4 37.5
      vertex 212.331 59.6914 37.5
      vertex 212.426 59.55 37.5
    endloop
  endfacet
  facet normal 0 0 1
    outer loop
      vertex 214.8 62.4 37.5
      vertex 212.219 59.8192 37.5
      vertex 212.331 59.6914 37.5
    endloop
  endfacet
  facet normal 0 0 1
    outer loop
      vertex 214.8 62.4 37.5
      vertex 212.091 59.9314 37.5
      vertex 212.219 59.8192 37.5
    endloop
  endfacet
  facet normal 0 0 1
    outer loop
      vertex 214.8 62.4 37.5
      vertex 211.95 60.0258 37.5
      vertex 212.091 59.9314 37.5
    endloop
  endfacet
  facet normal -0 0 1
    outer loop
      vertex 211.3 62.4 37.5
      vertex 211.95 60.0258 37.5
      vertex 214.8 62.4 37.5
    endloop
  endfacet
  facet normal 0 0 1
    outer loop
      vertex 211.95 60.0258 37.5
      vertex 211.3 62.4 37.5
      vertex 211.797 60.101 37.5
    endloop
  endfacet
  facet normal 0 0 1
    outer loop
      vertex 211.797 60.101 37.5
      vertex 211.3 62.4 37.5
      vertex 211.636 60.1557 37.5
    endloop
  endfacet
  facet normal 0 0 1
    outer loop
      vertex 211.636 60.1557 37.5
      vertex 211.3 62.4 37.5
      vertex 211.47 60.1889 37.5
    endloop
  endfacet
  facet normal 0 0 1
    outer loop
      vertex 211.47 60.1889 37.5
      vertex 211.3 62.4 37.5
      vertex 211.3 60.2 37.5
    endloop
  endfacet
  facet normal 0 0 1
    outer loop
      vertex 211.3 62.4 37.5
      vertex 211.13 60.1889 37.5
      vertex 211.3 60.2 37.5
    endloop
  endfacet
  facet normal -0 0 1
    outer loop
      vertex 210.843 62.3701 37.5
      vertex 211.13 60.1889 37.5
      vertex 211.3 62.4 37.5
    endloop
  endfacet
  facet normal 0 0 1
    outer loop
      vertex 211.13 60.1889 37.5
      vertex 210.843 62.3701 37.5
      vertex 210.964 60.1557 37.5
    endloop
  endfacet
  facet normal -0 0 1
    outer loop
      vertex 210.394 62.2807 37.5
      vertex 210.964 60.1557 37.5
      vertex 210.843 62.3701 37.5
    endloop
  endfacet
  facet normal 0 0 1
    outer loop
      vertex 210.964 60.1557 37.5
      vertex 210.394 62.2807 37.5
      vertex 210.803 60.101 37.5
    endloop
  endfacet
  facet normal -0 0 1
    outer loop
      vertex 209.961 62.1336 37.5
      vertex 210.803 60.101 37.5
      vertex 210.394 62.2807 37.5
    endloop
  endfacet
  facet normal 0 0 1
    outer loop
      vertex 210.803 60.101 37.5
      vertex 209.961 62.1336 37.5
      vertex 210.65 60.0258 37.5
    endloop
  endfacet
  facet normal -0 0 1
    outer loop
      vertex 209.55 61.9311 37.5
      vertex 210.65 60.0258 37.5
      vertex 209.961 62.1336 37.5
    endloop
  endfacet
  facet normal 0 0 1
    outer loop
      vertex 210.65 60.0258 37.5
      vertex 209.55 61.9311 37.5
      vertex 210.509 59.9314 37.5
    endloop
  endfacet
  facet normal -0 0 1
    outer loop
      vertex 209.169 61.6767 37.5
      vertex 210.509 59.9314 37.5
      vertex 209.55 61.9311 37.5
    endloop
  endfacet
  facet normal 0 0 1
    outer loop
      vertex 210.509 59.9314 37.5
      vertex 209.169 61.6767 37.5
      vertex 210.381 59.8192 37.5
    endloop
  endfacet
  facet normal -0 0 1
    outer loop
      vertex 208.825 61.3749 37.5
      vertex 210.381 59.8192 37.5
      vertex 209.169 61.6767 37.5
    endloop
  endfacet
  facet normal 0 0 1
    outer loop
      vertex 210.381 59.8192 37.5
      vertex 208.825 61.3749 37.5
      vertex 210.269 59.6914 37.5
    endloop
  endfacet
  facet normal 0 0 1
    outer loop
      vertex 210.269 59.6914 37.5
      vertex 208.523 61.0307 37.5
      vertex 210.174 59.55 37.5
    endloop
  endfacet
  facet normal -0 0 1
    outer loop
      vertex 208.523 61.0307 37.5
      vertex 210.269 59.6914 37.5
      vertex 208.825 61.3749 37.5
    endloop
  endfacet
  facet normal -0 0 1
    outer loop
      vertex 212.331 58.1086 37.5
      vertex 214.077 56.7693 37.5
      vertex 212.426 58.25 37.5
    endloop
  endfacet
  facet normal 0 0 1
    outer loop
      vertex 214.077 56.7693 37.5
      vertex 212.331 58.1086 37.5
      vertex 213.775 56.4251 37.5
    endloop
  endfacet
  facet normal -0 0 1
    outer loop
      vertex 212.219 57.9808 37.5
      vertex 213.775 56.4251 37.5
      vertex 212.331 58.1086 37.5
    endloop
  endfacet
  facet normal 0 0 1
    outer loop
      vertex 213.775 56.4251 37.5
      vertex 212.219 57.9808 37.5
      vertex 213.431 56.1233 37.5
    endloop
  endfacet
  facet normal -0 0 1
    outer loop
      vertex 212.091 57.8686 37.5
      vertex 213.431 56.1233 37.5
      vertex 212.219 57.9808 37.5
    endloop
  endfacet
  facet normal 0 0 1
    outer loop
      vertex 213.431 56.1233 37.5
      vertex 212.091 57.8686 37.5
      vertex 213.05 55.8689 37.5
    endloop
  endfacet
  facet normal -0 0 1
    outer loop
      vertex 211.95 57.7742 37.5
      vertex 213.05 55.8689 37.5
      vertex 212.091 57.8686 37.5
    endloop
  endfacet
  facet normal 0 0 1
    outer loop
      vertex 213.05 55.8689 37.5
      vertex 211.95 57.7742 37.5
      vertex 212.639 55.6664 37.5
    endloop
  endfacet
  facet normal -0 0 1
    outer loop
      vertex 211.797 57.699 37.5
      vertex 212.639 55.6664 37.5
      vertex 211.95 57.7742 37.5
    endloop
  endfacet
  facet normal 0 0 1
    outer loop
      vertex 212.639 55.6664 37.5
      vertex 211.797 57.699 37.5
      vertex 212.206 55.5193 37.5
    endloop
  endfacet
  facet normal -0 0 1
    outer loop
      vertex 211.636 57.6443 37.5
      vertex 212.206 55.5193 37.5
      vertex 211.797 57.699 37.5
    endloop
  endfacet
  facet normal 0 0 1
    outer loop
      vertex 212.206 55.5193 37.5
      vertex 211.636 57.6443 37.5
      vertex 211.757 55.4299 37.5
    endloop
  endfacet
  facet normal -0 0 1
    outer loop
      vertex 211.47 57.6111 37.5
      vertex 211.757 55.4299 37.5
      vertex 211.636 57.6443 37.5
    endloop
  endfacet
  facet normal -0 0 1
    outer loop
      vertex 211.3 57.6 37.5
      vertex 211.757 55.4299 37.5
      vertex 211.47 57.6111 37.5
    endloop
  endfacet
  facet normal 0 0 1
    outer loop
      vertex 211.3 57.6 37.5
      vertex 211.3 55.4 37.5
      vertex 211.757 55.4299 37.5
    endloop
  endfacet
  facet normal 0 0 1
    outer loop
      vertex 211.13 57.6111 37.5
      vertex 211.3 55.4 37.5
      vertex 211.3 57.6 37.5
    endloop
  endfacet
  facet normal 0 0 1
    outer loop
      vertex 210.843 55.4299 37.5
      vertex 211.13 57.6111 37.5
      vertex 210.964 57.6443 37.5
    endloop
  endfacet
  facet normal 0 0 1
    outer loop
      vertex 211.13 57.6111 37.5
      vertex 210.843 55.4299 37.5
      vertex 211.3 55.4 37.5
    endloop
  endfacet
  facet normal 0 0 1
    outer loop
      vertex 210.394 55.5193 37.5
      vertex 210.964 57.6443 37.5
      vertex 210.803 57.699 37.5
    endloop
  endfacet
  facet normal 0 0 1
    outer loop
      vertex 209.961 55.6664 37.5
      vertex 210.803 57.699 37.5
      vertex 210.65 57.7742 37.5
    endloop
  endfacet
  facet normal 0 0 1
    outer loop
      vertex 209.55 55.8689 37.5
      vertex 210.65 57.7742 37.5
      vertex 210.509 57.8686 37.5
    endloop
  endfacet
  facet normal 0 0 1
    outer loop
      vertex 210.964 57.6443 37.5
      vertex 210.394 55.5193 37.5
      vertex 210.843 55.4299 37.5
    endloop
  endfacet
  facet normal 0 0 1
    outer loop
      vertex 209.169 56.1233 37.5
      vertex 210.509 57.8686 37.5
      vertex 210.381 57.9808 37.5
    endloop
  endfacet
  facet normal 0 0 1
    outer loop
      vertex 208.825 56.4251 37.5
      vertex 210.381 57.9808 37.5
      vertex 210.269 58.1086 37.5
    endloop
  endfacet
  facet normal 0 0 1
    outer loop
      vertex 208.523 56.7693 37.5
      vertex 210.269 58.1086 37.5
      vertex 210.174 58.25 37.5
    endloop
  endfacet
  facet normal 0 0 1
    outer loop
      vertex 208.269 57.15 37.5
      vertex 210.174 58.25 37.5
      vertex 210.099 58.4025 37.5
    endloop
  endfacet
  facet normal 0 0 1
    outer loop
      vertex 208.066 57.5606 37.5
      vertex 210.099 58.4025 37.5
      vertex 210.044 58.5635 37.5
    endloop
  endfacet
  facet normal 0 0 1
    outer loop
      vertex 207.919 57.9941 37.5
      vertex 210.044 58.5635 37.5
      vertex 210.011 58.7303 37.5
    endloop
  endfacet
  facet normal 0 0 1
    outer loop
      vertex 210.803 57.699 37.5
      vertex 209.961 55.6664 37.5
      vertex 210.394 55.5193 37.5
    endloop
  endfacet
  facet normal 0 0 1
    outer loop
      vertex 207.83 58.4432 37.5
      vertex 210.011 58.7303 37.5
      vertex 210 58.9 37.5
    endloop
  endfacet
  facet normal -0 0 1
    outer loop
      vertex 208.269 60.65 37.5
      vertex 210.174 59.55 37.5
      vertex 208.523 61.0307 37.5
    endloop
  endfacet
  facet normal 0 0 1
    outer loop
      vertex 210.174 59.55 37.5
      vertex 208.269 60.65 37.5
      vertex 210.099 59.3975 37.5
    endloop
  endfacet
  facet normal 0 0 1
    outer loop
      vertex 210.65 57.7742 37.5
      vertex 209.55 55.8689 37.5
      vertex 209.961 55.6664 37.5
    endloop
  endfacet
  facet normal -0 0 1
    outer loop
      vertex 208.066 60.2394 37.5
      vertex 210.099 59.3975 37.5
      vertex 208.269 60.65 37.5
    endloop
  endfacet
  facet normal 0 0 1
    outer loop
      vertex 210.509 57.8686 37.5
      vertex 209.169 56.1233 37.5
      vertex 209.55 55.8689 37.5
    endloop
  endfacet
  facet normal 0 0 1
    outer loop
      vertex 210.099 59.3975 37.5
      vertex 208.066 60.2394 37.5
      vertex 210.044 59.2365 37.5
    endloop
  endfacet
  facet normal 0 0 1
    outer loop
      vertex 210.381 57.9808 37.5
      vertex 208.825 56.4251 37.5
      vertex 209.169 56.1233 37.5
    endloop
  endfacet
  facet normal -0 0 1
    outer loop
      vertex 207.919 59.8059 37.5
      vertex 210.044 59.2365 37.5
      vertex 208.066 60.2394 37.5
    endloop
  endfacet
  facet normal 0 0 1
    outer loop
      vertex 210.269 58.1086 37.5
      vertex 208.523 56.7693 37.5
      vertex 208.825 56.4251 37.5
    endloop
  endfacet
  facet normal 0 0 1
    outer loop
      vertex 210.044 59.2365 37.5
      vertex 207.919 59.8059 37.5
      vertex 210.011 59.0697 37.5
    endloop
  endfacet
  facet normal 0 0 1
    outer loop
      vertex 210.174 58.25 37.5
      vertex 208.269 57.15 37.5
      vertex 208.523 56.7693 37.5
    endloop
  endfacet
  facet normal -0 0 1
    outer loop
      vertex 207.83 59.3568 37.5
      vertex 210.011 59.0697 37.5
      vertex 207.919 59.8059 37.5
    endloop
  endfacet
  facet normal 0 0 1
    outer loop
      vertex 210.099 58.4025 37.5
      vertex 208.066 57.5606 37.5
      vertex 208.269 57.15 37.5
    endloop
  endfacet
  facet normal 0 0 1
    outer loop
      vertex 210.011 59.0697 37.5
      vertex 207.83 59.3568 37.5
      vertex 210 58.9 37.5
    endloop
  endfacet
  facet normal 0 0 1
    outer loop
      vertex 210.044 58.5635 37.5
      vertex 207.919 57.9941 37.5
      vertex 208.066 57.5606 37.5
    endloop
  endfacet
  facet normal 0 0 1
    outer loop
      vertex 207.8 58.9 37.5
      vertex 210 58.9 37.5
      vertex 207.83 59.3568 37.5
    endloop
  endfacet
  facet normal 0 0 1
    outer loop
      vertex 210.011 58.7303 37.5
      vertex 207.83 58.4432 37.5
      vertex 207.919 57.9941 37.5
    endloop
  endfacet
  facet normal 0 0 1
    outer loop
      vertex 210 58.9 37.5
      vertex 207.8 58.9 37.5
      vertex 207.83 58.4432 37.5
    endloop
  endfacet
  facet normal -0.195276 -0.980748 0
    outer loop
      vertex 210.394 55.5193 7.5
      vertex 210.843 55.4299 37.5
      vertex 210.394 55.5193 37.5
    endloop
  endfacet
  facet normal -0.195276 -0.980748 -0
    outer loop
      vertex 210.843 55.4299 37.5
      vertex 210.394 55.5193 7.5
      vertex 210.843 55.4299 7.5
    endloop
  endfacet
  facet normal -0.831849 0.555003 0
    outer loop
      vertex 208.269 60.65 7.5
      vertex 208.523 61.0307 37.5
      vertex 208.523 61.0307 7.5
    endloop
  endfacet
  facet normal -0.831849 0.555003 0
    outer loop
      vertex 208.523 61.0307 37.5
      vertex 208.269 60.65 7.5
      vertex 208.269 60.65 37.5
    endloop
  endfacet
  facet normal -0.0652871 -0.997867 0
    outer loop
      vertex 210.843 55.4299 7.5
      vertex 211.3 55.4 37.5
      vertex 210.843 55.4299 37.5
    endloop
  endfacet
  facet normal -0.0652871 -0.997867 -0
    outer loop
      vertex 211.3 55.4 37.5
      vertex 210.843 55.4299 7.5
      vertex 211.3 55.4 7.5
    endloop
  endfacet
  facet normal -0.980986 -0.19408 0
    outer loop
      vertex 212.589 59.0697 25.49
      vertex 212.556 59.2365 37.5
      vertex 212.556 59.2365 25.49
    endloop
  endfacet
  facet normal -0.980986 -0.19408 0
    outer loop
      vertex 212.556 59.2365 37.5
      vertex 212.589 59.0697 25.49
      vertex 212.589 59.0697 37.5
    endloop
  endfacet
  facet normal -0.997906 -0.0646845 0
    outer loop
      vertex 212.6 58.9 25.49
      vertex 212.589 59.0697 37.5
      vertex 212.589 59.0697 25.49
    endloop
  endfacet
  facet normal -0.997906 -0.0646845 0
    outer loop
      vertex 212.589 59.0697 37.5
      vertex 212.6 58.9 25.49
      vertex 212.6 58.9 37.5
    endloop
  endfacet
  facet normal -0.946306 -0.323272 0
    outer loop
      vertex 212.556 59.2365 25.49
      vertex 212.501 59.3975 37.5
      vertex 212.501 59.3975 25.49
    endloop
  endfacet
  facet normal -0.946306 -0.323272 0
    outer loop
      vertex 212.501 59.3975 37.5
      vertex 212.556 59.2365 25.49
      vertex 212.556 59.2365 37.5
    endloop
  endfacet
  facet normal 0.196116 0.980581 -0
    outer loop
      vertex 211.13 57.6111 25.49
      vertex 210.964 57.6443 37.5
      vertex 211.13 57.6111 37.5
    endloop
  endfacet
  facet normal 0.196116 0.980581 0
    outer loop
      vertex 210.964 57.6443 37.5
      vertex 211.13 57.6111 25.49
      vertex 210.964 57.6443 25.49
    endloop
  endfacet
  facet normal -0.441103 -0.897457 0
    outer loop
      vertex 211.797 60.101 25.49
      vertex 211.95 60.0258 37.5
      vertex 211.797 60.101 37.5
    endloop
  endfacet
  facet normal -0.441103 -0.897457 -0
    outer loop
      vertex 211.95 60.0258 37.5
      vertex 211.797 60.101 25.49
      vertex 211.95 60.0258 25.49
    endloop
  endfacet
  facet normal -0.89735 -0.44132 0
    outer loop
      vertex 212.501 59.3975 25.49
      vertex 212.426 59.55 37.5
      vertex 212.426 59.55 25.49
    endloop
  endfacet
  facet normal -0.89735 -0.44132 0
    outer loop
      vertex 212.426 59.55 37.5
      vertex 212.501 59.3975 25.49
      vertex 212.501 59.3975 37.5
    endloop
  endfacet
  facet normal -0.830058 -0.557677 0
    outer loop
      vertex 212.426 59.55 25.49
      vertex 212.331 59.6914 37.5
      vertex 212.331 59.6914 25.49
    endloop
  endfacet
  facet normal -0.830058 -0.557677 0
    outer loop
      vertex 212.331 59.6914 37.5
      vertex 212.426 59.55 25.49
      vertex 212.426 59.55 37.5
    endloop
  endfacet
  facet normal -0.752066 0.659088 0
    outer loop
      vertex 212.219 57.9808 25.49
      vertex 212.331 58.1086 37.5
      vertex 212.331 58.1086 25.49
    endloop
  endfacet
  facet normal -0.752066 0.659088 0
    outer loop
      vertex 212.331 58.1086 37.5
      vertex 212.219 57.9808 25.49
      vertex 212.219 57.9808 37.5
    endloop
  endfacet
  facet normal 0.441103 -0.897457 0
    outer loop
      vertex 210.65 60.0258 25.49
      vertex 210.803 60.101 37.5
      vertex 210.65 60.0258 37.5
    endloop
  endfacet
  facet normal 0.441103 -0.897457 0
    outer loop
      vertex 210.803 60.101 37.5
      vertex 210.65 60.0258 25.49
      vertex 210.803 60.101 25.49
    endloop
  endfacet
  facet normal 0.997906 0.0646845 0
    outer loop
      vertex 210.011 58.7303 37.5
      vertex 210 58.9 25.49
      vertex 210 58.9 37.5
    endloop
  endfacet
  facet normal 0.997906 0.0646845 0
    outer loop
      vertex 210 58.9 25.49
      vertex 210.011 58.7303 37.5
      vertex 210.011 58.7303 25.49
    endloop
  endfacet
  facet normal -0.89735 0.44132 0
    outer loop
      vertex 212.426 58.25 25.49
      vertex 212.501 58.4025 37.5
      vertex 212.501 58.4025 25.49
    endloop
  endfacet
  facet normal -0.89735 0.44132 0
    outer loop
      vertex 212.501 58.4025 37.5
      vertex 212.426 58.25 25.49
      vertex 212.426 58.25 37.5
    endloop
  endfacet
  facet normal 0.65917 -0.751994 0
    outer loop
      vertex 210.381 59.8192 25.49
      vertex 210.509 59.9314 37.5
      vertex 210.381 59.8192 37.5
    endloop
  endfacet
  facet normal 0.65917 -0.751994 0
    outer loop
      vertex 210.509 59.9314 37.5
      vertex 210.381 59.8192 25.49
      vertex 210.509 59.9314 25.49
    endloop
  endfacet
  facet normal -0.752066 -0.659088 0
    outer loop
      vertex 212.331 59.6914 25.49
      vertex 212.219 59.8192 37.5
      vertex 212.219 59.8192 25.49
    endloop
  endfacet
  facet normal -0.752066 -0.659088 0
    outer loop
      vertex 212.219 59.8192 37.5
      vertex 212.331 59.6914 25.49
      vertex 212.331 59.6914 37.5
    endloop
  endfacet
  facet normal -0.980986 0.19408 0
    outer loop
      vertex 212.556 58.5635 25.49
      vertex 212.589 58.7303 37.5
      vertex 212.589 58.7303 25.49
    endloop
  endfacet
  facet normal -0.980986 0.19408 0
    outer loop
      vertex 212.589 58.7303 37.5
      vertex 212.556 58.5635 25.49
      vertex 212.556 58.5635 37.5
    endloop
  endfacet
  facet normal -0.946306 0.323272 0
    outer loop
      vertex 212.501 58.4025 25.49
      vertex 212.556 58.5635 37.5
      vertex 212.556 58.5635 25.49
    endloop
  endfacet
  facet normal -0.946306 0.323272 0
    outer loop
      vertex 212.556 58.5635 37.5
      vertex 212.501 58.4025 25.49
      vertex 212.501 58.4025 37.5
    endloop
  endfacet
  facet normal 0.980986 0.19408 0
    outer loop
      vertex 210.044 58.5635 37.5
      vertex 210.011 58.7303 25.49
      vertex 210.011 58.7303 37.5
    endloop
  endfacet
  facet normal 0.980986 0.19408 0
    outer loop
      vertex 210.011 58.7303 25.49
      vertex 210.044 58.5635 37.5
      vertex 210.044 58.5635 25.49
    endloop
  endfacet
  facet normal 0.752066 0.659088 0
    outer loop
      vertex 210.381 57.9808 37.5
      vertex 210.269 58.1086 25.49
      vertex 210.269 58.1086 37.5
    endloop
  endfacet
  facet normal 0.752066 0.659088 0
    outer loop
      vertex 210.269 58.1086 25.49
      vertex 210.381 57.9808 37.5
      vertex 210.381 57.9808 25.49
    endloop
  endfacet
  facet normal -0.556331 -0.830961 0
    outer loop
      vertex 211.95 60.0258 25.49
      vertex 212.091 59.9314 37.5
      vertex 211.95 60.0258 37.5
    endloop
  endfacet
  facet normal -0.556331 -0.830961 -0
    outer loop
      vertex 212.091 59.9314 37.5
      vertex 211.95 60.0258 25.49
      vertex 212.091 59.9314 25.49
    endloop
  endfacet
  facet normal -0.830058 0.557677 0
    outer loop
      vertex 212.331 58.1086 25.49
      vertex 212.426 58.25 37.5
      vertex 212.426 58.25 25.49
    endloop
  endfacet
  facet normal -0.830058 0.557677 0
    outer loop
      vertex 212.426 58.25 37.5
      vertex 212.331 58.1086 25.49
      vertex 212.331 58.1086 37.5
    endloop
  endfacet
  facet normal -0.321692 0.946844 0
    outer loop
      vertex 211.797 57.699 25.49
      vertex 211.636 57.6443 37.5
      vertex 211.797 57.699 37.5
    endloop
  endfacet
  facet normal -0.321692 0.946844 0
    outer loop
      vertex 211.636 57.6443 37.5
      vertex 211.797 57.699 25.49
      vertex 211.636 57.6443 25.49
    endloop
  endfacet
  facet normal -0.196116 0.980581 0
    outer loop
      vertex 211.636 57.6443 25.49
      vertex 211.47 57.6111 37.5
      vertex 211.636 57.6443 37.5
    endloop
  endfacet
  facet normal -0.196116 0.980581 0
    outer loop
      vertex 211.47 57.6111 37.5
      vertex 211.636 57.6443 25.49
      vertex 211.47 57.6111 25.49
    endloop
  endfacet
  facet normal 0.0651554 0.997875 -0
    outer loop
      vertex 211.3 57.6 25.49
      vertex 211.13 57.6111 37.5
      vertex 211.3 57.6 37.5
    endloop
  endfacet
  facet normal 0.0651554 0.997875 0
    outer loop
      vertex 211.13 57.6111 37.5
      vertex 211.3 57.6 25.49
      vertex 211.13 57.6111 25.49
    endloop
  endfacet
  facet normal -0.0651554 -0.997875 0
    outer loop
      vertex 211.3 60.2 25.49
      vertex 211.47 60.1889 37.5
      vertex 211.3 60.2 37.5
    endloop
  endfacet
  facet normal -0.0651554 -0.997875 -0
    outer loop
      vertex 211.47 60.1889 37.5
      vertex 211.3 60.2 25.49
      vertex 211.47 60.1889 25.49
    endloop
  endfacet
  facet normal 0.65917 0.751994 -0
    outer loop
      vertex 210.509 57.8686 25.49
      vertex 210.381 57.9808 37.5
      vertex 210.509 57.8686 37.5
    endloop
  endfacet
  facet normal 0.65917 0.751994 0
    outer loop
      vertex 210.381 57.9808 37.5
      vertex 210.509 57.8686 25.49
      vertex 210.381 57.9808 25.49
    endloop
  endfacet
  facet normal -0.65917 -0.751994 0
    outer loop
      vertex 212.091 59.9314 25.49
      vertex 212.219 59.8192 37.5
      vertex 212.091 59.9314 37.5
    endloop
  endfacet
  facet normal -0.65917 -0.751994 -0
    outer loop
      vertex 212.219 59.8192 37.5
      vertex 212.091 59.9314 25.49
      vertex 212.219 59.8192 25.49
    endloop
  endfacet
  facet normal 0.980986 -0.19408 0
    outer loop
      vertex 210.011 59.0697 37.5
      vertex 210.044 59.2365 25.49
      vertex 210.044 59.2365 37.5
    endloop
  endfacet
  facet normal 0.980986 -0.19408 0
    outer loop
      vertex 210.044 59.2365 25.49
      vertex 210.011 59.0697 37.5
      vertex 210.011 59.0697 25.49
    endloop
  endfacet
  facet normal 0.321692 -0.946844 0
    outer loop
      vertex 210.803 60.101 25.49
      vertex 210.964 60.1557 37.5
      vertex 210.803 60.101 37.5
    endloop
  endfacet
  facet normal 0.321692 -0.946844 0
    outer loop
      vertex 210.964 60.1557 37.5
      vertex 210.803 60.101 25.49
      vertex 210.964 60.1557 25.49
    endloop
  endfacet
  facet normal -0.65917 0.751994 0
    outer loop
      vertex 212.219 57.9808 25.49
      vertex 212.091 57.8686 37.5
      vertex 212.219 57.9808 37.5
    endloop
  endfacet
  facet normal -0.65917 0.751994 0
    outer loop
      vertex 212.091 57.8686 37.5
      vertex 212.219 57.9808 25.49
      vertex 212.091 57.8686 25.49
    endloop
  endfacet
  facet normal 0.946306 0.323272 0
    outer loop
      vertex 210.099 58.4025 37.5
      vertex 210.044 58.5635 25.49
      vertex 210.044 58.5635 37.5
    endloop
  endfacet
  facet normal 0.946306 0.323272 0
    outer loop
      vertex 210.044 58.5635 25.49
      vertex 210.099 58.4025 37.5
      vertex 210.099 58.4025 25.49
    endloop
  endfacet
  facet normal -0.0651554 0.997875 0
    outer loop
      vertex 211.47 57.6111 25.49
      vertex 211.3 57.6 37.5
      vertex 211.47 57.6111 37.5
    endloop
  endfacet
  facet normal -0.0651554 0.997875 0
    outer loop
      vertex 211.3 57.6 37.5
      vertex 211.47 57.6111 25.49
      vertex 211.3 57.6 25.49
    endloop
  endfacet
  facet normal 0.752066 -0.659088 0
    outer loop
      vertex 210.269 59.6914 37.5
      vertex 210.381 59.8192 25.49
      vertex 210.381 59.8192 37.5
    endloop
  endfacet
  facet normal 0.752066 -0.659088 0
    outer loop
      vertex 210.381 59.8192 25.49
      vertex 210.269 59.6914 37.5
      vertex 210.269 59.6914 25.49
    endloop
  endfacet
  facet normal 0.830058 -0.557677 0
    outer loop
      vertex 210.174 59.55 37.5
      vertex 210.269 59.6914 25.49
      vertex 210.269 59.6914 37.5
    endloop
  endfacet
  facet normal 0.830058 -0.557677 0
    outer loop
      vertex 210.269 59.6914 25.49
      vertex 210.174 59.55 37.5
      vertex 210.174 59.55 25.49
    endloop
  endfacet
  facet normal 0.946306 -0.323272 0
    outer loop
      vertex 210.044 59.2365 37.5
      vertex 210.099 59.3975 25.49
      vertex 210.099 59.3975 37.5
    endloop
  endfacet
  facet normal 0.946306 -0.323272 0
    outer loop
      vertex 210.099 59.3975 25.49
      vertex 210.044 59.2365 37.5
      vertex 210.044 59.2365 25.49
    endloop
  endfacet
  facet normal -0.321692 -0.946844 0
    outer loop
      vertex 211.636 60.1557 25.49
      vertex 211.797 60.101 37.5
      vertex 211.636 60.1557 37.5
    endloop
  endfacet
  facet normal -0.321692 -0.946844 -0
    outer loop
      vertex 211.797 60.101 37.5
      vertex 211.636 60.1557 25.49
      vertex 211.797 60.101 25.49
    endloop
  endfacet
  facet normal 0.997906 -0.0646845 0
    outer loop
      vertex 210 58.9 37.5
      vertex 210.011 59.0697 25.49
      vertex 210.011 59.0697 37.5
    endloop
  endfacet
  facet normal 0.997906 -0.0646845 0
    outer loop
      vertex 210.011 59.0697 25.49
      vertex 210 58.9 37.5
      vertex 210 58.9 25.49
    endloop
  endfacet
  facet normal 0.830058 0.557677 0
    outer loop
      vertex 210.269 58.1086 37.5
      vertex 210.174 58.25 25.49
      vertex 210.174 58.25 37.5
    endloop
  endfacet
  facet normal 0.830058 0.557677 0
    outer loop
      vertex 210.174 58.25 25.49
      vertex 210.269 58.1086 37.5
      vertex 210.269 58.1086 25.49
    endloop
  endfacet
  facet normal -0.997906 0.0646845 0
    outer loop
      vertex 212.589 58.7303 25.49
      vertex 212.6 58.9 37.5
      vertex 212.6 58.9 25.49
    endloop
  endfacet
  facet normal -0.997906 0.0646845 0
    outer loop
      vertex 212.6 58.9 37.5
      vertex 212.589 58.7303 25.49
      vertex 212.589 58.7303 37.5
    endloop
  endfacet
  facet normal 0.0651554 -0.997875 0
    outer loop
      vertex 211.13 60.1889 25.49
      vertex 211.3 60.2 37.5
      vertex 211.13 60.1889 37.5
    endloop
  endfacet
  facet normal 0.0651554 -0.997875 0
    outer loop
      vertex 211.3 60.2 37.5
      vertex 211.13 60.1889 25.49
      vertex 211.3 60.2 25.49
    endloop
  endfacet
  facet normal -0.556331 0.830961 0
    outer loop
      vertex 212.091 57.8686 25.49
      vertex 211.95 57.7742 37.5
      vertex 212.091 57.8686 37.5
    endloop
  endfacet
  facet normal -0.556331 0.830961 0
    outer loop
      vertex 211.95 57.7742 37.5
      vertex 212.091 57.8686 25.49
      vertex 211.95 57.7742 25.49
    endloop
  endfacet
  facet normal 0.196116 -0.980581 0
    outer loop
      vertex 210.964 60.1557 25.49
      vertex 211.13 60.1889 37.5
      vertex 210.964 60.1557 37.5
    endloop
  endfacet
  facet normal 0.196116 -0.980581 0
    outer loop
      vertex 211.13 60.1889 37.5
      vertex 210.964 60.1557 25.49
      vertex 211.13 60.1889 25.49
    endloop
  endfacet
  facet normal 0.89735 -0.44132 0
    outer loop
      vertex 210.099 59.3975 37.5
      vertex 210.174 59.55 25.49
      vertex 210.174 59.55 37.5
    endloop
  endfacet
  facet normal 0.89735 -0.44132 0
    outer loop
      vertex 210.174 59.55 25.49
      vertex 210.099 59.3975 37.5
      vertex 210.099 59.3975 25.49
    endloop
  endfacet
  facet normal 0.556331 -0.830961 0
    outer loop
      vertex 210.509 59.9314 25.49
      vertex 210.65 60.0258 37.5
      vertex 210.509 59.9314 37.5
    endloop
  endfacet
  facet normal 0.556331 -0.830961 0
    outer loop
      vertex 210.65 60.0258 37.5
      vertex 210.509 59.9314 25.49
      vertex 210.65 60.0258 25.49
    endloop
  endfacet
  facet normal 0.321692 0.946844 -0
    outer loop
      vertex 210.964 57.6443 25.49
      vertex 210.803 57.699 37.5
      vertex 210.964 57.6443 37.5
    endloop
  endfacet
  facet normal 0.321692 0.946844 0
    outer loop
      vertex 210.803 57.699 37.5
      vertex 210.964 57.6443 25.49
      vertex 210.803 57.699 25.49
    endloop
  endfacet
  facet normal -0.196116 -0.980581 0
    outer loop
      vertex 211.47 60.1889 25.49
      vertex 211.636 60.1557 37.5
      vertex 211.47 60.1889 37.5
    endloop
  endfacet
  facet normal -0.196116 -0.980581 -0
    outer loop
      vertex 211.636 60.1557 37.5
      vertex 211.47 60.1889 25.49
      vertex 211.636 60.1557 25.49
    endloop
  endfacet
  facet normal -0.441103 0.897457 0
    outer loop
      vertex 211.95 57.7742 25.49
      vertex 211.797 57.699 37.5
      vertex 211.95 57.7742 37.5
    endloop
  endfacet
  facet normal -0.441103 0.897457 0
    outer loop
      vertex 211.797 57.699 37.5
      vertex 211.95 57.7742 25.49
      vertex 211.797 57.699 25.49
    endloop
  endfacet
  facet normal 0.441103 0.897457 -0
    outer loop
      vertex 210.803 57.699 25.49
      vertex 210.65 57.7742 37.5
      vertex 210.803 57.699 37.5
    endloop
  endfacet
  facet normal 0.441103 0.897457 0
    outer loop
      vertex 210.65 57.7742 37.5
      vertex 210.803 57.699 25.49
      vertex 210.65 57.7742 25.49
    endloop
  endfacet
  facet normal 0.89735 0.44132 0
    outer loop
      vertex 210.174 58.25 37.5
      vertex 210.099 58.4025 25.49
      vertex 210.099 58.4025 37.5
    endloop
  endfacet
  facet normal 0.89735 0.44132 0
    outer loop
      vertex 210.099 58.4025 25.49
      vertex 210.174 58.25 37.5
      vertex 210.174 58.25 25.49
    endloop
  endfacet
  facet normal 0 0 1
    outer loop
      vertex 212.589 59.0697 25.49
      vertex 212.589 58.7303 25.49
      vertex 212.6 58.9 25.49
    endloop
  endfacet
  facet normal 0 0 1
    outer loop
      vertex 212.556 59.2365 25.49
      vertex 212.589 58.7303 25.49
      vertex 212.589 59.0697 25.49
    endloop
  endfacet
  facet normal 0 0 1
    outer loop
      vertex 212.556 59.2365 25.49
      vertex 212.556 58.5635 25.49
      vertex 212.589 58.7303 25.49
    endloop
  endfacet
  facet normal 0 0 1
    outer loop
      vertex 212.501 59.3975 25.49
      vertex 212.556 58.5635 25.49
      vertex 212.556 59.2365 25.49
    endloop
  endfacet
  facet normal 0 0 1
    outer loop
      vertex 212.501 59.3975 25.49
      vertex 212.501 58.4025 25.49
      vertex 212.556 58.5635 25.49
    endloop
  endfacet
  facet normal 0 0 1
    outer loop
      vertex 212.426 59.55 25.49
      vertex 212.501 58.4025 25.49
      vertex 212.501 59.3975 25.49
    endloop
  endfacet
  facet normal 0 0 1
    outer loop
      vertex 212.426 59.55 25.49
      vertex 212.426 58.25 25.49
      vertex 212.501 58.4025 25.49
    endloop
  endfacet
  facet normal 0 0 1
    outer loop
      vertex 212.331 59.6914 25.49
      vertex 212.426 58.25 25.49
      vertex 212.426 59.55 25.49
    endloop
  endfacet
  facet normal 0 0 1
    outer loop
      vertex 212.331 59.6914 25.49
      vertex 212.331 58.1086 25.49
      vertex 212.426 58.25 25.49
    endloop
  endfacet
  facet normal 0 0 1
    outer loop
      vertex 212.219 59.8192 25.49
      vertex 212.331 58.1086 25.49
      vertex 212.331 59.6914 25.49
    endloop
  endfacet
  facet normal 0 0 1
    outer loop
      vertex 212.219 59.8192 25.49
      vertex 212.219 57.9808 25.49
      vertex 212.331 58.1086 25.49
    endloop
  endfacet
  facet normal 0 0 1
    outer loop
      vertex 212.091 59.9314 25.49
      vertex 212.219 57.9808 25.49
      vertex 212.219 59.8192 25.49
    endloop
  endfacet
  facet normal 0 0 1
    outer loop
      vertex 212.091 59.9314 25.49
      vertex 212.091 57.8686 25.49
      vertex 212.219 57.9808 25.49
    endloop
  endfacet
  facet normal 0 0 1
    outer loop
      vertex 211.95 60.0258 25.49
      vertex 212.091 57.8686 25.49
      vertex 212.091 59.9314 25.49
    endloop
  endfacet
  facet normal 0 0 1
    outer loop
      vertex 211.95 60.0258 25.49
      vertex 211.95 57.7742 25.49
      vertex 212.091 57.8686 25.49
    endloop
  endfacet
  facet normal 0 0 1
    outer loop
      vertex 211.797 60.101 25.49
      vertex 211.95 57.7742 25.49
      vertex 211.95 60.0258 25.49
    endloop
  endfacet
  facet normal 0 0 1
    outer loop
      vertex 211.797 60.101 25.49
      vertex 211.797 57.699 25.49
      vertex 211.95 57.7742 25.49
    endloop
  endfacet
  facet normal 0 0 1
    outer loop
      vertex 211.636 60.1557 25.49
      vertex 211.797 57.699 25.49
      vertex 211.797 60.101 25.49
    endloop
  endfacet
  facet normal 0 0 1
    outer loop
      vertex 211.636 60.1557 25.49
      vertex 211.636 57.6443 25.49
      vertex 211.797 57.699 25.49
    endloop
  endfacet
  facet normal 0 0 1
    outer loop
      vertex 211.47 60.1889 25.49
      vertex 211.636 57.6443 25.49
      vertex 211.636 60.1557 25.49
    endloop
  endfacet
  facet normal 0 0 1
    outer loop
      vertex 211.47 60.1889 25.49
      vertex 211.47 57.6111 25.49
      vertex 211.636 57.6443 25.49
    endloop
  endfacet
  facet normal 0 0 1
    outer loop
      vertex 211.3 60.2 25.49
      vertex 211.47 57.6111 25.49
      vertex 211.47 60.1889 25.49
    endloop
  endfacet
  facet normal 0 0 1
    outer loop
      vertex 211.3 60.2 25.49
      vertex 211.3 57.6 25.49
      vertex 211.47 57.6111 25.49
    endloop
  endfacet
  facet normal -0 0 1
    outer loop
      vertex 211.13 60.1889 25.49
      vertex 211.3 57.6 25.49
      vertex 211.3 60.2 25.49
    endloop
  endfacet
  facet normal 0 0 1
    outer loop
      vertex 211.13 60.1889 25.49
      vertex 211.13 57.6111 25.49
      vertex 211.3 57.6 25.49
    endloop
  endfacet
  facet normal -0 0 1
    outer loop
      vertex 210.964 60.1557 25.49
      vertex 211.13 57.6111 25.49
      vertex 211.13 60.1889 25.49
    endloop
  endfacet
  facet normal 0 0 1
    outer loop
      vertex 210.964 60.1557 25.49
      vertex 210.964 57.6443 25.49
      vertex 211.13 57.6111 25.49
    endloop
  endfacet
  facet normal -0 0 1
    outer loop
      vertex 210.803 60.101 25.49
      vertex 210.964 57.6443 25.49
      vertex 210.964 60.1557 25.49
    endloop
  endfacet
  facet normal 0 0 1
    outer loop
      vertex 210.803 60.101 25.49
      vertex 210.803 57.699 25.49
      vertex 210.964 57.6443 25.49
    endloop
  endfacet
  facet normal -0 0 1
    outer loop
      vertex 210.65 60.0258 25.49
      vertex 210.803 57.699 25.49
      vertex 210.803 60.101 25.49
    endloop
  endfacet
  facet normal 0 0 1
    outer loop
      vertex 210.65 60.0258 25.49
      vertex 210.65 57.7742 25.49
      vertex 210.803 57.699 25.49
    endloop
  endfacet
  facet normal -0 0 1
    outer loop
      vertex 210.509 59.9314 25.49
      vertex 210.65 57.7742 25.49
      vertex 210.65 60.0258 25.49
    endloop
  endfacet
  facet normal 0 0 1
    outer loop
      vertex 210.509 59.9314 25.49
      vertex 210.509 57.8686 25.49
      vertex 210.65 57.7742 25.49
    endloop
  endfacet
  facet normal -0 0 1
    outer loop
      vertex 210.381 59.8192 25.49
      vertex 210.509 57.8686 25.49
      vertex 210.509 59.9314 25.49
    endloop
  endfacet
  facet normal 0 0 1
    outer loop
      vertex 210.381 59.8192 25.49
      vertex 210.381 57.9808 25.49
      vertex 210.509 57.8686 25.49
    endloop
  endfacet
  facet normal -0 0 1
    outer loop
      vertex 210.269 59.6914 25.49
      vertex 210.381 57.9808 25.49
      vertex 210.381 59.8192 25.49
    endloop
  endfacet
  facet normal 0 0 1
    outer loop
      vertex 210.269 59.6914 25.49
      vertex 210.269 58.1086 25.49
      vertex 210.381 57.9808 25.49
    endloop
  endfacet
  facet normal -0 0 1
    outer loop
      vertex 210.174 59.55 25.49
      vertex 210.269 58.1086 25.49
      vertex 210.269 59.6914 25.49
    endloop
  endfacet
  facet normal 0 0 1
    outer loop
      vertex 210.174 59.55 25.49
      vertex 210.174 58.25 25.49
      vertex 210.269 58.1086 25.49
    endloop
  endfacet
  facet normal -0 0 1
    outer loop
      vertex 210.099 59.3975 25.49
      vertex 210.174 58.25 25.49
      vertex 210.174 59.55 25.49
    endloop
  endfacet
  facet normal 0 0 1
    outer loop
      vertex 210.099 59.3975 25.49
      vertex 210.099 58.4025 25.49
      vertex 210.174 58.25 25.49
    endloop
  endfacet
  facet normal -0 0 1
    outer loop
      vertex 210.044 59.2365 25.49
      vertex 210.099 58.4025 25.49
      vertex 210.099 59.3975 25.49
    endloop
  endfacet
  facet normal 0 0 1
    outer loop
      vertex 210.044 59.2365 25.49
      vertex 210.044 58.5635 25.49
      vertex 210.099 58.4025 25.49
    endloop
  endfacet
  facet normal -0 0 1
    outer loop
      vertex 210.011 59.0697 25.49
      vertex 210.044 58.5635 25.49
      vertex 210.044 59.2365 25.49
    endloop
  endfacet
  facet normal 0 0 1
    outer loop
      vertex 210.011 59.0697 25.49
      vertex 210.011 58.7303 25.49
      vertex 210.044 58.5635 25.49
    endloop
  endfacet
  facet normal 0 -0 1
    outer loop
      vertex 210.011 58.7303 25.49
      vertex 210.011 59.0697 25.49
      vertex 210 58.9 25.49
    endloop
  endfacet
  facet normal 0.556331 0.830961 -0
    outer loop
      vertex 210.65 57.7742 25.49
      vertex 210.509 57.8686 37.5
      vertex 210.65 57.7742 37.5
    endloop
  endfacet
  facet normal 0.556331 0.830961 0
    outer loop
      vertex 210.509 57.8686 37.5
      vertex 210.65 57.7742 25.49
      vertex 210.509 57.8686 25.49
    endloop
  endfacet
  facet normal -0.981056 -0.193723 0
    outer loop
      vertex 114.402 9.12354 7.5
      vertex 114.326 9.50842 12.5
      vertex 114.326 9.50842 7.5
    endloop
  endfacet
  facet normal -0.981056 -0.193723 0
    outer loop
      vertex 114.326 9.50842 12.5
      vertex 114.402 9.12354 7.5
      vertex 114.402 9.12354 12.5
    endloop
  endfacet
  facet normal -0.831501 0.555523 0
    outer loop
      vertex 114.702 11.4 7.5
      vertex 114.92 11.7263 12.5
      vertex 114.92 11.7263 7.5
    endloop
  endfacet
  facet normal -0.831501 0.555523 0
    outer loop
      vertex 114.92 11.7263 12.5
      vertex 114.702 11.4 7.5
      vertex 114.702 11.4 12.5
    endloop
  endfacet
  facet normal 0.981058 0.193714 0
    outer loop
      vertex 120.274 10.2916 12.5
      vertex 120.198 10.6765 7.5
      vertex 120.198 10.6765 12.5
    endloop
  endfacet
  facet normal 0.981058 0.193714 0
    outer loop
      vertex 120.198 10.6765 7.5
      vertex 120.274 10.2916 12.5
      vertex 120.274 10.2916 7.5
    endloop
  endfacet
  facet normal 0.997803 -0.0662518 0
    outer loop
      vertex 120.274 9.50842 12.5
      vertex 120.3 9.9 7.5
      vertex 120.3 9.9 12.5
    endloop
  endfacet
  facet normal 0.997803 -0.0662518 0
    outer loop
      vertex 120.3 9.9 7.5
      vertex 120.274 9.50842 12.5
      vertex 120.274 9.50842 7.5
    endloop
  endfacet
  facet normal 0.751515 -0.659716 0
    outer loop
      vertex 119.421 7.77868 12.5
      vertex 119.68 8.07372 7.5
      vertex 119.68 8.07372 12.5
    endloop
  endfacet
  facet normal 0.751515 -0.659716 0
    outer loop
      vertex 119.68 8.07372 7.5
      vertex 119.421 7.77868 12.5
      vertex 119.421 7.77868 7.5
    endloop
  endfacet
  facet normal -0.751471 0.659766 0
    outer loop
      vertex 114.92 11.7263 7.5
      vertex 115.179 12.0213 12.5
      vertex 115.179 12.0213 7.5
    endloop
  endfacet
  facet normal -0.751471 0.659766 0
    outer loop
      vertex 115.179 12.0213 12.5
      vertex 114.92 11.7263 7.5
      vertex 114.92 11.7263 12.5
    endloop
  endfacet
  facet normal 0.195379 0.980728 -0
    outer loop
      vertex 118.076 12.7978 7.5
      vertex 117.692 12.8743 12.5
      vertex 118.076 12.7978 12.5
    endloop
  endfacet
  facet normal 0.195379 0.980728 0
    outer loop
      vertex 117.692 12.8743 12.5
      vertex 118.076 12.7978 7.5
      vertex 117.692 12.8743 7.5
    endloop
  endfacet
  facet normal 0.751471 0.659766 0
    outer loop
      vertex 119.68 11.7263 12.5
      vertex 119.421 12.0213 7.5
      vertex 119.421 12.0213 12.5
    endloop
  endfacet
  facet normal 0.751471 0.659766 0
    outer loop
      vertex 119.421 12.0213 7.5
      vertex 119.68 11.7263 12.5
      vertex 119.68 11.7263 7.5
    endloop
  endfacet
  facet normal -0.831485 -0.555547 0
    outer loop
      vertex 114.92 8.07372 7.5
      vertex 114.702 8.4 12.5
      vertex 114.702 8.4 7.5
    endloop
  endfacet
  facet normal -0.831485 -0.555547 0
    outer loop
      vertex 114.702 8.4 12.5
      vertex 114.92 8.07372 7.5
      vertex 114.92 8.07372 12.5
    endloop
  endfacet
  facet normal -0.555912 -0.831241 0
    outer loop
      vertex 115.474 7.51994 7.5
      vertex 115.8 7.30192 12.5
      vertex 115.474 7.51994 12.5
    endloop
  endfacet
  facet normal -0.555912 -0.831241 -0
    outer loop
      vertex 115.8 7.30192 12.5
      vertex 115.474 7.51994 7.5
      vertex 115.8 7.30192 7.5
    endloop
  endfacet
  facet normal 0.442233 -0.8969 0
    outer loop
      vertex 118.448 7.12836 7.5
      vertex 118.8 7.30192 12.5
      vertex 118.448 7.12836 12.5
    endloop
  endfacet
  facet normal 0.442233 -0.8969 0
    outer loop
      vertex 118.8 7.30192 12.5
      vertex 118.448 7.12836 7.5
      vertex 118.8 7.30192 7.5
    endloop
  endfacet
  facet normal -0.947013 0.321194 0
    outer loop
      vertex 114.402 10.6765 7.5
      vertex 114.528 11.048 12.5
      vertex 114.528 11.048 7.5
    endloop
  endfacet
  facet normal -0.947013 0.321194 0
    outer loop
      vertex 114.528 11.048 12.5
      vertex 114.402 10.6765 7.5
      vertex 114.402 10.6765 12.5
    endloop
  endfacet
  facet normal -0.442233 -0.8969 0
    outer loop
      vertex 115.8 7.30192 7.5
      vertex 116.152 7.12836 12.5
      vertex 115.8 7.30192 12.5
    endloop
  endfacet
  facet normal -0.442233 -0.8969 -0
    outer loop
      vertex 116.152 7.12836 12.5
      vertex 115.8 7.30192 7.5
      vertex 116.152 7.12836 7.5
    endloop
  endfacet
  facet normal -0.321127 -0.947036 0
    outer loop
      vertex 116.152 7.12836 7.5
      vertex 116.524 7.00222 12.5
      vertex 116.152 7.12836 12.5
    endloop
  endfacet
  facet normal -0.321127 -0.947036 -0
    outer loop
      vertex 116.524 7.00222 12.5
      vertex 116.152 7.12836 7.5
      vertex 116.524 7.00222 7.5
    endloop
  endfacet
  facet normal -0.997803 -0.0662518 0
    outer loop
      vertex 114.326 9.50842 7.5
      vertex 114.3 9.9 12.5
      vertex 114.3 9.9 7.5
    endloop
  endfacet
  facet normal -0.997803 -0.0662518 0
    outer loop
      vertex 114.3 9.9 12.5
      vertex 114.326 9.50842 7.5
      vertex 114.326 9.50842 12.5
    endloop
  endfacet
  facet normal 0.659478 0.751724 -0
    outer loop
      vertex 119.421 12.0213 7.5
      vertex 119.126 12.2801 12.5
      vertex 119.421 12.0213 12.5
    endloop
  endfacet
  facet normal 0.659478 0.751724 0
    outer loop
      vertex 119.126 12.2801 12.5
      vertex 119.421 12.0213 7.5
      vertex 119.126 12.2801 7.5
    endloop
  endfacet
  facet normal 0.997803 0.0662484 0
    outer loop
      vertex 120.3 9.9 12.5
      vertex 120.274 10.2916 7.5
      vertex 120.274 10.2916 12.5
    endloop
  endfacet
  facet normal 0.997803 0.0662484 0
    outer loop
      vertex 120.274 10.2916 7.5
      vertex 120.3 9.9 12.5
      vertex 120.3 9.9 7.5
    endloop
  endfacet
  facet normal -0.947037 -0.321125 0
    outer loop
      vertex 114.528 8.75195 7.5
      vertex 114.402 9.12354 12.5
      vertex 114.402 9.12354 7.5
    endloop
  endfacet
  facet normal -0.947037 -0.321125 0
    outer loop
      vertex 114.402 9.12354 12.5
      vertex 114.528 8.75195 7.5
      vertex 114.528 8.75195 12.5
    endloop
  endfacet
  facet normal 0.89643 -0.443185 0
    outer loop
      vertex 119.898 8.4 12.5
      vertex 120.072 8.75195 7.5
      vertex 120.072 8.75195 12.5
    endloop
  endfacet
  facet normal 0.89643 -0.443185 0
    outer loop
      vertex 120.072 8.75195 7.5
      vertex 119.898 8.4 12.5
      vertex 119.898 8.4 7.5
    endloop
  endfacet
  facet normal -0.896455 0.443134 0
    outer loop
      vertex 114.528 11.048 7.5
      vertex 114.702 11.4 12.5
      vertex 114.702 11.4 7.5
    endloop
  endfacet
  facet normal -0.896455 0.443134 0
    outer loop
      vertex 114.702 11.4 12.5
      vertex 114.528 11.048 7.5
      vertex 114.528 11.048 12.5
    endloop
  endfacet
  facet normal -0.0653447 -0.997863 0
    outer loop
      vertex 116.908 6.92567 7.5
      vertex 117.3 6.9 12.5
      vertex 116.908 6.92567 12.5
    endloop
  endfacet
  facet normal -0.0653447 -0.997863 -0
    outer loop
      vertex 117.3 6.9 12.5
      vertex 116.908 6.92567 7.5
      vertex 117.3 6.9 7.5
    endloop
  endfacet
  facet normal 0.321264 0.94699 -0
    outer loop
      vertex 118.448 12.6716 7.5
      vertex 118.076 12.7978 12.5
      vertex 118.448 12.6716 12.5
    endloop
  endfacet
  facet normal 0.321264 0.94699 0
    outer loop
      vertex 118.076 12.7978 12.5
      vertex 118.448 12.6716 7.5
      vertex 118.076 12.7978 7.5
    endloop
  endfacet
  facet normal 0.896455 0.443134 0
    outer loop
      vertex 120.072 11.048 12.5
      vertex 119.898 11.4 7.5
      vertex 119.898 11.4 12.5
    endloop
  endfacet
  facet normal 0.896455 0.443134 0
    outer loop
      vertex 119.898 11.4 7.5
      vertex 120.072 11.048 12.5
      vertex 120.072 11.048 7.5
    endloop
  endfacet
  facet normal 0.831501 0.555523 0
    outer loop
      vertex 119.898 11.4 12.5
      vertex 119.68 11.7263 7.5
      vertex 119.68 11.7263 12.5
    endloop
  endfacet
  facet normal 0.831501 0.555523 0
    outer loop
      vertex 119.68 11.7263 7.5
      vertex 119.898 11.4 12.5
      vertex 119.898 11.4 7.5
    endloop
  endfacet
  facet normal 0.947013 0.321194 0
    outer loop
      vertex 120.198 10.6765 12.5
      vertex 120.072 11.048 7.5
      vertex 120.072 11.048 12.5
    endloop
  endfacet
  facet normal 0.947013 0.321194 0
    outer loop
      vertex 120.072 11.048 7.5
      vertex 120.198 10.6765 12.5
      vertex 120.198 10.6765 7.5
    endloop
  endfacet
  facet normal 0.555877 0.831265 -0
    outer loop
      vertex 119.126 12.2801 7.5
      vertex 118.8 12.4981 12.5
      vertex 119.126 12.2801 12.5
    endloop
  endfacet
  facet normal 0.555877 0.831265 0
    outer loop
      vertex 118.8 12.4981 12.5
      vertex 119.126 12.2801 7.5
      vertex 118.8 12.4981 7.5
    endloop
  endfacet
  facet normal -0.195379 0.980728 0
    outer loop
      vertex 116.908 12.8743 7.5
      vertex 116.524 12.7978 12.5
      vertex 116.908 12.8743 12.5
    endloop
  endfacet
  facet normal -0.195379 0.980728 0
    outer loop
      vertex 116.524 12.7978 12.5
      vertex 116.908 12.8743 7.5
      vertex 116.524 12.7978 7.5
    endloop
  endfacet
  facet normal 0.321127 -0.947036 0
    outer loop
      vertex 118.076 7.00222 7.5
      vertex 118.448 7.12836 12.5
      vertex 118.076 7.00222 12.5
    endloop
  endfacet
  facet normal 0.321127 -0.947036 0
    outer loop
      vertex 118.448 7.12836 12.5
      vertex 118.076 7.00222 7.5
      vertex 118.448 7.12836 7.5
    endloop
  endfacet
  facet normal 0.44211 0.896961 -0
    outer loop
      vertex 118.8 12.4981 7.5
      vertex 118.448 12.6716 12.5
      vertex 118.8 12.4981 12.5
    endloop
  endfacet
  facet normal 0.44211 0.896961 0
    outer loop
      vertex 118.448 12.6716 12.5
      vertex 118.8 12.4981 7.5
      vertex 118.448 12.6716 7.5
    endloop
  endfacet
  facet normal 0.0653447 -0.997863 0
    outer loop
      vertex 117.3 6.9 7.5
      vertex 117.692 6.92567 12.5
      vertex 117.3 6.9 12.5
    endloop
  endfacet
  facet normal 0.0653447 -0.997863 0
    outer loop
      vertex 117.692 6.92567 12.5
      vertex 117.3 6.9 7.5
      vertex 117.692 6.92567 7.5
    endloop
  endfacet
  facet normal -0.0654208 0.997858 0
    outer loop
      vertex 117.3 12.9 7.5
      vertex 116.908 12.8743 12.5
      vertex 117.3 12.9 12.5
    endloop
  endfacet
  facet normal -0.0654208 0.997858 0
    outer loop
      vertex 116.908 12.8743 12.5
      vertex 117.3 12.9 7.5
      vertex 116.908 12.8743 7.5
    endloop
  endfacet
  facet normal 0.981056 -0.193723 0
    outer loop
      vertex 120.198 9.12354 12.5
      vertex 120.274 9.50842 7.5
      vertex 120.274 9.50842 12.5
    endloop
  endfacet
  facet normal 0.981056 -0.193723 0
    outer loop
      vertex 120.274 9.50842 7.5
      vertex 120.198 9.12354 12.5
      vertex 120.198 9.12354 7.5
    endloop
  endfacet
  facet normal 0.195502 -0.980703 0
    outer loop
      vertex 117.692 6.92567 7.5
      vertex 118.076 7.00222 12.5
      vertex 117.692 6.92567 12.5
    endloop
  endfacet
  facet normal 0.195502 -0.980703 0
    outer loop
      vertex 118.076 7.00222 12.5
      vertex 117.692 6.92567 7.5
      vertex 118.076 7.00222 7.5
    endloop
  endfacet
  facet normal -0.44211 0.896961 0
    outer loop
      vertex 116.152 12.6716 7.5
      vertex 115.8 12.4981 12.5
      vertex 116.152 12.6716 12.5
    endloop
  endfacet
  facet normal -0.44211 0.896961 0
    outer loop
      vertex 115.8 12.4981 12.5
      vertex 116.152 12.6716 7.5
      vertex 115.8 12.4981 7.5
    endloop
  endfacet
  facet normal 0.659392 -0.751799 0
    outer loop
      vertex 119.126 7.51994 7.5
      vertex 119.421 7.77868 12.5
      vertex 119.126 7.51994 12.5
    endloop
  endfacet
  facet normal 0.659392 -0.751799 0
    outer loop
      vertex 119.421 7.77868 12.5
      vertex 119.126 7.51994 7.5
      vertex 119.421 7.77868 7.5
    endloop
  endfacet
  facet normal -0.321264 0.94699 0
    outer loop
      vertex 116.524 12.7978 7.5
      vertex 116.152 12.6716 12.5
      vertex 116.524 12.7978 12.5
    endloop
  endfacet
  facet normal -0.321264 0.94699 0
    outer loop
      vertex 116.152 12.6716 12.5
      vertex 116.524 12.7978 7.5
      vertex 116.152 12.6716 7.5
    endloop
  endfacet
  facet normal -0.89643 -0.443185 0
    outer loop
      vertex 114.702 8.4 7.5
      vertex 114.528 8.75195 12.5
      vertex 114.528 8.75195 7.5
    endloop
  endfacet
  facet normal -0.89643 -0.443185 0
    outer loop
      vertex 114.528 8.75195 12.5
      vertex 114.702 8.4 7.5
      vertex 114.702 8.4 12.5
    endloop
  endfacet
  facet normal 0.831485 -0.555547 0
    outer loop
      vertex 119.68 8.07372 12.5
      vertex 119.898 8.4 7.5
      vertex 119.898 8.4 12.5
    endloop
  endfacet
  facet normal 0.831485 -0.555547 0
    outer loop
      vertex 119.898 8.4 7.5
      vertex 119.68 8.07372 12.5
      vertex 119.68 8.07372 7.5
    endloop
  endfacet
  facet normal 0.0654208 0.997858 -0
    outer loop
      vertex 117.692 12.8743 7.5
      vertex 117.3 12.9 12.5
      vertex 117.692 12.8743 12.5
    endloop
  endfacet
  facet normal 0.0654208 0.997858 0
    outer loop
      vertex 117.3 12.9 12.5
      vertex 117.692 12.8743 7.5
      vertex 117.3 12.9 7.5
    endloop
  endfacet
  facet normal 0.947037 -0.321125 0
    outer loop
      vertex 120.072 8.75195 12.5
      vertex 120.198 9.12354 7.5
      vertex 120.198 9.12354 12.5
    endloop
  endfacet
  facet normal 0.947037 -0.321125 0
    outer loop
      vertex 120.198 9.12354 7.5
      vertex 120.072 8.75195 12.5
      vertex 120.072 8.75195 7.5
    endloop
  endfacet
  facet normal -0.981058 0.193714 0
    outer loop
      vertex 114.326 10.2916 7.5
      vertex 114.402 10.6765 12.5
      vertex 114.402 10.6765 7.5
    endloop
  endfacet
  facet normal -0.981058 0.193714 0
    outer loop
      vertex 114.402 10.6765 12.5
      vertex 114.326 10.2916 7.5
      vertex 114.326 10.2916 12.5
    endloop
  endfacet
  facet normal -0.659478 0.751724 0
    outer loop
      vertex 115.474 12.2801 7.5
      vertex 115.179 12.0213 12.5
      vertex 115.474 12.2801 12.5
    endloop
  endfacet
  facet normal -0.659478 0.751724 0
    outer loop
      vertex 115.179 12.0213 12.5
      vertex 115.474 12.2801 7.5
      vertex 115.179 12.0213 7.5
    endloop
  endfacet
  facet normal -0.555877 0.831265 0
    outer loop
      vertex 115.8 12.4981 7.5
      vertex 115.474 12.2801 12.5
      vertex 115.8 12.4981 12.5
    endloop
  endfacet
  facet normal -0.555877 0.831265 0
    outer loop
      vertex 115.474 12.2801 12.5
      vertex 115.8 12.4981 7.5
      vertex 115.474 12.2801 7.5
    endloop
  endfacet
  facet normal -0.997803 0.0662484 0
    outer loop
      vertex 114.3 9.9 7.5
      vertex 114.326 10.2916 12.5
      vertex 114.326 10.2916 7.5
    endloop
  endfacet
  facet normal -0.997803 0.0662484 0
    outer loop
      vertex 114.326 10.2916 12.5
      vertex 114.3 9.9 7.5
      vertex 114.3 9.9 12.5
    endloop
  endfacet
  facet normal 0.555912 -0.831241 0
    outer loop
      vertex 118.8 7.30192 7.5
      vertex 119.126 7.51994 12.5
      vertex 118.8 7.30192 12.5
    endloop
  endfacet
  facet normal 0.555912 -0.831241 0
    outer loop
      vertex 119.126 7.51994 12.5
      vertex 118.8 7.30192 7.5
      vertex 119.126 7.51994 7.5
    endloop
  endfacet
  facet normal -0.751515 -0.659716 0
    outer loop
      vertex 115.179 7.77868 7.5
      vertex 114.92 8.07372 12.5
      vertex 114.92 8.07372 7.5
    endloop
  endfacet
  facet normal -0.751515 -0.659716 0
    outer loop
      vertex 114.92 8.07372 12.5
      vertex 115.179 7.77868 7.5
      vertex 115.179 7.77868 12.5
    endloop
  endfacet
  facet normal -0.659392 -0.751799 0
    outer loop
      vertex 115.179 7.77868 7.5
      vertex 115.474 7.51994 12.5
      vertex 115.179 7.77868 12.5
    endloop
  endfacet
  facet normal -0.659392 -0.751799 -0
    outer loop
      vertex 115.474 7.51994 12.5
      vertex 115.179 7.77868 7.5
      vertex 115.474 7.51994 7.5
    endloop
  endfacet
  facet normal -0.195502 -0.980703 0
    outer loop
      vertex 116.524 7.00222 7.5
      vertex 116.908 6.92567 12.5
      vertex 116.524 7.00222 12.5
    endloop
  endfacet
  facet normal -0.195502 -0.980703 -0
    outer loop
      vertex 116.908 6.92567 12.5
      vertex 116.524 7.00222 7.5
      vertex 116.908 6.92567 7.5
    endloop
  endfacet
  facet normal 0 0 1
    outer loop
      vertex 118.6 9.9 12.5
      vertex 120.3 9.9 12.5
      vertex 120.274 10.2916 12.5
    endloop
  endfacet
  facet normal 0 0 1
    outer loop
      vertex 118.589 10.0697 12.5
      vertex 120.274 10.2916 12.5
      vertex 120.198 10.6765 12.5
    endloop
  endfacet
  facet normal 0 0 1
    outer loop
      vertex 120.3 9.9 12.5
      vertex 118.6 9.9 12.5
      vertex 120.274 9.50842 12.5
    endloop
  endfacet
  facet normal 0 0 1
    outer loop
      vertex 118.556 10.2365 12.5
      vertex 120.198 10.6765 12.5
      vertex 120.072 11.048 12.5
    endloop
  endfacet
  facet normal -0 0 1
    outer loop
      vertex 118.589 9.73032 12.5
      vertex 120.274 9.50842 12.5
      vertex 118.6 9.9 12.5
    endloop
  endfacet
  facet normal 0 0 1
    outer loop
      vertex 118.501 10.3975 12.5
      vertex 120.072 11.048 12.5
      vertex 119.898 11.4 12.5
    endloop
  endfacet
  facet normal 0 0 1
    outer loop
      vertex 120.274 9.50842 12.5
      vertex 118.589 9.73032 12.5
      vertex 120.198 9.12354 12.5
    endloop
  endfacet
  facet normal 0 0 1
    outer loop
      vertex 118.426 10.55 12.5
      vertex 119.898 11.4 12.5
      vertex 119.68 11.7263 12.5
    endloop
  endfacet
  facet normal -0 0 1
    outer loop
      vertex 118.556 9.56354 12.5
      vertex 120.198 9.12354 12.5
      vertex 118.589 9.73032 12.5
    endloop
  endfacet
  facet normal 0 0 1
    outer loop
      vertex 118.331 10.6914 12.5
      vertex 119.68 11.7263 12.5
      vertex 119.421 12.0213 12.5
    endloop
  endfacet
  facet normal 0 0 1
    outer loop
      vertex 120.198 9.12354 12.5
      vertex 118.556 9.56354 12.5
      vertex 120.072 8.75195 12.5
    endloop
  endfacet
  facet normal 0 0 1
    outer loop
      vertex 118.219 10.8192 12.5
      vertex 119.421 12.0213 12.5
      vertex 119.126 12.2801 12.5
    endloop
  endfacet
  facet normal -0 0 1
    outer loop
      vertex 118.501 9.40251 12.5
      vertex 120.072 8.75195 12.5
      vertex 118.556 9.56354 12.5
    endloop
  endfacet
  facet normal 0 0 1
    outer loop
      vertex 118.091 10.9314 12.5
      vertex 119.126 12.2801 12.5
      vertex 118.8 12.4981 12.5
    endloop
  endfacet
  facet normal 0 0 1
    outer loop
      vertex 120.072 8.75195 12.5
      vertex 118.501 9.40251 12.5
      vertex 119.898 8.4 12.5
    endloop
  endfacet
  facet normal -0 0 1
    outer loop
      vertex 118.426 9.25 12.5
      vertex 119.898 8.4 12.5
      vertex 118.501 9.40251 12.5
    endloop
  endfacet
  facet normal 0 0 1
    outer loop
      vertex 120.274 10.2916 12.5
      vertex 118.589 10.0697 12.5
      vertex 118.6 9.9 12.5
    endloop
  endfacet
  facet normal 0 0 1
    outer loop
      vertex 120.198 10.6765 12.5
      vertex 118.556 10.2365 12.5
      vertex 118.589 10.0697 12.5
    endloop
  endfacet
  facet normal 0 0 1
    outer loop
      vertex 120.072 11.048 12.5
      vertex 118.501 10.3975 12.5
      vertex 118.556 10.2365 12.5
    endloop
  endfacet
  facet normal 0 0 1
    outer loop
      vertex 117.95 11.0258 12.5
      vertex 118.8 12.4981 12.5
      vertex 118.448 12.6716 12.5
    endloop
  endfacet
  facet normal 0 0 1
    outer loop
      vertex 119.898 11.4 12.5
      vertex 118.426 10.55 12.5
      vertex 118.501 10.3975 12.5
    endloop
  endfacet
  facet normal 0 0 1
    outer loop
      vertex 119.68 11.7263 12.5
      vertex 118.331 10.6914 12.5
      vertex 118.426 10.55 12.5
    endloop
  endfacet
  facet normal 0 0 1
    outer loop
      vertex 119.421 12.0213 12.5
      vertex 118.219 10.8192 12.5
      vertex 118.331 10.6914 12.5
    endloop
  endfacet
  facet normal 0 0 1
    outer loop
      vertex 119.126 12.2801 12.5
      vertex 118.091 10.9314 12.5
      vertex 118.219 10.8192 12.5
    endloop
  endfacet
  facet normal 0 0 1
    outer loop
      vertex 117.797 11.101 12.5
      vertex 118.448 12.6716 12.5
      vertex 118.076 12.7978 12.5
    endloop
  endfacet
  facet normal 0 0 1
    outer loop
      vertex 118.8 12.4981 12.5
      vertex 117.95 11.0258 12.5
      vertex 118.091 10.9314 12.5
    endloop
  endfacet
  facet normal 0 0 1
    outer loop
      vertex 118.448 12.6716 12.5
      vertex 117.797 11.101 12.5
      vertex 117.95 11.0258 12.5
    endloop
  endfacet
  facet normal 0 0 1
    outer loop
      vertex 117.636 11.1557 12.5
      vertex 118.076 12.7978 12.5
      vertex 117.692 12.8743 12.5
    endloop
  endfacet
  facet normal 0 0 1
    outer loop
      vertex 118.076 12.7978 12.5
      vertex 117.636 11.1557 12.5
      vertex 117.797 11.101 12.5
    endloop
  endfacet
  facet normal 0 0 1
    outer loop
      vertex 117.692 12.8743 12.5
      vertex 117.47 11.1889 12.5
      vertex 117.636 11.1557 12.5
    endloop
  endfacet
  facet normal 0 0 1
    outer loop
      vertex 117.3 12.9 12.5
      vertex 117.47 11.1889 12.5
      vertex 117.692 12.8743 12.5
    endloop
  endfacet
  facet normal 0 0 1
    outer loop
      vertex 117.3 12.9 12.5
      vertex 117.3 11.2 12.5
      vertex 117.47 11.1889 12.5
    endloop
  endfacet
  facet normal 0 0 1
    outer loop
      vertex 117.3 12.9 12.5
      vertex 117.13 11.1889 12.5
      vertex 117.3 11.2 12.5
    endloop
  endfacet
  facet normal -0 0 1
    outer loop
      vertex 116.908 12.8743 12.5
      vertex 117.13 11.1889 12.5
      vertex 117.3 12.9 12.5
    endloop
  endfacet
  facet normal 0 0 1
    outer loop
      vertex 117.13 11.1889 12.5
      vertex 116.908 12.8743 12.5
      vertex 116.964 11.1557 12.5
    endloop
  endfacet
  facet normal -0 0 1
    outer loop
      vertex 116.524 12.7978 12.5
      vertex 116.964 11.1557 12.5
      vertex 116.908 12.8743 12.5
    endloop
  endfacet
  facet normal 0 0 1
    outer loop
      vertex 116.964 11.1557 12.5
      vertex 116.524 12.7978 12.5
      vertex 116.803 11.101 12.5
    endloop
  endfacet
  facet normal -0 0 1
    outer loop
      vertex 116.152 12.6716 12.5
      vertex 116.803 11.101 12.5
      vertex 116.524 12.7978 12.5
    endloop
  endfacet
  facet normal 0 0 1
    outer loop
      vertex 116.803 11.101 12.5
      vertex 116.152 12.6716 12.5
      vertex 116.65 11.0258 12.5
    endloop
  endfacet
  facet normal -0 0 1
    outer loop
      vertex 115.8 12.4981 12.5
      vertex 116.65 11.0258 12.5
      vertex 116.152 12.6716 12.5
    endloop
  endfacet
  facet normal 0 0 1
    outer loop
      vertex 116.65 11.0258 12.5
      vertex 115.8 12.4981 12.5
      vertex 116.509 10.9314 12.5
    endloop
  endfacet
  facet normal -0 0 1
    outer loop
      vertex 115.474 12.2801 12.5
      vertex 116.509 10.9314 12.5
      vertex 115.8 12.4981 12.5
    endloop
  endfacet
  facet normal 0 0 1
    outer loop
      vertex 116.509 10.9314 12.5
      vertex 115.474 12.2801 12.5
      vertex 116.381 10.8192 12.5
    endloop
  endfacet
  facet normal -0 0 1
    outer loop
      vertex 115.179 12.0213 12.5
      vertex 116.381 10.8192 12.5
      vertex 115.474 12.2801 12.5
    endloop
  endfacet
  facet normal 0 0 1
    outer loop
      vertex 116.381 10.8192 12.5
      vertex 115.179 12.0213 12.5
      vertex 116.269 10.6914 12.5
    endloop
  endfacet
  facet normal -0 0 1
    outer loop
      vertex 114.92 11.7263 12.5
      vertex 116.269 10.6914 12.5
      vertex 115.179 12.0213 12.5
    endloop
  endfacet
  facet normal 0 0 1
    outer loop
      vertex 116.269 10.6914 12.5
      vertex 114.92 11.7263 12.5
      vertex 116.174 10.55 12.5
    endloop
  endfacet
  facet normal -0 0 1
    outer loop
      vertex 114.702 11.4 12.5
      vertex 116.174 10.55 12.5
      vertex 114.92 11.7263 12.5
    endloop
  endfacet
  facet normal 0 0 1
    outer loop
      vertex 119.898 8.4 12.5
      vertex 118.426 9.25 12.5
      vertex 119.68 8.07372 12.5
    endloop
  endfacet
  facet normal -0 0 1
    outer loop
      vertex 118.331 9.10861 12.5
      vertex 119.68 8.07372 12.5
      vertex 118.426 9.25 12.5
    endloop
  endfacet
  facet normal 0 0 1
    outer loop
      vertex 119.68 8.07372 12.5
      vertex 118.331 9.10861 12.5
      vertex 119.421 7.77868 12.5
    endloop
  endfacet
  facet normal -0 0 1
    outer loop
      vertex 118.219 8.98076 12.5
      vertex 119.421 7.77868 12.5
      vertex 118.331 9.10861 12.5
    endloop
  endfacet
  facet normal 0 0 1
    outer loop
      vertex 119.421 7.77868 12.5
      vertex 118.219 8.98076 12.5
      vertex 119.126 7.51994 12.5
    endloop
  endfacet
  facet normal -0 0 1
    outer loop
      vertex 118.091 8.86864 12.5
      vertex 119.126 7.51994 12.5
      vertex 118.219 8.98076 12.5
    endloop
  endfacet
  facet normal 0 0 1
    outer loop
      vertex 119.126 7.51994 12.5
      vertex 118.091 8.86864 12.5
      vertex 118.8 7.30192 12.5
    endloop
  endfacet
  facet normal -0 0 1
    outer loop
      vertex 117.95 8.77417 12.5
      vertex 118.8 7.30192 12.5
      vertex 118.091 8.86864 12.5
    endloop
  endfacet
  facet normal 0 0 1
    outer loop
      vertex 118.8 7.30192 12.5
      vertex 117.95 8.77417 12.5
      vertex 118.448 7.12836 12.5
    endloop
  endfacet
  facet normal -0 0 1
    outer loop
      vertex 117.797 8.69896 12.5
      vertex 118.448 7.12836 12.5
      vertex 117.95 8.77417 12.5
    endloop
  endfacet
  facet normal 0 0 1
    outer loop
      vertex 118.448 7.12836 12.5
      vertex 117.797 8.69896 12.5
      vertex 118.076 7.00222 12.5
    endloop
  endfacet
  facet normal -0 0 1
    outer loop
      vertex 117.636 8.6443 12.5
      vertex 118.076 7.00222 12.5
      vertex 117.797 8.69896 12.5
    endloop
  endfacet
  facet normal 0 0 1
    outer loop
      vertex 118.076 7.00222 12.5
      vertex 117.636 8.6443 12.5
      vertex 117.692 6.92567 12.5
    endloop
  endfacet
  facet normal -0 0 1
    outer loop
      vertex 117.47 8.61112 12.5
      vertex 117.692 6.92567 12.5
      vertex 117.636 8.6443 12.5
    endloop
  endfacet
  facet normal -0 0 1
    outer loop
      vertex 117.3 8.6 12.5
      vertex 117.692 6.92567 12.5
      vertex 117.47 8.61112 12.5
    endloop
  endfacet
  facet normal 0 0 1
    outer loop
      vertex 117.3 8.6 12.5
      vertex 117.3 6.9 12.5
      vertex 117.692 6.92567 12.5
    endloop
  endfacet
  facet normal 0 0 1
    outer loop
      vertex 117.13 8.61112 12.5
      vertex 117.3 6.9 12.5
      vertex 117.3 8.6 12.5
    endloop
  endfacet
  facet normal 0 0 1
    outer loop
      vertex 116.908 6.92567 12.5
      vertex 117.13 8.61112 12.5
      vertex 116.964 8.6443 12.5
    endloop
  endfacet
  facet normal 0 0 1
    outer loop
      vertex 117.13 8.61112 12.5
      vertex 116.908 6.92567 12.5
      vertex 117.3 6.9 12.5
    endloop
  endfacet
  facet normal 0 0 1
    outer loop
      vertex 116.524 7.00222 12.5
      vertex 116.964 8.6443 12.5
      vertex 116.803 8.69896 12.5
    endloop
  endfacet
  facet normal 0 0 1
    outer loop
      vertex 116.152 7.12836 12.5
      vertex 116.803 8.69896 12.5
      vertex 116.65 8.77417 12.5
    endloop
  endfacet
  facet normal 0 0 1
    outer loop
      vertex 116.964 8.6443 12.5
      vertex 116.524 7.00222 12.5
      vertex 116.908 6.92567 12.5
    endloop
  endfacet
  facet normal 0 0 1
    outer loop
      vertex 115.8 7.30192 12.5
      vertex 116.65 8.77417 12.5
      vertex 116.509 8.86864 12.5
    endloop
  endfacet
  facet normal 0 0 1
    outer loop
      vertex 115.474 7.51994 12.5
      vertex 116.509 8.86864 12.5
      vertex 116.381 8.98076 12.5
    endloop
  endfacet
  facet normal 0 0 1
    outer loop
      vertex 115.179 7.77868 12.5
      vertex 116.381 8.98076 12.5
      vertex 116.269 9.10861 12.5
    endloop
  endfacet
  facet normal 0 0 1
    outer loop
      vertex 114.92 8.07372 12.5
      vertex 116.269 9.10861 12.5
      vertex 116.174 9.25 12.5
    endloop
  endfacet
  facet normal 0 0 1
    outer loop
      vertex 116.803 8.69896 12.5
      vertex 116.152 7.12836 12.5
      vertex 116.524 7.00222 12.5
    endloop
  endfacet
  facet normal 0 0 1
    outer loop
      vertex 114.702 8.4 12.5
      vertex 116.174 9.25 12.5
      vertex 116.099 9.40251 12.5
    endloop
  endfacet
  facet normal 0 0 1
    outer loop
      vertex 114.528 8.75195 12.5
      vertex 116.099 9.40251 12.5
      vertex 116.044 9.56354 12.5
    endloop
  endfacet
  facet normal 0 0 1
    outer loop
      vertex 114.402 9.12354 12.5
      vertex 116.044 9.56354 12.5
      vertex 116.011 9.73032 12.5
    endloop
  endfacet
  facet normal 0 0 1
    outer loop
      vertex 114.326 9.50842 12.5
      vertex 116.011 9.73032 12.5
      vertex 116 9.9 12.5
    endloop
  endfacet
  facet normal 0 0 1
    outer loop
      vertex 116.174 10.55 12.5
      vertex 114.702 11.4 12.5
      vertex 116.099 10.3975 12.5
    endloop
  endfacet
  facet normal 0 0 1
    outer loop
      vertex 116.65 8.77417 12.5
      vertex 115.8 7.30192 12.5
      vertex 116.152 7.12836 12.5
    endloop
  endfacet
  facet normal -0 0 1
    outer loop
      vertex 114.528 11.048 12.5
      vertex 116.099 10.3975 12.5
      vertex 114.702 11.4 12.5
    endloop
  endfacet
  facet normal 0 0 1
    outer loop
      vertex 116.509 8.86864 12.5
      vertex 115.474 7.51994 12.5
      vertex 115.8 7.30192 12.5
    endloop
  endfacet
  facet normal 0 0 1
    outer loop
      vertex 116.099 10.3975 12.5
      vertex 114.528 11.048 12.5
      vertex 116.044 10.2365 12.5
    endloop
  endfacet
  facet normal 0 0 1
    outer loop
      vertex 116.381 8.98076 12.5
      vertex 115.179 7.77868 12.5
      vertex 115.474 7.51994 12.5
    endloop
  endfacet
  facet normal -0 0 1
    outer loop
      vertex 114.402 10.6765 12.5
      vertex 116.044 10.2365 12.5
      vertex 114.528 11.048 12.5
    endloop
  endfacet
  facet normal 0 0 1
    outer loop
      vertex 116.269 9.10861 12.5
      vertex 114.92 8.07372 12.5
      vertex 115.179 7.77868 12.5
    endloop
  endfacet
  facet normal 0 0 1
    outer loop
      vertex 116.044 10.2365 12.5
      vertex 114.402 10.6765 12.5
      vertex 116.011 10.0697 12.5
    endloop
  endfacet
  facet normal 0 0 1
    outer loop
      vertex 116.174 9.25 12.5
      vertex 114.702 8.4 12.5
      vertex 114.92 8.07372 12.5
    endloop
  endfacet
  facet normal -0 0 1
    outer loop
      vertex 114.326 10.2916 12.5
      vertex 116.011 10.0697 12.5
      vertex 114.402 10.6765 12.5
    endloop
  endfacet
  facet normal 0 0 1
    outer loop
      vertex 116.099 9.40251 12.5
      vertex 114.528 8.75195 12.5
      vertex 114.702 8.4 12.5
    endloop
  endfacet
  facet normal 0 0 1
    outer loop
      vertex 116.011 10.0697 12.5
      vertex 114.326 10.2916 12.5
      vertex 116 9.9 12.5
    endloop
  endfacet
  facet normal 0 0 1
    outer loop
      vertex 116.044 9.56354 12.5
      vertex 114.402 9.12354 12.5
      vertex 114.528 8.75195 12.5
    endloop
  endfacet
  facet normal 0 0 1
    outer loop
      vertex 114.3 9.9 12.5
      vertex 116 9.9 12.5
      vertex 114.326 10.2916 12.5
    endloop
  endfacet
  facet normal 0 0 1
    outer loop
      vertex 116.011 9.73032 12.5
      vertex 114.326 9.50842 12.5
      vertex 114.402 9.12354 12.5
    endloop
  endfacet
  facet normal 0 0 1
    outer loop
      vertex 116 9.9 12.5
      vertex 114.3 9.9 12.5
      vertex 114.326 9.50842 12.5
    endloop
  endfacet
  facet normal 0.196003 0.980603 -0
    outer loop
      vertex 117.13 8.61112 8.49
      vertex 116.964 8.6443 12.5
      vertex 117.13 8.61112 12.5
    endloop
  endfacet
  facet normal 0.196003 0.980603 0
    outer loop
      vertex 116.964 8.6443 12.5
      vertex 117.13 8.61112 8.49
      vertex 116.964 8.6443 8.49
    endloop
  endfacet
  facet normal -0.196116 -0.980581 0
    outer loop
      vertex 117.47 11.1889 8.49
      vertex 117.636 11.1557 12.5
      vertex 117.47 11.1889 12.5
    endloop
  endfacet
  facet normal -0.196116 -0.980581 -0
    outer loop
      vertex 117.636 11.1557 12.5
      vertex 117.47 11.1889 8.49
      vertex 117.636 11.1557 8.49
    endloop
  endfacet
  facet normal -0.752066 -0.659088 0
    outer loop
      vertex 118.331 10.6914 8.49
      vertex 118.219 10.8192 12.5
      vertex 118.219 10.8192 8.49
    endloop
  endfacet
  facet normal -0.752066 -0.659088 0
    outer loop
      vertex 118.219 10.8192 12.5
      vertex 118.331 10.6914 8.49
      vertex 118.331 10.6914 12.5
    endloop
  endfacet
  facet normal 0.946324 0.323218 0
    outer loop
      vertex 116.099 9.40251 12.5
      vertex 116.044 9.56354 8.49
      vertex 116.044 9.56354 12.5
    endloop
  endfacet
  facet normal 0.946324 0.323218 0
    outer loop
      vertex 116.044 9.56354 8.49
      vertex 116.099 9.40251 12.5
      vertex 116.099 9.40251 8.49
    endloop
  endfacet
  facet normal -0.997906 -0.0646845 0
    outer loop
      vertex 118.6 9.9 8.49
      vertex 118.589 10.0697 12.5
      vertex 118.589 10.0697 8.49
    endloop
  endfacet
  facet normal -0.997906 -0.0646845 0
    outer loop
      vertex 118.589 10.0697 12.5
      vertex 118.6 9.9 8.49
      vertex 118.6 9.9 12.5
    endloop
  endfacet
  facet normal -0.997905 0.0646921 0
    outer loop
      vertex 118.589 9.73032 8.49
      vertex 118.6 9.9 12.5
      vertex 118.6 9.9 8.49
    endloop
  endfacet
  facet normal -0.997905 0.0646921 0
    outer loop
      vertex 118.6 9.9 12.5
      vertex 118.589 9.73032 8.49
      vertex 118.589 9.73032 12.5
    endloop
  endfacet
  facet normal -0.946306 -0.323272 0
    outer loop
      vertex 118.556 10.2365 8.49
      vertex 118.501 10.3975 12.5
      vertex 118.501 10.3975 8.49
    endloop
  endfacet
  facet normal -0.946306 -0.323272 0
    outer loop
      vertex 118.501 10.3975 12.5
      vertex 118.556 10.2365 8.49
      vertex 118.556 10.2365 12.5
    endloop
  endfacet
  facet normal -0.556331 -0.830961 0
    outer loop
      vertex 117.95 11.0258 8.49
      vertex 118.091 10.9314 12.5
      vertex 117.95 11.0258 12.5
    endloop
  endfacet
  facet normal -0.556331 -0.830961 -0
    outer loop
      vertex 118.091 10.9314 12.5
      vertex 117.95 11.0258 8.49
      vertex 118.091 10.9314 8.49
    endloop
  endfacet
  facet normal -0.89735 -0.44132 0
    outer loop
      vertex 118.501 10.3975 8.49
      vertex 118.426 10.55 12.5
      vertex 118.426 10.55 8.49
    endloop
  endfacet
  facet normal -0.89735 -0.44132 0
    outer loop
      vertex 118.426 10.55 12.5
      vertex 118.501 10.3975 8.49
      vertex 118.501 10.3975 12.5
    endloop
  endfacet
  facet normal 0.65917 -0.751994 0
    outer loop
      vertex 116.381 10.8192 8.49
      vertex 116.509 10.9314 12.5
      vertex 116.381 10.8192 12.5
    endloop
  endfacet
  facet normal 0.65917 -0.751994 0
    outer loop
      vertex 116.509 10.9314 12.5
      vertex 116.381 10.8192 8.49
      vertex 116.509 10.9314 8.49
    endloop
  endfacet
  facet normal 0.556616 0.83077 -0
    outer loop
      vertex 116.65 8.77417 8.49
      vertex 116.509 8.86864 12.5
      vertex 116.65 8.77417 12.5
    endloop
  endfacet
  facet normal 0.556616 0.83077 0
    outer loop
      vertex 116.509 8.86864 12.5
      vertex 116.65 8.77417 8.49
      vertex 116.509 8.86864 8.49
    endloop
  endfacet
  facet normal 0.752066 -0.659088 0
    outer loop
      vertex 116.269 10.6914 12.5
      vertex 116.381 10.8192 8.49
      vertex 116.381 10.8192 12.5
    endloop
  endfacet
  facet normal 0.752066 -0.659088 0
    outer loop
      vertex 116.381 10.8192 8.49
      vertex 116.269 10.6914 12.5
      vertex 116.269 10.6914 8.49
    endloop
  endfacet
  facet normal 0.321481 0.946916 -0
    outer loop
      vertex 116.964 8.6443 8.49
      vertex 116.803 8.69896 12.5
      vertex 116.964 8.6443 12.5
    endloop
  endfacet
  facet normal 0.321481 0.946916 0
    outer loop
      vertex 116.803 8.69896 12.5
      vertex 116.964 8.6443 8.49
      vertex 116.803 8.69896 8.49
    endloop
  endfacet
  facet normal 0.83004 0.557704 0
    outer loop
      vertex 116.269 9.10861 12.5
      vertex 116.174 9.25 8.49
      vertex 116.174 9.25 12.5
    endloop
  endfacet
  facet normal 0.83004 0.557704 0
    outer loop
      vertex 116.174 9.25 8.49
      vertex 116.269 9.10861 12.5
      vertex 116.269 9.10861 8.49
    endloop
  endfacet
  facet normal 0.441103 -0.897457 0
    outer loop
      vertex 116.65 11.0258 8.49
      vertex 116.803 11.101 12.5
      vertex 116.65 11.0258 12.5
    endloop
  endfacet
  facet normal 0.441103 -0.897457 0
    outer loop
      vertex 116.803 11.101 12.5
      vertex 116.65 11.0258 8.49
      vertex 116.803 11.101 8.49
    endloop
  endfacet
  facet normal -0.0652723 0.997867 0
    outer loop
      vertex 117.47 8.61112 8.49
      vertex 117.3 8.6 12.5
      vertex 117.47 8.61112 12.5
    endloop
  endfacet
  facet normal -0.0652723 0.997867 0
    outer loop
      vertex 117.3 8.6 12.5
      vertex 117.47 8.61112 8.49
      vertex 117.3 8.6 8.49
    endloop
  endfacet
  facet normal -0.897361 0.441296 0
    outer loop
      vertex 118.426 9.25 8.49
      vertex 118.501 9.40251 12.5
      vertex 118.501 9.40251 8.49
    endloop
  endfacet
  facet normal -0.897361 0.441296 0
    outer loop
      vertex 118.501 9.40251 12.5
      vertex 118.426 9.25 8.49
      vertex 118.426 9.25 12.5
    endloop
  endfacet
  facet normal -0.830058 -0.557677 0
    outer loop
      vertex 118.426 10.55 8.49
      vertex 118.331 10.6914 12.5
      vertex 118.331 10.6914 8.49
    endloop
  endfacet
  facet normal -0.830058 -0.557677 0
    outer loop
      vertex 118.331 10.6914 12.5
      vertex 118.426 10.55 8.49
      vertex 118.426 10.55 12.5
    endloop
  endfacet
  facet normal -0.83004 0.557704 0
    outer loop
      vertex 118.331 9.10861 8.49
      vertex 118.426 9.25 12.5
      vertex 118.426 9.25 8.49
    endloop
  endfacet
  facet normal -0.83004 0.557704 0
    outer loop
      vertex 118.426 9.25 12.5
      vertex 118.331 9.10861 8.49
      vertex 118.331 9.10861 12.5
    endloop
  endfacet
  facet normal -0.980986 -0.19408 0
    outer loop
      vertex 118.589 10.0697 8.49
      vertex 118.556 10.2365 12.5
      vertex 118.556 10.2365 8.49
    endloop
  endfacet
  facet normal -0.980986 -0.19408 0
    outer loop
      vertex 118.556 10.2365 12.5
      vertex 118.589 10.0697 8.49
      vertex 118.589 10.0697 12.5
    endloop
  endfacet
  facet normal 0.997905 0.0646921 0
    outer loop
      vertex 116.011 9.73032 12.5
      vertex 116 9.9 8.49
      vertex 116 9.9 12.5
    endloop
  endfacet
  facet normal 0.997905 0.0646921 0
    outer loop
      vertex 116 9.9 8.49
      vertex 116.011 9.73032 12.5
      vertex 116.011 9.73032 8.49
    endloop
  endfacet
  facet normal -0.441103 -0.897457 0
    outer loop
      vertex 117.797 11.101 8.49
      vertex 117.95 11.0258 12.5
      vertex 117.797 11.101 12.5
    endloop
  endfacet
  facet normal -0.441103 -0.897457 -0
    outer loop
      vertex 117.95 11.0258 12.5
      vertex 117.797 11.101 8.49
      vertex 117.95 11.0258 8.49
    endloop
  endfacet
  facet normal -0.321481 0.946916 0
    outer loop
      vertex 117.797 8.69896 8.49
      vertex 117.636 8.6443 12.5
      vertex 117.797 8.69896 12.5
    endloop
  endfacet
  facet normal -0.321481 0.946916 0
    outer loop
      vertex 117.636 8.6443 12.5
      vertex 117.797 8.69896 8.49
      vertex 117.636 8.6443 8.49
    endloop
  endfacet
  facet normal 0.830058 -0.557677 0
    outer loop
      vertex 116.174 10.55 12.5
      vertex 116.269 10.6914 8.49
      vertex 116.269 10.6914 12.5
    endloop
  endfacet
  facet normal 0.830058 -0.557677 0
    outer loop
      vertex 116.269 10.6914 8.49
      vertex 116.174 10.55 12.5
      vertex 116.174 10.55 8.49
    endloop
  endfacet
  facet normal -0.321692 -0.946844 0
    outer loop
      vertex 117.636 11.1557 8.49
      vertex 117.797 11.101 12.5
      vertex 117.636 11.1557 12.5
    endloop
  endfacet
  facet normal -0.321692 -0.946844 -0
    outer loop
      vertex 117.797 11.101 12.5
      vertex 117.636 11.1557 8.49
      vertex 117.797 11.101 8.49
    endloop
  endfacet
  facet normal -0.946324 0.323218 0
    outer loop
      vertex 118.501 9.40251 8.49
      vertex 118.556 9.56354 12.5
      vertex 118.556 9.56354 8.49
    endloop
  endfacet
  facet normal -0.946324 0.323218 0
    outer loop
      vertex 118.556 9.56354 12.5
      vertex 118.501 9.40251 8.49
      vertex 118.501 9.40251 12.5
    endloop
  endfacet
  facet normal 0.89735 -0.44132 0
    outer loop
      vertex 116.099 10.3975 12.5
      vertex 116.174 10.55 8.49
      vertex 116.174 10.55 12.5
    endloop
  endfacet
  facet normal 0.89735 -0.44132 0
    outer loop
      vertex 116.174 10.55 8.49
      vertex 116.099 10.3975 12.5
      vertex 116.099 10.3975 8.49
    endloop
  endfacet
  facet normal 0.196116 -0.980581 0
    outer loop
      vertex 116.964 11.1557 8.49
      vertex 117.13 11.1889 12.5
      vertex 116.964 11.1557 12.5
    endloop
  endfacet
  facet normal 0.196116 -0.980581 0
    outer loop
      vertex 117.13 11.1889 12.5
      vertex 116.964 11.1557 8.49
      vertex 117.13 11.1889 8.49
    endloop
  endfacet
  facet normal -0.196003 0.980603 0
    outer loop
      vertex 117.636 8.6443 8.49
      vertex 117.47 8.61112 12.5
      vertex 117.636 8.6443 12.5
    endloop
  endfacet
  facet normal -0.196003 0.980603 0
    outer loop
      vertex 117.47 8.61112 12.5
      vertex 117.636 8.6443 8.49
      vertex 117.47 8.61112 8.49
    endloop
  endfacet
  facet normal 0.946306 -0.323272 0
    outer loop
      vertex 116.044 10.2365 12.5
      vertex 116.099 10.3975 8.49
      vertex 116.099 10.3975 12.5
    endloop
  endfacet
  facet normal 0.946306 -0.323272 0
    outer loop
      vertex 116.099 10.3975 8.49
      vertex 116.044 10.2365 12.5
      vertex 116.044 10.2365 8.49
    endloop
  endfacet
  facet normal -0.556616 0.83077 0
    outer loop
      vertex 118.091 8.86864 8.49
      vertex 117.95 8.77417 12.5
      vertex 118.091 8.86864 12.5
    endloop
  endfacet
  facet normal -0.556616 0.83077 0
    outer loop
      vertex 117.95 8.77417 12.5
      vertex 118.091 8.86864 8.49
      vertex 117.95 8.77417 8.49
    endloop
  endfacet
  facet normal -0.65917 -0.751994 0
    outer loop
      vertex 118.091 10.9314 8.49
      vertex 118.219 10.8192 12.5
      vertex 118.091 10.9314 12.5
    endloop
  endfacet
  facet normal -0.65917 -0.751994 -0
    outer loop
      vertex 118.219 10.8192 12.5
      vertex 118.091 10.9314 8.49
      vertex 118.219 10.8192 8.49
    endloop
  endfacet
  facet normal 0.997906 -0.0646845 0
    outer loop
      vertex 116 9.9 12.5
      vertex 116.011 10.0697 8.49
      vertex 116.011 10.0697 12.5
    endloop
  endfacet
  facet normal 0.997906 -0.0646845 0
    outer loop
      vertex 116.011 10.0697 8.49
      vertex 116 9.9 12.5
      vertex 116 9.9 8.49
    endloop
  endfacet
  facet normal 0.321692 -0.946844 0
    outer loop
      vertex 116.803 11.101 8.49
      vertex 116.964 11.1557 12.5
      vertex 116.803 11.101 12.5
    endloop
  endfacet
  facet normal 0.321692 -0.946844 0
    outer loop
      vertex 116.964 11.1557 12.5
      vertex 116.803 11.101 8.49
      vertex 116.964 11.1557 8.49
    endloop
  endfacet
  facet normal 0.752194 0.658942 0
    outer loop
      vertex 116.381 8.98076 12.5
      vertex 116.269 9.10861 8.49
      vertex 116.269 9.10861 12.5
    endloop
  endfacet
  facet normal 0.752194 0.658942 0
    outer loop
      vertex 116.269 9.10861 8.49
      vertex 116.381 8.98076 12.5
      vertex 116.381 8.98076 8.49
    endloop
  endfacet
  facet normal -0.0651554 -0.997875 0
    outer loop
      vertex 117.3 11.2 8.49
      vertex 117.47 11.1889 12.5
      vertex 117.3 11.2 12.5
    endloop
  endfacet
  facet normal -0.0651554 -0.997875 -0
    outer loop
      vertex 117.47 11.1889 12.5
      vertex 117.3 11.2 8.49
      vertex 117.47 11.1889 8.49
    endloop
  endfacet
  facet normal -0.980981 0.194102 0
    outer loop
      vertex 118.556 9.56354 8.49
      vertex 118.589 9.73032 12.5
      vertex 118.589 9.73032 8.49
    endloop
  endfacet
  facet normal -0.980981 0.194102 0
    outer loop
      vertex 118.589 9.73032 12.5
      vertex 118.556 9.56354 8.49
      vertex 118.556 9.56354 12.5
    endloop
  endfacet
  facet normal 0.658904 0.752227 -0
    outer loop
      vertex 116.509 8.86864 8.49
      vertex 116.381 8.98076 12.5
      vertex 116.509 8.86864 12.5
    endloop
  endfacet
  facet normal 0.658904 0.752227 0
    outer loop
      vertex 116.381 8.98076 12.5
      vertex 116.509 8.86864 8.49
      vertex 116.381 8.98076 8.49
    endloop
  endfacet
  facet normal -0.658904 0.752227 0
    outer loop
      vertex 118.219 8.98076 8.49
      vertex 118.091 8.86864 12.5
      vertex 118.219 8.98076 12.5
    endloop
  endfacet
  facet normal -0.658904 0.752227 0
    outer loop
      vertex 118.091 8.86864 12.5
      vertex 118.219 8.98076 8.49
      vertex 118.091 8.86864 8.49
    endloop
  endfacet
  facet normal -0.752194 0.658942 0
    outer loop
      vertex 118.219 8.98076 8.49
      vertex 118.331 9.10861 12.5
      vertex 118.331 9.10861 8.49
    endloop
  endfacet
  facet normal -0.752194 0.658942 0
    outer loop
      vertex 118.331 9.10861 12.5
      vertex 118.219 8.98076 8.49
      vertex 118.219 8.98076 12.5
    endloop
  endfacet
  facet normal -0.44115 0.897433 0
    outer loop
      vertex 117.95 8.77417 8.49
      vertex 117.797 8.69896 12.5
      vertex 117.95 8.77417 12.5
    endloop
  endfacet
  facet normal -0.44115 0.897433 0
    outer loop
      vertex 117.797 8.69896 12.5
      vertex 117.95 8.77417 8.49
      vertex 117.797 8.69896 8.49
    endloop
  endfacet
  facet normal 0.0651554 -0.997875 0
    outer loop
      vertex 117.13 11.1889 8.49
      vertex 117.3 11.2 12.5
      vertex 117.13 11.1889 12.5
    endloop
  endfacet
  facet normal 0.0651554 -0.997875 0
    outer loop
      vertex 117.3 11.2 12.5
      vertex 117.13 11.1889 8.49
      vertex 117.3 11.2 8.49
    endloop
  endfacet
  facet normal 0.0652723 0.997867 -0
    outer loop
      vertex 117.3 8.6 8.49
      vertex 117.13 8.61112 12.5
      vertex 117.3 8.6 12.5
    endloop
  endfacet
  facet normal 0.0652723 0.997867 0
    outer loop
      vertex 117.13 8.61112 12.5
      vertex 117.3 8.6 8.49
      vertex 117.13 8.61112 8.49
    endloop
  endfacet
  facet normal 0.897361 0.441296 0
    outer loop
      vertex 116.174 9.25 12.5
      vertex 116.099 9.40251 8.49
      vertex 116.099 9.40251 12.5
    endloop
  endfacet
  facet normal 0.897361 0.441296 0
    outer loop
      vertex 116.099 9.40251 8.49
      vertex 116.174 9.25 12.5
      vertex 116.174 9.25 8.49
    endloop
  endfacet
  facet normal 0.556331 -0.830961 0
    outer loop
      vertex 116.509 10.9314 8.49
      vertex 116.65 11.0258 12.5
      vertex 116.509 10.9314 12.5
    endloop
  endfacet
  facet normal 0.556331 -0.830961 0
    outer loop
      vertex 116.65 11.0258 12.5
      vertex 116.509 10.9314 8.49
      vertex 116.65 11.0258 8.49
    endloop
  endfacet
  facet normal 0.44115 0.897433 -0
    outer loop
      vertex 116.803 8.69896 8.49
      vertex 116.65 8.77417 12.5
      vertex 116.803 8.69896 12.5
    endloop
  endfacet
  facet normal 0.44115 0.897433 0
    outer loop
      vertex 116.65 8.77417 12.5
      vertex 116.803 8.69896 8.49
      vertex 116.65 8.77417 8.49
    endloop
  endfacet
  facet normal 0.980981 0.194102 0
    outer loop
      vertex 116.044 9.56354 12.5
      vertex 116.011 9.73032 8.49
      vertex 116.011 9.73032 12.5
    endloop
  endfacet
  facet normal 0.980981 0.194102 0
    outer loop
      vertex 116.011 9.73032 8.49
      vertex 116.044 9.56354 12.5
      vertex 116.044 9.56354 8.49
    endloop
  endfacet
  facet normal 0.980986 -0.19408 0
    outer loop
      vertex 116.011 10.0697 12.5
      vertex 116.044 10.2365 8.49
      vertex 116.044 10.2365 12.5
    endloop
  endfacet
  facet normal 0.980986 -0.19408 0
    outer loop
      vertex 116.044 10.2365 8.49
      vertex 116.011 10.0697 12.5
      vertex 116.011 10.0697 8.49
    endloop
  endfacet
  facet normal 0 0 1
    outer loop
      vertex 118.589 10.0697 8.49
      vertex 118.589 9.73032 8.49
      vertex 118.6 9.9 8.49
    endloop
  endfacet
  facet normal 0 0 1
    outer loop
      vertex 118.556 10.2365 8.49
      vertex 118.589 9.73032 8.49
      vertex 118.589 10.0697 8.49
    endloop
  endfacet
  facet normal 0 0 1
    outer loop
      vertex 118.556 10.2365 8.49
      vertex 118.556 9.56354 8.49
      vertex 118.589 9.73032 8.49
    endloop
  endfacet
  facet normal 0 0 1
    outer loop
      vertex 118.501 10.3975 8.49
      vertex 118.556 9.56354 8.49
      vertex 118.556 10.2365 8.49
    endloop
  endfacet
  facet normal 0 0 1
    outer loop
      vertex 118.501 10.3975 8.49
      vertex 118.501 9.40251 8.49
      vertex 118.556 9.56354 8.49
    endloop
  endfacet
  facet normal 0 0 1
    outer loop
      vertex 118.426 10.55 8.49
      vertex 118.501 9.40251 8.49
      vertex 118.501 10.3975 8.49
    endloop
  endfacet
  facet normal 0 0 1
    outer loop
      vertex 118.426 10.55 8.49
      vertex 118.426 9.25 8.49
      vertex 118.501 9.40251 8.49
    endloop
  endfacet
  facet normal 0 0 1
    outer loop
      vertex 118.331 10.6914 8.49
      vertex 118.426 9.25 8.49
      vertex 118.426 10.55 8.49
    endloop
  endfacet
  facet normal 0 0 1
    outer loop
      vertex 118.331 10.6914 8.49
      vertex 118.331 9.10861 8.49
      vertex 118.426 9.25 8.49
    endloop
  endfacet
  facet normal 0 0 1
    outer loop
      vertex 118.219 10.8192 8.49
      vertex 118.331 9.10861 8.49
      vertex 118.331 10.6914 8.49
    endloop
  endfacet
  facet normal 0 0 1
    outer loop
      vertex 118.219 10.8192 8.49
      vertex 118.219 8.98076 8.49
      vertex 118.331 9.10861 8.49
    endloop
  endfacet
  facet normal 0 0 1
    outer loop
      vertex 118.091 10.9314 8.49
      vertex 118.219 8.98076 8.49
      vertex 118.219 10.8192 8.49
    endloop
  endfacet
  facet normal 0 0 1
    outer loop
      vertex 118.091 10.9314 8.49
      vertex 118.091 8.86864 8.49
      vertex 118.219 8.98076 8.49
    endloop
  endfacet
  facet normal 0 0 1
    outer loop
      vertex 117.95 11.0258 8.49
      vertex 118.091 8.86864 8.49
      vertex 118.091 10.9314 8.49
    endloop
  endfacet
  facet normal 0 0 1
    outer loop
      vertex 117.95 11.0258 8.49
      vertex 117.95 8.77417 8.49
      vertex 118.091 8.86864 8.49
    endloop
  endfacet
  facet normal 0 0 1
    outer loop
      vertex 117.797 11.101 8.49
      vertex 117.95 8.77417 8.49
      vertex 117.95 11.0258 8.49
    endloop
  endfacet
  facet normal 0 0 1
    outer loop
      vertex 117.797 11.101 8.49
      vertex 117.797 8.69896 8.49
      vertex 117.95 8.77417 8.49
    endloop
  endfacet
  facet normal 0 0 1
    outer loop
      vertex 117.636 11.1557 8.49
      vertex 117.797 8.69896 8.49
      vertex 117.797 11.101 8.49
    endloop
  endfacet
  facet normal 0 0 1
    outer loop
      vertex 117.636 11.1557 8.49
      vertex 117.636 8.6443 8.49
      vertex 117.797 8.69896 8.49
    endloop
  endfacet
  facet normal 0 0 1
    outer loop
      vertex 117.47 11.1889 8.49
      vertex 117.636 8.6443 8.49
      vertex 117.636 11.1557 8.49
    endloop
  endfacet
  facet normal 0 0 1
    outer loop
      vertex 117.47 11.1889 8.49
      vertex 117.47 8.61112 8.49
      vertex 117.636 8.6443 8.49
    endloop
  endfacet
  facet normal 0 0 1
    outer loop
      vertex 117.3 11.2 8.49
      vertex 117.47 8.61112 8.49
      vertex 117.47 11.1889 8.49
    endloop
  endfacet
  facet normal 0 0 1
    outer loop
      vertex 117.3 11.2 8.49
      vertex 117.3 8.6 8.49
      vertex 117.47 8.61112 8.49
    endloop
  endfacet
  facet normal -0 0 1
    outer loop
      vertex 117.13 11.1889 8.49
      vertex 117.3 8.6 8.49
      vertex 117.3 11.2 8.49
    endloop
  endfacet
  facet normal 0 0 1
    outer loop
      vertex 117.13 11.1889 8.49
      vertex 117.13 8.61112 8.49
      vertex 117.3 8.6 8.49
    endloop
  endfacet
  facet normal -0 0 1
    outer loop
      vertex 116.964 11.1557 8.49
      vertex 117.13 8.61112 8.49
      vertex 117.13 11.1889 8.49
    endloop
  endfacet
  facet normal 0 0 1
    outer loop
      vertex 116.964 11.1557 8.49
      vertex 116.964 8.6443 8.49
      vertex 117.13 8.61112 8.49
    endloop
  endfacet
  facet normal -0 0 1
    outer loop
      vertex 116.803 11.101 8.49
      vertex 116.964 8.6443 8.49
      vertex 116.964 11.1557 8.49
    endloop
  endfacet
  facet normal 0 0 1
    outer loop
      vertex 116.803 11.101 8.49
      vertex 116.803 8.69896 8.49
      vertex 116.964 8.6443 8.49
    endloop
  endfacet
  facet normal -0 0 1
    outer loop
      vertex 116.65 11.0258 8.49
      vertex 116.803 8.69896 8.49
      vertex 116.803 11.101 8.49
    endloop
  endfacet
  facet normal 0 0 1
    outer loop
      vertex 116.65 11.0258 8.49
      vertex 116.65 8.77417 8.49
      vertex 116.803 8.69896 8.49
    endloop
  endfacet
  facet normal -0 0 1
    outer loop
      vertex 116.509 10.9314 8.49
      vertex 116.65 8.77417 8.49
      vertex 116.65 11.0258 8.49
    endloop
  endfacet
  facet normal 0 0 1
    outer loop
      vertex 116.509 10.9314 8.49
      vertex 116.509 8.86864 8.49
      vertex 116.65 8.77417 8.49
    endloop
  endfacet
  facet normal -0 0 1
    outer loop
      vertex 116.381 10.8192 8.49
      vertex 116.509 8.86864 8.49
      vertex 116.509 10.9314 8.49
    endloop
  endfacet
  facet normal 0 0 1
    outer loop
      vertex 116.381 10.8192 8.49
      vertex 116.381 8.98076 8.49
      vertex 116.509 8.86864 8.49
    endloop
  endfacet
  facet normal -0 0 1
    outer loop
      vertex 116.269 10.6914 8.49
      vertex 116.381 8.98076 8.49
      vertex 116.381 10.8192 8.49
    endloop
  endfacet
  facet normal 0 0 1
    outer loop
      vertex 116.269 10.6914 8.49
      vertex 116.269 9.10861 8.49
      vertex 116.381 8.98076 8.49
    endloop
  endfacet
  facet normal -0 0 1
    outer loop
      vertex 116.174 10.55 8.49
      vertex 116.269 9.10861 8.49
      vertex 116.269 10.6914 8.49
    endloop
  endfacet
  facet normal 0 0 1
    outer loop
      vertex 116.174 10.55 8.49
      vertex 116.174 9.25 8.49
      vertex 116.269 9.10861 8.49
    endloop
  endfacet
  facet normal -0 0 1
    outer loop
      vertex 116.099 10.3975 8.49
      vertex 116.174 9.25 8.49
      vertex 116.174 10.55 8.49
    endloop
  endfacet
  facet normal 0 0 1
    outer loop
      vertex 116.099 10.3975 8.49
      vertex 116.099 9.40251 8.49
      vertex 116.174 9.25 8.49
    endloop
  endfacet
  facet normal -0 0 1
    outer loop
      vertex 116.044 10.2365 8.49
      vertex 116.099 9.40251 8.49
      vertex 116.099 10.3975 8.49
    endloop
  endfacet
  facet normal 0 0 1
    outer loop
      vertex 116.044 10.2365 8.49
      vertex 116.044 9.56354 8.49
      vertex 116.099 9.40251 8.49
    endloop
  endfacet
  facet normal -0 0 1
    outer loop
      vertex 116.011 10.0697 8.49
      vertex 116.044 9.56354 8.49
      vertex 116.044 10.2365 8.49
    endloop
  endfacet
  facet normal 0 0 1
    outer loop
      vertex 116.011 10.0697 8.49
      vertex 116.011 9.73032 8.49
      vertex 116.044 9.56354 8.49
    endloop
  endfacet
  facet normal 0 -0 1
    outer loop
      vertex 116.011 9.73032 8.49
      vertex 116.011 10.0697 8.49
      vertex 116 9.9 8.49
    endloop
  endfacet
  facet normal -0.981058 -0.193714 0
    outer loop
      vertex 114.402 54.1235 7.5
      vertex 114.326 54.5084 12.5
      vertex 114.326 54.5084 7.5
    endloop
  endfacet
  facet normal -0.981058 -0.193714 0
    outer loop
      vertex 114.326 54.5084 12.5
      vertex 114.402 54.1235 7.5
      vertex 114.402 54.1235 12.5
    endloop
  endfacet
  facet normal -0.831501 0.555523 0
    outer loop
      vertex 114.702 56.4 7.5
      vertex 114.92 56.7263 12.5
      vertex 114.92 56.7263 7.5
    endloop
  endfacet
  facet normal -0.831501 0.555523 0
    outer loop
      vertex 114.92 56.7263 12.5
      vertex 114.702 56.4 7.5
      vertex 114.702 56.4 12.5
    endloop
  endfacet
  facet normal 0.981058 0.193714 0
    outer loop
      vertex 120.274 55.2916 12.5
      vertex 120.198 55.6765 7.5
      vertex 120.198 55.6765 12.5
    endloop
  endfacet
  facet normal 0.981058 0.193714 0
    outer loop
      vertex 120.198 55.6765 7.5
      vertex 120.274 55.2916 12.5
      vertex 120.274 55.2916 7.5
    endloop
  endfacet
  facet normal 0.997803 -0.0662484 0
    outer loop
      vertex 120.274 54.5084 12.5
      vertex 120.3 54.9 7.5
      vertex 120.3 54.9 12.5
    endloop
  endfacet
  facet normal 0.997803 -0.0662484 0
    outer loop
      vertex 120.3 54.9 7.5
      vertex 120.274 54.5084 12.5
      vertex 120.274 54.5084 7.5
    endloop
  endfacet
  facet normal 0.751471 -0.659766 0
    outer loop
      vertex 119.421 52.7787 12.5
      vertex 119.68 53.0737 7.5
      vertex 119.68 53.0737 12.5
    endloop
  endfacet
  facet normal 0.751471 -0.659766 0
    outer loop
      vertex 119.68 53.0737 7.5
      vertex 119.421 52.7787 12.5
      vertex 119.421 52.7787 7.5
    endloop
  endfacet
  facet normal -0.751471 0.659766 0
    outer loop
      vertex 114.92 56.7263 7.5
      vertex 115.179 57.0213 12.5
      vertex 115.179 57.0213 7.5
    endloop
  endfacet
  facet normal -0.751471 0.659766 0
    outer loop
      vertex 115.179 57.0213 12.5
      vertex 114.92 56.7263 7.5
      vertex 114.92 56.7263 12.5
    endloop
  endfacet
  facet normal 0.195379 0.980728 -0
    outer loop
      vertex 118.076 57.7978 7.5
      vertex 117.692 57.8743 12.5
      vertex 118.076 57.7978 12.5
    endloop
  endfacet
  facet normal 0.195379 0.980728 0
    outer loop
      vertex 117.692 57.8743 12.5
      vertex 118.076 57.7978 7.5
      vertex 117.692 57.8743 7.5
    endloop
  endfacet
  facet normal 0.751471 0.659766 0
    outer loop
      vertex 119.68 56.7263 12.5
      vertex 119.421 57.0213 7.5
      vertex 119.421 57.0213 12.5
    endloop
  endfacet
  facet normal 0.751471 0.659766 0
    outer loop
      vertex 119.421 57.0213 7.5
      vertex 119.68 56.7263 12.5
      vertex 119.68 56.7263 7.5
    endloop
  endfacet
  facet normal -0.831501 -0.555523 0
    outer loop
      vertex 114.92 53.0737 7.5
      vertex 114.702 53.4 12.5
      vertex 114.702 53.4 7.5
    endloop
  endfacet
  facet normal -0.831501 -0.555523 0
    outer loop
      vertex 114.702 53.4 12.5
      vertex 114.92 53.0737 7.5
      vertex 114.92 53.0737 12.5
    endloop
  endfacet
  facet normal -0.555877 -0.831265 0
    outer loop
      vertex 115.474 52.5199 7.5
      vertex 115.8 52.3019 12.5
      vertex 115.474 52.5199 12.5
    endloop
  endfacet
  facet normal -0.555877 -0.831265 -0
    outer loop
      vertex 115.8 52.3019 12.5
      vertex 115.474 52.5199 7.5
      vertex 115.8 52.3019 7.5
    endloop
  endfacet
  facet normal 0.44211 -0.896961 0
    outer loop
      vertex 118.448 52.1284 7.5
      vertex 118.8 52.3019 12.5
      vertex 118.448 52.1284 12.5
    endloop
  endfacet
  facet normal 0.44211 -0.896961 0
    outer loop
      vertex 118.8 52.3019 12.5
      vertex 118.448 52.1284 7.5
      vertex 118.8 52.3019 7.5
    endloop
  endfacet
  facet normal -0.947013 0.321194 0
    outer loop
      vertex 114.402 55.6765 7.5
      vertex 114.528 56.048 12.5
      vertex 114.528 56.048 7.5
    endloop
  endfacet
  facet normal -0.947013 0.321194 0
    outer loop
      vertex 114.528 56.048 12.5
      vertex 114.402 55.6765 7.5
      vertex 114.402 55.6765 12.5
    endloop
  endfacet
  facet normal -0.44211 -0.896961 0
    outer loop
      vertex 115.8 52.3019 7.5
      vertex 116.152 52.1284 12.5
      vertex 115.8 52.3019 12.5
    endloop
  endfacet
  facet normal -0.44211 -0.896961 -0
    outer loop
      vertex 116.152 52.1284 12.5
      vertex 115.8 52.3019 7.5
      vertex 116.152 52.1284 7.5
    endloop
  endfacet
  facet normal -0.321264 -0.94699 0
    outer loop
      vertex 116.152 52.1284 7.5
      vertex 116.524 52.0022 12.5
      vertex 116.152 52.1284 12.5
    endloop
  endfacet
  facet normal -0.321264 -0.94699 -0
    outer loop
      vertex 116.524 52.0022 12.5
      vertex 116.152 52.1284 7.5
      vertex 116.524 52.0022 7.5
    endloop
  endfacet
  facet normal -0.997803 -0.0662484 0
    outer loop
      vertex 114.326 54.5084 7.5
      vertex 114.3 54.9 12.5
      vertex 114.3 54.9 7.5
    endloop
  endfacet
  facet normal -0.997803 -0.0662484 0
    outer loop
      vertex 114.3 54.9 12.5
      vertex 114.326 54.5084 7.5
      vertex 114.326 54.5084 12.5
    endloop
  endfacet
  facet normal 0.659478 0.751724 -0
    outer loop
      vertex 119.421 57.0213 7.5
      vertex 119.126 57.2801 12.5
      vertex 119.421 57.0213 12.5
    endloop
  endfacet
  facet normal 0.659478 0.751724 0
    outer loop
      vertex 119.126 57.2801 12.5
      vertex 119.421 57.0213 7.5
      vertex 119.126 57.2801 7.5
    endloop
  endfacet
  facet normal 0.997803 0.0662484 0
    outer loop
      vertex 120.3 54.9 12.5
      vertex 120.274 55.2916 7.5
      vertex 120.274 55.2916 12.5
    endloop
  endfacet
  facet normal 0.997803 0.0662484 0
    outer loop
      vertex 120.274 55.2916 7.5
      vertex 120.3 54.9 12.5
      vertex 120.3 54.9 7.5
    endloop
  endfacet
  facet normal -0.94704 -0.321117 0
    outer loop
      vertex 114.528 53.7519 7.5
      vertex 114.402 54.1235 12.5
      vertex 114.402 54.1235 7.5
    endloop
  endfacet
  facet normal -0.94704 -0.321117 0
    outer loop
      vertex 114.402 54.1235 12.5
      vertex 114.528 53.7519 7.5
      vertex 114.528 53.7519 12.5
    endloop
  endfacet
  facet normal 0.896405 -0.443235 0
    outer loop
      vertex 119.898 53.4 12.5
      vertex 120.072 53.7519 7.5
      vertex 120.072 53.7519 12.5
    endloop
  endfacet
  facet normal 0.896405 -0.443235 0
    outer loop
      vertex 120.072 53.7519 7.5
      vertex 119.898 53.4 12.5
      vertex 119.898 53.4 7.5
    endloop
  endfacet
  facet normal -0.896455 0.443134 0
    outer loop
      vertex 114.528 56.048 7.5
      vertex 114.702 56.4 12.5
      vertex 114.702 56.4 7.5
    endloop
  endfacet
  facet normal -0.896455 0.443134 0
    outer loop
      vertex 114.702 56.4 12.5
      vertex 114.528 56.048 7.5
      vertex 114.528 56.048 12.5
    endloop
  endfacet
  facet normal -0.0654208 -0.997858 0
    outer loop
      vertex 116.908 51.9257 7.5
      vertex 117.3 51.9 12.5
      vertex 116.908 51.9257 12.5
    endloop
  endfacet
  facet normal -0.0654208 -0.997858 -0
    outer loop
      vertex 117.3 51.9 12.5
      vertex 116.908 51.9257 7.5
      vertex 117.3 51.9 7.5
    endloop
  endfacet
  facet normal 0.321264 0.94699 -0
    outer loop
      vertex 118.448 57.6716 7.5
      vertex 118.076 57.7978 12.5
      vertex 118.448 57.6716 12.5
    endloop
  endfacet
  facet normal 0.321264 0.94699 0
    outer loop
      vertex 118.076 57.7978 12.5
      vertex 118.448 57.6716 7.5
      vertex 118.076 57.7978 7.5
    endloop
  endfacet
  facet normal 0.896455 0.443134 0
    outer loop
      vertex 120.072 56.048 12.5
      vertex 119.898 56.4 7.5
      vertex 119.898 56.4 12.5
    endloop
  endfacet
  facet normal 0.896455 0.443134 0
    outer loop
      vertex 119.898 56.4 7.5
      vertex 120.072 56.048 12.5
      vertex 120.072 56.048 7.5
    endloop
  endfacet
  facet normal 0.831501 0.555523 0
    outer loop
      vertex 119.898 56.4 12.5
      vertex 119.68 56.7263 7.5
      vertex 119.68 56.7263 12.5
    endloop
  endfacet
  facet normal 0.831501 0.555523 0
    outer loop
      vertex 119.68 56.7263 7.5
      vertex 119.898 56.4 12.5
      vertex 119.898 56.4 7.5
    endloop
  endfacet
  facet normal 0.947013 0.321194 0
    outer loop
      vertex 120.198 55.6765 12.5
      vertex 120.072 56.048 7.5
      vertex 120.072 56.048 12.5
    endloop
  endfacet
  facet normal 0.947013 0.321194 0
    outer loop
      vertex 120.072 56.048 7.5
      vertex 120.198 55.6765 12.5
      vertex 120.198 55.6765 7.5
    endloop
  endfacet
  facet normal 0.555877 0.831265 -0
    outer loop
      vertex 119.126 57.2801 7.5
      vertex 118.8 57.4981 12.5
      vertex 119.126 57.2801 12.5
    endloop
  endfacet
  facet normal 0.555877 0.831265 0
    outer loop
      vertex 118.8 57.4981 12.5
      vertex 119.126 57.2801 7.5
      vertex 118.8 57.4981 7.5
    endloop
  endfacet
  facet normal -0.195379 0.980728 0
    outer loop
      vertex 116.908 57.8743 7.5
      vertex 116.524 57.7978 12.5
      vertex 116.908 57.8743 12.5
    endloop
  endfacet
  facet normal -0.195379 0.980728 0
    outer loop
      vertex 116.524 57.7978 12.5
      vertex 116.908 57.8743 7.5
      vertex 116.524 57.7978 7.5
    endloop
  endfacet
  facet normal 0.321264 -0.94699 0
    outer loop
      vertex 118.076 52.0022 7.5
      vertex 118.448 52.1284 12.5
      vertex 118.076 52.0022 12.5
    endloop
  endfacet
  facet normal 0.321264 -0.94699 0
    outer loop
      vertex 118.448 52.1284 12.5
      vertex 118.076 52.0022 7.5
      vertex 118.448 52.1284 7.5
    endloop
  endfacet
  facet normal 0.44211 0.896961 -0
    outer loop
      vertex 118.8 57.4981 7.5
      vertex 118.448 57.6716 12.5
      vertex 118.8 57.4981 12.5
    endloop
  endfacet
  facet normal 0.44211 0.896961 0
    outer loop
      vertex 118.448 57.6716 12.5
      vertex 118.8 57.4981 7.5
      vertex 118.448 57.6716 7.5
    endloop
  endfacet
  facet normal 0.0654208 -0.997858 0
    outer loop
      vertex 117.3 51.9 7.5
      vertex 117.692 51.9257 12.5
      vertex 117.3 51.9 12.5
    endloop
  endfacet
  facet normal 0.0654208 -0.997858 0
    outer loop
      vertex 117.692 51.9257 12.5
      vertex 117.3 51.9 7.5
      vertex 117.692 51.9257 7.5
    endloop
  endfacet
  facet normal -0.0654208 0.997858 0
    outer loop
      vertex 117.3 57.9 7.5
      vertex 116.908 57.8743 12.5
      vertex 117.3 57.9 12.5
    endloop
  endfacet
  facet normal -0.0654208 0.997858 0
    outer loop
      vertex 116.908 57.8743 12.5
      vertex 117.3 57.9 7.5
      vertex 116.908 57.8743 7.5
    endloop
  endfacet
  facet normal 0.981058 -0.193714 0
    outer loop
      vertex 120.198 54.1235 12.5
      vertex 120.274 54.5084 7.5
      vertex 120.274 54.5084 12.5
    endloop
  endfacet
  facet normal 0.981058 -0.193714 0
    outer loop
      vertex 120.274 54.5084 7.5
      vertex 120.198 54.1235 12.5
      vertex 120.198 54.1235 7.5
    endloop
  endfacet
  facet normal 0.195379 -0.980728 0
    outer loop
      vertex 117.692 51.9257 7.5
      vertex 118.076 52.0022 12.5
      vertex 117.692 51.9257 12.5
    endloop
  endfacet
  facet normal 0.195379 -0.980728 0
    outer loop
      vertex 118.076 52.0022 12.5
      vertex 117.692 51.9257 7.5
      vertex 118.076 52.0022 7.5
    endloop
  endfacet
  facet normal -0.44211 0.896961 0
    outer loop
      vertex 116.152 57.6716 7.5
      vertex 115.8 57.4981 12.5
      vertex 116.152 57.6716 12.5
    endloop
  endfacet
  facet normal -0.44211 0.896961 0
    outer loop
      vertex 115.8 57.4981 12.5
      vertex 116.152 57.6716 7.5
      vertex 115.8 57.4981 7.5
    endloop
  endfacet
  facet normal 0.659478 -0.751724 0
    outer loop
      vertex 119.126 52.5199 7.5
      vertex 119.421 52.7787 12.5
      vertex 119.126 52.5199 12.5
    endloop
  endfacet
  facet normal 0.659478 -0.751724 0
    outer loop
      vertex 119.421 52.7787 12.5
      vertex 119.126 52.5199 7.5
      vertex 119.421 52.7787 7.5
    endloop
  endfacet
  facet normal -0.321264 0.94699 0
    outer loop
      vertex 116.524 57.7978 7.5
      vertex 116.152 57.6716 12.5
      vertex 116.524 57.7978 12.5
    endloop
  endfacet
  facet normal -0.321264 0.94699 0
    outer loop
      vertex 116.152 57.6716 12.5
      vertex 116.524 57.7978 7.5
      vertex 116.152 57.6716 7.5
    endloop
  endfacet
  facet normal -0.896405 -0.443235 0
    outer loop
      vertex 114.702 53.4 7.5
      vertex 114.528 53.7519 12.5
      vertex 114.528 53.7519 7.5
    endloop
  endfacet
  facet normal -0.896405 -0.443235 0
    outer loop
      vertex 114.528 53.7519 12.5
      vertex 114.702 53.4 7.5
      vertex 114.702 53.4 12.5
    endloop
  endfacet
  facet normal 0.831501 -0.555523 0
    outer loop
      vertex 119.68 53.0737 12.5
      vertex 119.898 53.4 7.5
      vertex 119.898 53.4 12.5
    endloop
  endfacet
  facet normal 0.831501 -0.555523 0
    outer loop
      vertex 119.898 53.4 7.5
      vertex 119.68 53.0737 12.5
      vertex 119.68 53.0737 7.5
    endloop
  endfacet
  facet normal 0.0654208 0.997858 -0
    outer loop
      vertex 117.692 57.8743 7.5
      vertex 117.3 57.9 12.5
      vertex 117.692 57.8743 12.5
    endloop
  endfacet
  facet normal 0.0654208 0.997858 0
    outer loop
      vertex 117.3 57.9 12.5
      vertex 117.692 57.8743 7.5
      vertex 117.3 57.9 7.5
    endloop
  endfacet
  facet normal 0.94704 -0.321117 0
    outer loop
      vertex 120.072 53.7519 12.5
      vertex 120.198 54.1235 7.5
      vertex 120.198 54.1235 12.5
    endloop
  endfacet
  facet normal 0.94704 -0.321117 0
    outer loop
      vertex 120.198 54.1235 7.5
      vertex 120.072 53.7519 12.5
      vertex 120.072 53.7519 7.5
    endloop
  endfacet
  facet normal -0.981058 0.193714 0
    outer loop
      vertex 114.326 55.2916 7.5
      vertex 114.402 55.6765 12.5
      vertex 114.402 55.6765 7.5
    endloop
  endfacet
  facet normal -0.981058 0.193714 0
    outer loop
      vertex 114.402 55.6765 12.5
      vertex 114.326 55.2916 7.5
      vertex 114.326 55.2916 12.5
    endloop
  endfacet
  facet normal -0.659478 0.751724 0
    outer loop
      vertex 115.474 57.2801 7.5
      vertex 115.179 57.0213 12.5
      vertex 115.474 57.2801 12.5
    endloop
  endfacet
  facet normal -0.659478 0.751724 0
    outer loop
      vertex 115.179 57.0213 12.5
      vertex 115.474 57.2801 7.5
      vertex 115.179 57.0213 7.5
    endloop
  endfacet
  facet normal -0.555877 0.831265 0
    outer loop
      vertex 115.8 57.4981 7.5
      vertex 115.474 57.2801 12.5
      vertex 115.8 57.4981 12.5
    endloop
  endfacet
  facet normal -0.555877 0.831265 0
    outer loop
      vertex 115.474 57.2801 12.5
      vertex 115.8 57.4981 7.5
      vertex 115.474 57.2801 7.5
    endloop
  endfacet
  facet normal -0.997803 0.0662484 0
    outer loop
      vertex 114.3 54.9 7.5
      vertex 114.326 55.2916 12.5
      vertex 114.326 55.2916 7.5
    endloop
  endfacet
  facet normal -0.997803 0.0662484 0
    outer loop
      vertex 114.326 55.2916 12.5
      vertex 114.3 54.9 7.5
      vertex 114.3 54.9 12.5
    endloop
  endfacet
  facet normal 0.555877 -0.831265 0
    outer loop
      vertex 118.8 52.3019 7.5
      vertex 119.126 52.5199 12.5
      vertex 118.8 52.3019 12.5
    endloop
  endfacet
  facet normal 0.555877 -0.831265 0
    outer loop
      vertex 119.126 52.5199 12.5
      vertex 118.8 52.3019 7.5
      vertex 119.126 52.5199 7.5
    endloop
  endfacet
  facet normal -0.751471 -0.659766 0
    outer loop
      vertex 115.179 52.7787 7.5
      vertex 114.92 53.0737 12.5
      vertex 114.92 53.0737 7.5
    endloop
  endfacet
  facet normal -0.751471 -0.659766 0
    outer loop
      vertex 114.92 53.0737 12.5
      vertex 115.179 52.7787 7.5
      vertex 115.179 52.7787 12.5
    endloop
  endfacet
  facet normal -0.659478 -0.751724 0
    outer loop
      vertex 115.179 52.7787 7.5
      vertex 115.474 52.5199 12.5
      vertex 115.179 52.7787 12.5
    endloop
  endfacet
  facet normal -0.659478 -0.751724 -0
    outer loop
      vertex 115.474 52.5199 12.5
      vertex 115.179 52.7787 7.5
      vertex 115.474 52.5199 7.5
    endloop
  endfacet
  facet normal -0.195379 -0.980728 0
    outer loop
      vertex 116.524 52.0022 7.5
      vertex 116.908 51.9257 12.5
      vertex 116.524 52.0022 12.5
    endloop
  endfacet
  facet normal -0.195379 -0.980728 -0
    outer loop
      vertex 116.908 51.9257 12.5
      vertex 116.524 52.0022 7.5
      vertex 116.908 51.9257 7.5
    endloop
  endfacet
  facet normal 0 0 1
    outer loop
      vertex 118.6 54.9 12.5
      vertex 120.3 54.9 12.5
      vertex 120.274 55.2916 12.5
    endloop
  endfacet
  facet normal 0 0 1
    outer loop
      vertex 118.589 55.0697 12.5
      vertex 120.274 55.2916 12.5
      vertex 120.198 55.6765 12.5
    endloop
  endfacet
  facet normal 0 0 1
    outer loop
      vertex 120.3 54.9 12.5
      vertex 118.6 54.9 12.5
      vertex 120.274 54.5084 12.5
    endloop
  endfacet
  facet normal 0 0 1
    outer loop
      vertex 118.556 55.2365 12.5
      vertex 120.198 55.6765 12.5
      vertex 120.072 56.048 12.5
    endloop
  endfacet
  facet normal -0 0 1
    outer loop
      vertex 118.589 54.7303 12.5
      vertex 120.274 54.5084 12.5
      vertex 118.6 54.9 12.5
    endloop
  endfacet
  facet normal 0 0 1
    outer loop
      vertex 118.501 55.3975 12.5
      vertex 120.072 56.048 12.5
      vertex 119.898 56.4 12.5
    endloop
  endfacet
  facet normal 0 0 1
    outer loop
      vertex 120.274 54.5084 12.5
      vertex 118.589 54.7303 12.5
      vertex 120.198 54.1235 12.5
    endloop
  endfacet
  facet normal 0 0 1
    outer loop
      vertex 118.426 55.55 12.5
      vertex 119.898 56.4 12.5
      vertex 119.68 56.7263 12.5
    endloop
  endfacet
  facet normal -0 0 1
    outer loop
      vertex 118.556 54.5635 12.5
      vertex 120.198 54.1235 12.5
      vertex 118.589 54.7303 12.5
    endloop
  endfacet
  facet normal 0 0 1
    outer loop
      vertex 118.331 55.6914 12.5
      vertex 119.68 56.7263 12.5
      vertex 119.421 57.0213 12.5
    endloop
  endfacet
  facet normal 0 0 1
    outer loop
      vertex 120.198 54.1235 12.5
      vertex 118.556 54.5635 12.5
      vertex 120.072 53.7519 12.5
    endloop
  endfacet
  facet normal 0 0 1
    outer loop
      vertex 118.219 55.8192 12.5
      vertex 119.421 57.0213 12.5
      vertex 119.126 57.2801 12.5
    endloop
  endfacet
  facet normal -0 0 1
    outer loop
      vertex 118.501 54.4025 12.5
      vertex 120.072 53.7519 12.5
      vertex 118.556 54.5635 12.5
    endloop
  endfacet
  facet normal 0 0 1
    outer loop
      vertex 118.091 55.9314 12.5
      vertex 119.126 57.2801 12.5
      vertex 118.8 57.4981 12.5
    endloop
  endfacet
  facet normal 0 0 1
    outer loop
      vertex 120.072 53.7519 12.5
      vertex 118.501 54.4025 12.5
      vertex 119.898 53.4 12.5
    endloop
  endfacet
  facet normal -0 0 1
    outer loop
      vertex 118.426 54.25 12.5
      vertex 119.898 53.4 12.5
      vertex 118.501 54.4025 12.5
    endloop
  endfacet
  facet normal 0 0 1
    outer loop
      vertex 120.274 55.2916 12.5
      vertex 118.589 55.0697 12.5
      vertex 118.6 54.9 12.5
    endloop
  endfacet
  facet normal 0 0 1
    outer loop
      vertex 120.198 55.6765 12.5
      vertex 118.556 55.2365 12.5
      vertex 118.589 55.0697 12.5
    endloop
  endfacet
  facet normal 0 0 1
    outer loop
      vertex 120.072 56.048 12.5
      vertex 118.501 55.3975 12.5
      vertex 118.556 55.2365 12.5
    endloop
  endfacet
  facet normal 0 0 1
    outer loop
      vertex 117.95 56.0258 12.5
      vertex 118.8 57.4981 12.5
      vertex 118.448 57.6716 12.5
    endloop
  endfacet
  facet normal 0 0 1
    outer loop
      vertex 119.898 56.4 12.5
      vertex 118.426 55.55 12.5
      vertex 118.501 55.3975 12.5
    endloop
  endfacet
  facet normal 0 0 1
    outer loop
      vertex 119.68 56.7263 12.5
      vertex 118.331 55.6914 12.5
      vertex 118.426 55.55 12.5
    endloop
  endfacet
  facet normal 0 0 1
    outer loop
      vertex 119.421 57.0213 12.5
      vertex 118.219 55.8192 12.5
      vertex 118.331 55.6914 12.5
    endloop
  endfacet
  facet normal 0 0 1
    outer loop
      vertex 119.126 57.2801 12.5
      vertex 118.091 55.9314 12.5
      vertex 118.219 55.8192 12.5
    endloop
  endfacet
  facet normal 0 0 1
    outer loop
      vertex 117.797 56.101 12.5
      vertex 118.448 57.6716 12.5
      vertex 118.076 57.7978 12.5
    endloop
  endfacet
  facet normal 0 0 1
    outer loop
      vertex 118.8 57.4981 12.5
      vertex 117.95 56.0258 12.5
      vertex 118.091 55.9314 12.5
    endloop
  endfacet
  facet normal 0 0 1
    outer loop
      vertex 118.448 57.6716 12.5
      vertex 117.797 56.101 12.5
      vertex 117.95 56.0258 12.5
    endloop
  endfacet
  facet normal 0 0 1
    outer loop
      vertex 117.636 56.1557 12.5
      vertex 118.076 57.7978 12.5
      vertex 117.692 57.8743 12.5
    endloop
  endfacet
  facet normal 0 0 1
    outer loop
      vertex 118.076 57.7978 12.5
      vertex 117.636 56.1557 12.5
      vertex 117.797 56.101 12.5
    endloop
  endfacet
  facet normal 0 0 1
    outer loop
      vertex 117.692 57.8743 12.5
      vertex 117.47 56.1889 12.5
      vertex 117.636 56.1557 12.5
    endloop
  endfacet
  facet normal 0 0 1
    outer loop
      vertex 117.3 57.9 12.5
      vertex 117.47 56.1889 12.5
      vertex 117.692 57.8743 12.5
    endloop
  endfacet
  facet normal 0 0 1
    outer loop
      vertex 117.3 57.9 12.5
      vertex 117.3 56.2 12.5
      vertex 117.47 56.1889 12.5
    endloop
  endfacet
  facet normal 0 0 1
    outer loop
      vertex 117.3 57.9 12.5
      vertex 117.13 56.1889 12.5
      vertex 117.3 56.2 12.5
    endloop
  endfacet
  facet normal -0 0 1
    outer loop
      vertex 116.908 57.8743 12.5
      vertex 117.13 56.1889 12.5
      vertex 117.3 57.9 12.5
    endloop
  endfacet
  facet normal 0 0 1
    outer loop
      vertex 117.13 56.1889 12.5
      vertex 116.908 57.8743 12.5
      vertex 116.964 56.1557 12.5
    endloop
  endfacet
  facet normal -0 0 1
    outer loop
      vertex 116.524 57.7978 12.5
      vertex 116.964 56.1557 12.5
      vertex 116.908 57.8743 12.5
    endloop
  endfacet
  facet normal 0 0 1
    outer loop
      vertex 116.964 56.1557 12.5
      vertex 116.524 57.7978 12.5
      vertex 116.803 56.101 12.5
    endloop
  endfacet
  facet normal -0 0 1
    outer loop
      vertex 116.152 57.6716 12.5
      vertex 116.803 56.101 12.5
      vertex 116.524 57.7978 12.5
    endloop
  endfacet
  facet normal 0 0 1
    outer loop
      vertex 116.803 56.101 12.5
      vertex 116.152 57.6716 12.5
      vertex 116.65 56.0258 12.5
    endloop
  endfacet
  facet normal -0 0 1
    outer loop
      vertex 115.8 57.4981 12.5
      vertex 116.65 56.0258 12.5
      vertex 116.152 57.6716 12.5
    endloop
  endfacet
  facet normal 0 0 1
    outer loop
      vertex 116.65 56.0258 12.5
      vertex 115.8 57.4981 12.5
      vertex 116.509 55.9314 12.5
    endloop
  endfacet
  facet normal -0 0 1
    outer loop
      vertex 115.474 57.2801 12.5
      vertex 116.509 55.9314 12.5
      vertex 115.8 57.4981 12.5
    endloop
  endfacet
  facet normal 0 0 1
    outer loop
      vertex 116.509 55.9314 12.5
      vertex 115.474 57.2801 12.5
      vertex 116.381 55.8192 12.5
    endloop
  endfacet
  facet normal -0 0 1
    outer loop
      vertex 115.179 57.0213 12.5
      vertex 116.381 55.8192 12.5
      vertex 115.474 57.2801 12.5
    endloop
  endfacet
  facet normal 0 0 1
    outer loop
      vertex 116.381 55.8192 12.5
      vertex 115.179 57.0213 12.5
      vertex 116.269 55.6914 12.5
    endloop
  endfacet
  facet normal -0 0 1
    outer loop
      vertex 114.92 56.7263 12.5
      vertex 116.269 55.6914 12.5
      vertex 115.179 57.0213 12.5
    endloop
  endfacet
  facet normal 0 0 1
    outer loop
      vertex 116.269 55.6914 12.5
      vertex 114.92 56.7263 12.5
      vertex 116.174 55.55 12.5
    endloop
  endfacet
  facet normal -0 0 1
    outer loop
      vertex 114.702 56.4 12.5
      vertex 116.174 55.55 12.5
      vertex 114.92 56.7263 12.5
    endloop
  endfacet
  facet normal 0 0 1
    outer loop
      vertex 119.898 53.4 12.5
      vertex 118.426 54.25 12.5
      vertex 119.68 53.0737 12.5
    endloop
  endfacet
  facet normal -0 0 1
    outer loop
      vertex 118.331 54.1086 12.5
      vertex 119.68 53.0737 12.5
      vertex 118.426 54.25 12.5
    endloop
  endfacet
  facet normal 0 0 1
    outer loop
      vertex 119.68 53.0737 12.5
      vertex 118.331 54.1086 12.5
      vertex 119.421 52.7787 12.5
    endloop
  endfacet
  facet normal -0 0 1
    outer loop
      vertex 118.219 53.9808 12.5
      vertex 119.421 52.7787 12.5
      vertex 118.331 54.1086 12.5
    endloop
  endfacet
  facet normal 0 0 1
    outer loop
      vertex 119.421 52.7787 12.5
      vertex 118.219 53.9808 12.5
      vertex 119.126 52.5199 12.5
    endloop
  endfacet
  facet normal -0 0 1
    outer loop
      vertex 118.091 53.8686 12.5
      vertex 119.126 52.5199 12.5
      vertex 118.219 53.9808 12.5
    endloop
  endfacet
  facet normal 0 0 1
    outer loop
      vertex 119.126 52.5199 12.5
      vertex 118.091 53.8686 12.5
      vertex 118.8 52.3019 12.5
    endloop
  endfacet
  facet normal -0 0 1
    outer loop
      vertex 117.95 53.7742 12.5
      vertex 118.8 52.3019 12.5
      vertex 118.091 53.8686 12.5
    endloop
  endfacet
  facet normal 0 0 1
    outer loop
      vertex 118.8 52.3019 12.5
      vertex 117.95 53.7742 12.5
      vertex 118.448 52.1284 12.5
    endloop
  endfacet
  facet normal -0 0 1
    outer loop
      vertex 117.797 53.699 12.5
      vertex 118.448 52.1284 12.5
      vertex 117.95 53.7742 12.5
    endloop
  endfacet
  facet normal 0 0 1
    outer loop
      vertex 118.448 52.1284 12.5
      vertex 117.797 53.699 12.5
      vertex 118.076 52.0022 12.5
    endloop
  endfacet
  facet normal -0 0 1
    outer loop
      vertex 117.636 53.6443 12.5
      vertex 118.076 52.0022 12.5
      vertex 117.797 53.699 12.5
    endloop
  endfacet
  facet normal 0 0 1
    outer loop
      vertex 118.076 52.0022 12.5
      vertex 117.636 53.6443 12.5
      vertex 117.692 51.9257 12.5
    endloop
  endfacet
  facet normal -0 0 1
    outer loop
      vertex 117.47 53.6111 12.5
      vertex 117.692 51.9257 12.5
      vertex 117.636 53.6443 12.5
    endloop
  endfacet
  facet normal -0 0 1
    outer loop
      vertex 117.3 53.6 12.5
      vertex 117.692 51.9257 12.5
      vertex 117.47 53.6111 12.5
    endloop
  endfacet
  facet normal 0 0 1
    outer loop
      vertex 117.3 53.6 12.5
      vertex 117.3 51.9 12.5
      vertex 117.692 51.9257 12.5
    endloop
  endfacet
  facet normal 0 0 1
    outer loop
      vertex 117.13 53.6111 12.5
      vertex 117.3 51.9 12.5
      vertex 117.3 53.6 12.5
    endloop
  endfacet
  facet normal 0 0 1
    outer loop
      vertex 116.908 51.9257 12.5
      vertex 117.13 53.6111 12.5
      vertex 116.964 53.6443 12.5
    endloop
  endfacet
  facet normal 0 0 1
    outer loop
      vertex 117.13 53.6111 12.5
      vertex 116.908 51.9257 12.5
      vertex 117.3 51.9 12.5
    endloop
  endfacet
  facet normal 0 0 1
    outer loop
      vertex 116.524 52.0022 12.5
      vertex 116.964 53.6443 12.5
      vertex 116.803 53.699 12.5
    endloop
  endfacet
  facet normal 0 0 1
    outer loop
      vertex 116.152 52.1284 12.5
      vertex 116.803 53.699 12.5
      vertex 116.65 53.7742 12.5
    endloop
  endfacet
  facet normal 0 0 1
    outer loop
      vertex 116.964 53.6443 12.5
      vertex 116.524 52.0022 12.5
      vertex 116.908 51.9257 12.5
    endloop
  endfacet
  facet normal 0 0 1
    outer loop
      vertex 115.8 52.3019 12.5
      vertex 116.65 53.7742 12.5
      vertex 116.509 53.8686 12.5
    endloop
  endfacet
  facet normal 0 0 1
    outer loop
      vertex 115.474 52.5199 12.5
      vertex 116.509 53.8686 12.5
      vertex 116.381 53.9808 12.5
    endloop
  endfacet
  facet normal 0 0 1
    outer loop
      vertex 115.179 52.7787 12.5
      vertex 116.381 53.9808 12.5
      vertex 116.269 54.1086 12.5
    endloop
  endfacet
  facet normal 0 0 1
    outer loop
      vertex 114.92 53.0737 12.5
      vertex 116.269 54.1086 12.5
      vertex 116.174 54.25 12.5
    endloop
  endfacet
  facet normal 0 0 1
    outer loop
      vertex 116.803 53.699 12.5
      vertex 116.152 52.1284 12.5
      vertex 116.524 52.0022 12.5
    endloop
  endfacet
  facet normal 0 0 1
    outer loop
      vertex 114.702 53.4 12.5
      vertex 116.174 54.25 12.5
      vertex 116.099 54.4025 12.5
    endloop
  endfacet
  facet normal 0 0 1
    outer loop
      vertex 114.528 53.7519 12.5
      vertex 116.099 54.4025 12.5
      vertex 116.044 54.5635 12.5
    endloop
  endfacet
  facet normal 0 0 1
    outer loop
      vertex 114.402 54.1235 12.5
      vertex 116.044 54.5635 12.5
      vertex 116.011 54.7303 12.5
    endloop
  endfacet
  facet normal 0 0 1
    outer loop
      vertex 114.326 54.5084 12.5
      vertex 116.011 54.7303 12.5
      vertex 116 54.9 12.5
    endloop
  endfacet
  facet normal 0 0 1
    outer loop
      vertex 116.174 55.55 12.5
      vertex 114.702 56.4 12.5
      vertex 116.099 55.3975 12.5
    endloop
  endfacet
  facet normal 0 0 1
    outer loop
      vertex 116.65 53.7742 12.5
      vertex 115.8 52.3019 12.5
      vertex 116.152 52.1284 12.5
    endloop
  endfacet
  facet normal -0 0 1
    outer loop
      vertex 114.528 56.048 12.5
      vertex 116.099 55.3975 12.5
      vertex 114.702 56.4 12.5
    endloop
  endfacet
  facet normal 0 0 1
    outer loop
      vertex 116.509 53.8686 12.5
      vertex 115.474 52.5199 12.5
      vertex 115.8 52.3019 12.5
    endloop
  endfacet
  facet normal 0 0 1
    outer loop
      vertex 116.099 55.3975 12.5
      vertex 114.528 56.048 12.5
      vertex 116.044 55.2365 12.5
    endloop
  endfacet
  facet normal 0 0 1
    outer loop
      vertex 116.381 53.9808 12.5
      vertex 115.179 52.7787 12.5
      vertex 115.474 52.5199 12.5
    endloop
  endfacet
  facet normal -0 0 1
    outer loop
      vertex 114.402 55.6765 12.5
      vertex 116.044 55.2365 12.5
      vertex 114.528 56.048 12.5
    endloop
  endfacet
  facet normal 0 0 1
    outer loop
      vertex 116.269 54.1086 12.5
      vertex 114.92 53.0737 12.5
      vertex 115.179 52.7787 12.5
    endloop
  endfacet
  facet normal 0 0 1
    outer loop
      vertex 116.044 55.2365 12.5
      vertex 114.402 55.6765 12.5
      vertex 116.011 55.0697 12.5
    endloop
  endfacet
  facet normal 0 0 1
    outer loop
      vertex 116.174 54.25 12.5
      vertex 114.702 53.4 12.5
      vertex 114.92 53.0737 12.5
    endloop
  endfacet
  facet normal -0 0 1
    outer loop
      vertex 114.326 55.2916 12.5
      vertex 116.011 55.0697 12.5
      vertex 114.402 55.6765 12.5
    endloop
  endfacet
  facet normal 0 0 1
    outer loop
      vertex 116.099 54.4025 12.5
      vertex 114.528 53.7519 12.5
      vertex 114.702 53.4 12.5
    endloop
  endfacet
  facet normal 0 0 1
    outer loop
      vertex 116.011 55.0697 12.5
      vertex 114.326 55.2916 12.5
      vertex 116 54.9 12.5
    endloop
  endfacet
  facet normal 0 0 1
    outer loop
      vertex 116.044 54.5635 12.5
      vertex 114.402 54.1235 12.5
      vertex 114.528 53.7519 12.5
    endloop
  endfacet
  facet normal 0 0 1
    outer loop
      vertex 114.3 54.9 12.5
      vertex 116 54.9 12.5
      vertex 114.326 55.2916 12.5
    endloop
  endfacet
  facet normal 0 0 1
    outer loop
      vertex 116.011 54.7303 12.5
      vertex 114.326 54.5084 12.5
      vertex 114.402 54.1235 12.5
    endloop
  endfacet
  facet normal 0 0 1
    outer loop
      vertex 116 54.9 12.5
      vertex 114.3 54.9 12.5
      vertex 114.326 54.5084 12.5
    endloop
  endfacet
  facet normal 0.196116 0.980581 -0
    outer loop
      vertex 117.13 53.6111 8.49
      vertex 116.964 53.6443 12.5
      vertex 117.13 53.6111 12.5
    endloop
  endfacet
  facet normal 0.196116 0.980581 0
    outer loop
      vertex 116.964 53.6443 12.5
      vertex 117.13 53.6111 8.49
      vertex 116.964 53.6443 8.49
    endloop
  endfacet
  facet normal -0.196116 -0.980581 0
    outer loop
      vertex 117.47 56.1889 8.49
      vertex 117.636 56.1557 12.5
      vertex 117.47 56.1889 12.5
    endloop
  endfacet
  facet normal -0.196116 -0.980581 -0
    outer loop
      vertex 117.636 56.1557 12.5
      vertex 117.47 56.1889 8.49
      vertex 117.636 56.1557 8.49
    endloop
  endfacet
  facet normal -0.752066 -0.659088 0
    outer loop
      vertex 118.331 55.6914 8.49
      vertex 118.219 55.8192 12.5
      vertex 118.219 55.8192 8.49
    endloop
  endfacet
  facet normal -0.752066 -0.659088 0
    outer loop
      vertex 118.219 55.8192 12.5
      vertex 118.331 55.6914 8.49
      vertex 118.331 55.6914 12.5
    endloop
  endfacet
  facet normal 0.946306 0.323272 0
    outer loop
      vertex 116.099 54.4025 12.5
      vertex 116.044 54.5635 8.49
      vertex 116.044 54.5635 12.5
    endloop
  endfacet
  facet normal 0.946306 0.323272 0
    outer loop
      vertex 116.044 54.5635 8.49
      vertex 116.099 54.4025 12.5
      vertex 116.099 54.4025 8.49
    endloop
  endfacet
  facet normal -0.997906 -0.0646845 0
    outer loop
      vertex 118.6 54.9 8.49
      vertex 118.589 55.0697 12.5
      vertex 118.589 55.0697 8.49
    endloop
  endfacet
  facet normal -0.997906 -0.0646845 0
    outer loop
      vertex 118.589 55.0697 12.5
      vertex 118.6 54.9 8.49
      vertex 118.6 54.9 12.5
    endloop
  endfacet
  facet normal -0.997906 0.0646845 0
    outer loop
      vertex 118.589 54.7303 8.49
      vertex 118.6 54.9 12.5
      vertex 118.6 54.9 8.49
    endloop
  endfacet
  facet normal -0.997906 0.0646845 0
    outer loop
      vertex 118.6 54.9 12.5
      vertex 118.589 54.7303 8.49
      vertex 118.589 54.7303 12.5
    endloop
  endfacet
  facet normal -0.946306 -0.323272 0
    outer loop
      vertex 118.556 55.2365 8.49
      vertex 118.501 55.3975 12.5
      vertex 118.501 55.3975 8.49
    endloop
  endfacet
  facet normal -0.946306 -0.323272 0
    outer loop
      vertex 118.501 55.3975 12.5
      vertex 118.556 55.2365 8.49
      vertex 118.556 55.2365 12.5
    endloop
  endfacet
  facet normal -0.556331 -0.830961 0
    outer loop
      vertex 117.95 56.0258 8.49
      vertex 118.091 55.9314 12.5
      vertex 117.95 56.0258 12.5
    endloop
  endfacet
  facet normal -0.556331 -0.830961 -0
    outer loop
      vertex 118.091 55.9314 12.5
      vertex 117.95 56.0258 8.49
      vertex 118.091 55.9314 8.49
    endloop
  endfacet
  facet normal -0.89735 -0.44132 0
    outer loop
      vertex 118.501 55.3975 8.49
      vertex 118.426 55.55 12.5
      vertex 118.426 55.55 8.49
    endloop
  endfacet
  facet normal -0.89735 -0.44132 0
    outer loop
      vertex 118.426 55.55 12.5
      vertex 118.501 55.3975 8.49
      vertex 118.501 55.3975 12.5
    endloop
  endfacet
  facet normal 0.65917 -0.751994 0
    outer loop
      vertex 116.381 55.8192 8.49
      vertex 116.509 55.9314 12.5
      vertex 116.381 55.8192 12.5
    endloop
  endfacet
  facet normal 0.65917 -0.751994 0
    outer loop
      vertex 116.509 55.9314 12.5
      vertex 116.381 55.8192 8.49
      vertex 116.509 55.9314 8.49
    endloop
  endfacet
  facet normal 0.556331 0.830961 -0
    outer loop
      vertex 116.65 53.7742 8.49
      vertex 116.509 53.8686 12.5
      vertex 116.65 53.7742 12.5
    endloop
  endfacet
  facet normal 0.556331 0.830961 0
    outer loop
      vertex 116.509 53.8686 12.5
      vertex 116.65 53.7742 8.49
      vertex 116.509 53.8686 8.49
    endloop
  endfacet
  facet normal 0.752066 -0.659088 0
    outer loop
      vertex 116.269 55.6914 12.5
      vertex 116.381 55.8192 8.49
      vertex 116.381 55.8192 12.5
    endloop
  endfacet
  facet normal 0.752066 -0.659088 0
    outer loop
      vertex 116.381 55.8192 8.49
      vertex 116.269 55.6914 12.5
      vertex 116.269 55.6914 8.49
    endloop
  endfacet
  facet normal 0.321692 0.946844 -0
    outer loop
      vertex 116.964 53.6443 8.49
      vertex 116.803 53.699 12.5
      vertex 116.964 53.6443 12.5
    endloop
  endfacet
  facet normal 0.321692 0.946844 0
    outer loop
      vertex 116.803 53.699 12.5
      vertex 116.964 53.6443 8.49
      vertex 116.803 53.699 8.49
    endloop
  endfacet
  facet normal 0.830058 0.557677 0
    outer loop
      vertex 116.269 54.1086 12.5
      vertex 116.174 54.25 8.49
      vertex 116.174 54.25 12.5
    endloop
  endfacet
  facet normal 0.830058 0.557677 0
    outer loop
      vertex 116.174 54.25 8.49
      vertex 116.269 54.1086 12.5
      vertex 116.269 54.1086 8.49
    endloop
  endfacet
  facet normal 0.441103 -0.897457 0
    outer loop
      vertex 116.65 56.0258 8.49
      vertex 116.803 56.101 12.5
      vertex 116.65 56.0258 12.5
    endloop
  endfacet
  facet normal 0.441103 -0.897457 0
    outer loop
      vertex 116.803 56.101 12.5
      vertex 116.65 56.0258 8.49
      vertex 116.803 56.101 8.49
    endloop
  endfacet
  facet normal -0.0651554 0.997875 0
    outer loop
      vertex 117.47 53.6111 8.49
      vertex 117.3 53.6 12.5
      vertex 117.47 53.6111 12.5
    endloop
  endfacet
  facet normal -0.0651554 0.997875 0
    outer loop
      vertex 117.3 53.6 12.5
      vertex 117.47 53.6111 8.49
      vertex 117.3 53.6 8.49
    endloop
  endfacet
  facet normal -0.89735 0.44132 0
    outer loop
      vertex 118.426 54.25 8.49
      vertex 118.501 54.4025 12.5
      vertex 118.501 54.4025 8.49
    endloop
  endfacet
  facet normal -0.89735 0.44132 0
    outer loop
      vertex 118.501 54.4025 12.5
      vertex 118.426 54.25 8.49
      vertex 118.426 54.25 12.5
    endloop
  endfacet
  facet normal -0.830058 -0.557677 0
    outer loop
      vertex 118.426 55.55 8.49
      vertex 118.331 55.6914 12.5
      vertex 118.331 55.6914 8.49
    endloop
  endfacet
  facet normal -0.830058 -0.557677 0
    outer loop
      vertex 118.331 55.6914 12.5
      vertex 118.426 55.55 8.49
      vertex 118.426 55.55 12.5
    endloop
  endfacet
  facet normal -0.830058 0.557677 0
    outer loop
      vertex 118.331 54.1086 8.49
      vertex 118.426 54.25 12.5
      vertex 118.426 54.25 8.49
    endloop
  endfacet
  facet normal -0.830058 0.557677 0
    outer loop
      vertex 118.426 54.25 12.5
      vertex 118.331 54.1086 8.49
      vertex 118.331 54.1086 12.5
    endloop
  endfacet
  facet normal -0.980986 -0.19408 0
    outer loop
      vertex 118.589 55.0697 8.49
      vertex 118.556 55.2365 12.5
      vertex 118.556 55.2365 8.49
    endloop
  endfacet
  facet normal -0.980986 -0.19408 0
    outer loop
      vertex 118.556 55.2365 12.5
      vertex 118.589 55.0697 8.49
      vertex 118.589 55.0697 12.5
    endloop
  endfacet
  facet normal 0.997906 0.0646845 0
    outer loop
      vertex 116.011 54.7303 12.5
      vertex 116 54.9 8.49
      vertex 116 54.9 12.5
    endloop
  endfacet
  facet normal 0.997906 0.0646845 0
    outer loop
      vertex 116 54.9 8.49
      vertex 116.011 54.7303 12.5
      vertex 116.011 54.7303 8.49
    endloop
  endfacet
  facet normal -0.441103 -0.897457 0
    outer loop
      vertex 117.797 56.101 8.49
      vertex 117.95 56.0258 12.5
      vertex 117.797 56.101 12.5
    endloop
  endfacet
  facet normal -0.441103 -0.897457 -0
    outer loop
      vertex 117.95 56.0258 12.5
      vertex 117.797 56.101 8.49
      vertex 117.95 56.0258 8.49
    endloop
  endfacet
  facet normal -0.321692 0.946844 0
    outer loop
      vertex 117.797 53.699 8.49
      vertex 117.636 53.6443 12.5
      vertex 117.797 53.699 12.5
    endloop
  endfacet
  facet normal -0.321692 0.946844 0
    outer loop
      vertex 117.636 53.6443 12.5
      vertex 117.797 53.699 8.49
      vertex 117.636 53.6443 8.49
    endloop
  endfacet
  facet normal 0.830058 -0.557677 0
    outer loop
      vertex 116.174 55.55 12.5
      vertex 116.269 55.6914 8.49
      vertex 116.269 55.6914 12.5
    endloop
  endfacet
  facet normal 0.830058 -0.557677 0
    outer loop
      vertex 116.269 55.6914 8.49
      vertex 116.174 55.55 12.5
      vertex 116.174 55.55 8.49
    endloop
  endfacet
  facet normal -0.321692 -0.946844 0
    outer loop
      vertex 117.636 56.1557 8.49
      vertex 117.797 56.101 12.5
      vertex 117.636 56.1557 12.5
    endloop
  endfacet
  facet normal -0.321692 -0.946844 -0
    outer loop
      vertex 117.797 56.101 12.5
      vertex 117.636 56.1557 8.49
      vertex 117.797 56.101 8.49
    endloop
  endfacet
  facet normal -0.946306 0.323272 0
    outer loop
      vertex 118.501 54.4025 8.49
      vertex 118.556 54.5635 12.5
      vertex 118.556 54.5635 8.49
    endloop
  endfacet
  facet normal -0.946306 0.323272 0
    outer loop
      vertex 118.556 54.5635 12.5
      vertex 118.501 54.4025 8.49
      vertex 118.501 54.4025 12.5
    endloop
  endfacet
  facet normal 0.89735 -0.44132 0
    outer loop
      vertex 116.099 55.3975 12.5
      vertex 116.174 55.55 8.49
      vertex 116.174 55.55 12.5
    endloop
  endfacet
  facet normal 0.89735 -0.44132 0
    outer loop
      vertex 116.174 55.55 8.49
      vertex 116.099 55.3975 12.5
      vertex 116.099 55.3975 8.49
    endloop
  endfacet
  facet normal 0.196116 -0.980581 0
    outer loop
      vertex 116.964 56.1557 8.49
      vertex 117.13 56.1889 12.5
      vertex 116.964 56.1557 12.5
    endloop
  endfacet
  facet normal 0.196116 -0.980581 0
    outer loop
      vertex 117.13 56.1889 12.5
      vertex 116.964 56.1557 8.49
      vertex 117.13 56.1889 8.49
    endloop
  endfacet
  facet normal -0.196116 0.980581 0
    outer loop
      vertex 117.636 53.6443 8.49
      vertex 117.47 53.6111 12.5
      vertex 117.636 53.6443 12.5
    endloop
  endfacet
  facet normal -0.196116 0.980581 0
    outer loop
      vertex 117.47 53.6111 12.5
      vertex 117.636 53.6443 8.49
      vertex 117.47 53.6111 8.49
    endloop
  endfacet
  facet normal 0.946306 -0.323272 0
    outer loop
      vertex 116.044 55.2365 12.5
      vertex 116.099 55.3975 8.49
      vertex 116.099 55.3975 12.5
    endloop
  endfacet
  facet normal 0.946306 -0.323272 0
    outer loop
      vertex 116.099 55.3975 8.49
      vertex 116.044 55.2365 12.5
      vertex 116.044 55.2365 8.49
    endloop
  endfacet
  facet normal -0.556331 0.830961 0
    outer loop
      vertex 118.091 53.8686 8.49
      vertex 117.95 53.7742 12.5
      vertex 118.091 53.8686 12.5
    endloop
  endfacet
  facet normal -0.556331 0.830961 0
    outer loop
      vertex 117.95 53.7742 12.5
      vertex 118.091 53.8686 8.49
      vertex 117.95 53.7742 8.49
    endloop
  endfacet
  facet normal -0.65917 -0.751994 0
    outer loop
      vertex 118.091 55.9314 8.49
      vertex 118.219 55.8192 12.5
      vertex 118.091 55.9314 12.5
    endloop
  endfacet
  facet normal -0.65917 -0.751994 -0
    outer loop
      vertex 118.219 55.8192 12.5
      vertex 118.091 55.9314 8.49
      vertex 118.219 55.8192 8.49
    endloop
  endfacet
  facet normal 0.997906 -0.0646845 0
    outer loop
      vertex 116 54.9 12.5
      vertex 116.011 55.0697 8.49
      vertex 116.011 55.0697 12.5
    endloop
  endfacet
  facet normal 0.997906 -0.0646845 0
    outer loop
      vertex 116.011 55.0697 8.49
      vertex 116 54.9 12.5
      vertex 116 54.9 8.49
    endloop
  endfacet
  facet normal 0.321692 -0.946844 0
    outer loop
      vertex 116.803 56.101 8.49
      vertex 116.964 56.1557 12.5
      vertex 116.803 56.101 12.5
    endloop
  endfacet
  facet normal 0.321692 -0.946844 0
    outer loop
      vertex 116.964 56.1557 12.5
      vertex 116.803 56.101 8.49
      vertex 116.964 56.1557 8.49
    endloop
  endfacet
  facet normal 0.752066 0.659088 0
    outer loop
      vertex 116.381 53.9808 12.5
      vertex 116.269 54.1086 8.49
      vertex 116.269 54.1086 12.5
    endloop
  endfacet
  facet normal 0.752066 0.659088 0
    outer loop
      vertex 116.269 54.1086 8.49
      vertex 116.381 53.9808 12.5
      vertex 116.381 53.9808 8.49
    endloop
  endfacet
  facet normal -0.0651554 -0.997875 0
    outer loop
      vertex 117.3 56.2 8.49
      vertex 117.47 56.1889 12.5
      vertex 117.3 56.2 12.5
    endloop
  endfacet
  facet normal -0.0651554 -0.997875 -0
    outer loop
      vertex 117.47 56.1889 12.5
      vertex 117.3 56.2 8.49
      vertex 117.47 56.1889 8.49
    endloop
  endfacet
  facet normal -0.980986 0.19408 0
    outer loop
      vertex 118.556 54.5635 8.49
      vertex 118.589 54.7303 12.5
      vertex 118.589 54.7303 8.49
    endloop
  endfacet
  facet normal -0.980986 0.19408 0
    outer loop
      vertex 118.589 54.7303 12.5
      vertex 118.556 54.5635 8.49
      vertex 118.556 54.5635 12.5
    endloop
  endfacet
  facet normal 0.65917 0.751994 -0
    outer loop
      vertex 116.509 53.8686 8.49
      vertex 116.381 53.9808 12.5
      vertex 116.509 53.8686 12.5
    endloop
  endfacet
  facet normal 0.65917 0.751994 0
    outer loop
      vertex 116.381 53.9808 12.5
      vertex 116.509 53.8686 8.49
      vertex 116.381 53.9808 8.49
    endloop
  endfacet
  facet normal -0.65917 0.751994 0
    outer loop
      vertex 118.219 53.9808 8.49
      vertex 118.091 53.8686 12.5
      vertex 118.219 53.9808 12.5
    endloop
  endfacet
  facet normal -0.65917 0.751994 0
    outer loop
      vertex 118.091 53.8686 12.5
      vertex 118.219 53.9808 8.49
      vertex 118.091 53.8686 8.49
    endloop
  endfacet
  facet normal -0.752066 0.659088 0
    outer loop
      vertex 118.219 53.9808 8.49
      vertex 118.331 54.1086 12.5
      vertex 118.331 54.1086 8.49
    endloop
  endfacet
  facet normal -0.752066 0.659088 0
    outer loop
      vertex 118.331 54.1086 12.5
      vertex 118.219 53.9808 8.49
      vertex 118.219 53.9808 12.5
    endloop
  endfacet
  facet normal -0.441103 0.897457 0
    outer loop
      vertex 117.95 53.7742 8.49
      vertex 117.797 53.699 12.5
      vertex 117.95 53.7742 12.5
    endloop
  endfacet
  facet normal -0.441103 0.897457 0
    outer loop
      vertex 117.797 53.699 12.5
      vertex 117.95 53.7742 8.49
      vertex 117.797 53.699 8.49
    endloop
  endfacet
  facet normal 0.0651554 -0.997875 0
    outer loop
      vertex 117.13 56.1889 8.49
      vertex 117.3 56.2 12.5
      vertex 117.13 56.1889 12.5
    endloop
  endfacet
  facet normal 0.0651554 -0.997875 0
    outer loop
      vertex 117.3 56.2 12.5
      vertex 117.13 56.1889 8.49
      vertex 117.3 56.2 8.49
    endloop
  endfacet
  facet normal 0.0651554 0.997875 -0
    outer loop
      vertex 117.3 53.6 8.49
      vertex 117.13 53.6111 12.5
      vertex 117.3 53.6 12.5
    endloop
  endfacet
  facet normal 0.0651554 0.997875 0
    outer loop
      vertex 117.13 53.6111 12.5
      vertex 117.3 53.6 8.49
      vertex 117.13 53.6111 8.49
    endloop
  endfacet
  facet normal 0.89735 0.44132 0
    outer loop
      vertex 116.174 54.25 12.5
      vertex 116.099 54.4025 8.49
      vertex 116.099 54.4025 12.5
    endloop
  endfacet
  facet normal 0.89735 0.44132 0
    outer loop
      vertex 116.099 54.4025 8.49
      vertex 116.174 54.25 12.5
      vertex 116.174 54.25 8.49
    endloop
  endfacet
  facet normal 0.556331 -0.830961 0
    outer loop
      vertex 116.509 55.9314 8.49
      vertex 116.65 56.0258 12.5
      vertex 116.509 55.9314 12.5
    endloop
  endfacet
  facet normal 0.556331 -0.830961 0
    outer loop
      vertex 116.65 56.0258 12.5
      vertex 116.509 55.9314 8.49
      vertex 116.65 56.0258 8.49
    endloop
  endfacet
  facet normal 0.441103 0.897457 -0
    outer loop
      vertex 116.803 53.699 8.49
      vertex 116.65 53.7742 12.5
      vertex 116.803 53.699 12.5
    endloop
  endfacet
  facet normal 0.441103 0.897457 0
    outer loop
      vertex 116.65 53.7742 12.5
      vertex 116.803 53.699 8.49
      vertex 116.65 53.7742 8.49
    endloop
  endfacet
  facet normal 0.980986 0.19408 0
    outer loop
      vertex 116.044 54.5635 12.5
      vertex 116.011 54.7303 8.49
      vertex 116.011 54.7303 12.5
    endloop
  endfacet
  facet normal 0.980986 0.19408 0
    outer loop
      vertex 116.011 54.7303 8.49
      vertex 116.044 54.5635 12.5
      vertex 116.044 54.5635 8.49
    endloop
  endfacet
  facet normal 0.980986 -0.19408 0
    outer loop
      vertex 116.011 55.0697 12.5
      vertex 116.044 55.2365 8.49
      vertex 116.044 55.2365 12.5
    endloop
  endfacet
  facet normal 0.980986 -0.19408 0
    outer loop
      vertex 116.044 55.2365 8.49
      vertex 116.011 55.0697 12.5
      vertex 116.011 55.0697 8.49
    endloop
  endfacet
  facet normal 0 0 1
    outer loop
      vertex 118.589 55.0697 8.49
      vertex 118.589 54.7303 8.49
      vertex 118.6 54.9 8.49
    endloop
  endfacet
  facet normal 0 0 1
    outer loop
      vertex 118.556 55.2365 8.49
      vertex 118.589 54.7303 8.49
      vertex 118.589 55.0697 8.49
    endloop
  endfacet
  facet normal 0 0 1
    outer loop
      vertex 118.556 55.2365 8.49
      vertex 118.556 54.5635 8.49
      vertex 118.589 54.7303 8.49
    endloop
  endfacet
  facet normal 0 0 1
    outer loop
      vertex 118.501 55.3975 8.49
      vertex 118.556 54.5635 8.49
      vertex 118.556 55.2365 8.49
    endloop
  endfacet
  facet normal 0 0 1
    outer loop
      vertex 118.501 55.3975 8.49
      vertex 118.501 54.4025 8.49
      vertex 118.556 54.5635 8.49
    endloop
  endfacet
  facet normal 0 0 1
    outer loop
      vertex 118.426 55.55 8.49
      vertex 118.501 54.4025 8.49
      vertex 118.501 55.3975 8.49
    endloop
  endfacet
  facet normal 0 0 1
    outer loop
      vertex 118.426 55.55 8.49
      vertex 118.426 54.25 8.49
      vertex 118.501 54.4025 8.49
    endloop
  endfacet
  facet normal 0 0 1
    outer loop
      vertex 118.331 55.6914 8.49
      vertex 118.426 54.25 8.49
      vertex 118.426 55.55 8.49
    endloop
  endfacet
  facet normal 0 0 1
    outer loop
      vertex 118.331 55.6914 8.49
      vertex 118.331 54.1086 8.49
      vertex 118.426 54.25 8.49
    endloop
  endfacet
  facet normal 0 0 1
    outer loop
      vertex 118.219 55.8192 8.49
      vertex 118.331 54.1086 8.49
      vertex 118.331 55.6914 8.49
    endloop
  endfacet
  facet normal 0 0 1
    outer loop
      vertex 118.219 55.8192 8.49
      vertex 118.219 53.9808 8.49
      vertex 118.331 54.1086 8.49
    endloop
  endfacet
  facet normal 0 0 1
    outer loop
      vertex 118.091 55.9314 8.49
      vertex 118.219 53.9808 8.49
      vertex 118.219 55.8192 8.49
    endloop
  endfacet
  facet normal 0 0 1
    outer loop
      vertex 118.091 55.9314 8.49
      vertex 118.091 53.8686 8.49
      vertex 118.219 53.9808 8.49
    endloop
  endfacet
  facet normal 0 0 1
    outer loop
      vertex 117.95 56.0258 8.49
      vertex 118.091 53.8686 8.49
      vertex 118.091 55.9314 8.49
    endloop
  endfacet
  facet normal 0 0 1
    outer loop
      vertex 117.95 56.0258 8.49
      vertex 117.95 53.7742 8.49
      vertex 118.091 53.8686 8.49
    endloop
  endfacet
  facet normal 0 0 1
    outer loop
      vertex 117.797 56.101 8.49
      vertex 117.95 53.7742 8.49
      vertex 117.95 56.0258 8.49
    endloop
  endfacet
  facet normal 0 0 1
    outer loop
      vertex 117.797 56.101 8.49
      vertex 117.797 53.699 8.49
      vertex 117.95 53.7742 8.49
    endloop
  endfacet
  facet normal 0 0 1
    outer loop
      vertex 117.636 56.1557 8.49
      vertex 117.797 53.699 8.49
      vertex 117.797 56.101 8.49
    endloop
  endfacet
  facet normal 0 0 1
    outer loop
      vertex 117.636 56.1557 8.49
      vertex 117.636 53.6443 8.49
      vertex 117.797 53.699 8.49
    endloop
  endfacet
  facet normal 0 0 1
    outer loop
      vertex 117.47 56.1889 8.49
      vertex 117.636 53.6443 8.49
      vertex 117.636 56.1557 8.49
    endloop
  endfacet
  facet normal 0 0 1
    outer loop
      vertex 117.47 56.1889 8.49
      vertex 117.47 53.6111 8.49
      vertex 117.636 53.6443 8.49
    endloop
  endfacet
  facet normal 0 0 1
    outer loop
      vertex 117.3 56.2 8.49
      vertex 117.47 53.6111 8.49
      vertex 117.47 56.1889 8.49
    endloop
  endfacet
  facet normal 0 0 1
    outer loop
      vertex 117.3 56.2 8.49
      vertex 117.3 53.6 8.49
      vertex 117.47 53.6111 8.49
    endloop
  endfacet
  facet normal -0 0 1
    outer loop
      vertex 117.13 56.1889 8.49
      vertex 117.3 53.6 8.49
      vertex 117.3 56.2 8.49
    endloop
  endfacet
  facet normal 0 0 1
    outer loop
      vertex 117.13 56.1889 8.49
      vertex 117.13 53.6111 8.49
      vertex 117.3 53.6 8.49
    endloop
  endfacet
  facet normal -0 0 1
    outer loop
      vertex 116.964 56.1557 8.49
      vertex 117.13 53.6111 8.49
      vertex 117.13 56.1889 8.49
    endloop
  endfacet
  facet normal 0 0 1
    outer loop
      vertex 116.964 56.1557 8.49
      vertex 116.964 53.6443 8.49
      vertex 117.13 53.6111 8.49
    endloop
  endfacet
  facet normal -0 0 1
    outer loop
      vertex 116.803 56.101 8.49
      vertex 116.964 53.6443 8.49
      vertex 116.964 56.1557 8.49
    endloop
  endfacet
  facet normal 0 0 1
    outer loop
      vertex 116.803 56.101 8.49
      vertex 116.803 53.699 8.49
      vertex 116.964 53.6443 8.49
    endloop
  endfacet
  facet normal -0 0 1
    outer loop
      vertex 116.65 56.0258 8.49
      vertex 116.803 53.699 8.49
      vertex 116.803 56.101 8.49
    endloop
  endfacet
  facet normal 0 0 1
    outer loop
      vertex 116.65 56.0258 8.49
      vertex 116.65 53.7742 8.49
      vertex 116.803 53.699 8.49
    endloop
  endfacet
  facet normal -0 0 1
    outer loop
      vertex 116.509 55.9314 8.49
      vertex 116.65 53.7742 8.49
      vertex 116.65 56.0258 8.49
    endloop
  endfacet
  facet normal 0 0 1
    outer loop
      vertex 116.509 55.9314 8.49
      vertex 116.509 53.8686 8.49
      vertex 116.65 53.7742 8.49
    endloop
  endfacet
  facet normal -0 0 1
    outer loop
      vertex 116.381 55.8192 8.49
      vertex 116.509 53.8686 8.49
      vertex 116.509 55.9314 8.49
    endloop
  endfacet
  facet normal 0 0 1
    outer loop
      vertex 116.381 55.8192 8.49
      vertex 116.381 53.9808 8.49
      vertex 116.509 53.8686 8.49
    endloop
  endfacet
  facet normal -0 0 1
    outer loop
      vertex 116.269 55.6914 8.49
      vertex 116.381 53.9808 8.49
      vertex 116.381 55.8192 8.49
    endloop
  endfacet
  facet normal 0 0 1
    outer loop
      vertex 116.269 55.6914 8.49
      vertex 116.269 54.1086 8.49
      vertex 116.381 53.9808 8.49
    endloop
  endfacet
  facet normal -0 0 1
    outer loop
      vertex 116.174 55.55 8.49
      vertex 116.269 54.1086 8.49
      vertex 116.269 55.6914 8.49
    endloop
  endfacet
  facet normal 0 0 1
    outer loop
      vertex 116.174 55.55 8.49
      vertex 116.174 54.25 8.49
      vertex 116.269 54.1086 8.49
    endloop
  endfacet
  facet normal -0 0 1
    outer loop
      vertex 116.099 55.3975 8.49
      vertex 116.174 54.25 8.49
      vertex 116.174 55.55 8.49
    endloop
  endfacet
  facet normal 0 0 1
    outer loop
      vertex 116.099 55.3975 8.49
      vertex 116.099 54.4025 8.49
      vertex 116.174 54.25 8.49
    endloop
  endfacet
  facet normal -0 0 1
    outer loop
      vertex 116.044 55.2365 8.49
      vertex 116.099 54.4025 8.49
      vertex 116.099 55.3975 8.49
    endloop
  endfacet
  facet normal 0 0 1
    outer loop
      vertex 116.044 55.2365 8.49
      vertex 116.044 54.5635 8.49
      vertex 116.099 54.4025 8.49
    endloop
  endfacet
  facet normal -0 0 1
    outer loop
      vertex 116.011 55.0697 8.49
      vertex 116.044 54.5635 8.49
      vertex 116.044 55.2365 8.49
    endloop
  endfacet
  facet normal 0 0 1
    outer loop
      vertex 116.011 55.0697 8.49
      vertex 116.011 54.7303 8.49
      vertex 116.044 54.5635 8.49
    endloop
  endfacet
  facet normal 0 -0 1
    outer loop
      vertex 116.011 54.7303 8.49
      vertex 116.011 55.0697 8.49
      vertex 116 54.9 8.49
    endloop
  endfacet
  facet normal -0.981056 -0.193723 0
    outer loop
      vertex 179.402 9.12354 7.5
      vertex 179.326 9.50842 12.5
      vertex 179.326 9.50842 7.5
    endloop
  endfacet
  facet normal -0.981056 -0.193723 0
    outer loop
      vertex 179.326 9.50842 12.5
      vertex 179.402 9.12354 7.5
      vertex 179.402 9.12354 12.5
    endloop
  endfacet
  facet normal -0.831501 0.555523 0
    outer loop
      vertex 179.702 11.4 7.5
      vertex 179.92 11.7263 12.5
      vertex 179.92 11.7263 7.5
    endloop
  endfacet
  facet normal -0.831501 0.555523 0
    outer loop
      vertex 179.92 11.7263 12.5
      vertex 179.702 11.4 7.5
      vertex 179.702 11.4 12.5
    endloop
  endfacet
  facet normal 0.981058 0.193714 0
    outer loop
      vertex 185.274 10.2916 12.5
      vertex 185.198 10.6765 7.5
      vertex 185.198 10.6765 12.5
    endloop
  endfacet
  facet normal 0.981058 0.193714 0
    outer loop
      vertex 185.198 10.6765 7.5
      vertex 185.274 10.2916 12.5
      vertex 185.274 10.2916 7.5
    endloop
  endfacet
  facet normal 0.997803 -0.0662518 0
    outer loop
      vertex 185.274 9.50842 12.5
      vertex 185.3 9.9 7.5
      vertex 185.3 9.9 12.5
    endloop
  endfacet
  facet normal 0.997803 -0.0662518 0
    outer loop
      vertex 185.3 9.9 7.5
      vertex 185.274 9.50842 12.5
      vertex 185.274 9.50842 7.5
    endloop
  endfacet
  facet normal 0.751515 -0.659716 0
    outer loop
      vertex 184.421 7.77868 12.5
      vertex 184.68 8.07372 7.5
      vertex 184.68 8.07372 12.5
    endloop
  endfacet
  facet normal 0.751515 -0.659716 0
    outer loop
      vertex 184.68 8.07372 7.5
      vertex 184.421 7.77868 12.5
      vertex 184.421 7.77868 7.5
    endloop
  endfacet
  facet normal -0.751471 0.659766 0
    outer loop
      vertex 179.92 11.7263 7.5
      vertex 180.179 12.0213 12.5
      vertex 180.179 12.0213 7.5
    endloop
  endfacet
  facet normal -0.751471 0.659766 0
    outer loop
      vertex 180.179 12.0213 12.5
      vertex 179.92 11.7263 7.5
      vertex 179.92 11.7263 12.5
    endloop
  endfacet
  facet normal 0.195379 0.980728 -0
    outer loop
      vertex 183.076 12.7978 7.5
      vertex 182.692 12.8743 12.5
      vertex 183.076 12.7978 12.5
    endloop
  endfacet
  facet normal 0.195379 0.980728 0
    outer loop
      vertex 182.692 12.8743 12.5
      vertex 183.076 12.7978 7.5
      vertex 182.692 12.8743 7.5
    endloop
  endfacet
  facet normal 0.751471 0.659766 0
    outer loop
      vertex 184.68 11.7263 12.5
      vertex 184.421 12.0213 7.5
      vertex 184.421 12.0213 12.5
    endloop
  endfacet
  facet normal 0.751471 0.659766 0
    outer loop
      vertex 184.421 12.0213 7.5
      vertex 184.68 11.7263 12.5
      vertex 184.68 11.7263 7.5
    endloop
  endfacet
  facet normal -0.831485 -0.555547 0
    outer loop
      vertex 179.92 8.07372 7.5
      vertex 179.702 8.4 12.5
      vertex 179.702 8.4 7.5
    endloop
  endfacet
  facet normal -0.831485 -0.555547 0
    outer loop
      vertex 179.702 8.4 12.5
      vertex 179.92 8.07372 7.5
      vertex 179.92 8.07372 12.5
    endloop
  endfacet
  facet normal -0.555912 -0.831241 0
    outer loop
      vertex 180.474 7.51994 7.5
      vertex 180.8 7.30192 12.5
      vertex 180.474 7.51994 12.5
    endloop
  endfacet
  facet normal -0.555912 -0.831241 -0
    outer loop
      vertex 180.8 7.30192 12.5
      vertex 180.474 7.51994 7.5
      vertex 180.8 7.30192 7.5
    endloop
  endfacet
  facet normal 0.442233 -0.8969 0
    outer loop
      vertex 183.448 7.12836 7.5
      vertex 183.8 7.30192 12.5
      vertex 183.448 7.12836 12.5
    endloop
  endfacet
  facet normal 0.442233 -0.8969 0
    outer loop
      vertex 183.8 7.30192 12.5
      vertex 183.448 7.12836 7.5
      vertex 183.8 7.30192 7.5
    endloop
  endfacet
  facet normal -0.947013 0.321194 0
    outer loop
      vertex 179.402 10.6765 7.5
      vertex 179.528 11.048 12.5
      vertex 179.528 11.048 7.5
    endloop
  endfacet
  facet normal -0.947013 0.321194 0
    outer loop
      vertex 179.528 11.048 12.5
      vertex 179.402 10.6765 7.5
      vertex 179.402 10.6765 12.5
    endloop
  endfacet
  facet normal -0.442233 -0.8969 0
    outer loop
      vertex 180.8 7.30192 7.5
      vertex 181.152 7.12836 12.5
      vertex 180.8 7.30192 12.5
    endloop
  endfacet
  facet normal -0.442233 -0.8969 -0
    outer loop
      vertex 181.152 7.12836 12.5
      vertex 180.8 7.30192 7.5
      vertex 181.152 7.12836 7.5
    endloop
  endfacet
  facet normal -0.321127 -0.947036 0
    outer loop
      vertex 181.152 7.12836 7.5
      vertex 181.524 7.00222 12.5
      vertex 181.152 7.12836 12.5
    endloop
  endfacet
  facet normal -0.321127 -0.947036 -0
    outer loop
      vertex 181.524 7.00222 12.5
      vertex 181.152 7.12836 7.5
      vertex 181.524 7.00222 7.5
    endloop
  endfacet
  facet normal -0.997803 -0.0662518 0
    outer loop
      vertex 179.326 9.50842 7.5
      vertex 179.3 9.9 12.5
      vertex 179.3 9.9 7.5
    endloop
  endfacet
  facet normal -0.997803 -0.0662518 0
    outer loop
      vertex 179.3 9.9 12.5
      vertex 179.326 9.50842 7.5
      vertex 179.326 9.50842 12.5
    endloop
  endfacet
  facet normal 0.659478 0.751724 -0
    outer loop
      vertex 184.421 12.0213 7.5
      vertex 184.126 12.2801 12.5
      vertex 184.421 12.0213 12.5
    endloop
  endfacet
  facet normal 0.659478 0.751724 0
    outer loop
      vertex 184.126 12.2801 12.5
      vertex 184.421 12.0213 7.5
      vertex 184.126 12.2801 7.5
    endloop
  endfacet
  facet normal 0.997803 0.0662484 0
    outer loop
      vertex 185.3 9.9 12.5
      vertex 185.274 10.2916 7.5
      vertex 185.274 10.2916 12.5
    endloop
  endfacet
  facet normal 0.997803 0.0662484 0
    outer loop
      vertex 185.274 10.2916 7.5
      vertex 185.3 9.9 12.5
      vertex 185.3 9.9 7.5
    endloop
  endfacet
  facet normal -0.947037 -0.321125 0
    outer loop
      vertex 179.528 8.75195 7.5
      vertex 179.402 9.12354 12.5
      vertex 179.402 9.12354 7.5
    endloop
  endfacet
  facet normal -0.947037 -0.321125 0
    outer loop
      vertex 179.402 9.12354 12.5
      vertex 179.528 8.75195 7.5
      vertex 179.528 8.75195 12.5
    endloop
  endfacet
  facet normal 0.89643 -0.443185 0
    outer loop
      vertex 184.898 8.4 12.5
      vertex 185.072 8.75195 7.5
      vertex 185.072 8.75195 12.5
    endloop
  endfacet
  facet normal 0.89643 -0.443185 0
    outer loop
      vertex 185.072 8.75195 7.5
      vertex 184.898 8.4 12.5
      vertex 184.898 8.4 7.5
    endloop
  endfacet
  facet normal -0.896455 0.443134 0
    outer loop
      vertex 179.528 11.048 7.5
      vertex 179.702 11.4 12.5
      vertex 179.702 11.4 7.5
    endloop
  endfacet
  facet normal -0.896455 0.443134 0
    outer loop
      vertex 179.702 11.4 12.5
      vertex 179.528 11.048 7.5
      vertex 179.528 11.048 12.5
    endloop
  endfacet
  facet normal -0.0653447 -0.997863 0
    outer loop
      vertex 181.908 6.92567 7.5
      vertex 182.3 6.9 12.5
      vertex 181.908 6.92567 12.5
    endloop
  endfacet
  facet normal -0.0653447 -0.997863 -0
    outer loop
      vertex 182.3 6.9 12.5
      vertex 181.908 6.92567 7.5
      vertex 182.3 6.9 7.5
    endloop
  endfacet
  facet normal 0.321264 0.94699 -0
    outer loop
      vertex 183.448 12.6716 7.5
      vertex 183.076 12.7978 12.5
      vertex 183.448 12.6716 12.5
    endloop
  endfacet
  facet normal 0.321264 0.94699 0
    outer loop
      vertex 183.076 12.7978 12.5
      vertex 183.448 12.6716 7.5
      vertex 183.076 12.7978 7.5
    endloop
  endfacet
  facet normal 0.896455 0.443134 0
    outer loop
      vertex 185.072 11.048 12.5
      vertex 184.898 11.4 7.5
      vertex 184.898 11.4 12.5
    endloop
  endfacet
  facet normal 0.896455 0.443134 0
    outer loop
      vertex 184.898 11.4 7.5
      vertex 185.072 11.048 12.5
      vertex 185.072 11.048 7.5
    endloop
  endfacet
  facet normal 0.831501 0.555523 0
    outer loop
      vertex 184.898 11.4 12.5
      vertex 184.68 11.7263 7.5
      vertex 184.68 11.7263 12.5
    endloop
  endfacet
  facet normal 0.831501 0.555523 0
    outer loop
      vertex 184.68 11.7263 7.5
      vertex 184.898 11.4 12.5
      vertex 184.898 11.4 7.5
    endloop
  endfacet
  facet normal 0.947013 0.321194 0
    outer loop
      vertex 185.198 10.6765 12.5
      vertex 185.072 11.048 7.5
      vertex 185.072 11.048 12.5
    endloop
  endfacet
  facet normal 0.947013 0.321194 0
    outer loop
      vertex 185.072 11.048 7.5
      vertex 185.198 10.6765 12.5
      vertex 185.198 10.6765 7.5
    endloop
  endfacet
  facet normal 0.555877 0.831265 -0
    outer loop
      vertex 184.126 12.2801 7.5
      vertex 183.8 12.4981 12.5
      vertex 184.126 12.2801 12.5
    endloop
  endfacet
  facet normal 0.555877 0.831265 0
    outer loop
      vertex 183.8 12.4981 12.5
      vertex 184.126 12.2801 7.5
      vertex 183.8 12.4981 7.5
    endloop
  endfacet
  facet normal -0.195379 0.980728 0
    outer loop
      vertex 181.908 12.8743 7.5
      vertex 181.524 12.7978 12.5
      vertex 181.908 12.8743 12.5
    endloop
  endfacet
  facet normal -0.195379 0.980728 0
    outer loop
      vertex 181.524 12.7978 12.5
      vertex 181.908 12.8743 7.5
      vertex 181.524 12.7978 7.5
    endloop
  endfacet
  facet normal 0.321127 -0.947036 0
    outer loop
      vertex 183.076 7.00222 7.5
      vertex 183.448 7.12836 12.5
      vertex 183.076 7.00222 12.5
    endloop
  endfacet
  facet normal 0.321127 -0.947036 0
    outer loop
      vertex 183.448 7.12836 12.5
      vertex 183.076 7.00222 7.5
      vertex 183.448 7.12836 7.5
    endloop
  endfacet
  facet normal 0.44211 0.896961 -0
    outer loop
      vertex 183.8 12.4981 7.5
      vertex 183.448 12.6716 12.5
      vertex 183.8 12.4981 12.5
    endloop
  endfacet
  facet normal 0.44211 0.896961 0
    outer loop
      vertex 183.448 12.6716 12.5
      vertex 183.8 12.4981 7.5
      vertex 183.448 12.6716 7.5
    endloop
  endfacet
  facet normal 0.0653447 -0.997863 0
    outer loop
      vertex 182.3 6.9 7.5
      vertex 182.692 6.92567 12.5
      vertex 182.3 6.9 12.5
    endloop
  endfacet
  facet normal 0.0653447 -0.997863 0
    outer loop
      vertex 182.692 6.92567 12.5
      vertex 182.3 6.9 7.5
      vertex 182.692 6.92567 7.5
    endloop
  endfacet
  facet normal -0.0654208 0.997858 0
    outer loop
      vertex 182.3 12.9 7.5
      vertex 181.908 12.8743 12.5
      vertex 182.3 12.9 12.5
    endloop
  endfacet
  facet normal -0.0654208 0.997858 0
    outer loop
      vertex 181.908 12.8743 12.5
      vertex 182.3 12.9 7.5
      vertex 181.908 12.8743 7.5
    endloop
  endfacet
  facet normal 0.981056 -0.193723 0
    outer loop
      vertex 185.198 9.12354 12.5
      vertex 185.274 9.50842 7.5
      vertex 185.274 9.50842 12.5
    endloop
  endfacet
  facet normal 0.981056 -0.193723 0
    outer loop
      vertex 185.274 9.50842 7.5
      vertex 185.198 9.12354 12.5
      vertex 185.198 9.12354 7.5
    endloop
  endfacet
  facet normal 0.195502 -0.980703 0
    outer loop
      vertex 182.692 6.92567 7.5
      vertex 183.076 7.00222 12.5
      vertex 182.692 6.92567 12.5
    endloop
  endfacet
  facet normal 0.195502 -0.980703 0
    outer loop
      vertex 183.076 7.00222 12.5
      vertex 182.692 6.92567 7.5
      vertex 183.076 7.00222 7.5
    endloop
  endfacet
  facet normal -0.44211 0.896961 0
    outer loop
      vertex 181.152 12.6716 7.5
      vertex 180.8 12.4981 12.5
      vertex 181.152 12.6716 12.5
    endloop
  endfacet
  facet normal -0.44211 0.896961 0
    outer loop
      vertex 180.8 12.4981 12.5
      vertex 181.152 12.6716 7.5
      vertex 180.8 12.4981 7.5
    endloop
  endfacet
  facet normal 0.659392 -0.751799 0
    outer loop
      vertex 184.126 7.51994 7.5
      vertex 184.421 7.77868 12.5
      vertex 184.126 7.51994 12.5
    endloop
  endfacet
  facet normal 0.659392 -0.751799 0
    outer loop
      vertex 184.421 7.77868 12.5
      vertex 184.126 7.51994 7.5
      vertex 184.421 7.77868 7.5
    endloop
  endfacet
  facet normal -0.321264 0.94699 0
    outer loop
      vertex 181.524 12.7978 7.5
      vertex 181.152 12.6716 12.5
      vertex 181.524 12.7978 12.5
    endloop
  endfacet
  facet normal -0.321264 0.94699 0
    outer loop
      vertex 181.152 12.6716 12.5
      vertex 181.524 12.7978 7.5
      vertex 181.152 12.6716 7.5
    endloop
  endfacet
  facet normal -0.89643 -0.443185 0
    outer loop
      vertex 179.702 8.4 7.5
      vertex 179.528 8.75195 12.5
      vertex 179.528 8.75195 7.5
    endloop
  endfacet
  facet normal -0.89643 -0.443185 0
    outer loop
      vertex 179.528 8.75195 12.5
      vertex 179.702 8.4 7.5
      vertex 179.702 8.4 12.5
    endloop
  endfacet
  facet normal 0.831485 -0.555547 0
    outer loop
      vertex 184.68 8.07372 12.5
      vertex 184.898 8.4 7.5
      vertex 184.898 8.4 12.5
    endloop
  endfacet
  facet normal 0.831485 -0.555547 0
    outer loop
      vertex 184.898 8.4 7.5
      vertex 184.68 8.07372 12.5
      vertex 184.68 8.07372 7.5
    endloop
  endfacet
  facet normal 0.0654208 0.997858 -0
    outer loop
      vertex 182.692 12.8743 7.5
      vertex 182.3 12.9 12.5
      vertex 182.692 12.8743 12.5
    endloop
  endfacet
  facet normal 0.0654208 0.997858 0
    outer loop
      vertex 182.3 12.9 12.5
      vertex 182.692 12.8743 7.5
      vertex 182.3 12.9 7.5
    endloop
  endfacet
  facet normal 0.947037 -0.321125 0
    outer loop
      vertex 185.072 8.75195 12.5
      vertex 185.198 9.12354 7.5
      vertex 185.198 9.12354 12.5
    endloop
  endfacet
  facet normal 0.947037 -0.321125 0
    outer loop
      vertex 185.198 9.12354 7.5
      vertex 185.072 8.75195 12.5
      vertex 185.072 8.75195 7.5
    endloop
  endfacet
  facet normal -0.981058 0.193714 0
    outer loop
      vertex 179.326 10.2916 7.5
      vertex 179.402 10.6765 12.5
      vertex 179.402 10.6765 7.5
    endloop
  endfacet
  facet normal -0.981058 0.193714 0
    outer loop
      vertex 179.402 10.6765 12.5
      vertex 179.326 10.2916 7.5
      vertex 179.326 10.2916 12.5
    endloop
  endfacet
  facet normal -0.659478 0.751724 0
    outer loop
      vertex 180.474 12.2801 7.5
      vertex 180.179 12.0213 12.5
      vertex 180.474 12.2801 12.5
    endloop
  endfacet
  facet normal -0.659478 0.751724 0
    outer loop
      vertex 180.179 12.0213 12.5
      vertex 180.474 12.2801 7.5
      vertex 180.179 12.0213 7.5
    endloop
  endfacet
  facet normal -0.555877 0.831265 0
    outer loop
      vertex 180.8 12.4981 7.5
      vertex 180.474 12.2801 12.5
      vertex 180.8 12.4981 12.5
    endloop
  endfacet
  facet normal -0.555877 0.831265 0
    outer loop
      vertex 180.474 12.2801 12.5
      vertex 180.8 12.4981 7.5
      vertex 180.474 12.2801 7.5
    endloop
  endfacet
  facet normal -0.997803 0.0662484 0
    outer loop
      vertex 179.3 9.9 7.5
      vertex 179.326 10.2916 12.5
      vertex 179.326 10.2916 7.5
    endloop
  endfacet
  facet normal -0.997803 0.0662484 0
    outer loop
      vertex 179.326 10.2916 12.5
      vertex 179.3 9.9 7.5
      vertex 179.3 9.9 12.5
    endloop
  endfacet
  facet normal 0.555912 -0.831241 0
    outer loop
      vertex 183.8 7.30192 7.5
      vertex 184.126 7.51994 12.5
      vertex 183.8 7.30192 12.5
    endloop
  endfacet
  facet normal 0.555912 -0.831241 0
    outer loop
      vertex 184.126 7.51994 12.5
      vertex 183.8 7.30192 7.5
      vertex 184.126 7.51994 7.5
    endloop
  endfacet
  facet normal -0.751515 -0.659716 0
    outer loop
      vertex 180.179 7.77868 7.5
      vertex 179.92 8.07372 12.5
      vertex 179.92 8.07372 7.5
    endloop
  endfacet
  facet normal -0.751515 -0.659716 0
    outer loop
      vertex 179.92 8.07372 12.5
      vertex 180.179 7.77868 7.5
      vertex 180.179 7.77868 12.5
    endloop
  endfacet
  facet normal -0.659392 -0.751799 0
    outer loop
      vertex 180.179 7.77868 7.5
      vertex 180.474 7.51994 12.5
      vertex 180.179 7.77868 12.5
    endloop
  endfacet
  facet normal -0.659392 -0.751799 -0
    outer loop
      vertex 180.474 7.51994 12.5
      vertex 180.179 7.77868 7.5
      vertex 180.474 7.51994 7.5
    endloop
  endfacet
  facet normal -0.195502 -0.980703 0
    outer loop
      vertex 181.524 7.00222 7.5
      vertex 181.908 6.92567 12.5
      vertex 181.524 7.00222 12.5
    endloop
  endfacet
  facet normal -0.195502 -0.980703 -0
    outer loop
      vertex 181.908 6.92567 12.5
      vertex 181.524 7.00222 7.5
      vertex 181.908 6.92567 7.5
    endloop
  endfacet
  facet normal 0 0 1
    outer loop
      vertex 183.6 9.9 12.5
      vertex 185.3 9.9 12.5
      vertex 185.274 10.2916 12.5
    endloop
  endfacet
  facet normal 0 0 1
    outer loop
      vertex 183.589 10.0697 12.5
      vertex 185.274 10.2916 12.5
      vertex 185.198 10.6765 12.5
    endloop
  endfacet
  facet normal 0 0 1
    outer loop
      vertex 185.3 9.9 12.5
      vertex 183.6 9.9 12.5
      vertex 185.274 9.50842 12.5
    endloop
  endfacet
  facet normal 0 0 1
    outer loop
      vertex 183.556 10.2365 12.5
      vertex 185.198 10.6765 12.5
      vertex 185.072 11.048 12.5
    endloop
  endfacet
  facet normal -0 0 1
    outer loop
      vertex 183.589 9.73032 12.5
      vertex 185.274 9.50842 12.5
      vertex 183.6 9.9 12.5
    endloop
  endfacet
  facet normal 0 0 1
    outer loop
      vertex 183.501 10.3975 12.5
      vertex 185.072 11.048 12.5
      vertex 184.898 11.4 12.5
    endloop
  endfacet
  facet normal 0 0 1
    outer loop
      vertex 185.274 9.50842 12.5
      vertex 183.589 9.73032 12.5
      vertex 185.198 9.12354 12.5
    endloop
  endfacet
  facet normal 0 0 1
    outer loop
      vertex 183.426 10.55 12.5
      vertex 184.898 11.4 12.5
      vertex 184.68 11.7263 12.5
    endloop
  endfacet
  facet normal -0 0 1
    outer loop
      vertex 183.556 9.56354 12.5
      vertex 185.198 9.12354 12.5
      vertex 183.589 9.73032 12.5
    endloop
  endfacet
  facet normal 0 0 1
    outer loop
      vertex 183.331 10.6914 12.5
      vertex 184.68 11.7263 12.5
      vertex 184.421 12.0213 12.5
    endloop
  endfacet
  facet normal 0 0 1
    outer loop
      vertex 185.198 9.12354 12.5
      vertex 183.556 9.56354 12.5
      vertex 185.072 8.75195 12.5
    endloop
  endfacet
  facet normal 0 0 1
    outer loop
      vertex 183.219 10.8192 12.5
      vertex 184.421 12.0213 12.5
      vertex 184.126 12.2801 12.5
    endloop
  endfacet
  facet normal -0 0 1
    outer loop
      vertex 183.501 9.40251 12.5
      vertex 185.072 8.75195 12.5
      vertex 183.556 9.56354 12.5
    endloop
  endfacet
  facet normal 0 0 1
    outer loop
      vertex 183.091 10.9314 12.5
      vertex 184.126 12.2801 12.5
      vertex 183.8 12.4981 12.5
    endloop
  endfacet
  facet normal 0 0 1
    outer loop
      vertex 185.072 8.75195 12.5
      vertex 183.501 9.40251 12.5
      vertex 184.898 8.4 12.5
    endloop
  endfacet
  facet normal -0 0 1
    outer loop
      vertex 183.426 9.25 12.5
      vertex 184.898 8.4 12.5
      vertex 183.501 9.40251 12.5
    endloop
  endfacet
  facet normal 0 0 1
    outer loop
      vertex 185.274 10.2916 12.5
      vertex 183.589 10.0697 12.5
      vertex 183.6 9.9 12.5
    endloop
  endfacet
  facet normal 0 0 1
    outer loop
      vertex 185.198 10.6765 12.5
      vertex 183.556 10.2365 12.5
      vertex 183.589 10.0697 12.5
    endloop
  endfacet
  facet normal 0 0 1
    outer loop
      vertex 185.072 11.048 12.5
      vertex 183.501 10.3975 12.5
      vertex 183.556 10.2365 12.5
    endloop
  endfacet
  facet normal 0 0 1
    outer loop
      vertex 182.95 11.0258 12.5
      vertex 183.8 12.4981 12.5
      vertex 183.448 12.6716 12.5
    endloop
  endfacet
  facet normal 0 0 1
    outer loop
      vertex 184.898 11.4 12.5
      vertex 183.426 10.55 12.5
      vertex 183.501 10.3975 12.5
    endloop
  endfacet
  facet normal 0 0 1
    outer loop
      vertex 184.68 11.7263 12.5
      vertex 183.331 10.6914 12.5
      vertex 183.426 10.55 12.5
    endloop
  endfacet
  facet normal 0 0 1
    outer loop
      vertex 184.421 12.0213 12.5
      vertex 183.219 10.8192 12.5
      vertex 183.331 10.6914 12.5
    endloop
  endfacet
  facet normal 0 0 1
    outer loop
      vertex 184.126 12.2801 12.5
      vertex 183.091 10.9314 12.5
      vertex 183.219 10.8192 12.5
    endloop
  endfacet
  facet normal 0 0 1
    outer loop
      vertex 182.797 11.101 12.5
      vertex 183.448 12.6716 12.5
      vertex 183.076 12.7978 12.5
    endloop
  endfacet
  facet normal 0 0 1
    outer loop
      vertex 183.8 12.4981 12.5
      vertex 182.95 11.0258 12.5
      vertex 183.091 10.9314 12.5
    endloop
  endfacet
  facet normal 0 0 1
    outer loop
      vertex 183.448 12.6716 12.5
      vertex 182.797 11.101 12.5
      vertex 182.95 11.0258 12.5
    endloop
  endfacet
  facet normal 0 0 1
    outer loop
      vertex 182.636 11.1557 12.5
      vertex 183.076 12.7978 12.5
      vertex 182.692 12.8743 12.5
    endloop
  endfacet
  facet normal 0 0 1
    outer loop
      vertex 183.076 12.7978 12.5
      vertex 182.636 11.1557 12.5
      vertex 182.797 11.101 12.5
    endloop
  endfacet
  facet normal 0 0 1
    outer loop
      vertex 182.692 12.8743 12.5
      vertex 182.47 11.1889 12.5
      vertex 182.636 11.1557 12.5
    endloop
  endfacet
  facet normal 0 0 1
    outer loop
      vertex 182.3 12.9 12.5
      vertex 182.47 11.1889 12.5
      vertex 182.692 12.8743 12.5
    endloop
  endfacet
  facet normal 0 0 1
    outer loop
      vertex 182.3 12.9 12.5
      vertex 182.3 11.2 12.5
      vertex 182.47 11.1889 12.5
    endloop
  endfacet
  facet normal 0 0 1
    outer loop
      vertex 182.3 12.9 12.5
      vertex 182.13 11.1889 12.5
      vertex 182.3 11.2 12.5
    endloop
  endfacet
  facet normal -0 0 1
    outer loop
      vertex 181.908 12.8743 12.5
      vertex 182.13 11.1889 12.5
      vertex 182.3 12.9 12.5
    endloop
  endfacet
  facet normal 0 0 1
    outer loop
      vertex 182.13 11.1889 12.5
      vertex 181.908 12.8743 12.5
      vertex 181.964 11.1557 12.5
    endloop
  endfacet
  facet normal -0 0 1
    outer loop
      vertex 181.524 12.7978 12.5
      vertex 181.964 11.1557 12.5
      vertex 181.908 12.8743 12.5
    endloop
  endfacet
  facet normal 0 0 1
    outer loop
      vertex 181.964 11.1557 12.5
      vertex 181.524 12.7978 12.5
      vertex 181.803 11.101 12.5
    endloop
  endfacet
  facet normal -0 0 1
    outer loop
      vertex 181.152 12.6716 12.5
      vertex 181.803 11.101 12.5
      vertex 181.524 12.7978 12.5
    endloop
  endfacet
  facet normal 0 0 1
    outer loop
      vertex 181.803 11.101 12.5
      vertex 181.152 12.6716 12.5
      vertex 181.65 11.0258 12.5
    endloop
  endfacet
  facet normal -0 0 1
    outer loop
      vertex 180.8 12.4981 12.5
      vertex 181.65 11.0258 12.5
      vertex 181.152 12.6716 12.5
    endloop
  endfacet
  facet normal 0 0 1
    outer loop
      vertex 181.65 11.0258 12.5
      vertex 180.8 12.4981 12.5
      vertex 181.509 10.9314 12.5
    endloop
  endfacet
  facet normal -0 0 1
    outer loop
      vertex 180.474 12.2801 12.5
      vertex 181.509 10.9314 12.5
      vertex 180.8 12.4981 12.5
    endloop
  endfacet
  facet normal 0 0 1
    outer loop
      vertex 181.509 10.9314 12.5
      vertex 180.474 12.2801 12.5
      vertex 181.381 10.8192 12.5
    endloop
  endfacet
  facet normal -0 0 1
    outer loop
      vertex 180.179 12.0213 12.5
      vertex 181.381 10.8192 12.5
      vertex 180.474 12.2801 12.5
    endloop
  endfacet
  facet normal 0 0 1
    outer loop
      vertex 181.381 10.8192 12.5
      vertex 180.179 12.0213 12.5
      vertex 181.269 10.6914 12.5
    endloop
  endfacet
  facet normal -0 0 1
    outer loop
      vertex 179.92 11.7263 12.5
      vertex 181.269 10.6914 12.5
      vertex 180.179 12.0213 12.5
    endloop
  endfacet
  facet normal 0 0 1
    outer loop
      vertex 181.269 10.6914 12.5
      vertex 179.92 11.7263 12.5
      vertex 181.174 10.55 12.5
    endloop
  endfacet
  facet normal -0 0 1
    outer loop
      vertex 179.702 11.4 12.5
      vertex 181.174 10.55 12.5
      vertex 179.92 11.7263 12.5
    endloop
  endfacet
  facet normal 0 0 1
    outer loop
      vertex 184.898 8.4 12.5
      vertex 183.426 9.25 12.5
      vertex 184.68 8.07372 12.5
    endloop
  endfacet
  facet normal -0 0 1
    outer loop
      vertex 183.331 9.10861 12.5
      vertex 184.68 8.07372 12.5
      vertex 183.426 9.25 12.5
    endloop
  endfacet
  facet normal 0 0 1
    outer loop
      vertex 184.68 8.07372 12.5
      vertex 183.331 9.10861 12.5
      vertex 184.421 7.77868 12.5
    endloop
  endfacet
  facet normal -0 0 1
    outer loop
      vertex 183.219 8.98076 12.5
      vertex 184.421 7.77868 12.5
      vertex 183.331 9.10861 12.5
    endloop
  endfacet
  facet normal 0 0 1
    outer loop
      vertex 184.421 7.77868 12.5
      vertex 183.219 8.98076 12.5
      vertex 184.126 7.51994 12.5
    endloop
  endfacet
  facet normal -0 0 1
    outer loop
      vertex 183.091 8.86864 12.5
      vertex 184.126 7.51994 12.5
      vertex 183.219 8.98076 12.5
    endloop
  endfacet
  facet normal 0 0 1
    outer loop
      vertex 184.126 7.51994 12.5
      vertex 183.091 8.86864 12.5
      vertex 183.8 7.30192 12.5
    endloop
  endfacet
  facet normal -0 0 1
    outer loop
      vertex 182.95 8.77417 12.5
      vertex 183.8 7.30192 12.5
      vertex 183.091 8.86864 12.5
    endloop
  endfacet
  facet normal 0 0 1
    outer loop
      vertex 183.8 7.30192 12.5
      vertex 182.95 8.77417 12.5
      vertex 183.448 7.12836 12.5
    endloop
  endfacet
  facet normal -0 0 1
    outer loop
      vertex 182.797 8.69896 12.5
      vertex 183.448 7.12836 12.5
      vertex 182.95 8.77417 12.5
    endloop
  endfacet
  facet normal 0 0 1
    outer loop
      vertex 183.448 7.12836 12.5
      vertex 182.797 8.69896 12.5
      vertex 183.076 7.00222 12.5
    endloop
  endfacet
  facet normal -0 0 1
    outer loop
      vertex 182.636 8.6443 12.5
      vertex 183.076 7.00222 12.5
      vertex 182.797 8.69896 12.5
    endloop
  endfacet
  facet normal 0 0 1
    outer loop
      vertex 183.076 7.00222 12.5
      vertex 182.636 8.6443 12.5
      vertex 182.692 6.92567 12.5
    endloop
  endfacet
  facet normal -0 0 1
    outer loop
      vertex 182.47 8.61112 12.5
      vertex 182.692 6.92567 12.5
      vertex 182.636 8.6443 12.5
    endloop
  endfacet
  facet normal -0 0 1
    outer loop
      vertex 182.3 8.6 12.5
      vertex 182.692 6.92567 12.5
      vertex 182.47 8.61112 12.5
    endloop
  endfacet
  facet normal 0 0 1
    outer loop
      vertex 182.3 8.6 12.5
      vertex 182.3 6.9 12.5
      vertex 182.692 6.92567 12.5
    endloop
  endfacet
  facet normal 0 0 1
    outer loop
      vertex 182.13 8.61112 12.5
      vertex 182.3 6.9 12.5
      vertex 182.3 8.6 12.5
    endloop
  endfacet
  facet normal 0 0 1
    outer loop
      vertex 181.908 6.92567 12.5
      vertex 182.13 8.61112 12.5
      vertex 181.964 8.6443 12.5
    endloop
  endfacet
  facet normal 0 0 1
    outer loop
      vertex 182.13 8.61112 12.5
      vertex 181.908 6.92567 12.5
      vertex 182.3 6.9 12.5
    endloop
  endfacet
  facet normal 0 0 1
    outer loop
      vertex 181.524 7.00222 12.5
      vertex 181.964 8.6443 12.5
      vertex 181.803 8.69896 12.5
    endloop
  endfacet
  facet normal 0 0 1
    outer loop
      vertex 181.152 7.12836 12.5
      vertex 181.803 8.69896 12.5
      vertex 181.65 8.77417 12.5
    endloop
  endfacet
  facet normal 0 0 1
    outer loop
      vertex 181.964 8.6443 12.5
      vertex 181.524 7.00222 12.5
      vertex 181.908 6.92567 12.5
    endloop
  endfacet
  facet normal 0 0 1
    outer loop
      vertex 180.8 7.30192 12.5
      vertex 181.65 8.77417 12.5
      vertex 181.509 8.86864 12.5
    endloop
  endfacet
  facet normal 0 0 1
    outer loop
      vertex 180.474 7.51994 12.5
      vertex 181.509 8.86864 12.5
      vertex 181.381 8.98076 12.5
    endloop
  endfacet
  facet normal 0 0 1
    outer loop
      vertex 180.179 7.77868 12.5
      vertex 181.381 8.98076 12.5
      vertex 181.269 9.10861 12.5
    endloop
  endfacet
  facet normal 0 0 1
    outer loop
      vertex 179.92 8.07372 12.5
      vertex 181.269 9.10861 12.5
      vertex 181.174 9.25 12.5
    endloop
  endfacet
  facet normal 0 0 1
    outer loop
      vertex 181.803 8.69896 12.5
      vertex 181.152 7.12836 12.5
      vertex 181.524 7.00222 12.5
    endloop
  endfacet
  facet normal 0 0 1
    outer loop
      vertex 179.702 8.4 12.5
      vertex 181.174 9.25 12.5
      vertex 181.099 9.40251 12.5
    endloop
  endfacet
  facet normal 0 0 1
    outer loop
      vertex 179.528 8.75195 12.5
      vertex 181.099 9.40251 12.5
      vertex 181.044 9.56354 12.5
    endloop
  endfacet
  facet normal 0 0 1
    outer loop
      vertex 179.402 9.12354 12.5
      vertex 181.044 9.56354 12.5
      vertex 181.011 9.73032 12.5
    endloop
  endfacet
  facet normal 0 0 1
    outer loop
      vertex 179.326 9.50842 12.5
      vertex 181.011 9.73032 12.5
      vertex 181 9.9 12.5
    endloop
  endfacet
  facet normal 0 0 1
    outer loop
      vertex 181.174 10.55 12.5
      vertex 179.702 11.4 12.5
      vertex 181.099 10.3975 12.5
    endloop
  endfacet
  facet normal 0 0 1
    outer loop
      vertex 181.65 8.77417 12.5
      vertex 180.8 7.30192 12.5
      vertex 181.152 7.12836 12.5
    endloop
  endfacet
  facet normal -0 0 1
    outer loop
      vertex 179.528 11.048 12.5
      vertex 181.099 10.3975 12.5
      vertex 179.702 11.4 12.5
    endloop
  endfacet
  facet normal 0 0 1
    outer loop
      vertex 181.509 8.86864 12.5
      vertex 180.474 7.51994 12.5
      vertex 180.8 7.30192 12.5
    endloop
  endfacet
  facet normal 0 0 1
    outer loop
      vertex 181.099 10.3975 12.5
      vertex 179.528 11.048 12.5
      vertex 181.044 10.2365 12.5
    endloop
  endfacet
  facet normal 0 0 1
    outer loop
      vertex 181.381 8.98076 12.5
      vertex 180.179 7.77868 12.5
      vertex 180.474 7.51994 12.5
    endloop
  endfacet
  facet normal -0 0 1
    outer loop
      vertex 179.402 10.6765 12.5
      vertex 181.044 10.2365 12.5
      vertex 179.528 11.048 12.5
    endloop
  endfacet
  facet normal 0 0 1
    outer loop
      vertex 181.269 9.10861 12.5
      vertex 179.92 8.07372 12.5
      vertex 180.179 7.77868 12.5
    endloop
  endfacet
  facet normal 0 0 1
    outer loop
      vertex 181.044 10.2365 12.5
      vertex 179.402 10.6765 12.5
      vertex 181.011 10.0697 12.5
    endloop
  endfacet
  facet normal 0 0 1
    outer loop
      vertex 181.174 9.25 12.5
      vertex 179.702 8.4 12.5
      vertex 179.92 8.07372 12.5
    endloop
  endfacet
  facet normal -0 0 1
    outer loop
      vertex 179.326 10.2916 12.5
      vertex 181.011 10.0697 12.5
      vertex 179.402 10.6765 12.5
    endloop
  endfacet
  facet normal 0 0 1
    outer loop
      vertex 181.099 9.40251 12.5
      vertex 179.528 8.75195 12.5
      vertex 179.702 8.4 12.5
    endloop
  endfacet
  facet normal 0 0 1
    outer loop
      vertex 181.011 10.0697 12.5
      vertex 179.326 10.2916 12.5
      vertex 181 9.9 12.5
    endloop
  endfacet
  facet normal 0 0 1
    outer loop
      vertex 181.044 9.56354 12.5
      vertex 179.402 9.12354 12.5
      vertex 179.528 8.75195 12.5
    endloop
  endfacet
  facet normal 0 0 1
    outer loop
      vertex 179.3 9.9 12.5
      vertex 181 9.9 12.5
      vertex 179.326 10.2916 12.5
    endloop
  endfacet
  facet normal 0 0 1
    outer loop
      vertex 181.011 9.73032 12.5
      vertex 179.326 9.50842 12.5
      vertex 179.402 9.12354 12.5
    endloop
  endfacet
  facet normal 0 0 1
    outer loop
      vertex 181 9.9 12.5
      vertex 179.3 9.9 12.5
      vertex 179.326 9.50842 12.5
    endloop
  endfacet
  facet normal 0.196003 0.980603 -0
    outer loop
      vertex 182.13 8.61112 8.49
      vertex 181.964 8.6443 12.5
      vertex 182.13 8.61112 12.5
    endloop
  endfacet
  facet normal 0.196003 0.980603 0
    outer loop
      vertex 181.964 8.6443 12.5
      vertex 182.13 8.61112 8.49
      vertex 181.964 8.6443 8.49
    endloop
  endfacet
  facet normal -0.196116 -0.980581 0
    outer loop
      vertex 182.47 11.1889 8.49
      vertex 182.636 11.1557 12.5
      vertex 182.47 11.1889 12.5
    endloop
  endfacet
  facet normal -0.196116 -0.980581 -0
    outer loop
      vertex 182.636 11.1557 12.5
      vertex 182.47 11.1889 8.49
      vertex 182.636 11.1557 8.49
    endloop
  endfacet
  facet normal -0.752066 -0.659088 0
    outer loop
      vertex 183.331 10.6914 8.49
      vertex 183.219 10.8192 12.5
      vertex 183.219 10.8192 8.49
    endloop
  endfacet
  facet normal -0.752066 -0.659088 0
    outer loop
      vertex 183.219 10.8192 12.5
      vertex 183.331 10.6914 8.49
      vertex 183.331 10.6914 12.5
    endloop
  endfacet
  facet normal 0.946324 0.323218 0
    outer loop
      vertex 181.099 9.40251 12.5
      vertex 181.044 9.56354 8.49
      vertex 181.044 9.56354 12.5
    endloop
  endfacet
  facet normal 0.946324 0.323218 0
    outer loop
      vertex 181.044 9.56354 8.49
      vertex 181.099 9.40251 12.5
      vertex 181.099 9.40251 8.49
    endloop
  endfacet
  facet normal -0.997906 -0.0646845 0
    outer loop
      vertex 183.6 9.9 8.49
      vertex 183.589 10.0697 12.5
      vertex 183.589 10.0697 8.49
    endloop
  endfacet
  facet normal -0.997906 -0.0646845 0
    outer loop
      vertex 183.589 10.0697 12.5
      vertex 183.6 9.9 8.49
      vertex 183.6 9.9 12.5
    endloop
  endfacet
  facet normal -0.997905 0.0646921 0
    outer loop
      vertex 183.589 9.73032 8.49
      vertex 183.6 9.9 12.5
      vertex 183.6 9.9 8.49
    endloop
  endfacet
  facet normal -0.997905 0.0646921 0
    outer loop
      vertex 183.6 9.9 12.5
      vertex 183.589 9.73032 8.49
      vertex 183.589 9.73032 12.5
    endloop
  endfacet
  facet normal -0.946306 -0.323272 0
    outer loop
      vertex 183.556 10.2365 8.49
      vertex 183.501 10.3975 12.5
      vertex 183.501 10.3975 8.49
    endloop
  endfacet
  facet normal -0.946306 -0.323272 0
    outer loop
      vertex 183.501 10.3975 12.5
      vertex 183.556 10.2365 8.49
      vertex 183.556 10.2365 12.5
    endloop
  endfacet
  facet normal -0.556331 -0.830961 0
    outer loop
      vertex 182.95 11.0258 8.49
      vertex 183.091 10.9314 12.5
      vertex 182.95 11.0258 12.5
    endloop
  endfacet
  facet normal -0.556331 -0.830961 -0
    outer loop
      vertex 183.091 10.9314 12.5
      vertex 182.95 11.0258 8.49
      vertex 183.091 10.9314 8.49
    endloop
  endfacet
  facet normal -0.89735 -0.44132 0
    outer loop
      vertex 183.501 10.3975 8.49
      vertex 183.426 10.55 12.5
      vertex 183.426 10.55 8.49
    endloop
  endfacet
  facet normal -0.89735 -0.44132 0
    outer loop
      vertex 183.426 10.55 12.5
      vertex 183.501 10.3975 8.49
      vertex 183.501 10.3975 12.5
    endloop
  endfacet
  facet normal 0.65917 -0.751994 0
    outer loop
      vertex 181.381 10.8192 8.49
      vertex 181.509 10.9314 12.5
      vertex 181.381 10.8192 12.5
    endloop
  endfacet
  facet normal 0.65917 -0.751994 0
    outer loop
      vertex 181.509 10.9314 12.5
      vertex 181.381 10.8192 8.49
      vertex 181.509 10.9314 8.49
    endloop
  endfacet
  facet normal 0.556616 0.83077 -0
    outer loop
      vertex 181.65 8.77417 8.49
      vertex 181.509 8.86864 12.5
      vertex 181.65 8.77417 12.5
    endloop
  endfacet
  facet normal 0.556616 0.83077 0
    outer loop
      vertex 181.509 8.86864 12.5
      vertex 181.65 8.77417 8.49
      vertex 181.509 8.86864 8.49
    endloop
  endfacet
  facet normal 0.752066 -0.659088 0
    outer loop
      vertex 181.269 10.6914 12.5
      vertex 181.381 10.8192 8.49
      vertex 181.381 10.8192 12.5
    endloop
  endfacet
  facet normal 0.752066 -0.659088 0
    outer loop
      vertex 181.381 10.8192 8.49
      vertex 181.269 10.6914 12.5
      vertex 181.269 10.6914 8.49
    endloop
  endfacet
  facet normal 0.321481 0.946916 -0
    outer loop
      vertex 181.964 8.6443 8.49
      vertex 181.803 8.69896 12.5
      vertex 181.964 8.6443 12.5
    endloop
  endfacet
  facet normal 0.321481 0.946916 0
    outer loop
      vertex 181.803 8.69896 12.5
      vertex 181.964 8.6443 8.49
      vertex 181.803 8.69896 8.49
    endloop
  endfacet
  facet normal 0.83004 0.557704 0
    outer loop
      vertex 181.269 9.10861 12.5
      vertex 181.174 9.25 8.49
      vertex 181.174 9.25 12.5
    endloop
  endfacet
  facet normal 0.83004 0.557704 0
    outer loop
      vertex 181.174 9.25 8.49
      vertex 181.269 9.10861 12.5
      vertex 181.269 9.10861 8.49
    endloop
  endfacet
  facet normal 0.441103 -0.897457 0
    outer loop
      vertex 181.65 11.0258 8.49
      vertex 181.803 11.101 12.5
      vertex 181.65 11.0258 12.5
    endloop
  endfacet
  facet normal 0.441103 -0.897457 0
    outer loop
      vertex 181.803 11.101 12.5
      vertex 181.65 11.0258 8.49
      vertex 181.803 11.101 8.49
    endloop
  endfacet
  facet normal -0.0652723 0.997867 0
    outer loop
      vertex 182.47 8.61112 8.49
      vertex 182.3 8.6 12.5
      vertex 182.47 8.61112 12.5
    endloop
  endfacet
  facet normal -0.0652723 0.997867 0
    outer loop
      vertex 182.3 8.6 12.5
      vertex 182.47 8.61112 8.49
      vertex 182.3 8.6 8.49
    endloop
  endfacet
  facet normal -0.897361 0.441296 0
    outer loop
      vertex 183.426 9.25 8.49
      vertex 183.501 9.40251 12.5
      vertex 183.501 9.40251 8.49
    endloop
  endfacet
  facet normal -0.897361 0.441296 0
    outer loop
      vertex 183.501 9.40251 12.5
      vertex 183.426 9.25 8.49
      vertex 183.426 9.25 12.5
    endloop
  endfacet
  facet normal -0.830058 -0.557677 0
    outer loop
      vertex 183.426 10.55 8.49
      vertex 183.331 10.6914 12.5
      vertex 183.331 10.6914 8.49
    endloop
  endfacet
  facet normal -0.830058 -0.557677 0
    outer loop
      vertex 183.331 10.6914 12.5
      vertex 183.426 10.55 8.49
      vertex 183.426 10.55 12.5
    endloop
  endfacet
  facet normal -0.83004 0.557704 0
    outer loop
      vertex 183.331 9.10861 8.49
      vertex 183.426 9.25 12.5
      vertex 183.426 9.25 8.49
    endloop
  endfacet
  facet normal -0.83004 0.557704 0
    outer loop
      vertex 183.426 9.25 12.5
      vertex 183.331 9.10861 8.49
      vertex 183.331 9.10861 12.5
    endloop
  endfacet
  facet normal -0.980986 -0.19408 0
    outer loop
      vertex 183.589 10.0697 8.49
      vertex 183.556 10.2365 12.5
      vertex 183.556 10.2365 8.49
    endloop
  endfacet
  facet normal -0.980986 -0.19408 0
    outer loop
      vertex 183.556 10.2365 12.5
      vertex 183.589 10.0697 8.49
      vertex 183.589 10.0697 12.5
    endloop
  endfacet
  facet normal 0.997905 0.0646921 0
    outer loop
      vertex 181.011 9.73032 12.5
      vertex 181 9.9 8.49
      vertex 181 9.9 12.5
    endloop
  endfacet
  facet normal 0.997905 0.0646921 0
    outer loop
      vertex 181 9.9 8.49
      vertex 181.011 9.73032 12.5
      vertex 181.011 9.73032 8.49
    endloop
  endfacet
  facet normal -0.441103 -0.897457 0
    outer loop
      vertex 182.797 11.101 8.49
      vertex 182.95 11.0258 12.5
      vertex 182.797 11.101 12.5
    endloop
  endfacet
  facet normal -0.441103 -0.897457 -0
    outer loop
      vertex 182.95 11.0258 12.5
      vertex 182.797 11.101 8.49
      vertex 182.95 11.0258 8.49
    endloop
  endfacet
  facet normal -0.321481 0.946916 0
    outer loop
      vertex 182.797 8.69896 8.49
      vertex 182.636 8.6443 12.5
      vertex 182.797 8.69896 12.5
    endloop
  endfacet
  facet normal -0.321481 0.946916 0
    outer loop
      vertex 182.636 8.6443 12.5
      vertex 182.797 8.69896 8.49
      vertex 182.636 8.6443 8.49
    endloop
  endfacet
  facet normal 0.830058 -0.557677 0
    outer loop
      vertex 181.174 10.55 12.5
      vertex 181.269 10.6914 8.49
      vertex 181.269 10.6914 12.5
    endloop
  endfacet
  facet normal 0.830058 -0.557677 0
    outer loop
      vertex 181.269 10.6914 8.49
      vertex 181.174 10.55 12.5
      vertex 181.174 10.55 8.49
    endloop
  endfacet
  facet normal -0.321692 -0.946844 0
    outer loop
      vertex 182.636 11.1557 8.49
      vertex 182.797 11.101 12.5
      vertex 182.636 11.1557 12.5
    endloop
  endfacet
  facet normal -0.321692 -0.946844 -0
    outer loop
      vertex 182.797 11.101 12.5
      vertex 182.636 11.1557 8.49
      vertex 182.797 11.101 8.49
    endloop
  endfacet
  facet normal -0.946324 0.323218 0
    outer loop
      vertex 183.501 9.40251 8.49
      vertex 183.556 9.56354 12.5
      vertex 183.556 9.56354 8.49
    endloop
  endfacet
  facet normal -0.946324 0.323218 0
    outer loop
      vertex 183.556 9.56354 12.5
      vertex 183.501 9.40251 8.49
      vertex 183.501 9.40251 12.5
    endloop
  endfacet
  facet normal 0.89735 -0.44132 0
    outer loop
      vertex 181.099 10.3975 12.5
      vertex 181.174 10.55 8.49
      vertex 181.174 10.55 12.5
    endloop
  endfacet
  facet normal 0.89735 -0.44132 0
    outer loop
      vertex 181.174 10.55 8.49
      vertex 181.099 10.3975 12.5
      vertex 181.099 10.3975 8.49
    endloop
  endfacet
  facet normal 0.196116 -0.980581 0
    outer loop
      vertex 181.964 11.1557 8.49
      vertex 182.13 11.1889 12.5
      vertex 181.964 11.1557 12.5
    endloop
  endfacet
  facet normal 0.196116 -0.980581 0
    outer loop
      vertex 182.13 11.1889 12.5
      vertex 181.964 11.1557 8.49
      vertex 182.13 11.1889 8.49
    endloop
  endfacet
  facet normal -0.196003 0.980603 0
    outer loop
      vertex 182.636 8.6443 8.49
      vertex 182.47 8.61112 12.5
      vertex 182.636 8.6443 12.5
    endloop
  endfacet
  facet normal -0.196003 0.980603 0
    outer loop
      vertex 182.47 8.61112 12.5
      vertex 182.636 8.6443 8.49
      vertex 182.47 8.61112 8.49
    endloop
  endfacet
  facet normal 0.946306 -0.323272 0
    outer loop
      vertex 181.044 10.2365 12.5
      vertex 181.099 10.3975 8.49
      vertex 181.099 10.3975 12.5
    endloop
  endfacet
  facet normal 0.946306 -0.323272 0
    outer loop
      vertex 181.099 10.3975 8.49
      vertex 181.044 10.2365 12.5
      vertex 181.044 10.2365 8.49
    endloop
  endfacet
  facet normal -0.556616 0.83077 0
    outer loop
      vertex 183.091 8.86864 8.49
      vertex 182.95 8.77417 12.5
      vertex 183.091 8.86864 12.5
    endloop
  endfacet
  facet normal -0.556616 0.83077 0
    outer loop
      vertex 182.95 8.77417 12.5
      vertex 183.091 8.86864 8.49
      vertex 182.95 8.77417 8.49
    endloop
  endfacet
  facet normal -0.65917 -0.751994 0
    outer loop
      vertex 183.091 10.9314 8.49
      vertex 183.219 10.8192 12.5
      vertex 183.091 10.9314 12.5
    endloop
  endfacet
  facet normal -0.65917 -0.751994 -0
    outer loop
      vertex 183.219 10.8192 12.5
      vertex 183.091 10.9314 8.49
      vertex 183.219 10.8192 8.49
    endloop
  endfacet
  facet normal 0.997906 -0.0646845 0
    outer loop
      vertex 181 9.9 12.5
      vertex 181.011 10.0697 8.49
      vertex 181.011 10.0697 12.5
    endloop
  endfacet
  facet normal 0.997906 -0.0646845 0
    outer loop
      vertex 181.011 10.0697 8.49
      vertex 181 9.9 12.5
      vertex 181 9.9 8.49
    endloop
  endfacet
  facet normal 0.321692 -0.946844 0
    outer loop
      vertex 181.803 11.101 8.49
      vertex 181.964 11.1557 12.5
      vertex 181.803 11.101 12.5
    endloop
  endfacet
  facet normal 0.321692 -0.946844 0
    outer loop
      vertex 181.964 11.1557 12.5
      vertex 181.803 11.101 8.49
      vertex 181.964 11.1557 8.49
    endloop
  endfacet
  facet normal 0.752194 0.658942 0
    outer loop
      vertex 181.381 8.98076 12.5
      vertex 181.269 9.10861 8.49
      vertex 181.269 9.10861 12.5
    endloop
  endfacet
  facet normal 0.752194 0.658942 0
    outer loop
      vertex 181.269 9.10861 8.49
      vertex 181.381 8.98076 12.5
      vertex 181.381 8.98076 8.49
    endloop
  endfacet
  facet normal -0.0651554 -0.997875 0
    outer loop
      vertex 182.3 11.2 8.49
      vertex 182.47 11.1889 12.5
      vertex 182.3 11.2 12.5
    endloop
  endfacet
  facet normal -0.0651554 -0.997875 -0
    outer loop
      vertex 182.47 11.1889 12.5
      vertex 182.3 11.2 8.49
      vertex 182.47 11.1889 8.49
    endloop
  endfacet
  facet normal -0.980981 0.194102 0
    outer loop
      vertex 183.556 9.56354 8.49
      vertex 183.589 9.73032 12.5
      vertex 183.589 9.73032 8.49
    endloop
  endfacet
  facet normal -0.980981 0.194102 0
    outer loop
      vertex 183.589 9.73032 12.5
      vertex 183.556 9.56354 8.49
      vertex 183.556 9.56354 12.5
    endloop
  endfacet
  facet normal 0.658904 0.752227 -0
    outer loop
      vertex 181.509 8.86864 8.49
      vertex 181.381 8.98076 12.5
      vertex 181.509 8.86864 12.5
    endloop
  endfacet
  facet normal 0.658904 0.752227 0
    outer loop
      vertex 181.381 8.98076 12.5
      vertex 181.509 8.86864 8.49
      vertex 181.381 8.98076 8.49
    endloop
  endfacet
  facet normal -0.658904 0.752227 0
    outer loop
      vertex 183.219 8.98076 8.49
      vertex 183.091 8.86864 12.5
      vertex 183.219 8.98076 12.5
    endloop
  endfacet
  facet normal -0.658904 0.752227 0
    outer loop
      vertex 183.091 8.86864 12.5
      vertex 183.219 8.98076 8.49
      vertex 183.091 8.86864 8.49
    endloop
  endfacet
  facet normal -0.752194 0.658942 0
    outer loop
      vertex 183.219 8.98076 8.49
      vertex 183.331 9.10861 12.5
      vertex 183.331 9.10861 8.49
    endloop
  endfacet
  facet normal -0.752194 0.658942 0
    outer loop
      vertex 183.331 9.10861 12.5
      vertex 183.219 8.98076 8.49
      vertex 183.219 8.98076 12.5
    endloop
  endfacet
  facet normal -0.44115 0.897433 0
    outer loop
      vertex 182.95 8.77417 8.49
      vertex 182.797 8.69896 12.5
      vertex 182.95 8.77417 12.5
    endloop
  endfacet
  facet normal -0.44115 0.897433 0
    outer loop
      vertex 182.797 8.69896 12.5
      vertex 182.95 8.77417 8.49
      vertex 182.797 8.69896 8.49
    endloop
  endfacet
  facet normal 0.0651554 -0.997875 0
    outer loop
      vertex 182.13 11.1889 8.49
      vertex 182.3 11.2 12.5
      vertex 182.13 11.1889 12.5
    endloop
  endfacet
  facet normal 0.0651554 -0.997875 0
    outer loop
      vertex 182.3 11.2 12.5
      vertex 182.13 11.1889 8.49
      vertex 182.3 11.2 8.49
    endloop
  endfacet
  facet normal 0.0652723 0.997867 -0
    outer loop
      vertex 182.3 8.6 8.49
      vertex 182.13 8.61112 12.5
      vertex 182.3 8.6 12.5
    endloop
  endfacet
  facet normal 0.0652723 0.997867 0
    outer loop
      vertex 182.13 8.61112 12.5
      vertex 182.3 8.6 8.49
      vertex 182.13 8.61112 8.49
    endloop
  endfacet
  facet normal 0.897361 0.441296 0
    outer loop
      vertex 181.174 9.25 12.5
      vertex 181.099 9.40251 8.49
      vertex 181.099 9.40251 12.5
    endloop
  endfacet
  facet normal 0.897361 0.441296 0
    outer loop
      vertex 181.099 9.40251 8.49
      vertex 181.174 9.25 12.5
      vertex 181.174 9.25 8.49
    endloop
  endfacet
  facet normal 0.556331 -0.830961 0
    outer loop
      vertex 181.509 10.9314 8.49
      vertex 181.65 11.0258 12.5
      vertex 181.509 10.9314 12.5
    endloop
  endfacet
  facet normal 0.556331 -0.830961 0
    outer loop
      vertex 181.65 11.0258 12.5
      vertex 181.509 10.9314 8.49
      vertex 181.65 11.0258 8.49
    endloop
  endfacet
  facet normal 0.44115 0.897433 -0
    outer loop
      vertex 181.803 8.69896 8.49
      vertex 181.65 8.77417 12.5
      vertex 181.803 8.69896 12.5
    endloop
  endfacet
  facet normal 0.44115 0.897433 0
    outer loop
      vertex 181.65 8.77417 12.5
      vertex 181.803 8.69896 8.49
      vertex 181.65 8.77417 8.49
    endloop
  endfacet
  facet normal 0.980981 0.194102 0
    outer loop
      vertex 181.044 9.56354 12.5
      vertex 181.011 9.73032 8.49
      vertex 181.011 9.73032 12.5
    endloop
  endfacet
  facet normal 0.980981 0.194102 0
    outer loop
      vertex 181.011 9.73032 8.49
      vertex 181.044 9.56354 12.5
      vertex 181.044 9.56354 8.49
    endloop
  endfacet
  facet normal 0.980986 -0.19408 0
    outer loop
      vertex 181.011 10.0697 12.5
      vertex 181.044 10.2365 8.49
      vertex 181.044 10.2365 12.5
    endloop
  endfacet
  facet normal 0.980986 -0.19408 0
    outer loop
      vertex 181.044 10.2365 8.49
      vertex 181.011 10.0697 12.5
      vertex 181.011 10.0697 8.49
    endloop
  endfacet
  facet normal 0 0 1
    outer loop
      vertex 183.589 10.0697 8.49
      vertex 183.589 9.73032 8.49
      vertex 183.6 9.9 8.49
    endloop
  endfacet
  facet normal 0 0 1
    outer loop
      vertex 183.556 10.2365 8.49
      vertex 183.589 9.73032 8.49
      vertex 183.589 10.0697 8.49
    endloop
  endfacet
  facet normal 0 0 1
    outer loop
      vertex 183.556 10.2365 8.49
      vertex 183.556 9.56354 8.49
      vertex 183.589 9.73032 8.49
    endloop
  endfacet
  facet normal 0 0 1
    outer loop
      vertex 183.501 10.3975 8.49
      vertex 183.556 9.56354 8.49
      vertex 183.556 10.2365 8.49
    endloop
  endfacet
  facet normal 0 0 1
    outer loop
      vertex 183.501 10.3975 8.49
      vertex 183.501 9.40251 8.49
      vertex 183.556 9.56354 8.49
    endloop
  endfacet
  facet normal 0 0 1
    outer loop
      vertex 183.426 10.55 8.49
      vertex 183.501 9.40251 8.49
      vertex 183.501 10.3975 8.49
    endloop
  endfacet
  facet normal 0 0 1
    outer loop
      vertex 183.426 10.55 8.49
      vertex 183.426 9.25 8.49
      vertex 183.501 9.40251 8.49
    endloop
  endfacet
  facet normal 0 0 1
    outer loop
      vertex 183.331 10.6914 8.49
      vertex 183.426 9.25 8.49
      vertex 183.426 10.55 8.49
    endloop
  endfacet
  facet normal 0 0 1
    outer loop
      vertex 183.331 10.6914 8.49
      vertex 183.331 9.10861 8.49
      vertex 183.426 9.25 8.49
    endloop
  endfacet
  facet normal 0 0 1
    outer loop
      vertex 183.219 10.8192 8.49
      vertex 183.331 9.10861 8.49
      vertex 183.331 10.6914 8.49
    endloop
  endfacet
  facet normal 0 0 1
    outer loop
      vertex 183.219 10.8192 8.49
      vertex 183.219 8.98076 8.49
      vertex 183.331 9.10861 8.49
    endloop
  endfacet
  facet normal 0 0 1
    outer loop
      vertex 183.091 10.9314 8.49
      vertex 183.219 8.98076 8.49
      vertex 183.219 10.8192 8.49
    endloop
  endfacet
  facet normal 0 0 1
    outer loop
      vertex 183.091 10.9314 8.49
      vertex 183.091 8.86864 8.49
      vertex 183.219 8.98076 8.49
    endloop
  endfacet
  facet normal 0 0 1
    outer loop
      vertex 182.95 11.0258 8.49
      vertex 183.091 8.86864 8.49
      vertex 183.091 10.9314 8.49
    endloop
  endfacet
  facet normal 0 0 1
    outer loop
      vertex 182.95 11.0258 8.49
      vertex 182.95 8.77417 8.49
      vertex 183.091 8.86864 8.49
    endloop
  endfacet
  facet normal 0 0 1
    outer loop
      vertex 182.797 11.101 8.49
      vertex 182.95 8.77417 8.49
      vertex 182.95 11.0258 8.49
    endloop
  endfacet
  facet normal 0 0 1
    outer loop
      vertex 182.797 11.101 8.49
      vertex 182.797 8.69896 8.49
      vertex 182.95 8.77417 8.49
    endloop
  endfacet
  facet normal 0 0 1
    outer loop
      vertex 182.636 11.1557 8.49
      vertex 182.797 8.69896 8.49
      vertex 182.797 11.101 8.49
    endloop
  endfacet
  facet normal 0 0 1
    outer loop
      vertex 182.636 11.1557 8.49
      vertex 182.636 8.6443 8.49
      vertex 182.797 8.69896 8.49
    endloop
  endfacet
  facet normal 0 0 1
    outer loop
      vertex 182.47 11.1889 8.49
      vertex 182.636 8.6443 8.49
      vertex 182.636 11.1557 8.49
    endloop
  endfacet
  facet normal 0 0 1
    outer loop
      vertex 182.47 11.1889 8.49
      vertex 182.47 8.61112 8.49
      vertex 182.636 8.6443 8.49
    endloop
  endfacet
  facet normal 0 0 1
    outer loop
      vertex 182.3 11.2 8.49
      vertex 182.47 8.61112 8.49
      vertex 182.47 11.1889 8.49
    endloop
  endfacet
  facet normal 0 0 1
    outer loop
      vertex 182.3 11.2 8.49
      vertex 182.3 8.6 8.49
      vertex 182.47 8.61112 8.49
    endloop
  endfacet
  facet normal -0 0 1
    outer loop
      vertex 182.13 11.1889 8.49
      vertex 182.3 8.6 8.49
      vertex 182.3 11.2 8.49
    endloop
  endfacet
  facet normal 0 0 1
    outer loop
      vertex 182.13 11.1889 8.49
      vertex 182.13 8.61112 8.49
      vertex 182.3 8.6 8.49
    endloop
  endfacet
  facet normal -0 0 1
    outer loop
      vertex 181.964 11.1557 8.49
      vertex 182.13 8.61112 8.49
      vertex 182.13 11.1889 8.49
    endloop
  endfacet
  facet normal 0 0 1
    outer loop
      vertex 181.964 11.1557 8.49
      vertex 181.964 8.6443 8.49
      vertex 182.13 8.61112 8.49
    endloop
  endfacet
  facet normal -0 0 1
    outer loop
      vertex 181.803 11.101 8.49
      vertex 181.964 8.6443 8.49
      vertex 181.964 11.1557 8.49
    endloop
  endfacet
  facet normal 0 0 1
    outer loop
      vertex 181.803 11.101 8.49
      vertex 181.803 8.69896 8.49
      vertex 181.964 8.6443 8.49
    endloop
  endfacet
  facet normal -0 0 1
    outer loop
      vertex 181.65 11.0258 8.49
      vertex 181.803 8.69896 8.49
      vertex 181.803 11.101 8.49
    endloop
  endfacet
  facet normal 0 0 1
    outer loop
      vertex 181.65 11.0258 8.49
      vertex 181.65 8.77417 8.49
      vertex 181.803 8.69896 8.49
    endloop
  endfacet
  facet normal -0 0 1
    outer loop
      vertex 181.509 10.9314 8.49
      vertex 181.65 8.77417 8.49
      vertex 181.65 11.0258 8.49
    endloop
  endfacet
  facet normal 0 0 1
    outer loop
      vertex 181.509 10.9314 8.49
      vertex 181.509 8.86864 8.49
      vertex 181.65 8.77417 8.49
    endloop
  endfacet
  facet normal -0 0 1
    outer loop
      vertex 181.381 10.8192 8.49
      vertex 181.509 8.86864 8.49
      vertex 181.509 10.9314 8.49
    endloop
  endfacet
  facet normal 0 0 1
    outer loop
      vertex 181.381 10.8192 8.49
      vertex 181.381 8.98076 8.49
      vertex 181.509 8.86864 8.49
    endloop
  endfacet
  facet normal -0 0 1
    outer loop
      vertex 181.269 10.6914 8.49
      vertex 181.381 8.98076 8.49
      vertex 181.381 10.8192 8.49
    endloop
  endfacet
  facet normal 0 0 1
    outer loop
      vertex 181.269 10.6914 8.49
      vertex 181.269 9.10861 8.49
      vertex 181.381 8.98076 8.49
    endloop
  endfacet
  facet normal -0 0 1
    outer loop
      vertex 181.174 10.55 8.49
      vertex 181.269 9.10861 8.49
      vertex 181.269 10.6914 8.49
    endloop
  endfacet
  facet normal 0 0 1
    outer loop
      vertex 181.174 10.55 8.49
      vertex 181.174 9.25 8.49
      vertex 181.269 9.10861 8.49
    endloop
  endfacet
  facet normal -0 0 1
    outer loop
      vertex 181.099 10.3975 8.49
      vertex 181.174 9.25 8.49
      vertex 181.174 10.55 8.49
    endloop
  endfacet
  facet normal 0 0 1
    outer loop
      vertex 181.099 10.3975 8.49
      vertex 181.099 9.40251 8.49
      vertex 181.174 9.25 8.49
    endloop
  endfacet
  facet normal -0 0 1
    outer loop
      vertex 181.044 10.2365 8.49
      vertex 181.099 9.40251 8.49
      vertex 181.099 10.3975 8.49
    endloop
  endfacet
  facet normal 0 0 1
    outer loop
      vertex 181.044 10.2365 8.49
      vertex 181.044 9.56354 8.49
      vertex 181.099 9.40251 8.49
    endloop
  endfacet
  facet normal -0 0 1
    outer loop
      vertex 181.011 10.0697 8.49
      vertex 181.044 9.56354 8.49
      vertex 181.044 10.2365 8.49
    endloop
  endfacet
  facet normal 0 0 1
    outer loop
      vertex 181.011 10.0697 8.49
      vertex 181.011 9.73032 8.49
      vertex 181.044 9.56354 8.49
    endloop
  endfacet
  facet normal 0 -0 1
    outer loop
      vertex 181.011 9.73032 8.49
      vertex 181.011 10.0697 8.49
      vertex 181 9.9 8.49
    endloop
  endfacet
  facet normal -0.981058 -0.193714 0
    outer loop
      vertex 179.402 54.1235 7.5
      vertex 179.326 54.5084 12.5
      vertex 179.326 54.5084 7.5
    endloop
  endfacet
  facet normal -0.981058 -0.193714 0
    outer loop
      vertex 179.326 54.5084 12.5
      vertex 179.402 54.1235 7.5
      vertex 179.402 54.1235 12.5
    endloop
  endfacet
  facet normal -0.831501 0.555523 0
    outer loop
      vertex 179.702 56.4 7.5
      vertex 179.92 56.7263 12.5
      vertex 179.92 56.7263 7.5
    endloop
  endfacet
  facet normal -0.831501 0.555523 0
    outer loop
      vertex 179.92 56.7263 12.5
      vertex 179.702 56.4 7.5
      vertex 179.702 56.4 12.5
    endloop
  endfacet
  facet normal 0.981058 0.193714 0
    outer loop
      vertex 185.274 55.2916 12.5
      vertex 185.198 55.6765 7.5
      vertex 185.198 55.6765 12.5
    endloop
  endfacet
  facet normal 0.981058 0.193714 0
    outer loop
      vertex 185.198 55.6765 7.5
      vertex 185.274 55.2916 12.5
      vertex 185.274 55.2916 7.5
    endloop
  endfacet
  facet normal 0.997803 -0.0662484 0
    outer loop
      vertex 185.274 54.5084 12.5
      vertex 185.3 54.9 7.5
      vertex 185.3 54.9 12.5
    endloop
  endfacet
  facet normal 0.997803 -0.0662484 0
    outer loop
      vertex 185.3 54.9 7.5
      vertex 185.274 54.5084 12.5
      vertex 185.274 54.5084 7.5
    endloop
  endfacet
  facet normal 0.751471 -0.659766 0
    outer loop
      vertex 184.421 52.7787 12.5
      vertex 184.68 53.0737 7.5
      vertex 184.68 53.0737 12.5
    endloop
  endfacet
  facet normal 0.751471 -0.659766 0
    outer loop
      vertex 184.68 53.0737 7.5
      vertex 184.421 52.7787 12.5
      vertex 184.421 52.7787 7.5
    endloop
  endfacet
  facet normal -0.751471 0.659766 0
    outer loop
      vertex 179.92 56.7263 7.5
      vertex 180.179 57.0213 12.5
      vertex 180.179 57.0213 7.5
    endloop
  endfacet
  facet normal -0.751471 0.659766 0
    outer loop
      vertex 180.179 57.0213 12.5
      vertex 179.92 56.7263 7.5
      vertex 179.92 56.7263 12.5
    endloop
  endfacet
  facet normal 0.195379 0.980728 -0
    outer loop
      vertex 183.076 57.7978 7.5
      vertex 182.692 57.8743 12.5
      vertex 183.076 57.7978 12.5
    endloop
  endfacet
  facet normal 0.195379 0.980728 0
    outer loop
      vertex 182.692 57.8743 12.5
      vertex 183.076 57.7978 7.5
      vertex 182.692 57.8743 7.5
    endloop
  endfacet
  facet normal 0.751471 0.659766 0
    outer loop
      vertex 184.68 56.7263 12.5
      vertex 184.421 57.0213 7.5
      vertex 184.421 57.0213 12.5
    endloop
  endfacet
  facet normal 0.751471 0.659766 0
    outer loop
      vertex 184.421 57.0213 7.5
      vertex 184.68 56.7263 12.5
      vertex 184.68 56.7263 7.5
    endloop
  endfacet
  facet normal -0.831501 -0.555523 0
    outer loop
      vertex 179.92 53.0737 7.5
      vertex 179.702 53.4 12.5
      vertex 179.702 53.4 7.5
    endloop
  endfacet
  facet normal -0.831501 -0.555523 0
    outer loop
      vertex 179.702 53.4 12.5
      vertex 179.92 53.0737 7.5
      vertex 179.92 53.0737 12.5
    endloop
  endfacet
  facet normal -0.555877 -0.831265 0
    outer loop
      vertex 180.474 52.5199 7.5
      vertex 180.8 52.3019 12.5
      vertex 180.474 52.5199 12.5
    endloop
  endfacet
  facet normal -0.555877 -0.831265 -0
    outer loop
      vertex 180.8 52.3019 12.5
      vertex 180.474 52.5199 7.5
      vertex 180.8 52.3019 7.5
    endloop
  endfacet
  facet normal 0.44211 -0.896961 0
    outer loop
      vertex 183.448 52.1284 7.5
      vertex 183.8 52.3019 12.5
      vertex 183.448 52.1284 12.5
    endloop
  endfacet
  facet normal 0.44211 -0.896961 0
    outer loop
      vertex 183.8 52.3019 12.5
      vertex 183.448 52.1284 7.5
      vertex 183.8 52.3019 7.5
    endloop
  endfacet
  facet normal -0.947013 0.321194 0
    outer loop
      vertex 179.402 55.6765 7.5
      vertex 179.528 56.048 12.5
      vertex 179.528 56.048 7.5
    endloop
  endfacet
  facet normal -0.947013 0.321194 0
    outer loop
      vertex 179.528 56.048 12.5
      vertex 179.402 55.6765 7.5
      vertex 179.402 55.6765 12.5
    endloop
  endfacet
  facet normal -0.44211 -0.896961 0
    outer loop
      vertex 180.8 52.3019 7.5
      vertex 181.152 52.1284 12.5
      vertex 180.8 52.3019 12.5
    endloop
  endfacet
  facet normal -0.44211 -0.896961 -0
    outer loop
      vertex 181.152 52.1284 12.5
      vertex 180.8 52.3019 7.5
      vertex 181.152 52.1284 7.5
    endloop
  endfacet
  facet normal -0.321264 -0.94699 0
    outer loop
      vertex 181.152 52.1284 7.5
      vertex 181.524 52.0022 12.5
      vertex 181.152 52.1284 12.5
    endloop
  endfacet
  facet normal -0.321264 -0.94699 -0
    outer loop
      vertex 181.524 52.0022 12.5
      vertex 181.152 52.1284 7.5
      vertex 181.524 52.0022 7.5
    endloop
  endfacet
  facet normal -0.997803 -0.0662484 0
    outer loop
      vertex 179.326 54.5084 7.5
      vertex 179.3 54.9 12.5
      vertex 179.3 54.9 7.5
    endloop
  endfacet
  facet normal -0.997803 -0.0662484 0
    outer loop
      vertex 179.3 54.9 12.5
      vertex 179.326 54.5084 7.5
      vertex 179.326 54.5084 12.5
    endloop
  endfacet
  facet normal 0.659478 0.751724 -0
    outer loop
      vertex 184.421 57.0213 7.5
      vertex 184.126 57.2801 12.5
      vertex 184.421 57.0213 12.5
    endloop
  endfacet
  facet normal 0.659478 0.751724 0
    outer loop
      vertex 184.126 57.2801 12.5
      vertex 184.421 57.0213 7.5
      vertex 184.126 57.2801 7.5
    endloop
  endfacet
  facet normal 0.997803 0.0662484 0
    outer loop
      vertex 185.3 54.9 12.5
      vertex 185.274 55.2916 7.5
      vertex 185.274 55.2916 12.5
    endloop
  endfacet
  facet normal 0.997803 0.0662484 0
    outer loop
      vertex 185.274 55.2916 7.5
      vertex 185.3 54.9 12.5
      vertex 185.3 54.9 7.5
    endloop
  endfacet
  facet normal -0.94704 -0.321117 0
    outer loop
      vertex 179.528 53.7519 7.5
      vertex 179.402 54.1235 12.5
      vertex 179.402 54.1235 7.5
    endloop
  endfacet
  facet normal -0.94704 -0.321117 0
    outer loop
      vertex 179.402 54.1235 12.5
      vertex 179.528 53.7519 7.5
      vertex 179.528 53.7519 12.5
    endloop
  endfacet
  facet normal 0.896405 -0.443235 0
    outer loop
      vertex 184.898 53.4 12.5
      vertex 185.072 53.7519 7.5
      vertex 185.072 53.7519 12.5
    endloop
  endfacet
  facet normal 0.896405 -0.443235 0
    outer loop
      vertex 185.072 53.7519 7.5
      vertex 184.898 53.4 12.5
      vertex 184.898 53.4 7.5
    endloop
  endfacet
  facet normal -0.896455 0.443134 0
    outer loop
      vertex 179.528 56.048 7.5
      vertex 179.702 56.4 12.5
      vertex 179.702 56.4 7.5
    endloop
  endfacet
  facet normal -0.896455 0.443134 0
    outer loop
      vertex 179.702 56.4 12.5
      vertex 179.528 56.048 7.5
      vertex 179.528 56.048 12.5
    endloop
  endfacet
  facet normal -0.0654208 -0.997858 0
    outer loop
      vertex 181.908 51.9257 7.5
      vertex 182.3 51.9 12.5
      vertex 181.908 51.9257 12.5
    endloop
  endfacet
  facet normal -0.0654208 -0.997858 -0
    outer loop
      vertex 182.3 51.9 12.5
      vertex 181.908 51.9257 7.5
      vertex 182.3 51.9 7.5
    endloop
  endfacet
  facet normal 0.321264 0.94699 -0
    outer loop
      vertex 183.448 57.6716 7.5
      vertex 183.076 57.7978 12.5
      vertex 183.448 57.6716 12.5
    endloop
  endfacet
  facet normal 0.321264 0.94699 0
    outer loop
      vertex 183.076 57.7978 12.5
      vertex 183.448 57.6716 7.5
      vertex 183.076 57.7978 7.5
    endloop
  endfacet
  facet normal 0.896455 0.443134 0
    outer loop
      vertex 185.072 56.048 12.5
      vertex 184.898 56.4 7.5
      vertex 184.898 56.4 12.5
    endloop
  endfacet
  facet normal 0.896455 0.443134 0
    outer loop
      vertex 184.898 56.4 7.5
      vertex 185.072 56.048 12.5
      vertex 185.072 56.048 7.5
    endloop
  endfacet
  facet normal 0.831501 0.555523 0
    outer loop
      vertex 184.898 56.4 12.5
      vertex 184.68 56.7263 7.5
      vertex 184.68 56.7263 12.5
    endloop
  endfacet
  facet normal 0.831501 0.555523 0
    outer loop
      vertex 184.68 56.7263 7.5
      vertex 184.898 56.4 12.5
      vertex 184.898 56.4 7.5
    endloop
  endfacet
  facet normal 0.947013 0.321194 0
    outer loop
      vertex 185.198 55.6765 12.5
      vertex 185.072 56.048 7.5
      vertex 185.072 56.048 12.5
    endloop
  endfacet
  facet normal 0.947013 0.321194 0
    outer loop
      vertex 185.072 56.048 7.5
      vertex 185.198 55.6765 12.5
      vertex 185.198 55.6765 7.5
    endloop
  endfacet
  facet normal 0.555877 0.831265 -0
    outer loop
      vertex 184.126 57.2801 7.5
      vertex 183.8 57.4981 12.5
      vertex 184.126 57.2801 12.5
    endloop
  endfacet
  facet normal 0.555877 0.831265 0
    outer loop
      vertex 183.8 57.4981 12.5
      vertex 184.126 57.2801 7.5
      vertex 183.8 57.4981 7.5
    endloop
  endfacet
  facet normal -0.195379 0.980728 0
    outer loop
      vertex 181.908 57.8743 7.5
      vertex 181.524 57.7978 12.5
      vertex 181.908 57.8743 12.5
    endloop
  endfacet
  facet normal -0.195379 0.980728 0
    outer loop
      vertex 181.524 57.7978 12.5
      vertex 181.908 57.8743 7.5
      vertex 181.524 57.7978 7.5
    endloop
  endfacet
  facet normal 0.321264 -0.94699 0
    outer loop
      vertex 183.076 52.0022 7.5
      vertex 183.448 52.1284 12.5
      vertex 183.076 52.0022 12.5
    endloop
  endfacet
  facet normal 0.321264 -0.94699 0
    outer loop
      vertex 183.448 52.1284 12.5
      vertex 183.076 52.0022 7.5
      vertex 183.448 52.1284 7.5
    endloop
  endfacet
  facet normal 0.44211 0.896961 -0
    outer loop
      vertex 183.8 57.4981 7.5
      vertex 183.448 57.6716 12.5
      vertex 183.8 57.4981 12.5
    endloop
  endfacet
  facet normal 0.44211 0.896961 0
    outer loop
      vertex 183.448 57.6716 12.5
      vertex 183.8 57.4981 7.5
      vertex 183.448 57.6716 7.5
    endloop
  endfacet
  facet normal 0.0654208 -0.997858 0
    outer loop
      vertex 182.3 51.9 7.5
      vertex 182.692 51.9257 12.5
      vertex 182.3 51.9 12.5
    endloop
  endfacet
  facet normal 0.0654208 -0.997858 0
    outer loop
      vertex 182.692 51.9257 12.5
      vertex 182.3 51.9 7.5
      vertex 182.692 51.9257 7.5
    endloop
  endfacet
  facet normal -0.0654208 0.997858 0
    outer loop
      vertex 182.3 57.9 7.5
      vertex 181.908 57.8743 12.5
      vertex 182.3 57.9 12.5
    endloop
  endfacet
  facet normal -0.0654208 0.997858 0
    outer loop
      vertex 181.908 57.8743 12.5
      vertex 182.3 57.9 7.5
      vertex 181.908 57.8743 7.5
    endloop
  endfacet
  facet normal 0.981058 -0.193714 0
    outer loop
      vertex 185.198 54.1235 12.5
      vertex 185.274 54.5084 7.5
      vertex 185.274 54.5084 12.5
    endloop
  endfacet
  facet normal 0.981058 -0.193714 0
    outer loop
      vertex 185.274 54.5084 7.5
      vertex 185.198 54.1235 12.5
      vertex 185.198 54.1235 7.5
    endloop
  endfacet
  facet normal 0.195379 -0.980728 0
    outer loop
      vertex 182.692 51.9257 7.5
      vertex 183.076 52.0022 12.5
      vertex 182.692 51.9257 12.5
    endloop
  endfacet
  facet normal 0.195379 -0.980728 0
    outer loop
      vertex 183.076 52.0022 12.5
      vertex 182.692 51.9257 7.5
      vertex 183.076 52.0022 7.5
    endloop
  endfacet
  facet normal -0.44211 0.896961 0
    outer loop
      vertex 181.152 57.6716 7.5
      vertex 180.8 57.4981 12.5
      vertex 181.152 57.6716 12.5
    endloop
  endfacet
  facet normal -0.44211 0.896961 0
    outer loop
      vertex 180.8 57.4981 12.5
      vertex 181.152 57.6716 7.5
      vertex 180.8 57.4981 7.5
    endloop
  endfacet
  facet normal 0.659478 -0.751724 0
    outer loop
      vertex 184.126 52.5199 7.5
      vertex 184.421 52.7787 12.5
      vertex 184.126 52.5199 12.5
    endloop
  endfacet
  facet normal 0.659478 -0.751724 0
    outer loop
      vertex 184.421 52.7787 12.5
      vertex 184.126 52.5199 7.5
      vertex 184.421 52.7787 7.5
    endloop
  endfacet
  facet normal -0.321264 0.94699 0
    outer loop
      vertex 181.524 57.7978 7.5
      vertex 181.152 57.6716 12.5
      vertex 181.524 57.7978 12.5
    endloop
  endfacet
  facet normal -0.321264 0.94699 0
    outer loop
      vertex 181.152 57.6716 12.5
      vertex 181.524 57.7978 7.5
      vertex 181.152 57.6716 7.5
    endloop
  endfacet
  facet normal -0.896405 -0.443235 0
    outer loop
      vertex 179.702 53.4 7.5
      vertex 179.528 53.7519 12.5
      vertex 179.528 53.7519 7.5
    endloop
  endfacet
  facet normal -0.896405 -0.443235 0
    outer loop
      vertex 179.528 53.7519 12.5
      vertex 179.702 53.4 7.5
      vertex 179.702 53.4 12.5
    endloop
  endfacet
  facet normal 0.831501 -0.555523 0
    outer loop
      vertex 184.68 53.0737 12.5
      vertex 184.898 53.4 7.5
      vertex 184.898 53.4 12.5
    endloop
  endfacet
  facet normal 0.831501 -0.555523 0
    outer loop
      vertex 184.898 53.4 7.5
      vertex 184.68 53.0737 12.5
      vertex 184.68 53.0737 7.5
    endloop
  endfacet
  facet normal 0.0654208 0.997858 -0
    outer loop
      vertex 182.692 57.8743 7.5
      vertex 182.3 57.9 12.5
      vertex 182.692 57.8743 12.5
    endloop
  endfacet
  facet normal 0.0654208 0.997858 0
    outer loop
      vertex 182.3 57.9 12.5
      vertex 182.692 57.8743 7.5
      vertex 182.3 57.9 7.5
    endloop
  endfacet
  facet normal 0.94704 -0.321117 0
    outer loop
      vertex 185.072 53.7519 12.5
      vertex 185.198 54.1235 7.5
      vertex 185.198 54.1235 12.5
    endloop
  endfacet
  facet normal 0.94704 -0.321117 0
    outer loop
      vertex 185.198 54.1235 7.5
      vertex 185.072 53.7519 12.5
      vertex 185.072 53.7519 7.5
    endloop
  endfacet
  facet normal -0.981058 0.193714 0
    outer loop
      vertex 179.326 55.2916 7.5
      vertex 179.402 55.6765 12.5
      vertex 179.402 55.6765 7.5
    endloop
  endfacet
  facet normal -0.981058 0.193714 0
    outer loop
      vertex 179.402 55.6765 12.5
      vertex 179.326 55.2916 7.5
      vertex 179.326 55.2916 12.5
    endloop
  endfacet
  facet normal -0.659478 0.751724 0
    outer loop
      vertex 180.474 57.2801 7.5
      vertex 180.179 57.0213 12.5
      vertex 180.474 57.2801 12.5
    endloop
  endfacet
  facet normal -0.659478 0.751724 0
    outer loop
      vertex 180.179 57.0213 12.5
      vertex 180.474 57.2801 7.5
      vertex 180.179 57.0213 7.5
    endloop
  endfacet
  facet normal -0.555877 0.831265 0
    outer loop
      vertex 180.8 57.4981 7.5
      vertex 180.474 57.2801 12.5
      vertex 180.8 57.4981 12.5
    endloop
  endfacet
  facet normal -0.555877 0.831265 0
    outer loop
      vertex 180.474 57.2801 12.5
      vertex 180.8 57.4981 7.5
      vertex 180.474 57.2801 7.5
    endloop
  endfacet
  facet normal -0.997803 0.0662484 0
    outer loop
      vertex 179.3 54.9 7.5
      vertex 179.326 55.2916 12.5
      vertex 179.326 55.2916 7.5
    endloop
  endfacet
  facet normal -0.997803 0.0662484 0
    outer loop
      vertex 179.326 55.2916 12.5
      vertex 179.3 54.9 7.5
      vertex 179.3 54.9 12.5
    endloop
  endfacet
  facet normal 0.555877 -0.831265 0
    outer loop
      vertex 183.8 52.3019 7.5
      vertex 184.126 52.5199 12.5
      vertex 183.8 52.3019 12.5
    endloop
  endfacet
  facet normal 0.555877 -0.831265 0
    outer loop
      vertex 184.126 52.5199 12.5
      vertex 183.8 52.3019 7.5
      vertex 184.126 52.5199 7.5
    endloop
  endfacet
  facet normal -0.751471 -0.659766 0
    outer loop
      vertex 180.179 52.7787 7.5
      vertex 179.92 53.0737 12.5
      vertex 179.92 53.0737 7.5
    endloop
  endfacet
  facet normal -0.751471 -0.659766 0
    outer loop
      vertex 179.92 53.0737 12.5
      vertex 180.179 52.7787 7.5
      vertex 180.179 52.7787 12.5
    endloop
  endfacet
  facet normal -0.659478 -0.751724 0
    outer loop
      vertex 180.179 52.7787 7.5
      vertex 180.474 52.5199 12.5
      vertex 180.179 52.7787 12.5
    endloop
  endfacet
  facet normal -0.659478 -0.751724 -0
    outer loop
      vertex 180.474 52.5199 12.5
      vertex 180.179 52.7787 7.5
      vertex 180.474 52.5199 7.5
    endloop
  endfacet
  facet normal -0.195379 -0.980728 0
    outer loop
      vertex 181.524 52.0022 7.5
      vertex 181.908 51.9257 12.5
      vertex 181.524 52.0022 12.5
    endloop
  endfacet
  facet normal -0.195379 -0.980728 -0
    outer loop
      vertex 181.908 51.9257 12.5
      vertex 181.524 52.0022 7.5
      vertex 181.908 51.9257 7.5
    endloop
  endfacet
  facet normal 0 0 1
    outer loop
      vertex 183.6 54.9 12.5
      vertex 185.3 54.9 12.5
      vertex 185.274 55.2916 12.5
    endloop
  endfacet
  facet normal 0 0 1
    outer loop
      vertex 183.589 55.0697 12.5
      vertex 185.274 55.2916 12.5
      vertex 185.198 55.6765 12.5
    endloop
  endfacet
  facet normal 0 0 1
    outer loop
      vertex 185.3 54.9 12.5
      vertex 183.6 54.9 12.5
      vertex 185.274 54.5084 12.5
    endloop
  endfacet
  facet normal 0 0 1
    outer loop
      vertex 183.556 55.2365 12.5
      vertex 185.198 55.6765 12.5
      vertex 185.072 56.048 12.5
    endloop
  endfacet
  facet normal -0 0 1
    outer loop
      vertex 183.589 54.7303 12.5
      vertex 185.274 54.5084 12.5
      vertex 183.6 54.9 12.5
    endloop
  endfacet
  facet normal 0 0 1
    outer loop
      vertex 183.501 55.3975 12.5
      vertex 185.072 56.048 12.5
      vertex 184.898 56.4 12.5
    endloop
  endfacet
  facet normal 0 0 1
    outer loop
      vertex 185.274 54.5084 12.5
      vertex 183.589 54.7303 12.5
      vertex 185.198 54.1235 12.5
    endloop
  endfacet
  facet normal 0 0 1
    outer loop
      vertex 183.426 55.55 12.5
      vertex 184.898 56.4 12.5
      vertex 184.68 56.7263 12.5
    endloop
  endfacet
  facet normal -0 0 1
    outer loop
      vertex 183.556 54.5635 12.5
      vertex 185.198 54.1235 12.5
      vertex 183.589 54.7303 12.5
    endloop
  endfacet
  facet normal 0 0 1
    outer loop
      vertex 183.331 55.6914 12.5
      vertex 184.68 56.7263 12.5
      vertex 184.421 57.0213 12.5
    endloop
  endfacet
  facet normal 0 0 1
    outer loop
      vertex 185.198 54.1235 12.5
      vertex 183.556 54.5635 12.5
      vertex 185.072 53.7519 12.5
    endloop
  endfacet
  facet normal 0 0 1
    outer loop
      vertex 183.219 55.8192 12.5
      vertex 184.421 57.0213 12.5
      vertex 184.126 57.2801 12.5
    endloop
  endfacet
  facet normal -0 0 1
    outer loop
      vertex 183.501 54.4025 12.5
      vertex 185.072 53.7519 12.5
      vertex 183.556 54.5635 12.5
    endloop
  endfacet
  facet normal 0 0 1
    outer loop
      vertex 183.091 55.9314 12.5
      vertex 184.126 57.2801 12.5
      vertex 183.8 57.4981 12.5
    endloop
  endfacet
  facet normal 0 0 1
    outer loop
      vertex 185.072 53.7519 12.5
      vertex 183.501 54.4025 12.5
      vertex 184.898 53.4 12.5
    endloop
  endfacet
  facet normal -0 0 1
    outer loop
      vertex 183.426 54.25 12.5
      vertex 184.898 53.4 12.5
      vertex 183.501 54.4025 12.5
    endloop
  endfacet
  facet normal 0 0 1
    outer loop
      vertex 185.274 55.2916 12.5
      vertex 183.589 55.0697 12.5
      vertex 183.6 54.9 12.5
    endloop
  endfacet
  facet normal 0 0 1
    outer loop
      vertex 185.198 55.6765 12.5
      vertex 183.556 55.2365 12.5
      vertex 183.589 55.0697 12.5
    endloop
  endfacet
  facet normal 0 0 1
    outer loop
      vertex 185.072 56.048 12.5
      vertex 183.501 55.3975 12.5
      vertex 183.556 55.2365 12.5
    endloop
  endfacet
  facet normal 0 0 1
    outer loop
      vertex 182.95 56.0258 12.5
      vertex 183.8 57.4981 12.5
      vertex 183.448 57.6716 12.5
    endloop
  endfacet
  facet normal 0 0 1
    outer loop
      vertex 184.898 56.4 12.5
      vertex 183.426 55.55 12.5
      vertex 183.501 55.3975 12.5
    endloop
  endfacet
  facet normal 0 0 1
    outer loop
      vertex 184.68 56.7263 12.5
      vertex 183.331 55.6914 12.5
      vertex 183.426 55.55 12.5
    endloop
  endfacet
  facet normal 0 0 1
    outer loop
      vertex 184.421 57.0213 12.5
      vertex 183.219 55.8192 12.5
      vertex 183.331 55.6914 12.5
    endloop
  endfacet
  facet normal 0 0 1
    outer loop
      vertex 184.126 57.2801 12.5
      vertex 183.091 55.9314 12.5
      vertex 183.219 55.8192 12.5
    endloop
  endfacet
  facet normal 0 0 1
    outer loop
      vertex 182.797 56.101 12.5
      vertex 183.448 57.6716 12.5
      vertex 183.076 57.7978 12.5
    endloop
  endfacet
  facet normal 0 0 1
    outer loop
      vertex 183.8 57.4981 12.5
      vertex 182.95 56.0258 12.5
      vertex 183.091 55.9314 12.5
    endloop
  endfacet
  facet normal 0 0 1
    outer loop
      vertex 183.448 57.6716 12.5
      vertex 182.797 56.101 12.5
      vertex 182.95 56.0258 12.5
    endloop
  endfacet
  facet normal 0 0 1
    outer loop
      vertex 182.636 56.1557 12.5
      vertex 183.076 57.7978 12.5
      vertex 182.692 57.8743 12.5
    endloop
  endfacet
  facet normal 0 0 1
    outer loop
      vertex 183.076 57.7978 12.5
      vertex 182.636 56.1557 12.5
      vertex 182.797 56.101 12.5
    endloop
  endfacet
  facet normal 0 0 1
    outer loop
      vertex 182.692 57.8743 12.5
      vertex 182.47 56.1889 12.5
      vertex 182.636 56.1557 12.5
    endloop
  endfacet
  facet normal 0 0 1
    outer loop
      vertex 182.3 57.9 12.5
      vertex 182.47 56.1889 12.5
      vertex 182.692 57.8743 12.5
    endloop
  endfacet
  facet normal 0 0 1
    outer loop
      vertex 182.3 57.9 12.5
      vertex 182.3 56.2 12.5
      vertex 182.47 56.1889 12.5
    endloop
  endfacet
  facet normal 0 0 1
    outer loop
      vertex 182.3 57.9 12.5
      vertex 182.13 56.1889 12.5
      vertex 182.3 56.2 12.5
    endloop
  endfacet
  facet normal -0 0 1
    outer loop
      vertex 181.908 57.8743 12.5
      vertex 182.13 56.1889 12.5
      vertex 182.3 57.9 12.5
    endloop
  endfacet
  facet normal 0 0 1
    outer loop
      vertex 182.13 56.1889 12.5
      vertex 181.908 57.8743 12.5
      vertex 181.964 56.1557 12.5
    endloop
  endfacet
  facet normal -0 0 1
    outer loop
      vertex 181.524 57.7978 12.5
      vertex 181.964 56.1557 12.5
      vertex 181.908 57.8743 12.5
    endloop
  endfacet
  facet normal 0 0 1
    outer loop
      vertex 181.964 56.1557 12.5
      vertex 181.524 57.7978 12.5
      vertex 181.803 56.101 12.5
    endloop
  endfacet
  facet normal -0 0 1
    outer loop
      vertex 181.152 57.6716 12.5
      vertex 181.803 56.101 12.5
      vertex 181.524 57.7978 12.5
    endloop
  endfacet
  facet normal 0 0 1
    outer loop
      vertex 181.803 56.101 12.5
      vertex 181.152 57.6716 12.5
      vertex 181.65 56.0258 12.5
    endloop
  endfacet
  facet normal -0 0 1
    outer loop
      vertex 180.8 57.4981 12.5
      vertex 181.65 56.0258 12.5
      vertex 181.152 57.6716 12.5
    endloop
  endfacet
  facet normal 0 0 1
    outer loop
      vertex 181.65 56.0258 12.5
      vertex 180.8 57.4981 12.5
      vertex 181.509 55.9314 12.5
    endloop
  endfacet
  facet normal -0 0 1
    outer loop
      vertex 180.474 57.2801 12.5
      vertex 181.509 55.9314 12.5
      vertex 180.8 57.4981 12.5
    endloop
  endfacet
  facet normal 0 0 1
    outer loop
      vertex 181.509 55.9314 12.5
      vertex 180.474 57.2801 12.5
      vertex 181.381 55.8192 12.5
    endloop
  endfacet
  facet normal -0 0 1
    outer loop
      vertex 180.179 57.0213 12.5
      vertex 181.381 55.8192 12.5
      vertex 180.474 57.2801 12.5
    endloop
  endfacet
  facet normal 0 0 1
    outer loop
      vertex 181.381 55.8192 12.5
      vertex 180.179 57.0213 12.5
      vertex 181.269 55.6914 12.5
    endloop
  endfacet
  facet normal -0 0 1
    outer loop
      vertex 179.92 56.7263 12.5
      vertex 181.269 55.6914 12.5
      vertex 180.179 57.0213 12.5
    endloop
  endfacet
  facet normal 0 0 1
    outer loop
      vertex 181.269 55.6914 12.5
      vertex 179.92 56.7263 12.5
      vertex 181.174 55.55 12.5
    endloop
  endfacet
  facet normal -0 0 1
    outer loop
      vertex 179.702 56.4 12.5
      vertex 181.174 55.55 12.5
      vertex 179.92 56.7263 12.5
    endloop
  endfacet
  facet normal 0 0 1
    outer loop
      vertex 184.898 53.4 12.5
      vertex 183.426 54.25 12.5
      vertex 184.68 53.0737 12.5
    endloop
  endfacet
  facet normal -0 0 1
    outer loop
      vertex 183.331 54.1086 12.5
      vertex 184.68 53.0737 12.5
      vertex 183.426 54.25 12.5
    endloop
  endfacet
  facet normal 0 0 1
    outer loop
      vertex 184.68 53.0737 12.5
      vertex 183.331 54.1086 12.5
      vertex 184.421 52.7787 12.5
    endloop
  endfacet
  facet normal -0 0 1
    outer loop
      vertex 183.219 53.9808 12.5
      vertex 184.421 52.7787 12.5
      vertex 183.331 54.1086 12.5
    endloop
  endfacet
  facet normal 0 0 1
    outer loop
      vertex 184.421 52.7787 12.5
      vertex 183.219 53.9808 12.5
      vertex 184.126 52.5199 12.5
    endloop
  endfacet
  facet normal -0 0 1
    outer loop
      vertex 183.091 53.8686 12.5
      vertex 184.126 52.5199 12.5
      vertex 183.219 53.9808 12.5
    endloop
  endfacet
  facet normal 0 0 1
    outer loop
      vertex 184.126 52.5199 12.5
      vertex 183.091 53.8686 12.5
      vertex 183.8 52.3019 12.5
    endloop
  endfacet
  facet normal -0 0 1
    outer loop
      vertex 182.95 53.7742 12.5
      vertex 183.8 52.3019 12.5
      vertex 183.091 53.8686 12.5
    endloop
  endfacet
  facet normal 0 0 1
    outer loop
      vertex 183.8 52.3019 12.5
      vertex 182.95 53.7742 12.5
      vertex 183.448 52.1284 12.5
    endloop
  endfacet
  facet normal -0 0 1
    outer loop
      vertex 182.797 53.699 12.5
      vertex 183.448 52.1284 12.5
      vertex 182.95 53.7742 12.5
    endloop
  endfacet
  facet normal 0 0 1
    outer loop
      vertex 183.448 52.1284 12.5
      vertex 182.797 53.699 12.5
      vertex 183.076 52.0022 12.5
    endloop
  endfacet
  facet normal -0 0 1
    outer loop
      vertex 182.636 53.6443 12.5
      vertex 183.076 52.0022 12.5
      vertex 182.797 53.699 12.5
    endloop
  endfacet
  facet normal 0 0 1
    outer loop
      vertex 183.076 52.0022 12.5
      vertex 182.636 53.6443 12.5
      vertex 182.692 51.9257 12.5
    endloop
  endfacet
  facet normal -0 0 1
    outer loop
      vertex 182.47 53.6111 12.5
      vertex 182.692 51.9257 12.5
      vertex 182.636 53.6443 12.5
    endloop
  endfacet
  facet normal -0 0 1
    outer loop
      vertex 182.3 53.6 12.5
      vertex 182.692 51.9257 12.5
      vertex 182.47 53.6111 12.5
    endloop
  endfacet
  facet normal 0 0 1
    outer loop
      vertex 182.3 53.6 12.5
      vertex 182.3 51.9 12.5
      vertex 182.692 51.9257 12.5
    endloop
  endfacet
  facet normal 0 0 1
    outer loop
      vertex 182.13 53.6111 12.5
      vertex 182.3 51.9 12.5
      vertex 182.3 53.6 12.5
    endloop
  endfacet
  facet normal 0 0 1
    outer loop
      vertex 181.908 51.9257 12.5
      vertex 182.13 53.6111 12.5
      vertex 181.964 53.6443 12.5
    endloop
  endfacet
  facet normal 0 0 1
    outer loop
      vertex 182.13 53.6111 12.5
      vertex 181.908 51.9257 12.5
      vertex 182.3 51.9 12.5
    endloop
  endfacet
  facet normal 0 0 1
    outer loop
      vertex 181.524 52.0022 12.5
      vertex 181.964 53.6443 12.5
      vertex 181.803 53.699 12.5
    endloop
  endfacet
  facet normal 0 0 1
    outer loop
      vertex 181.152 52.1284 12.5
      vertex 181.803 53.699 12.5
      vertex 181.65 53.7742 12.5
    endloop
  endfacet
  facet normal 0 0 1
    outer loop
      vertex 181.964 53.6443 12.5
      vertex 181.524 52.0022 12.5
      vertex 181.908 51.9257 12.5
    endloop
  endfacet
  facet normal 0 0 1
    outer loop
      vertex 180.8 52.3019 12.5
      vertex 181.65 53.7742 12.5
      vertex 181.509 53.8686 12.5
    endloop
  endfacet
  facet normal 0 0 1
    outer loop
      vertex 180.474 52.5199 12.5
      vertex 181.509 53.8686 12.5
      vertex 181.381 53.9808 12.5
    endloop
  endfacet
  facet normal 0 0 1
    outer loop
      vertex 180.179 52.7787 12.5
      vertex 181.381 53.9808 12.5
      vertex 181.269 54.1086 12.5
    endloop
  endfacet
  facet normal 0 0 1
    outer loop
      vertex 179.92 53.0737 12.5
      vertex 181.269 54.1086 12.5
      vertex 181.174 54.25 12.5
    endloop
  endfacet
  facet normal 0 0 1
    outer loop
      vertex 181.803 53.699 12.5
      vertex 181.152 52.1284 12.5
      vertex 181.524 52.0022 12.5
    endloop
  endfacet
  facet normal 0 0 1
    outer loop
      vertex 179.702 53.4 12.5
      vertex 181.174 54.25 12.5
      vertex 181.099 54.4025 12.5
    endloop
  endfacet
  facet normal 0 0 1
    outer loop
      vertex 179.528 53.7519 12.5
      vertex 181.099 54.4025 12.5
      vertex 181.044 54.5635 12.5
    endloop
  endfacet
  facet normal 0 0 1
    outer loop
      vertex 179.402 54.1235 12.5
      vertex 181.044 54.5635 12.5
      vertex 181.011 54.7303 12.5
    endloop
  endfacet
  facet normal 0 0 1
    outer loop
      vertex 179.326 54.5084 12.5
      vertex 181.011 54.7303 12.5
      vertex 181 54.9 12.5
    endloop
  endfacet
  facet normal 0 0 1
    outer loop
      vertex 181.174 55.55 12.5
      vertex 179.702 56.4 12.5
      vertex 181.099 55.3975 12.5
    endloop
  endfacet
  facet normal 0 0 1
    outer loop
      vertex 181.65 53.7742 12.5
      vertex 180.8 52.3019 12.5
      vertex 181.152 52.1284 12.5
    endloop
  endfacet
  facet normal -0 0 1
    outer loop
      vertex 179.528 56.048 12.5
      vertex 181.099 55.3975 12.5
      vertex 179.702 56.4 12.5
    endloop
  endfacet
  facet normal 0 0 1
    outer loop
      vertex 181.509 53.8686 12.5
      vertex 180.474 52.5199 12.5
      vertex 180.8 52.3019 12.5
    endloop
  endfacet
  facet normal 0 0 1
    outer loop
      vertex 181.099 55.3975 12.5
      vertex 179.528 56.048 12.5
      vertex 181.044 55.2365 12.5
    endloop
  endfacet
  facet normal 0 0 1
    outer loop
      vertex 181.381 53.9808 12.5
      vertex 180.179 52.7787 12.5
      vertex 180.474 52.5199 12.5
    endloop
  endfacet
  facet normal -0 0 1
    outer loop
      vertex 179.402 55.6765 12.5
      vertex 181.044 55.2365 12.5
      vertex 179.528 56.048 12.5
    endloop
  endfacet
  facet normal 0 0 1
    outer loop
      vertex 181.269 54.1086 12.5
      vertex 179.92 53.0737 12.5
      vertex 180.179 52.7787 12.5
    endloop
  endfacet
  facet normal 0 0 1
    outer loop
      vertex 181.044 55.2365 12.5
      vertex 179.402 55.6765 12.5
      vertex 181.011 55.0697 12.5
    endloop
  endfacet
  facet normal 0 0 1
    outer loop
      vertex 181.174 54.25 12.5
      vertex 179.702 53.4 12.5
      vertex 179.92 53.0737 12.5
    endloop
  endfacet
  facet normal -0 0 1
    outer loop
      vertex 179.326 55.2916 12.5
      vertex 181.011 55.0697 12.5
      vertex 179.402 55.6765 12.5
    endloop
  endfacet
  facet normal 0 0 1
    outer loop
      vertex 181.099 54.4025 12.5
      vertex 179.528 53.7519 12.5
      vertex 179.702 53.4 12.5
    endloop
  endfacet
  facet normal 0 0 1
    outer loop
      vertex 181.011 55.0697 12.5
      vertex 179.326 55.2916 12.5
      vertex 181 54.9 12.5
    endloop
  endfacet
  facet normal 0 0 1
    outer loop
      vertex 181.044 54.5635 12.5
      vertex 179.402 54.1235 12.5
      vertex 179.528 53.7519 12.5
    endloop
  endfacet
  facet normal 0 0 1
    outer loop
      vertex 179.3 54.9 12.5
      vertex 181 54.9 12.5
      vertex 179.326 55.2916 12.5
    endloop
  endfacet
  facet normal 0 0 1
    outer loop
      vertex 181.011 54.7303 12.5
      vertex 179.326 54.5084 12.5
      vertex 179.402 54.1235 12.5
    endloop
  endfacet
  facet normal 0 0 1
    outer loop
      vertex 181 54.9 12.5
      vertex 179.3 54.9 12.5
      vertex 179.326 54.5084 12.5
    endloop
  endfacet
  facet normal 0.196116 0.980581 -0
    outer loop
      vertex 182.13 53.6111 8.49
      vertex 181.964 53.6443 12.5
      vertex 182.13 53.6111 12.5
    endloop
  endfacet
  facet normal 0.196116 0.980581 0
    outer loop
      vertex 181.964 53.6443 12.5
      vertex 182.13 53.6111 8.49
      vertex 181.964 53.6443 8.49
    endloop
  endfacet
  facet normal -0.196116 -0.980581 0
    outer loop
      vertex 182.47 56.1889 8.49
      vertex 182.636 56.1557 12.5
      vertex 182.47 56.1889 12.5
    endloop
  endfacet
  facet normal -0.196116 -0.980581 -0
    outer loop
      vertex 182.636 56.1557 12.5
      vertex 182.47 56.1889 8.49
      vertex 182.636 56.1557 8.49
    endloop
  endfacet
  facet normal -0.752066 -0.659088 0
    outer loop
      vertex 183.331 55.6914 8.49
      vertex 183.219 55.8192 12.5
      vertex 183.219 55.8192 8.49
    endloop
  endfacet
  facet normal -0.752066 -0.659088 0
    outer loop
      vertex 183.219 55.8192 12.5
      vertex 183.331 55.6914 8.49
      vertex 183.331 55.6914 12.5
    endloop
  endfacet
  facet normal 0.946306 0.323272 0
    outer loop
      vertex 181.099 54.4025 12.5
      vertex 181.044 54.5635 8.49
      vertex 181.044 54.5635 12.5
    endloop
  endfacet
  facet normal 0.946306 0.323272 0
    outer loop
      vertex 181.044 54.5635 8.49
      vertex 181.099 54.4025 12.5
      vertex 181.099 54.4025 8.49
    endloop
  endfacet
  facet normal -0.997906 -0.0646845 0
    outer loop
      vertex 183.6 54.9 8.49
      vertex 183.589 55.0697 12.5
      vertex 183.589 55.0697 8.49
    endloop
  endfacet
  facet normal -0.997906 -0.0646845 0
    outer loop
      vertex 183.589 55.0697 12.5
      vertex 183.6 54.9 8.49
      vertex 183.6 54.9 12.5
    endloop
  endfacet
  facet normal -0.997906 0.0646845 0
    outer loop
      vertex 183.589 54.7303 8.49
      vertex 183.6 54.9 12.5
      vertex 183.6 54.9 8.49
    endloop
  endfacet
  facet normal -0.997906 0.0646845 0
    outer loop
      vertex 183.6 54.9 12.5
      vertex 183.589 54.7303 8.49
      vertex 183.589 54.7303 12.5
    endloop
  endfacet
  facet normal -0.946306 -0.323272 0
    outer loop
      vertex 183.556 55.2365 8.49
      vertex 183.501 55.3975 12.5
      vertex 183.501 55.3975 8.49
    endloop
  endfacet
  facet normal -0.946306 -0.323272 0
    outer loop
      vertex 183.501 55.3975 12.5
      vertex 183.556 55.2365 8.49
      vertex 183.556 55.2365 12.5
    endloop
  endfacet
  facet normal -0.556331 -0.830961 0
    outer loop
      vertex 182.95 56.0258 8.49
      vertex 183.091 55.9314 12.5
      vertex 182.95 56.0258 12.5
    endloop
  endfacet
  facet normal -0.556331 -0.830961 -0
    outer loop
      vertex 183.091 55.9314 12.5
      vertex 182.95 56.0258 8.49
      vertex 183.091 55.9314 8.49
    endloop
  endfacet
  facet normal -0.89735 -0.44132 0
    outer loop
      vertex 183.501 55.3975 8.49
      vertex 183.426 55.55 12.5
      vertex 183.426 55.55 8.49
    endloop
  endfacet
  facet normal -0.89735 -0.44132 0
    outer loop
      vertex 183.426 55.55 12.5
      vertex 183.501 55.3975 8.49
      vertex 183.501 55.3975 12.5
    endloop
  endfacet
  facet normal 0.65917 -0.751994 0
    outer loop
      vertex 181.381 55.8192 8.49
      vertex 181.509 55.9314 12.5
      vertex 181.381 55.8192 12.5
    endloop
  endfacet
  facet normal 0.65917 -0.751994 0
    outer loop
      vertex 181.509 55.9314 12.5
      vertex 181.381 55.8192 8.49
      vertex 181.509 55.9314 8.49
    endloop
  endfacet
  facet normal 0.556331 0.830961 -0
    outer loop
      vertex 181.65 53.7742 8.49
      vertex 181.509 53.8686 12.5
      vertex 181.65 53.7742 12.5
    endloop
  endfacet
  facet normal 0.556331 0.830961 0
    outer loop
      vertex 181.509 53.8686 12.5
      vertex 181.65 53.7742 8.49
      vertex 181.509 53.8686 8.49
    endloop
  endfacet
  facet normal 0.752066 -0.659088 0
    outer loop
      vertex 181.269 55.6914 12.5
      vertex 181.381 55.8192 8.49
      vertex 181.381 55.8192 12.5
    endloop
  endfacet
  facet normal 0.752066 -0.659088 0
    outer loop
      vertex 181.381 55.8192 8.49
      vertex 181.269 55.6914 12.5
      vertex 181.269 55.6914 8.49
    endloop
  endfacet
  facet normal 0.321692 0.946844 -0
    outer loop
      vertex 181.964 53.6443 8.49
      vertex 181.803 53.699 12.5
      vertex 181.964 53.6443 12.5
    endloop
  endfacet
  facet normal 0.321692 0.946844 0
    outer loop
      vertex 181.803 53.699 12.5
      vertex 181.964 53.6443 8.49
      vertex 181.803 53.699 8.49
    endloop
  endfacet
  facet normal 0.830058 0.557677 0
    outer loop
      vertex 181.269 54.1086 12.5
      vertex 181.174 54.25 8.49
      vertex 181.174 54.25 12.5
    endloop
  endfacet
  facet normal 0.830058 0.557677 0
    outer loop
      vertex 181.174 54.25 8.49
      vertex 181.269 54.1086 12.5
      vertex 181.269 54.1086 8.49
    endloop
  endfacet
  facet normal 0.441103 -0.897457 0
    outer loop
      vertex 181.65 56.0258 8.49
      vertex 181.803 56.101 12.5
      vertex 181.65 56.0258 12.5
    endloop
  endfacet
  facet normal 0.441103 -0.897457 0
    outer loop
      vertex 181.803 56.101 12.5
      vertex 181.65 56.0258 8.49
      vertex 181.803 56.101 8.49
    endloop
  endfacet
  facet normal -0.0651554 0.997875 0
    outer loop
      vertex 182.47 53.6111 8.49
      vertex 182.3 53.6 12.5
      vertex 182.47 53.6111 12.5
    endloop
  endfacet
  facet normal -0.0651554 0.997875 0
    outer loop
      vertex 182.3 53.6 12.5
      vertex 182.47 53.6111 8.49
      vertex 182.3 53.6 8.49
    endloop
  endfacet
  facet normal -0.89735 0.44132 0
    outer loop
      vertex 183.426 54.25 8.49
      vertex 183.501 54.4025 12.5
      vertex 183.501 54.4025 8.49
    endloop
  endfacet
  facet normal -0.89735 0.44132 0
    outer loop
      vertex 183.501 54.4025 12.5
      vertex 183.426 54.25 8.49
      vertex 183.426 54.25 12.5
    endloop
  endfacet
  facet normal -0.830058 -0.557677 0
    outer loop
      vertex 183.426 55.55 8.49
      vertex 183.331 55.6914 12.5
      vertex 183.331 55.6914 8.49
    endloop
  endfacet
  facet normal -0.830058 -0.557677 0
    outer loop
      vertex 183.331 55.6914 12.5
      vertex 183.426 55.55 8.49
      vertex 183.426 55.55 12.5
    endloop
  endfacet
  facet normal -0.830058 0.557677 0
    outer loop
      vertex 183.331 54.1086 8.49
      vertex 183.426 54.25 12.5
      vertex 183.426 54.25 8.49
    endloop
  endfacet
  facet normal -0.830058 0.557677 0
    outer loop
      vertex 183.426 54.25 12.5
      vertex 183.331 54.1086 8.49
      vertex 183.331 54.1086 12.5
    endloop
  endfacet
  facet normal -0.980986 -0.19408 0
    outer loop
      vertex 183.589 55.0697 8.49
      vertex 183.556 55.2365 12.5
      vertex 183.556 55.2365 8.49
    endloop
  endfacet
  facet normal -0.980986 -0.19408 0
    outer loop
      vertex 183.556 55.2365 12.5
      vertex 183.589 55.0697 8.49
      vertex 183.589 55.0697 12.5
    endloop
  endfacet
  facet normal 0.997906 0.0646845 0
    outer loop
      vertex 181.011 54.7303 12.5
      vertex 181 54.9 8.49
      vertex 181 54.9 12.5
    endloop
  endfacet
  facet normal 0.997906 0.0646845 0
    outer loop
      vertex 181 54.9 8.49
      vertex 181.011 54.7303 12.5
      vertex 181.011 54.7303 8.49
    endloop
  endfacet
  facet normal -0.441103 -0.897457 0
    outer loop
      vertex 182.797 56.101 8.49
      vertex 182.95 56.0258 12.5
      vertex 182.797 56.101 12.5
    endloop
  endfacet
  facet normal -0.441103 -0.897457 -0
    outer loop
      vertex 182.95 56.0258 12.5
      vertex 182.797 56.101 8.49
      vertex 182.95 56.0258 8.49
    endloop
  endfacet
  facet normal -0.321692 0.946844 0
    outer loop
      vertex 182.797 53.699 8.49
      vertex 182.636 53.6443 12.5
      vertex 182.797 53.699 12.5
    endloop
  endfacet
  facet normal -0.321692 0.946844 0
    outer loop
      vertex 182.636 53.6443 12.5
      vertex 182.797 53.699 8.49
      vertex 182.636 53.6443 8.49
    endloop
  endfacet
  facet normal 0.830058 -0.557677 0
    outer loop
      vertex 181.174 55.55 12.5
      vertex 181.269 55.6914 8.49
      vertex 181.269 55.6914 12.5
    endloop
  endfacet
  facet normal 0.830058 -0.557677 0
    outer loop
      vertex 181.269 55.6914 8.49
      vertex 181.174 55.55 12.5
      vertex 181.174 55.55 8.49
    endloop
  endfacet
  facet normal -0.321692 -0.946844 0
    outer loop
      vertex 182.636 56.1557 8.49
      vertex 182.797 56.101 12.5
      vertex 182.636 56.1557 12.5
    endloop
  endfacet
  facet normal -0.321692 -0.946844 -0
    outer loop
      vertex 182.797 56.101 12.5
      vertex 182.636 56.1557 8.49
      vertex 182.797 56.101 8.49
    endloop
  endfacet
  facet normal -0.946306 0.323272 0
    outer loop
      vertex 183.501 54.4025 8.49
      vertex 183.556 54.5635 12.5
      vertex 183.556 54.5635 8.49
    endloop
  endfacet
  facet normal -0.946306 0.323272 0
    outer loop
      vertex 183.556 54.5635 12.5
      vertex 183.501 54.4025 8.49
      vertex 183.501 54.4025 12.5
    endloop
  endfacet
  facet normal 0.89735 -0.44132 0
    outer loop
      vertex 181.099 55.3975 12.5
      vertex 181.174 55.55 8.49
      vertex 181.174 55.55 12.5
    endloop
  endfacet
  facet normal 0.89735 -0.44132 0
    outer loop
      vertex 181.174 55.55 8.49
      vertex 181.099 55.3975 12.5
      vertex 181.099 55.3975 8.49
    endloop
  endfacet
  facet normal 0.196116 -0.980581 0
    outer loop
      vertex 181.964 56.1557 8.49
      vertex 182.13 56.1889 12.5
      vertex 181.964 56.1557 12.5
    endloop
  endfacet
  facet normal 0.196116 -0.980581 0
    outer loop
      vertex 182.13 56.1889 12.5
      vertex 181.964 56.1557 8.49
      vertex 182.13 56.1889 8.49
    endloop
  endfacet
  facet normal -0.196116 0.980581 0
    outer loop
      vertex 182.636 53.6443 8.49
      vertex 182.47 53.6111 12.5
      vertex 182.636 53.6443 12.5
    endloop
  endfacet
  facet normal -0.196116 0.980581 0
    outer loop
      vertex 182.47 53.6111 12.5
      vertex 182.636 53.6443 8.49
      vertex 182.47 53.6111 8.49
    endloop
  endfacet
  facet normal 0.946306 -0.323272 0
    outer loop
      vertex 181.044 55.2365 12.5
      vertex 181.099 55.3975 8.49
      vertex 181.099 55.3975 12.5
    endloop
  endfacet
  facet normal 0.946306 -0.323272 0
    outer loop
      vertex 181.099 55.3975 8.49
      vertex 181.044 55.2365 12.5
      vertex 181.044 55.2365 8.49
    endloop
  endfacet
  facet normal -0.556331 0.830961 0
    outer loop
      vertex 183.091 53.8686 8.49
      vertex 182.95 53.7742 12.5
      vertex 183.091 53.8686 12.5
    endloop
  endfacet
  facet normal -0.556331 0.830961 0
    outer loop
      vertex 182.95 53.7742 12.5
      vertex 183.091 53.8686 8.49
      vertex 182.95 53.7742 8.49
    endloop
  endfacet
  facet normal -0.65917 -0.751994 0
    outer loop
      vertex 183.091 55.9314 8.49
      vertex 183.219 55.8192 12.5
      vertex 183.091 55.9314 12.5
    endloop
  endfacet
  facet normal -0.65917 -0.751994 -0
    outer loop
      vertex 183.219 55.8192 12.5
      vertex 183.091 55.9314 8.49
      vertex 183.219 55.8192 8.49
    endloop
  endfacet
  facet normal 0.997906 -0.0646845 0
    outer loop
      vertex 181 54.9 12.5
      vertex 181.011 55.0697 8.49
      vertex 181.011 55.0697 12.5
    endloop
  endfacet
  facet normal 0.997906 -0.0646845 0
    outer loop
      vertex 181.011 55.0697 8.49
      vertex 181 54.9 12.5
      vertex 181 54.9 8.49
    endloop
  endfacet
  facet normal 0.321692 -0.946844 0
    outer loop
      vertex 181.803 56.101 8.49
      vertex 181.964 56.1557 12.5
      vertex 181.803 56.101 12.5
    endloop
  endfacet
  facet normal 0.321692 -0.946844 0
    outer loop
      vertex 181.964 56.1557 12.5
      vertex 181.803 56.101 8.49
      vertex 181.964 56.1557 8.49
    endloop
  endfacet
  facet normal 0.752066 0.659088 0
    outer loop
      vertex 181.381 53.9808 12.5
      vertex 181.269 54.1086 8.49
      vertex 181.269 54.1086 12.5
    endloop
  endfacet
  facet normal 0.752066 0.659088 0
    outer loop
      vertex 181.269 54.1086 8.49
      vertex 181.381 53.9808 12.5
      vertex 181.381 53.9808 8.49
    endloop
  endfacet
  facet normal -0.0651554 -0.997875 0
    outer loop
      vertex 182.3 56.2 8.49
      vertex 182.47 56.1889 12.5
      vertex 182.3 56.2 12.5
    endloop
  endfacet
  facet normal -0.0651554 -0.997875 -0
    outer loop
      vertex 182.47 56.1889 12.5
      vertex 182.3 56.2 8.49
      vertex 182.47 56.1889 8.49
    endloop
  endfacet
  facet normal -0.980986 0.19408 0
    outer loop
      vertex 183.556 54.5635 8.49
      vertex 183.589 54.7303 12.5
      vertex 183.589 54.7303 8.49
    endloop
  endfacet
  facet normal -0.980986 0.19408 0
    outer loop
      vertex 183.589 54.7303 12.5
      vertex 183.556 54.5635 8.49
      vertex 183.556 54.5635 12.5
    endloop
  endfacet
  facet normal 0.65917 0.751994 -0
    outer loop
      vertex 181.509 53.8686 8.49
      vertex 181.381 53.9808 12.5
      vertex 181.509 53.8686 12.5
    endloop
  endfacet
  facet normal 0.65917 0.751994 0
    outer loop
      vertex 181.381 53.9808 12.5
      vertex 181.509 53.8686 8.49
      vertex 181.381 53.9808 8.49
    endloop
  endfacet
  facet normal -0.65917 0.751994 0
    outer loop
      vertex 183.219 53.9808 8.49
      vertex 183.091 53.8686 12.5
      vertex 183.219 53.9808 12.5
    endloop
  endfacet
  facet normal -0.65917 0.751994 0
    outer loop
      vertex 183.091 53.8686 12.5
      vertex 183.219 53.9808 8.49
      vertex 183.091 53.8686 8.49
    endloop
  endfacet
  facet normal -0.752066 0.659088 0
    outer loop
      vertex 183.219 53.9808 8.49
      vertex 183.331 54.1086 12.5
      vertex 183.331 54.1086 8.49
    endloop
  endfacet
  facet normal -0.752066 0.659088 0
    outer loop
      vertex 183.331 54.1086 12.5
      vertex 183.219 53.9808 8.49
      vertex 183.219 53.9808 12.5
    endloop
  endfacet
  facet normal -0.441103 0.897457 0
    outer loop
      vertex 182.95 53.7742 8.49
      vertex 182.797 53.699 12.5
      vertex 182.95 53.7742 12.5
    endloop
  endfacet
  facet normal -0.441103 0.897457 0
    outer loop
      vertex 182.797 53.699 12.5
      vertex 182.95 53.7742 8.49
      vertex 182.797 53.699 8.49
    endloop
  endfacet
  facet normal 0.0651554 -0.997875 0
    outer loop
      vertex 182.13 56.1889 8.49
      vertex 182.3 56.2 12.5
      vertex 182.13 56.1889 12.5
    endloop
  endfacet
  facet normal 0.0651554 -0.997875 0
    outer loop
      vertex 182.3 56.2 12.5
      vertex 182.13 56.1889 8.49
      vertex 182.3 56.2 8.49
    endloop
  endfacet
  facet normal 0.0651554 0.997875 -0
    outer loop
      vertex 182.3 53.6 8.49
      vertex 182.13 53.6111 12.5
      vertex 182.3 53.6 12.5
    endloop
  endfacet
  facet normal 0.0651554 0.997875 0
    outer loop
      vertex 182.13 53.6111 12.5
      vertex 182.3 53.6 8.49
      vertex 182.13 53.6111 8.49
    endloop
  endfacet
  facet normal 0.89735 0.44132 0
    outer loop
      vertex 181.174 54.25 12.5
      vertex 181.099 54.4025 8.49
      vertex 181.099 54.4025 12.5
    endloop
  endfacet
  facet normal 0.89735 0.44132 0
    outer loop
      vertex 181.099 54.4025 8.49
      vertex 181.174 54.25 12.5
      vertex 181.174 54.25 8.49
    endloop
  endfacet
  facet normal 0.556331 -0.830961 0
    outer loop
      vertex 181.509 55.9314 8.49
      vertex 181.65 56.0258 12.5
      vertex 181.509 55.9314 12.5
    endloop
  endfacet
  facet normal 0.556331 -0.830961 0
    outer loop
      vertex 181.65 56.0258 12.5
      vertex 181.509 55.9314 8.49
      vertex 181.65 56.0258 8.49
    endloop
  endfacet
  facet normal 0.441103 0.897457 -0
    outer loop
      vertex 181.803 53.699 8.49
      vertex 181.65 53.7742 12.5
      vertex 181.803 53.699 12.5
    endloop
  endfacet
  facet normal 0.441103 0.897457 0
    outer loop
      vertex 181.65 53.7742 12.5
      vertex 181.803 53.699 8.49
      vertex 181.65 53.7742 8.49
    endloop
  endfacet
  facet normal 0.980986 0.19408 0
    outer loop
      vertex 181.044 54.5635 12.5
      vertex 181.011 54.7303 8.49
      vertex 181.011 54.7303 12.5
    endloop
  endfacet
  facet normal 0.980986 0.19408 0
    outer loop
      vertex 181.011 54.7303 8.49
      vertex 181.044 54.5635 12.5
      vertex 181.044 54.5635 8.49
    endloop
  endfacet
  facet normal 0.980986 -0.19408 0
    outer loop
      vertex 181.011 55.0697 12.5
      vertex 181.044 55.2365 8.49
      vertex 181.044 55.2365 12.5
    endloop
  endfacet
  facet normal 0.980986 -0.19408 0
    outer loop
      vertex 181.044 55.2365 8.49
      vertex 181.011 55.0697 12.5
      vertex 181.011 55.0697 8.49
    endloop
  endfacet
  facet normal 0 0 1
    outer loop
      vertex 183.589 55.0697 8.49
      vertex 183.589 54.7303 8.49
      vertex 183.6 54.9 8.49
    endloop
  endfacet
  facet normal 0 0 1
    outer loop
      vertex 183.556 55.2365 8.49
      vertex 183.589 54.7303 8.49
      vertex 183.589 55.0697 8.49
    endloop
  endfacet
  facet normal 0 0 1
    outer loop
      vertex 183.556 55.2365 8.49
      vertex 183.556 54.5635 8.49
      vertex 183.589 54.7303 8.49
    endloop
  endfacet
  facet normal 0 0 1
    outer loop
      vertex 183.501 55.3975 8.49
      vertex 183.556 54.5635 8.49
      vertex 183.556 55.2365 8.49
    endloop
  endfacet
  facet normal 0 0 1
    outer loop
      vertex 183.501 55.3975 8.49
      vertex 183.501 54.4025 8.49
      vertex 183.556 54.5635 8.49
    endloop
  endfacet
  facet normal 0 0 1
    outer loop
      vertex 183.426 55.55 8.49
      vertex 183.501 54.4025 8.49
      vertex 183.501 55.3975 8.49
    endloop
  endfacet
  facet normal 0 0 1
    outer loop
      vertex 183.426 55.55 8.49
      vertex 183.426 54.25 8.49
      vertex 183.501 54.4025 8.49
    endloop
  endfacet
  facet normal 0 0 1
    outer loop
      vertex 183.331 55.6914 8.49
      vertex 183.426 54.25 8.49
      vertex 183.426 55.55 8.49
    endloop
  endfacet
  facet normal 0 0 1
    outer loop
      vertex 183.331 55.6914 8.49
      vertex 183.331 54.1086 8.49
      vertex 183.426 54.25 8.49
    endloop
  endfacet
  facet normal 0 0 1
    outer loop
      vertex 183.219 55.8192 8.49
      vertex 183.331 54.1086 8.49
      vertex 183.331 55.6914 8.49
    endloop
  endfacet
  facet normal 0 0 1
    outer loop
      vertex 183.219 55.8192 8.49
      vertex 183.219 53.9808 8.49
      vertex 183.331 54.1086 8.49
    endloop
  endfacet
  facet normal 0 0 1
    outer loop
      vertex 183.091 55.9314 8.49
      vertex 183.219 53.9808 8.49
      vertex 183.219 55.8192 8.49
    endloop
  endfacet
  facet normal 0 0 1
    outer loop
      vertex 183.091 55.9314 8.49
      vertex 183.091 53.8686 8.49
      vertex 183.219 53.9808 8.49
    endloop
  endfacet
  facet normal 0 0 1
    outer loop
      vertex 182.95 56.0258 8.49
      vertex 183.091 53.8686 8.49
      vertex 183.091 55.9314 8.49
    endloop
  endfacet
  facet normal 0 0 1
    outer loop
      vertex 182.95 56.0258 8.49
      vertex 182.95 53.7742 8.49
      vertex 183.091 53.8686 8.49
    endloop
  endfacet
  facet normal 0 0 1
    outer loop
      vertex 182.797 56.101 8.49
      vertex 182.95 53.7742 8.49
      vertex 182.95 56.0258 8.49
    endloop
  endfacet
  facet normal 0 0 1
    outer loop
      vertex 182.797 56.101 8.49
      vertex 182.797 53.699 8.49
      vertex 182.95 53.7742 8.49
    endloop
  endfacet
  facet normal 0 0 1
    outer loop
      vertex 182.636 56.1557 8.49
      vertex 182.797 53.699 8.49
      vertex 182.797 56.101 8.49
    endloop
  endfacet
  facet normal 0 0 1
    outer loop
      vertex 182.636 56.1557 8.49
      vertex 182.636 53.6443 8.49
      vertex 182.797 53.699 8.49
    endloop
  endfacet
  facet normal 0 0 1
    outer loop
      vertex 182.47 56.1889 8.49
      vertex 182.636 53.6443 8.49
      vertex 182.636 56.1557 8.49
    endloop
  endfacet
  facet normal 0 0 1
    outer loop
      vertex 182.47 56.1889 8.49
      vertex 182.47 53.6111 8.49
      vertex 182.636 53.6443 8.49
    endloop
  endfacet
  facet normal 0 0 1
    outer loop
      vertex 182.3 56.2 8.49
      vertex 182.47 53.6111 8.49
      vertex 182.47 56.1889 8.49
    endloop
  endfacet
  facet normal 0 0 1
    outer loop
      vertex 182.3 56.2 8.49
      vertex 182.3 53.6 8.49
      vertex 182.47 53.6111 8.49
    endloop
  endfacet
  facet normal -0 0 1
    outer loop
      vertex 182.13 56.1889 8.49
      vertex 182.3 53.6 8.49
      vertex 182.3 56.2 8.49
    endloop
  endfacet
  facet normal 0 0 1
    outer loop
      vertex 182.13 56.1889 8.49
      vertex 182.13 53.6111 8.49
      vertex 182.3 53.6 8.49
    endloop
  endfacet
  facet normal -0 0 1
    outer loop
      vertex 181.964 56.1557 8.49
      vertex 182.13 53.6111 8.49
      vertex 182.13 56.1889 8.49
    endloop
  endfacet
  facet normal 0 0 1
    outer loop
      vertex 181.964 56.1557 8.49
      vertex 181.964 53.6443 8.49
      vertex 182.13 53.6111 8.49
    endloop
  endfacet
  facet normal -0 0 1
    outer loop
      vertex 181.803 56.101 8.49
      vertex 181.964 53.6443 8.49
      vertex 181.964 56.1557 8.49
    endloop
  endfacet
  facet normal 0 0 1
    outer loop
      vertex 181.803 56.101 8.49
      vertex 181.803 53.699 8.49
      vertex 181.964 53.6443 8.49
    endloop
  endfacet
  facet normal -0 0 1
    outer loop
      vertex 181.65 56.0258 8.49
      vertex 181.803 53.699 8.49
      vertex 181.803 56.101 8.49
    endloop
  endfacet
  facet normal 0 0 1
    outer loop
      vertex 181.65 56.0258 8.49
      vertex 181.65 53.7742 8.49
      vertex 181.803 53.699 8.49
    endloop
  endfacet
  facet normal -0 0 1
    outer loop
      vertex 181.509 55.9314 8.49
      vertex 181.65 53.7742 8.49
      vertex 181.65 56.0258 8.49
    endloop
  endfacet
  facet normal 0 0 1
    outer loop
      vertex 181.509 55.9314 8.49
      vertex 181.509 53.8686 8.49
      vertex 181.65 53.7742 8.49
    endloop
  endfacet
  facet normal -0 0 1
    outer loop
      vertex 181.381 55.8192 8.49
      vertex 181.509 53.8686 8.49
      vertex 181.509 55.9314 8.49
    endloop
  endfacet
  facet normal 0 0 1
    outer loop
      vertex 181.381 55.8192 8.49
      vertex 181.381 53.9808 8.49
      vertex 181.509 53.8686 8.49
    endloop
  endfacet
  facet normal -0 0 1
    outer loop
      vertex 181.269 55.6914 8.49
      vertex 181.381 53.9808 8.49
      vertex 181.381 55.8192 8.49
    endloop
  endfacet
  facet normal 0 0 1
    outer loop
      vertex 181.269 55.6914 8.49
      vertex 181.269 54.1086 8.49
      vertex 181.381 53.9808 8.49
    endloop
  endfacet
  facet normal -0 0 1
    outer loop
      vertex 181.174 55.55 8.49
      vertex 181.269 54.1086 8.49
      vertex 181.269 55.6914 8.49
    endloop
  endfacet
  facet normal 0 0 1
    outer loop
      vertex 181.174 55.55 8.49
      vertex 181.174 54.25 8.49
      vertex 181.269 54.1086 8.49
    endloop
  endfacet
  facet normal -0 0 1
    outer loop
      vertex 181.099 55.3975 8.49
      vertex 181.174 54.25 8.49
      vertex 181.174 55.55 8.49
    endloop
  endfacet
  facet normal 0 0 1
    outer loop
      vertex 181.099 55.3975 8.49
      vertex 181.099 54.4025 8.49
      vertex 181.174 54.25 8.49
    endloop
  endfacet
  facet normal -0 0 1
    outer loop
      vertex 181.044 55.2365 8.49
      vertex 181.099 54.4025 8.49
      vertex 181.099 55.3975 8.49
    endloop
  endfacet
  facet normal 0 0 1
    outer loop
      vertex 181.044 55.2365 8.49
      vertex 181.044 54.5635 8.49
      vertex 181.099 54.4025 8.49
    endloop
  endfacet
  facet normal -0 0 1
    outer loop
      vertex 181.011 55.0697 8.49
      vertex 181.044 54.5635 8.49
      vertex 181.044 55.2365 8.49
    endloop
  endfacet
  facet normal 0 0 1
    outer loop
      vertex 181.011 55.0697 8.49
      vertex 181.011 54.7303 8.49
      vertex 181.044 54.5635 8.49
    endloop
  endfacet
  facet normal 0 -0 1
    outer loop
      vertex 181.011 54.7303 8.49
      vertex 181.011 55.0697 8.49
      vertex 181 54.9 8.49
    endloop
  endfacet
  facet normal -0.980815 -0.19494 0
    outer loop
      vertex 74.9022 13.6235 7.5
      vertex 74.8257 14.0084 12.5
      vertex 74.8257 14.0084 7.5
    endloop
  endfacet
  facet normal -0.980815 -0.19494 0
    outer loop
      vertex 74.8257 14.0084 12.5
      vertex 74.9022 13.6235 7.5
      vertex 74.9022 13.6235 12.5
    endloop
  endfacet
  facet normal -0.831501 0.555523 0
    outer loop
      vertex 75.2019 15.9 7.5
      vertex 75.4199 16.2263 12.5
      vertex 75.4199 16.2263 7.5
    endloop
  endfacet
  facet normal -0.831501 0.555523 0
    outer loop
      vertex 75.4199 16.2263 12.5
      vertex 75.2019 15.9 7.5
      vertex 75.2019 15.9 12.5
    endloop
  endfacet
  facet normal 0.980815 0.19494 0
    outer loop
      vertex 80.7743 14.7916 12.5
      vertex 80.6978 15.1765 7.5
      vertex 80.6978 15.1765 12.5
    endloop
  endfacet
  facet normal 0.980815 0.19494 0
    outer loop
      vertex 80.6978 15.1765 7.5
      vertex 80.7743 14.7916 12.5
      vertex 80.7743 14.7916 7.5
    endloop
  endfacet
  facet normal 0.997853 -0.0654873 0
    outer loop
      vertex 80.7743 14.0084 12.5
      vertex 80.8 14.4 7.5
      vertex 80.8 14.4 12.5
    endloop
  endfacet
  facet normal 0.997853 -0.0654873 0
    outer loop
      vertex 80.8 14.4 7.5
      vertex 80.7743 14.0084 12.5
      vertex 80.7743 14.0084 7.5
    endloop
  endfacet
  facet normal 0.751724 -0.659478 0
    outer loop
      vertex 79.9213 12.2787 12.5
      vertex 80.1801 12.5737 7.5
      vertex 80.1801 12.5737 12.5
    endloop
  endfacet
  facet normal 0.751724 -0.659478 0
    outer loop
      vertex 80.1801 12.5737 7.5
      vertex 79.9213 12.2787 12.5
      vertex 79.9213 12.2787 7.5
    endloop
  endfacet
  facet normal -0.751724 0.659478 0
    outer loop
      vertex 75.4199 16.2263 7.5
      vertex 75.6787 16.5213 12.5
      vertex 75.6787 16.5213 7.5
    endloop
  endfacet
  facet normal -0.751724 0.659478 0
    outer loop
      vertex 75.6787 16.5213 12.5
      vertex 75.4199 16.2263 7.5
      vertex 75.4199 16.2263 12.5
    endloop
  endfacet
  facet normal 0.19494 0.980815 -0
    outer loop
      vertex 78.5765 17.2978 7.5
      vertex 78.1916 17.3743 12.5
      vertex 78.5765 17.2978 12.5
    endloop
  endfacet
  facet normal 0.19494 0.980815 0
    outer loop
      vertex 78.1916 17.3743 12.5
      vertex 78.5765 17.2978 7.5
      vertex 78.1916 17.3743 7.5
    endloop
  endfacet
  facet normal 0.751724 0.659478 0
    outer loop
      vertex 80.1801 16.2263 12.5
      vertex 79.9213 16.5213 7.5
      vertex 79.9213 16.5213 12.5
    endloop
  endfacet
  facet normal 0.751724 0.659478 0
    outer loop
      vertex 79.9213 16.5213 7.5
      vertex 80.1801 16.2263 12.5
      vertex 80.1801 16.2263 7.5
    endloop
  endfacet
  facet normal -0.831501 -0.555523 0
    outer loop
      vertex 75.4199 12.5737 7.5
      vertex 75.2019 12.9 12.5
      vertex 75.2019 12.9 7.5
    endloop
  endfacet
  facet normal -0.831501 -0.555523 0
    outer loop
      vertex 75.2019 12.9 12.5
      vertex 75.4199 12.5737 7.5
      vertex 75.4199 12.5737 12.5
    endloop
  endfacet
  facet normal -0.555523 -0.831501 0
    outer loop
      vertex 75.9737 12.0199 7.5
      vertex 76.3 11.8019 12.5
      vertex 75.9737 12.0199 12.5
    endloop
  endfacet
  facet normal -0.555523 -0.831501 -0
    outer loop
      vertex 76.3 11.8019 12.5
      vertex 75.9737 12.0199 7.5
      vertex 76.3 11.8019 7.5
    endloop
  endfacet
  facet normal 0.442211 -0.896911 0
    outer loop
      vertex 78.9481 11.6284 7.5
      vertex 79.3 11.8019 12.5
      vertex 78.9481 11.6284 12.5
    endloop
  endfacet
  facet normal 0.442211 -0.896911 0
    outer loop
      vertex 79.3 11.8019 12.5
      vertex 78.9481 11.6284 7.5
      vertex 79.3 11.8019 7.5
    endloop
  endfacet
  facet normal -0.946858 0.321651 0
    outer loop
      vertex 74.9022 15.1765 7.5
      vertex 75.0284 15.548 12.5
      vertex 75.0284 15.548 7.5
    endloop
  endfacet
  facet normal -0.946858 0.321651 0
    outer loop
      vertex 75.0284 15.548 12.5
      vertex 74.9022 15.1765 7.5
      vertex 74.9022 15.1765 12.5
    endloop
  endfacet
  facet normal -0.442211 -0.896911 0
    outer loop
      vertex 76.3 11.8019 7.5
      vertex 76.6519 11.6284 12.5
      vertex 76.3 11.8019 12.5
    endloop
  endfacet
  facet normal -0.442211 -0.896911 -0
    outer loop
      vertex 76.6519 11.6284 12.5
      vertex 76.3 11.8019 7.5
      vertex 76.6519 11.6284 7.5
    endloop
  endfacet
  facet normal -0.321574 -0.946885 0
    outer loop
      vertex 76.6519 11.6284 7.5
      vertex 77.0235 11.5022 12.5
      vertex 76.6519 11.6284 12.5
    endloop
  endfacet
  facet normal -0.321574 -0.946885 -0
    outer loop
      vertex 77.0235 11.5022 12.5
      vertex 76.6519 11.6284 7.5
      vertex 77.0235 11.5022 7.5
    endloop
  endfacet
  facet normal -0.997853 -0.0654873 0
    outer loop
      vertex 74.8257 14.0084 7.5
      vertex 74.8 14.4 12.5
      vertex 74.8 14.4 7.5
    endloop
  endfacet
  facet normal -0.997853 -0.0654873 0
    outer loop
      vertex 74.8 14.4 12.5
      vertex 74.8257 14.0084 7.5
      vertex 74.8257 14.0084 12.5
    endloop
  endfacet
  facet normal 0.659478 0.751724 -0
    outer loop
      vertex 79.9213 16.5213 7.5
      vertex 79.6263 16.7801 12.5
      vertex 79.9213 16.5213 12.5
    endloop
  endfacet
  facet normal 0.659478 0.751724 0
    outer loop
      vertex 79.6263 16.7801 12.5
      vertex 79.9213 16.5213 7.5
      vertex 79.6263 16.7801 7.5
    endloop
  endfacet
  facet normal 0.997853 0.0654873 0
    outer loop
      vertex 80.8 14.4 12.5
      vertex 80.7743 14.7916 7.5
      vertex 80.7743 14.7916 12.5
    endloop
  endfacet
  facet normal 0.997853 0.0654873 0
    outer loop
      vertex 80.7743 14.7916 7.5
      vertex 80.8 14.4 12.5
      vertex 80.8 14.4 7.5
    endloop
  endfacet
  facet normal -0.946858 -0.321651 0
    outer loop
      vertex 75.0284 13.252 7.5
      vertex 74.9022 13.6235 12.5
      vertex 74.9022 13.6235 7.5
    endloop
  endfacet
  facet normal -0.946858 -0.321651 0
    outer loop
      vertex 74.9022 13.6235 12.5
      vertex 75.0284 13.252 7.5
      vertex 75.0284 13.252 12.5
    endloop
  endfacet
  facet normal 0.896961 -0.44211 0
    outer loop
      vertex 80.3981 12.9 12.5
      vertex 80.5716 13.252 7.5
      vertex 80.5716 13.252 12.5
    endloop
  endfacet
  facet normal 0.896961 -0.44211 0
    outer loop
      vertex 80.5716 13.252 7.5
      vertex 80.3981 12.9 12.5
      vertex 80.3981 12.9 7.5
    endloop
  endfacet
  facet normal -0.896961 0.44211 0
    outer loop
      vertex 75.0284 15.548 7.5
      vertex 75.2019 15.9 12.5
      vertex 75.2019 15.9 7.5
    endloop
  endfacet
  facet normal -0.896961 0.44211 0
    outer loop
      vertex 75.2019 15.9 12.5
      vertex 75.0284 15.548 7.5
      vertex 75.0284 15.548 12.5
    endloop
  endfacet
  facet normal -0.0654873 -0.997853 0
    outer loop
      vertex 77.4084 11.4257 7.5
      vertex 77.8 11.4 12.5
      vertex 77.4084 11.4257 12.5
    endloop
  endfacet
  facet normal -0.0654873 -0.997853 -0
    outer loop
      vertex 77.8 11.4 12.5
      vertex 77.4084 11.4257 7.5
      vertex 77.8 11.4 7.5
    endloop
  endfacet
  facet normal 0.321574 0.946885 -0
    outer loop
      vertex 78.9481 17.1716 7.5
      vertex 78.5765 17.2978 12.5
      vertex 78.9481 17.1716 12.5
    endloop
  endfacet
  facet normal 0.321574 0.946885 0
    outer loop
      vertex 78.5765 17.2978 12.5
      vertex 78.9481 17.1716 7.5
      vertex 78.5765 17.2978 7.5
    endloop
  endfacet
  facet normal 0.896961 0.44211 0
    outer loop
      vertex 80.5716 15.548 12.5
      vertex 80.3981 15.9 7.5
      vertex 80.3981 15.9 12.5
    endloop
  endfacet
  facet normal 0.896961 0.44211 0
    outer loop
      vertex 80.3981 15.9 7.5
      vertex 80.5716 15.548 12.5
      vertex 80.5716 15.548 7.5
    endloop
  endfacet
  facet normal 0.831501 0.555523 0
    outer loop
      vertex 80.3981 15.9 12.5
      vertex 80.1801 16.2263 7.5
      vertex 80.1801 16.2263 12.5
    endloop
  endfacet
  facet normal 0.831501 0.555523 0
    outer loop
      vertex 80.1801 16.2263 7.5
      vertex 80.3981 15.9 12.5
      vertex 80.3981 15.9 7.5
    endloop
  endfacet
  facet normal 0.946858 0.321651 0
    outer loop
      vertex 80.6978 15.1765 12.5
      vertex 80.5716 15.548 7.5
      vertex 80.5716 15.548 12.5
    endloop
  endfacet
  facet normal 0.946858 0.321651 0
    outer loop
      vertex 80.5716 15.548 7.5
      vertex 80.6978 15.1765 12.5
      vertex 80.6978 15.1765 7.5
    endloop
  endfacet
  facet normal 0.555523 0.831501 -0
    outer loop
      vertex 79.6263 16.7801 7.5
      vertex 79.3 16.9981 12.5
      vertex 79.6263 16.7801 12.5
    endloop
  endfacet
  facet normal 0.555523 0.831501 0
    outer loop
      vertex 79.3 16.9981 12.5
      vertex 79.6263 16.7801 7.5
      vertex 79.3 16.9981 7.5
    endloop
  endfacet
  facet normal -0.19494 0.980815 0
    outer loop
      vertex 77.4084 17.3743 7.5
      vertex 77.0235 17.2978 12.5
      vertex 77.4084 17.3743 12.5
    endloop
  endfacet
  facet normal -0.19494 0.980815 0
    outer loop
      vertex 77.0235 17.2978 12.5
      vertex 77.4084 17.3743 7.5
      vertex 77.0235 17.2978 7.5
    endloop
  endfacet
  facet normal 0.321574 -0.946885 0
    outer loop
      vertex 78.5765 11.5022 7.5
      vertex 78.9481 11.6284 12.5
      vertex 78.5765 11.5022 12.5
    endloop
  endfacet
  facet normal 0.321574 -0.946885 0
    outer loop
      vertex 78.9481 11.6284 12.5
      vertex 78.5765 11.5022 7.5
      vertex 78.9481 11.6284 7.5
    endloop
  endfacet
  facet normal 0.442211 0.896911 -0
    outer loop
      vertex 79.3 16.9981 7.5
      vertex 78.9481 17.1716 12.5
      vertex 79.3 16.9981 12.5
    endloop
  endfacet
  facet normal 0.442211 0.896911 0
    outer loop
      vertex 78.9481 17.1716 12.5
      vertex 79.3 16.9981 7.5
      vertex 78.9481 17.1716 7.5
    endloop
  endfacet
  facet normal 0.0654873 -0.997853 0
    outer loop
      vertex 77.8 11.4 7.5
      vertex 78.1916 11.4257 12.5
      vertex 77.8 11.4 12.5
    endloop
  endfacet
  facet normal 0.0654873 -0.997853 0
    outer loop
      vertex 78.1916 11.4257 12.5
      vertex 77.8 11.4 7.5
      vertex 78.1916 11.4257 7.5
    endloop
  endfacet
  facet normal -0.0654873 0.997853 0
    outer loop
      vertex 77.8 17.4 7.5
      vertex 77.4084 17.3743 12.5
      vertex 77.8 17.4 12.5
    endloop
  endfacet
  facet normal -0.0654873 0.997853 0
    outer loop
      vertex 77.4084 17.3743 12.5
      vertex 77.8 17.4 7.5
      vertex 77.4084 17.3743 7.5
    endloop
  endfacet
  facet normal 0.980815 -0.19494 0
    outer loop
      vertex 80.6978 13.6235 12.5
      vertex 80.7743 14.0084 7.5
      vertex 80.7743 14.0084 12.5
    endloop
  endfacet
  facet normal 0.980815 -0.19494 0
    outer loop
      vertex 80.7743 14.0084 7.5
      vertex 80.6978 13.6235 12.5
      vertex 80.6978 13.6235 7.5
    endloop
  endfacet
  facet normal 0.19494 -0.980815 0
    outer loop
      vertex 78.1916 11.4257 7.5
      vertex 78.5765 11.5022 12.5
      vertex 78.1916 11.4257 12.5
    endloop
  endfacet
  facet normal 0.19494 -0.980815 0
    outer loop
      vertex 78.5765 11.5022 12.5
      vertex 78.1916 11.4257 7.5
      vertex 78.5765 11.5022 7.5
    endloop
  endfacet
  facet normal -0.442211 0.896911 0
    outer loop
      vertex 76.6519 17.1716 7.5
      vertex 76.3 16.9981 12.5
      vertex 76.6519 17.1716 12.5
    endloop
  endfacet
  facet normal -0.442211 0.896911 0
    outer loop
      vertex 76.3 16.9981 12.5
      vertex 76.6519 17.1716 7.5
      vertex 76.3 16.9981 7.5
    endloop
  endfacet
  facet normal 0.659478 -0.751724 0
    outer loop
      vertex 79.6263 12.0199 7.5
      vertex 79.9213 12.2787 12.5
      vertex 79.6263 12.0199 12.5
    endloop
  endfacet
  facet normal 0.659478 -0.751724 0
    outer loop
      vertex 79.9213 12.2787 12.5
      vertex 79.6263 12.0199 7.5
      vertex 79.9213 12.2787 7.5
    endloop
  endfacet
  facet normal -0.321574 0.946885 0
    outer loop
      vertex 77.0235 17.2978 7.5
      vertex 76.6519 17.1716 12.5
      vertex 77.0235 17.2978 12.5
    endloop
  endfacet
  facet normal -0.321574 0.946885 0
    outer loop
      vertex 76.6519 17.1716 12.5
      vertex 77.0235 17.2978 7.5
      vertex 76.6519 17.1716 7.5
    endloop
  endfacet
  facet normal -0.896961 -0.44211 0
    outer loop
      vertex 75.2019 12.9 7.5
      vertex 75.0284 13.252 12.5
      vertex 75.0284 13.252 7.5
    endloop
  endfacet
  facet normal -0.896961 -0.44211 0
    outer loop
      vertex 75.0284 13.252 12.5
      vertex 75.2019 12.9 7.5
      vertex 75.2019 12.9 12.5
    endloop
  endfacet
  facet normal 0.831501 -0.555523 0
    outer loop
      vertex 80.1801 12.5737 12.5
      vertex 80.3981 12.9 7.5
      vertex 80.3981 12.9 12.5
    endloop
  endfacet
  facet normal 0.831501 -0.555523 0
    outer loop
      vertex 80.3981 12.9 7.5
      vertex 80.1801 12.5737 12.5
      vertex 80.1801 12.5737 7.5
    endloop
  endfacet
  facet normal 0.0654873 0.997853 -0
    outer loop
      vertex 78.1916 17.3743 7.5
      vertex 77.8 17.4 12.5
      vertex 78.1916 17.3743 12.5
    endloop
  endfacet
  facet normal 0.0654873 0.997853 0
    outer loop
      vertex 77.8 17.4 12.5
      vertex 78.1916 17.3743 7.5
      vertex 77.8 17.4 7.5
    endloop
  endfacet
  facet normal 0.946858 -0.321651 0
    outer loop
      vertex 80.5716 13.252 12.5
      vertex 80.6978 13.6235 7.5
      vertex 80.6978 13.6235 12.5
    endloop
  endfacet
  facet normal 0.946858 -0.321651 0
    outer loop
      vertex 80.6978 13.6235 7.5
      vertex 80.5716 13.252 12.5
      vertex 80.5716 13.252 7.5
    endloop
  endfacet
  facet normal -0.980815 0.19494 0
    outer loop
      vertex 74.8257 14.7916 7.5
      vertex 74.9022 15.1765 12.5
      vertex 74.9022 15.1765 7.5
    endloop
  endfacet
  facet normal -0.980815 0.19494 0
    outer loop
      vertex 74.9022 15.1765 12.5
      vertex 74.8257 14.7916 7.5
      vertex 74.8257 14.7916 12.5
    endloop
  endfacet
  facet normal -0.659478 0.751724 0
    outer loop
      vertex 75.9737 16.7801 7.5
      vertex 75.6787 16.5213 12.5
      vertex 75.9737 16.7801 12.5
    endloop
  endfacet
  facet normal -0.659478 0.751724 0
    outer loop
      vertex 75.6787 16.5213 12.5
      vertex 75.9737 16.7801 7.5
      vertex 75.6787 16.5213 7.5
    endloop
  endfacet
  facet normal -0.555523 0.831501 0
    outer loop
      vertex 76.3 16.9981 7.5
      vertex 75.9737 16.7801 12.5
      vertex 76.3 16.9981 12.5
    endloop
  endfacet
  facet normal -0.555523 0.831501 0
    outer loop
      vertex 75.9737 16.7801 12.5
      vertex 76.3 16.9981 7.5
      vertex 75.9737 16.7801 7.5
    endloop
  endfacet
  facet normal -0.997853 0.0654873 0
    outer loop
      vertex 74.8 14.4 7.5
      vertex 74.8257 14.7916 12.5
      vertex 74.8257 14.7916 7.5
    endloop
  endfacet
  facet normal -0.997853 0.0654873 0
    outer loop
      vertex 74.8257 14.7916 12.5
      vertex 74.8 14.4 7.5
      vertex 74.8 14.4 12.5
    endloop
  endfacet
  facet normal 0.555523 -0.831501 0
    outer loop
      vertex 79.3 11.8019 7.5
      vertex 79.6263 12.0199 12.5
      vertex 79.3 11.8019 12.5
    endloop
  endfacet
  facet normal 0.555523 -0.831501 0
    outer loop
      vertex 79.6263 12.0199 12.5
      vertex 79.3 11.8019 7.5
      vertex 79.6263 12.0199 7.5
    endloop
  endfacet
  facet normal -0.751724 -0.659478 0
    outer loop
      vertex 75.6787 12.2787 7.5
      vertex 75.4199 12.5737 12.5
      vertex 75.4199 12.5737 7.5
    endloop
  endfacet
  facet normal -0.751724 -0.659478 0
    outer loop
      vertex 75.4199 12.5737 12.5
      vertex 75.6787 12.2787 7.5
      vertex 75.6787 12.2787 12.5
    endloop
  endfacet
  facet normal -0.659478 -0.751724 0
    outer loop
      vertex 75.6787 12.2787 7.5
      vertex 75.9737 12.0199 12.5
      vertex 75.6787 12.2787 12.5
    endloop
  endfacet
  facet normal -0.659478 -0.751724 -0
    outer loop
      vertex 75.9737 12.0199 12.5
      vertex 75.6787 12.2787 7.5
      vertex 75.9737 12.0199 7.5
    endloop
  endfacet
  facet normal -0.19494 -0.980815 0
    outer loop
      vertex 77.0235 11.5022 7.5
      vertex 77.4084 11.4257 12.5
      vertex 77.0235 11.5022 12.5
    endloop
  endfacet
  facet normal -0.19494 -0.980815 -0
    outer loop
      vertex 77.4084 11.4257 12.5
      vertex 77.0235 11.5022 7.5
      vertex 77.4084 11.4257 7.5
    endloop
  endfacet
  facet normal 0 0 1
    outer loop
      vertex 79.1 14.4 12.5
      vertex 80.8 14.4 12.5
      vertex 80.7743 14.7916 12.5
    endloop
  endfacet
  facet normal 0 0 1
    outer loop
      vertex 79.0889 14.5697 12.5
      vertex 80.7743 14.7916 12.5
      vertex 80.6978 15.1765 12.5
    endloop
  endfacet
  facet normal 0 0 1
    outer loop
      vertex 80.8 14.4 12.5
      vertex 79.1 14.4 12.5
      vertex 80.7743 14.0084 12.5
    endloop
  endfacet
  facet normal 0 0 1
    outer loop
      vertex 79.0557 14.7365 12.5
      vertex 80.6978 15.1765 12.5
      vertex 80.5716 15.548 12.5
    endloop
  endfacet
  facet normal -0 0 1
    outer loop
      vertex 79.0889 14.2303 12.5
      vertex 80.7743 14.0084 12.5
      vertex 79.1 14.4 12.5
    endloop
  endfacet
  facet normal 0 0 1
    outer loop
      vertex 79.001 14.8975 12.5
      vertex 80.5716 15.548 12.5
      vertex 80.3981 15.9 12.5
    endloop
  endfacet
  facet normal 0 0 1
    outer loop
      vertex 80.7743 14.0084 12.5
      vertex 79.0889 14.2303 12.5
      vertex 80.6978 13.6235 12.5
    endloop
  endfacet
  facet normal 0 0 1
    outer loop
      vertex 78.9258 15.05 12.5
      vertex 80.3981 15.9 12.5
      vertex 80.1801 16.2263 12.5
    endloop
  endfacet
  facet normal -0 0 1
    outer loop
      vertex 79.0557 14.0635 12.5
      vertex 80.6978 13.6235 12.5
      vertex 79.0889 14.2303 12.5
    endloop
  endfacet
  facet normal 0 0 1
    outer loop
      vertex 78.8314 15.1914 12.5
      vertex 80.1801 16.2263 12.5
      vertex 79.9213 16.5213 12.5
    endloop
  endfacet
  facet normal 0 0 1
    outer loop
      vertex 80.6978 13.6235 12.5
      vertex 79.0557 14.0635 12.5
      vertex 80.5716 13.252 12.5
    endloop
  endfacet
  facet normal 0 0 1
    outer loop
      vertex 78.7192 15.3192 12.5
      vertex 79.9213 16.5213 12.5
      vertex 79.6263 16.7801 12.5
    endloop
  endfacet
  facet normal -0 0 1
    outer loop
      vertex 79.001 13.9025 12.5
      vertex 80.5716 13.252 12.5
      vertex 79.0557 14.0635 12.5
    endloop
  endfacet
  facet normal 0 0 1
    outer loop
      vertex 78.5914 15.4314 12.5
      vertex 79.6263 16.7801 12.5
      vertex 79.3 16.9981 12.5
    endloop
  endfacet
  facet normal 0 0 1
    outer loop
      vertex 80.5716 13.252 12.5
      vertex 79.001 13.9025 12.5
      vertex 80.3981 12.9 12.5
    endloop
  endfacet
  facet normal -0 0 1
    outer loop
      vertex 78.9258 13.75 12.5
      vertex 80.3981 12.9 12.5
      vertex 79.001 13.9025 12.5
    endloop
  endfacet
  facet normal 0 0 1
    outer loop
      vertex 80.7743 14.7916 12.5
      vertex 79.0889 14.5697 12.5
      vertex 79.1 14.4 12.5
    endloop
  endfacet
  facet normal 0 0 1
    outer loop
      vertex 80.6978 15.1765 12.5
      vertex 79.0557 14.7365 12.5
      vertex 79.0889 14.5697 12.5
    endloop
  endfacet
  facet normal 0 0 1
    outer loop
      vertex 80.5716 15.548 12.5
      vertex 79.001 14.8975 12.5
      vertex 79.0557 14.7365 12.5
    endloop
  endfacet
  facet normal 0 0 1
    outer loop
      vertex 78.45 15.5258 12.5
      vertex 79.3 16.9981 12.5
      vertex 78.9481 17.1716 12.5
    endloop
  endfacet
  facet normal 0 0 1
    outer loop
      vertex 80.3981 15.9 12.5
      vertex 78.9258 15.05 12.5
      vertex 79.001 14.8975 12.5
    endloop
  endfacet
  facet normal 0 0 1
    outer loop
      vertex 80.1801 16.2263 12.5
      vertex 78.8314 15.1914 12.5
      vertex 78.9258 15.05 12.5
    endloop
  endfacet
  facet normal 0 0 1
    outer loop
      vertex 79.9213 16.5213 12.5
      vertex 78.7192 15.3192 12.5
      vertex 78.8314 15.1914 12.5
    endloop
  endfacet
  facet normal 0 0 1
    outer loop
      vertex 79.6263 16.7801 12.5
      vertex 78.5914 15.4314 12.5
      vertex 78.7192 15.3192 12.5
    endloop
  endfacet
  facet normal 0 0 1
    outer loop
      vertex 78.2975 15.601 12.5
      vertex 78.9481 17.1716 12.5
      vertex 78.5765 17.2978 12.5
    endloop
  endfacet
  facet normal 0 0 1
    outer loop
      vertex 79.3 16.9981 12.5
      vertex 78.45 15.5258 12.5
      vertex 78.5914 15.4314 12.5
    endloop
  endfacet
  facet normal 0 0 1
    outer loop
      vertex 78.9481 17.1716 12.5
      vertex 78.2975 15.601 12.5
      vertex 78.45 15.5258 12.5
    endloop
  endfacet
  facet normal 0 0 1
    outer loop
      vertex 78.1365 15.6557 12.5
      vertex 78.5765 17.2978 12.5
      vertex 78.1916 17.3743 12.5
    endloop
  endfacet
  facet normal 0 0 1
    outer loop
      vertex 78.5765 17.2978 12.5
      vertex 78.1365 15.6557 12.5
      vertex 78.2975 15.601 12.5
    endloop
  endfacet
  facet normal 0 0 1
    outer loop
      vertex 78.1916 17.3743 12.5
      vertex 77.9697 15.6889 12.5
      vertex 78.1365 15.6557 12.5
    endloop
  endfacet
  facet normal 0 0 1
    outer loop
      vertex 77.8 17.4 12.5
      vertex 77.9697 15.6889 12.5
      vertex 78.1916 17.3743 12.5
    endloop
  endfacet
  facet normal 0 0 1
    outer loop
      vertex 77.8 17.4 12.5
      vertex 77.8 15.7 12.5
      vertex 77.9697 15.6889 12.5
    endloop
  endfacet
  facet normal 0 0 1
    outer loop
      vertex 77.8 17.4 12.5
      vertex 77.6303 15.6889 12.5
      vertex 77.8 15.7 12.5
    endloop
  endfacet
  facet normal -0 0 1
    outer loop
      vertex 77.4084 17.3743 12.5
      vertex 77.6303 15.6889 12.5
      vertex 77.8 17.4 12.5
    endloop
  endfacet
  facet normal 0 0 1
    outer loop
      vertex 77.6303 15.6889 12.5
      vertex 77.4084 17.3743 12.5
      vertex 77.4635 15.6557 12.5
    endloop
  endfacet
  facet normal -0 0 1
    outer loop
      vertex 77.0235 17.2978 12.5
      vertex 77.4635 15.6557 12.5
      vertex 77.4084 17.3743 12.5
    endloop
  endfacet
  facet normal 0 0 1
    outer loop
      vertex 77.4635 15.6557 12.5
      vertex 77.0235 17.2978 12.5
      vertex 77.3025 15.601 12.5
    endloop
  endfacet
  facet normal -0 0 1
    outer loop
      vertex 76.6519 17.1716 12.5
      vertex 77.3025 15.601 12.5
      vertex 77.0235 17.2978 12.5
    endloop
  endfacet
  facet normal 0 0 1
    outer loop
      vertex 77.3025 15.601 12.5
      vertex 76.6519 17.1716 12.5
      vertex 77.15 15.5258 12.5
    endloop
  endfacet
  facet normal -0 0 1
    outer loop
      vertex 76.3 16.9981 12.5
      vertex 77.15 15.5258 12.5
      vertex 76.6519 17.1716 12.5
    endloop
  endfacet
  facet normal 0 0 1
    outer loop
      vertex 77.15 15.5258 12.5
      vertex 76.3 16.9981 12.5
      vertex 77.0086 15.4314 12.5
    endloop
  endfacet
  facet normal -0 0 1
    outer loop
      vertex 75.9737 16.7801 12.5
      vertex 77.0086 15.4314 12.5
      vertex 76.3 16.9981 12.5
    endloop
  endfacet
  facet normal 0 0 1
    outer loop
      vertex 77.0086 15.4314 12.5
      vertex 75.9737 16.7801 12.5
      vertex 76.8808 15.3192 12.5
    endloop
  endfacet
  facet normal -0 0 1
    outer loop
      vertex 75.6787 16.5213 12.5
      vertex 76.8808 15.3192 12.5
      vertex 75.9737 16.7801 12.5
    endloop
  endfacet
  facet normal 0 0 1
    outer loop
      vertex 76.8808 15.3192 12.5
      vertex 75.6787 16.5213 12.5
      vertex 76.7686 15.1914 12.5
    endloop
  endfacet
  facet normal -0 0 1
    outer loop
      vertex 75.4199 16.2263 12.5
      vertex 76.7686 15.1914 12.5
      vertex 75.6787 16.5213 12.5
    endloop
  endfacet
  facet normal 0 0 1
    outer loop
      vertex 76.7686 15.1914 12.5
      vertex 75.4199 16.2263 12.5
      vertex 76.6742 15.05 12.5
    endloop
  endfacet
  facet normal -0 0 1
    outer loop
      vertex 75.2019 15.9 12.5
      vertex 76.6742 15.05 12.5
      vertex 75.4199 16.2263 12.5
    endloop
  endfacet
  facet normal 0 0 1
    outer loop
      vertex 80.3981 12.9 12.5
      vertex 78.9258 13.75 12.5
      vertex 80.1801 12.5737 12.5
    endloop
  endfacet
  facet normal -0 0 1
    outer loop
      vertex 78.8314 13.6086 12.5
      vertex 80.1801 12.5737 12.5
      vertex 78.9258 13.75 12.5
    endloop
  endfacet
  facet normal 0 0 1
    outer loop
      vertex 80.1801 12.5737 12.5
      vertex 78.8314 13.6086 12.5
      vertex 79.9213 12.2787 12.5
    endloop
  endfacet
  facet normal -0 0 1
    outer loop
      vertex 78.7192 13.4808 12.5
      vertex 79.9213 12.2787 12.5
      vertex 78.8314 13.6086 12.5
    endloop
  endfacet
  facet normal 0 0 1
    outer loop
      vertex 79.9213 12.2787 12.5
      vertex 78.7192 13.4808 12.5
      vertex 79.6263 12.0199 12.5
    endloop
  endfacet
  facet normal -0 0 1
    outer loop
      vertex 78.5914 13.3686 12.5
      vertex 79.6263 12.0199 12.5
      vertex 78.7192 13.4808 12.5
    endloop
  endfacet
  facet normal 0 0 1
    outer loop
      vertex 79.6263 12.0199 12.5
      vertex 78.5914 13.3686 12.5
      vertex 79.3 11.8019 12.5
    endloop
  endfacet
  facet normal -0 0 1
    outer loop
      vertex 78.45 13.2742 12.5
      vertex 79.3 11.8019 12.5
      vertex 78.5914 13.3686 12.5
    endloop
  endfacet
  facet normal 0 0 1
    outer loop
      vertex 79.3 11.8019 12.5
      vertex 78.45 13.2742 12.5
      vertex 78.9481 11.6284 12.5
    endloop
  endfacet
  facet normal -0 0 1
    outer loop
      vertex 78.2975 13.199 12.5
      vertex 78.9481 11.6284 12.5
      vertex 78.45 13.2742 12.5
    endloop
  endfacet
  facet normal 0 0 1
    outer loop
      vertex 78.9481 11.6284 12.5
      vertex 78.2975 13.199 12.5
      vertex 78.5765 11.5022 12.5
    endloop
  endfacet
  facet normal -0 0 1
    outer loop
      vertex 78.1365 13.1443 12.5
      vertex 78.5765 11.5022 12.5
      vertex 78.2975 13.199 12.5
    endloop
  endfacet
  facet normal 0 0 1
    outer loop
      vertex 78.5765 11.5022 12.5
      vertex 78.1365 13.1443 12.5
      vertex 78.1916 11.4257 12.5
    endloop
  endfacet
  facet normal -0 0 1
    outer loop
      vertex 77.9697 13.1111 12.5
      vertex 78.1916 11.4257 12.5
      vertex 78.1365 13.1443 12.5
    endloop
  endfacet
  facet normal -0 0 1
    outer loop
      vertex 77.8 13.1 12.5
      vertex 78.1916 11.4257 12.5
      vertex 77.9697 13.1111 12.5
    endloop
  endfacet
  facet normal 0 0 1
    outer loop
      vertex 77.8 13.1 12.5
      vertex 77.8 11.4 12.5
      vertex 78.1916 11.4257 12.5
    endloop
  endfacet
  facet normal 0 0 1
    outer loop
      vertex 77.6303 13.1111 12.5
      vertex 77.8 11.4 12.5
      vertex 77.8 13.1 12.5
    endloop
  endfacet
  facet normal 0 0 1
    outer loop
      vertex 77.4084 11.4257 12.5
      vertex 77.6303 13.1111 12.5
      vertex 77.4635 13.1443 12.5
    endloop
  endfacet
  facet normal 0 0 1
    outer loop
      vertex 77.6303 13.1111 12.5
      vertex 77.4084 11.4257 12.5
      vertex 77.8 11.4 12.5
    endloop
  endfacet
  facet normal 0 0 1
    outer loop
      vertex 77.0235 11.5022 12.5
      vertex 77.4635 13.1443 12.5
      vertex 77.3025 13.199 12.5
    endloop
  endfacet
  facet normal 0 0 1
    outer loop
      vertex 76.6519 11.6284 12.5
      vertex 77.3025 13.199 12.5
      vertex 77.15 13.2742 12.5
    endloop
  endfacet
  facet normal 0 0 1
    outer loop
      vertex 77.4635 13.1443 12.5
      vertex 77.0235 11.5022 12.5
      vertex 77.4084 11.4257 12.5
    endloop
  endfacet
  facet normal 0 0 1
    outer loop
      vertex 76.3 11.8019 12.5
      vertex 77.15 13.2742 12.5
      vertex 77.0086 13.3686 12.5
    endloop
  endfacet
  facet normal 0 0 1
    outer loop
      vertex 75.9737 12.0199 12.5
      vertex 77.0086 13.3686 12.5
      vertex 76.8808 13.4808 12.5
    endloop
  endfacet
  facet normal 0 0 1
    outer loop
      vertex 75.6787 12.2787 12.5
      vertex 76.8808 13.4808 12.5
      vertex 76.7686 13.6086 12.5
    endloop
  endfacet
  facet normal 0 0 1
    outer loop
      vertex 75.4199 12.5737 12.5
      vertex 76.7686 13.6086 12.5
      vertex 76.6742 13.75 12.5
    endloop
  endfacet
  facet normal 0 0 1
    outer loop
      vertex 77.3025 13.199 12.5
      vertex 76.6519 11.6284 12.5
      vertex 77.0235 11.5022 12.5
    endloop
  endfacet
  facet normal 0 0 1
    outer loop
      vertex 75.2019 12.9 12.5
      vertex 76.6742 13.75 12.5
      vertex 76.599 13.9025 12.5
    endloop
  endfacet
  facet normal 0 0 1
    outer loop
      vertex 75.0284 13.252 12.5
      vertex 76.599 13.9025 12.5
      vertex 76.5443 14.0635 12.5
    endloop
  endfacet
  facet normal 0 0 1
    outer loop
      vertex 74.9022 13.6235 12.5
      vertex 76.5443 14.0635 12.5
      vertex 76.5111 14.2303 12.5
    endloop
  endfacet
  facet normal 0 0 1
    outer loop
      vertex 74.8257 14.0084 12.5
      vertex 76.5111 14.2303 12.5
      vertex 76.5 14.4 12.5
    endloop
  endfacet
  facet normal 0 0 1
    outer loop
      vertex 76.6742 15.05 12.5
      vertex 75.2019 15.9 12.5
      vertex 76.599 14.8975 12.5
    endloop
  endfacet
  facet normal 0 0 1
    outer loop
      vertex 77.15 13.2742 12.5
      vertex 76.3 11.8019 12.5
      vertex 76.6519 11.6284 12.5
    endloop
  endfacet
  facet normal -0 0 1
    outer loop
      vertex 75.0284 15.548 12.5
      vertex 76.599 14.8975 12.5
      vertex 75.2019 15.9 12.5
    endloop
  endfacet
  facet normal 0 0 1
    outer loop
      vertex 77.0086 13.3686 12.5
      vertex 75.9737 12.0199 12.5
      vertex 76.3 11.8019 12.5
    endloop
  endfacet
  facet normal 0 0 1
    outer loop
      vertex 76.599 14.8975 12.5
      vertex 75.0284 15.548 12.5
      vertex 76.5443 14.7365 12.5
    endloop
  endfacet
  facet normal 0 0 1
    outer loop
      vertex 76.8808 13.4808 12.5
      vertex 75.6787 12.2787 12.5
      vertex 75.9737 12.0199 12.5
    endloop
  endfacet
  facet normal -0 0 1
    outer loop
      vertex 74.9022 15.1765 12.5
      vertex 76.5443 14.7365 12.5
      vertex 75.0284 15.548 12.5
    endloop
  endfacet
  facet normal 0 0 1
    outer loop
      vertex 76.7686 13.6086 12.5
      vertex 75.4199 12.5737 12.5
      vertex 75.6787 12.2787 12.5
    endloop
  endfacet
  facet normal 0 0 1
    outer loop
      vertex 76.5443 14.7365 12.5
      vertex 74.9022 15.1765 12.5
      vertex 76.5111 14.5697 12.5
    endloop
  endfacet
  facet normal 0 0 1
    outer loop
      vertex 76.6742 13.75 12.5
      vertex 75.2019 12.9 12.5
      vertex 75.4199 12.5737 12.5
    endloop
  endfacet
  facet normal -0 0 1
    outer loop
      vertex 74.8257 14.7916 12.5
      vertex 76.5111 14.5697 12.5
      vertex 74.9022 15.1765 12.5
    endloop
  endfacet
  facet normal 0 0 1
    outer loop
      vertex 76.599 13.9025 12.5
      vertex 75.0284 13.252 12.5
      vertex 75.2019 12.9 12.5
    endloop
  endfacet
  facet normal 0 0 1
    outer loop
      vertex 76.5111 14.5697 12.5
      vertex 74.8257 14.7916 12.5
      vertex 76.5 14.4 12.5
    endloop
  endfacet
  facet normal 0 0 1
    outer loop
      vertex 76.5443 14.0635 12.5
      vertex 74.9022 13.6235 12.5
      vertex 75.0284 13.252 12.5
    endloop
  endfacet
  facet normal 0 0 1
    outer loop
      vertex 74.8 14.4 12.5
      vertex 76.5 14.4 12.5
      vertex 74.8257 14.7916 12.5
    endloop
  endfacet
  facet normal 0 0 1
    outer loop
      vertex 76.5111 14.2303 12.5
      vertex 74.8257 14.0084 12.5
      vertex 74.9022 13.6235 12.5
    endloop
  endfacet
  facet normal 0 0 1
    outer loop
      vertex 76.5 14.4 12.5
      vertex 74.8 14.4 12.5
      vertex 74.8257 14.0084 12.5
    endloop
  endfacet
  facet normal 0.195211 0.980761 -0
    outer loop
      vertex 77.6303 13.1111 8.49
      vertex 77.4635 13.1443 12.5
      vertex 77.6303 13.1111 12.5
    endloop
  endfacet
  facet normal 0.195211 0.980761 0
    outer loop
      vertex 77.4635 13.1443 12.5
      vertex 77.6303 13.1111 8.49
      vertex 77.4635 13.1443 8.49
    endloop
  endfacet
  facet normal -0.195211 -0.980761 0
    outer loop
      vertex 77.9697 15.6889 8.49
      vertex 78.1365 15.6557 12.5
      vertex 77.9697 15.6889 12.5
    endloop
  endfacet
  facet normal -0.195211 -0.980761 -0
    outer loop
      vertex 78.1365 15.6557 12.5
      vertex 77.9697 15.6889 8.49
      vertex 78.1365 15.6557 8.49
    endloop
  endfacet
  facet normal -0.751483 -0.659753 0
    outer loop
      vertex 78.8314 15.1914 8.49
      vertex 78.7192 15.3192 12.5
      vertex 78.7192 15.3192 8.49
    endloop
  endfacet
  facet normal -0.751483 -0.659753 0
    outer loop
      vertex 78.7192 15.3192 12.5
      vertex 78.8314 15.1914 8.49
      vertex 78.8314 15.1914 12.5
    endloop
  endfacet
  facet normal 0.946844 0.321692 0
    outer loop
      vertex 76.599 13.9025 12.5
      vertex 76.5443 14.0635 8.49
      vertex 76.5443 14.0635 12.5
    endloop
  endfacet
  facet normal 0.946844 0.321692 0
    outer loop
      vertex 76.5443 14.0635 8.49
      vertex 76.599 13.9025 12.5
      vertex 76.599 13.9025 8.49
    endloop
  endfacet
  facet normal -0.997868 -0.0652701 0
    outer loop
      vertex 79.1 14.4 8.49
      vertex 79.0889 14.5697 12.5
      vertex 79.0889 14.5697 8.49
    endloop
  endfacet
  facet normal -0.997868 -0.0652701 0
    outer loop
      vertex 79.0889 14.5697 12.5
      vertex 79.1 14.4 8.49
      vertex 79.1 14.4 12.5
    endloop
  endfacet
  facet normal -0.997868 0.0652701 0
    outer loop
      vertex 79.0889 14.2303 8.49
      vertex 79.1 14.4 12.5
      vertex 79.1 14.4 8.49
    endloop
  endfacet
  facet normal -0.997868 0.0652701 0
    outer loop
      vertex 79.1 14.4 12.5
      vertex 79.0889 14.2303 8.49
      vertex 79.0889 14.2303 12.5
    endloop
  endfacet
  facet normal -0.946844 -0.321692 0
    outer loop
      vertex 79.0557 14.7365 8.49
      vertex 79.001 14.8975 12.5
      vertex 79.001 14.8975 8.49
    endloop
  endfacet
  facet normal -0.946844 -0.321692 0
    outer loop
      vertex 79.001 14.8975 12.5
      vertex 79.0557 14.7365 8.49
      vertex 79.0557 14.7365 12.5
    endloop
  endfacet
  facet normal -0.555243 -0.831688 0
    outer loop
      vertex 78.45 15.5258 8.49
      vertex 78.5914 15.4314 12.5
      vertex 78.45 15.5258 12.5
    endloop
  endfacet
  facet normal -0.555243 -0.831688 -0
    outer loop
      vertex 78.5914 15.4314 12.5
      vertex 78.45 15.5258 8.49
      vertex 78.5914 15.4314 8.49
    endloop
  endfacet
  facet normal -0.896884 -0.442267 0
    outer loop
      vertex 79.001 14.8975 8.49
      vertex 78.9258 15.05 12.5
      vertex 78.9258 15.05 8.49
    endloop
  endfacet
  facet normal -0.896884 -0.442267 0
    outer loop
      vertex 78.9258 15.05 12.5
      vertex 79.001 14.8975 8.49
      vertex 79.001 14.8975 12.5
    endloop
  endfacet
  facet normal 0.659753 -0.751483 0
    outer loop
      vertex 76.8808 15.3192 8.49
      vertex 77.0086 15.4314 12.5
      vertex 76.8808 15.3192 12.5
    endloop
  endfacet
  facet normal 0.659753 -0.751483 0
    outer loop
      vertex 77.0086 15.4314 12.5
      vertex 76.8808 15.3192 8.49
      vertex 77.0086 15.4314 8.49
    endloop
  endfacet
  facet normal 0.555243 0.831688 -0
    outer loop
      vertex 77.15 13.2742 8.49
      vertex 77.0086 13.3686 12.5
      vertex 77.15 13.2742 12.5
    endloop
  endfacet
  facet normal 0.555243 0.831688 0
    outer loop
      vertex 77.0086 13.3686 12.5
      vertex 77.15 13.2742 8.49
      vertex 77.0086 13.3686 8.49
    endloop
  endfacet
  facet normal 0.751483 -0.659753 0
    outer loop
      vertex 76.7686 15.1914 12.5
      vertex 76.8808 15.3192 8.49
      vertex 76.8808 15.3192 12.5
    endloop
  endfacet
  facet normal 0.751483 -0.659753 0
    outer loop
      vertex 76.8808 15.3192 8.49
      vertex 76.7686 15.1914 12.5
      vertex 76.7686 15.1914 8.49
    endloop
  endfacet
  facet normal 0.321692 0.946844 -0
    outer loop
      vertex 77.4635 13.1443 8.49
      vertex 77.3025 13.199 12.5
      vertex 77.4635 13.1443 12.5
    endloop
  endfacet
  facet normal 0.321692 0.946844 0
    outer loop
      vertex 77.3025 13.199 12.5
      vertex 77.4635 13.1443 8.49
      vertex 77.3025 13.199 8.49
    endloop
  endfacet
  facet normal 0.831688 0.555243 0
    outer loop
      vertex 76.7686 13.6086 12.5
      vertex 76.6742 13.75 8.49
      vertex 76.6742 13.75 12.5
    endloop
  endfacet
  facet normal 0.831688 0.555243 0
    outer loop
      vertex 76.6742 13.75 8.49
      vertex 76.7686 13.6086 12.5
      vertex 76.7686 13.6086 8.49
    endloop
  endfacet
  facet normal 0.442267 -0.896884 0
    outer loop
      vertex 77.15 15.5258 8.49
      vertex 77.3025 15.601 12.5
      vertex 77.15 15.5258 12.5
    endloop
  endfacet
  facet normal 0.442267 -0.896884 0
    outer loop
      vertex 77.3025 15.601 12.5
      vertex 77.15 15.5258 8.49
      vertex 77.3025 15.601 8.49
    endloop
  endfacet
  facet normal -0.0652701 0.997868 0
    outer loop
      vertex 77.9697 13.1111 8.49
      vertex 77.8 13.1 12.5
      vertex 77.9697 13.1111 12.5
    endloop
  endfacet
  facet normal -0.0652701 0.997868 0
    outer loop
      vertex 77.8 13.1 12.5
      vertex 77.9697 13.1111 8.49
      vertex 77.8 13.1 8.49
    endloop
  endfacet
  facet normal -0.896884 0.442267 0
    outer loop
      vertex 78.9258 13.75 8.49
      vertex 79.001 13.9025 12.5
      vertex 79.001 13.9025 8.49
    endloop
  endfacet
  facet normal -0.896884 0.442267 0
    outer loop
      vertex 79.001 13.9025 12.5
      vertex 78.9258 13.75 8.49
      vertex 78.9258 13.75 12.5
    endloop
  endfacet
  facet normal -0.831688 -0.555243 0
    outer loop
      vertex 78.9258 15.05 8.49
      vertex 78.8314 15.1914 12.5
      vertex 78.8314 15.1914 8.49
    endloop
  endfacet
  facet normal -0.831688 -0.555243 0
    outer loop
      vertex 78.8314 15.1914 12.5
      vertex 78.9258 15.05 8.49
      vertex 78.9258 15.05 12.5
    endloop
  endfacet
  facet normal -0.831688 0.555243 0
    outer loop
      vertex 78.8314 13.6086 8.49
      vertex 78.9258 13.75 12.5
      vertex 78.9258 13.75 8.49
    endloop
  endfacet
  facet normal -0.831688 0.555243 0
    outer loop
      vertex 78.9258 13.75 12.5
      vertex 78.8314 13.6086 8.49
      vertex 78.8314 13.6086 12.5
    endloop
  endfacet
  facet normal -0.980761 -0.195211 0
    outer loop
      vertex 79.0889 14.5697 8.49
      vertex 79.0557 14.7365 12.5
      vertex 79.0557 14.7365 8.49
    endloop
  endfacet
  facet normal -0.980761 -0.195211 0
    outer loop
      vertex 79.0557 14.7365 12.5
      vertex 79.0889 14.5697 8.49
      vertex 79.0889 14.5697 12.5
    endloop
  endfacet
  facet normal 0.997868 0.0652701 0
    outer loop
      vertex 76.5111 14.2303 12.5
      vertex 76.5 14.4 8.49
      vertex 76.5 14.4 12.5
    endloop
  endfacet
  facet normal 0.997868 0.0652701 0
    outer loop
      vertex 76.5 14.4 8.49
      vertex 76.5111 14.2303 12.5
      vertex 76.5111 14.2303 8.49
    endloop
  endfacet
  facet normal -0.442267 -0.896884 0
    outer loop
      vertex 78.2975 15.601 8.49
      vertex 78.45 15.5258 12.5
      vertex 78.2975 15.601 12.5
    endloop
  endfacet
  facet normal -0.442267 -0.896884 -0
    outer loop
      vertex 78.45 15.5258 12.5
      vertex 78.2975 15.601 8.49
      vertex 78.45 15.5258 8.49
    endloop
  endfacet
  facet normal -0.321692 0.946844 0
    outer loop
      vertex 78.2975 13.199 8.49
      vertex 78.1365 13.1443 12.5
      vertex 78.2975 13.199 12.5
    endloop
  endfacet
  facet normal -0.321692 0.946844 0
    outer loop
      vertex 78.1365 13.1443 12.5
      vertex 78.2975 13.199 8.49
      vertex 78.1365 13.1443 8.49
    endloop
  endfacet
  facet normal 0.831688 -0.555243 0
    outer loop
      vertex 76.6742 15.05 12.5
      vertex 76.7686 15.1914 8.49
      vertex 76.7686 15.1914 12.5
    endloop
  endfacet
  facet normal 0.831688 -0.555243 0
    outer loop
      vertex 76.7686 15.1914 8.49
      vertex 76.6742 15.05 12.5
      vertex 76.6742 15.05 8.49
    endloop
  endfacet
  facet normal -0.321692 -0.946844 0
    outer loop
      vertex 78.1365 15.6557 8.49
      vertex 78.2975 15.601 12.5
      vertex 78.1365 15.6557 12.5
    endloop
  endfacet
  facet normal -0.321692 -0.946844 -0
    outer loop
      vertex 78.2975 15.601 12.5
      vertex 78.1365 15.6557 8.49
      vertex 78.2975 15.601 8.49
    endloop
  endfacet
  facet normal -0.946844 0.321692 0
    outer loop
      vertex 79.001 13.9025 8.49
      vertex 79.0557 14.0635 12.5
      vertex 79.0557 14.0635 8.49
    endloop
  endfacet
  facet normal -0.946844 0.321692 0
    outer loop
      vertex 79.0557 14.0635 12.5
      vertex 79.001 13.9025 8.49
      vertex 79.001 13.9025 12.5
    endloop
  endfacet
  facet normal 0.896884 -0.442267 0
    outer loop
      vertex 76.599 14.8975 12.5
      vertex 76.6742 15.05 8.49
      vertex 76.6742 15.05 12.5
    endloop
  endfacet
  facet normal 0.896884 -0.442267 0
    outer loop
      vertex 76.6742 15.05 8.49
      vertex 76.599 14.8975 12.5
      vertex 76.599 14.8975 8.49
    endloop
  endfacet
  facet normal 0.195211 -0.980761 0
    outer loop
      vertex 77.4635 15.6557 8.49
      vertex 77.6303 15.6889 12.5
      vertex 77.4635 15.6557 12.5
    endloop
  endfacet
  facet normal 0.195211 -0.980761 0
    outer loop
      vertex 77.6303 15.6889 12.5
      vertex 77.4635 15.6557 8.49
      vertex 77.6303 15.6889 8.49
    endloop
  endfacet
  facet normal -0.195211 0.980761 0
    outer loop
      vertex 78.1365 13.1443 8.49
      vertex 77.9697 13.1111 12.5
      vertex 78.1365 13.1443 12.5
    endloop
  endfacet
  facet normal -0.195211 0.980761 0
    outer loop
      vertex 77.9697 13.1111 12.5
      vertex 78.1365 13.1443 8.49
      vertex 77.9697 13.1111 8.49
    endloop
  endfacet
  facet normal 0.946844 -0.321692 0
    outer loop
      vertex 76.5443 14.7365 12.5
      vertex 76.599 14.8975 8.49
      vertex 76.599 14.8975 12.5
    endloop
  endfacet
  facet normal 0.946844 -0.321692 0
    outer loop
      vertex 76.599 14.8975 8.49
      vertex 76.5443 14.7365 12.5
      vertex 76.5443 14.7365 8.49
    endloop
  endfacet
  facet normal -0.555243 0.831688 0
    outer loop
      vertex 78.5914 13.3686 8.49
      vertex 78.45 13.2742 12.5
      vertex 78.5914 13.3686 12.5
    endloop
  endfacet
  facet normal -0.555243 0.831688 0
    outer loop
      vertex 78.45 13.2742 12.5
      vertex 78.5914 13.3686 8.49
      vertex 78.45 13.2742 8.49
    endloop
  endfacet
  facet normal -0.659753 -0.751483 0
    outer loop
      vertex 78.5914 15.4314 8.49
      vertex 78.7192 15.3192 12.5
      vertex 78.5914 15.4314 12.5
    endloop
  endfacet
  facet normal -0.659753 -0.751483 -0
    outer loop
      vertex 78.7192 15.3192 12.5
      vertex 78.5914 15.4314 8.49
      vertex 78.7192 15.3192 8.49
    endloop
  endfacet
  facet normal 0.997868 -0.0652701 0
    outer loop
      vertex 76.5 14.4 12.5
      vertex 76.5111 14.5697 8.49
      vertex 76.5111 14.5697 12.5
    endloop
  endfacet
  facet normal 0.997868 -0.0652701 0
    outer loop
      vertex 76.5111 14.5697 8.49
      vertex 76.5 14.4 12.5
      vertex 76.5 14.4 8.49
    endloop
  endfacet
  facet normal 0.321692 -0.946844 0
    outer loop
      vertex 77.3025 15.601 8.49
      vertex 77.4635 15.6557 12.5
      vertex 77.3025 15.601 12.5
    endloop
  endfacet
  facet normal 0.321692 -0.946844 0
    outer loop
      vertex 77.4635 15.6557 12.5
      vertex 77.3025 15.601 8.49
      vertex 77.4635 15.6557 8.49
    endloop
  endfacet
  facet normal 0.751483 0.659753 0
    outer loop
      vertex 76.8808 13.4808 12.5
      vertex 76.7686 13.6086 8.49
      vertex 76.7686 13.6086 12.5
    endloop
  endfacet
  facet normal 0.751483 0.659753 0
    outer loop
      vertex 76.7686 13.6086 8.49
      vertex 76.8808 13.4808 12.5
      vertex 76.8808 13.4808 8.49
    endloop
  endfacet
  facet normal -0.0652701 -0.997868 0
    outer loop
      vertex 77.8 15.7 8.49
      vertex 77.9697 15.6889 12.5
      vertex 77.8 15.7 12.5
    endloop
  endfacet
  facet normal -0.0652701 -0.997868 -0
    outer loop
      vertex 77.9697 15.6889 12.5
      vertex 77.8 15.7 8.49
      vertex 77.9697 15.6889 8.49
    endloop
  endfacet
  facet normal -0.980761 0.195211 0
    outer loop
      vertex 79.0557 14.0635 8.49
      vertex 79.0889 14.2303 12.5
      vertex 79.0889 14.2303 8.49
    endloop
  endfacet
  facet normal -0.980761 0.195211 0
    outer loop
      vertex 79.0889 14.2303 12.5
      vertex 79.0557 14.0635 8.49
      vertex 79.0557 14.0635 12.5
    endloop
  endfacet
  facet normal 0.659753 0.751483 -0
    outer loop
      vertex 77.0086 13.3686 8.49
      vertex 76.8808 13.4808 12.5
      vertex 77.0086 13.3686 12.5
    endloop
  endfacet
  facet normal 0.659753 0.751483 0
    outer loop
      vertex 76.8808 13.4808 12.5
      vertex 77.0086 13.3686 8.49
      vertex 76.8808 13.4808 8.49
    endloop
  endfacet
  facet normal -0.659753 0.751483 0
    outer loop
      vertex 78.7192 13.4808 8.49
      vertex 78.5914 13.3686 12.5
      vertex 78.7192 13.4808 12.5
    endloop
  endfacet
  facet normal -0.659753 0.751483 0
    outer loop
      vertex 78.5914 13.3686 12.5
      vertex 78.7192 13.4808 8.49
      vertex 78.5914 13.3686 8.49
    endloop
  endfacet
  facet normal -0.751483 0.659753 0
    outer loop
      vertex 78.7192 13.4808 8.49
      vertex 78.8314 13.6086 12.5
      vertex 78.8314 13.6086 8.49
    endloop
  endfacet
  facet normal -0.751483 0.659753 0
    outer loop
      vertex 78.8314 13.6086 12.5
      vertex 78.7192 13.4808 8.49
      vertex 78.7192 13.4808 12.5
    endloop
  endfacet
  facet normal -0.442267 0.896884 0
    outer loop
      vertex 78.45 13.2742 8.49
      vertex 78.2975 13.199 12.5
      vertex 78.45 13.2742 12.5
    endloop
  endfacet
  facet normal -0.442267 0.896884 0
    outer loop
      vertex 78.2975 13.199 12.5
      vertex 78.45 13.2742 8.49
      vertex 78.2975 13.199 8.49
    endloop
  endfacet
  facet normal 0.0652701 -0.997868 0
    outer loop
      vertex 77.6303 15.6889 8.49
      vertex 77.8 15.7 12.5
      vertex 77.6303 15.6889 12.5
    endloop
  endfacet
  facet normal 0.0652701 -0.997868 0
    outer loop
      vertex 77.8 15.7 12.5
      vertex 77.6303 15.6889 8.49
      vertex 77.8 15.7 8.49
    endloop
  endfacet
  facet normal 0.0652701 0.997868 -0
    outer loop
      vertex 77.8 13.1 8.49
      vertex 77.6303 13.1111 12.5
      vertex 77.8 13.1 12.5
    endloop
  endfacet
  facet normal 0.0652701 0.997868 0
    outer loop
      vertex 77.6303 13.1111 12.5
      vertex 77.8 13.1 8.49
      vertex 77.6303 13.1111 8.49
    endloop
  endfacet
  facet normal 0.896884 0.442267 0
    outer loop
      vertex 76.6742 13.75 12.5
      vertex 76.599 13.9025 8.49
      vertex 76.599 13.9025 12.5
    endloop
  endfacet
  facet normal 0.896884 0.442267 0
    outer loop
      vertex 76.599 13.9025 8.49
      vertex 76.6742 13.75 12.5
      vertex 76.6742 13.75 8.49
    endloop
  endfacet
  facet normal 0.555243 -0.831688 0
    outer loop
      vertex 77.0086 15.4314 8.49
      vertex 77.15 15.5258 12.5
      vertex 77.0086 15.4314 12.5
    endloop
  endfacet
  facet normal 0.555243 -0.831688 0
    outer loop
      vertex 77.15 15.5258 12.5
      vertex 77.0086 15.4314 8.49
      vertex 77.15 15.5258 8.49
    endloop
  endfacet
  facet normal 0.442267 0.896884 -0
    outer loop
      vertex 77.3025 13.199 8.49
      vertex 77.15 13.2742 12.5
      vertex 77.3025 13.199 12.5
    endloop
  endfacet
  facet normal 0.442267 0.896884 0
    outer loop
      vertex 77.15 13.2742 12.5
      vertex 77.3025 13.199 8.49
      vertex 77.15 13.2742 8.49
    endloop
  endfacet
  facet normal 0.980761 0.195211 0
    outer loop
      vertex 76.5443 14.0635 12.5
      vertex 76.5111 14.2303 8.49
      vertex 76.5111 14.2303 12.5
    endloop
  endfacet
  facet normal 0.980761 0.195211 0
    outer loop
      vertex 76.5111 14.2303 8.49
      vertex 76.5443 14.0635 12.5
      vertex 76.5443 14.0635 8.49
    endloop
  endfacet
  facet normal 0.980761 -0.195211 0
    outer loop
      vertex 76.5111 14.5697 12.5
      vertex 76.5443 14.7365 8.49
      vertex 76.5443 14.7365 12.5
    endloop
  endfacet
  facet normal 0.980761 -0.195211 0
    outer loop
      vertex 76.5443 14.7365 8.49
      vertex 76.5111 14.5697 12.5
      vertex 76.5111 14.5697 8.49
    endloop
  endfacet
  facet normal 0 0 1
    outer loop
      vertex 79.0889 14.5697 8.49
      vertex 79.0889 14.2303 8.49
      vertex 79.1 14.4 8.49
    endloop
  endfacet
  facet normal 0 0 1
    outer loop
      vertex 79.0557 14.7365 8.49
      vertex 79.0889 14.2303 8.49
      vertex 79.0889 14.5697 8.49
    endloop
  endfacet
  facet normal 0 0 1
    outer loop
      vertex 79.0557 14.7365 8.49
      vertex 79.0557 14.0635 8.49
      vertex 79.0889 14.2303 8.49
    endloop
  endfacet
  facet normal 0 0 1
    outer loop
      vertex 79.001 14.8975 8.49
      vertex 79.0557 14.0635 8.49
      vertex 79.0557 14.7365 8.49
    endloop
  endfacet
  facet normal 0 0 1
    outer loop
      vertex 79.001 14.8975 8.49
      vertex 79.001 13.9025 8.49
      vertex 79.0557 14.0635 8.49
    endloop
  endfacet
  facet normal 0 0 1
    outer loop
      vertex 78.9258 15.05 8.49
      vertex 79.001 13.9025 8.49
      vertex 79.001 14.8975 8.49
    endloop
  endfacet
  facet normal 0 0 1
    outer loop
      vertex 78.9258 15.05 8.49
      vertex 78.9258 13.75 8.49
      vertex 79.001 13.9025 8.49
    endloop
  endfacet
  facet normal 0 0 1
    outer loop
      vertex 78.8314 15.1914 8.49
      vertex 78.9258 13.75 8.49
      vertex 78.9258 15.05 8.49
    endloop
  endfacet
  facet normal 0 0 1
    outer loop
      vertex 78.8314 15.1914 8.49
      vertex 78.8314 13.6086 8.49
      vertex 78.9258 13.75 8.49
    endloop
  endfacet
  facet normal 0 0 1
    outer loop
      vertex 78.7192 15.3192 8.49
      vertex 78.8314 13.6086 8.49
      vertex 78.8314 15.1914 8.49
    endloop
  endfacet
  facet normal 0 0 1
    outer loop
      vertex 78.7192 15.3192 8.49
      vertex 78.7192 13.4808 8.49
      vertex 78.8314 13.6086 8.49
    endloop
  endfacet
  facet normal 0 0 1
    outer loop
      vertex 78.5914 15.4314 8.49
      vertex 78.7192 13.4808 8.49
      vertex 78.7192 15.3192 8.49
    endloop
  endfacet
  facet normal 0 0 1
    outer loop
      vertex 78.5914 15.4314 8.49
      vertex 78.5914 13.3686 8.49
      vertex 78.7192 13.4808 8.49
    endloop
  endfacet
  facet normal 0 0 1
    outer loop
      vertex 78.45 15.5258 8.49
      vertex 78.5914 13.3686 8.49
      vertex 78.5914 15.4314 8.49
    endloop
  endfacet
  facet normal 0 0 1
    outer loop
      vertex 78.45 15.5258 8.49
      vertex 78.45 13.2742 8.49
      vertex 78.5914 13.3686 8.49
    endloop
  endfacet
  facet normal 0 0 1
    outer loop
      vertex 78.2975 15.601 8.49
      vertex 78.45 13.2742 8.49
      vertex 78.45 15.5258 8.49
    endloop
  endfacet
  facet normal 0 0 1
    outer loop
      vertex 78.2975 15.601 8.49
      vertex 78.2975 13.199 8.49
      vertex 78.45 13.2742 8.49
    endloop
  endfacet
  facet normal 0 0 1
    outer loop
      vertex 78.1365 15.6557 8.49
      vertex 78.2975 13.199 8.49
      vertex 78.2975 15.601 8.49
    endloop
  endfacet
  facet normal 0 0 1
    outer loop
      vertex 78.1365 15.6557 8.49
      vertex 78.1365 13.1443 8.49
      vertex 78.2975 13.199 8.49
    endloop
  endfacet
  facet normal 0 0 1
    outer loop
      vertex 77.9697 15.6889 8.49
      vertex 78.1365 13.1443 8.49
      vertex 78.1365 15.6557 8.49
    endloop
  endfacet
  facet normal 0 0 1
    outer loop
      vertex 77.9697 15.6889 8.49
      vertex 77.9697 13.1111 8.49
      vertex 78.1365 13.1443 8.49
    endloop
  endfacet
  facet normal 0 0 1
    outer loop
      vertex 77.8 15.7 8.49
      vertex 77.9697 13.1111 8.49
      vertex 77.9697 15.6889 8.49
    endloop
  endfacet
  facet normal 0 0 1
    outer loop
      vertex 77.8 15.7 8.49
      vertex 77.8 13.1 8.49
      vertex 77.9697 13.1111 8.49
    endloop
  endfacet
  facet normal -0 0 1
    outer loop
      vertex 77.6303 15.6889 8.49
      vertex 77.8 13.1 8.49
      vertex 77.8 15.7 8.49
    endloop
  endfacet
  facet normal 0 0 1
    outer loop
      vertex 77.6303 15.6889 8.49
      vertex 77.6303 13.1111 8.49
      vertex 77.8 13.1 8.49
    endloop
  endfacet
  facet normal -0 0 1
    outer loop
      vertex 77.4635 15.6557 8.49
      vertex 77.6303 13.1111 8.49
      vertex 77.6303 15.6889 8.49
    endloop
  endfacet
  facet normal 0 0 1
    outer loop
      vertex 77.4635 15.6557 8.49
      vertex 77.4635 13.1443 8.49
      vertex 77.6303 13.1111 8.49
    endloop
  endfacet
  facet normal -0 0 1
    outer loop
      vertex 77.3025 15.601 8.49
      vertex 77.4635 13.1443 8.49
      vertex 77.4635 15.6557 8.49
    endloop
  endfacet
  facet normal 0 0 1
    outer loop
      vertex 77.3025 15.601 8.49
      vertex 77.3025 13.199 8.49
      vertex 77.4635 13.1443 8.49
    endloop
  endfacet
  facet normal -0 0 1
    outer loop
      vertex 77.15 15.5258 8.49
      vertex 77.3025 13.199 8.49
      vertex 77.3025 15.601 8.49
    endloop
  endfacet
  facet normal 0 0 1
    outer loop
      vertex 77.15 15.5258 8.49
      vertex 77.15 13.2742 8.49
      vertex 77.3025 13.199 8.49
    endloop
  endfacet
  facet normal -0 0 1
    outer loop
      vertex 77.0086 15.4314 8.49
      vertex 77.15 13.2742 8.49
      vertex 77.15 15.5258 8.49
    endloop
  endfacet
  facet normal 0 0 1
    outer loop
      vertex 77.0086 15.4314 8.49
      vertex 77.0086 13.3686 8.49
      vertex 77.15 13.2742 8.49
    endloop
  endfacet
  facet normal -0 0 1
    outer loop
      vertex 76.8808 15.3192 8.49
      vertex 77.0086 13.3686 8.49
      vertex 77.0086 15.4314 8.49
    endloop
  endfacet
  facet normal 0 0 1
    outer loop
      vertex 76.8808 15.3192 8.49
      vertex 76.8808 13.4808 8.49
      vertex 77.0086 13.3686 8.49
    endloop
  endfacet
  facet normal -0 0 1
    outer loop
      vertex 76.7686 15.1914 8.49
      vertex 76.8808 13.4808 8.49
      vertex 76.8808 15.3192 8.49
    endloop
  endfacet
  facet normal 0 0 1
    outer loop
      vertex 76.7686 15.1914 8.49
      vertex 76.7686 13.6086 8.49
      vertex 76.8808 13.4808 8.49
    endloop
  endfacet
  facet normal -0 0 1
    outer loop
      vertex 76.6742 15.05 8.49
      vertex 76.7686 13.6086 8.49
      vertex 76.7686 15.1914 8.49
    endloop
  endfacet
  facet normal 0 0 1
    outer loop
      vertex 76.6742 15.05 8.49
      vertex 76.6742 13.75 8.49
      vertex 76.7686 13.6086 8.49
    endloop
  endfacet
  facet normal -0 0 1
    outer loop
      vertex 76.599 14.8975 8.49
      vertex 76.6742 13.75 8.49
      vertex 76.6742 15.05 8.49
    endloop
  endfacet
  facet normal 0 0 1
    outer loop
      vertex 76.599 14.8975 8.49
      vertex 76.599 13.9025 8.49
      vertex 76.6742 13.75 8.49
    endloop
  endfacet
  facet normal -0 0 1
    outer loop
      vertex 76.5443 14.7365 8.49
      vertex 76.599 13.9025 8.49
      vertex 76.599 14.8975 8.49
    endloop
  endfacet
  facet normal 0 0 1
    outer loop
      vertex 76.5443 14.7365 8.49
      vertex 76.5443 14.0635 8.49
      vertex 76.599 13.9025 8.49
    endloop
  endfacet
  facet normal -0 0 1
    outer loop
      vertex 76.5111 14.5697 8.49
      vertex 76.5443 14.0635 8.49
      vertex 76.5443 14.7365 8.49
    endloop
  endfacet
  facet normal 0 0 1
    outer loop
      vertex 76.5111 14.5697 8.49
      vertex 76.5111 14.2303 8.49
      vertex 76.5443 14.0635 8.49
    endloop
  endfacet
  facet normal 0 -0 1
    outer loop
      vertex 76.5111 14.2303 8.49
      vertex 76.5111 14.5697 8.49
      vertex 76.5 14.4 8.49
    endloop
  endfacet
  facet normal -0.980815 -0.19494 0
    outer loop
      vertex 74.9022 49.6235 7.5
      vertex 74.8257 50.0084 12.5
      vertex 74.8257 50.0084 7.5
    endloop
  endfacet
  facet normal -0.980815 -0.19494 0
    outer loop
      vertex 74.8257 50.0084 12.5
      vertex 74.9022 49.6235 7.5
      vertex 74.9022 49.6235 12.5
    endloop
  endfacet
  facet normal -0.831501 0.555523 0
    outer loop
      vertex 75.2019 51.9 7.5
      vertex 75.4199 52.2263 12.5
      vertex 75.4199 52.2263 7.5
    endloop
  endfacet
  facet normal -0.831501 0.555523 0
    outer loop
      vertex 75.4199 52.2263 12.5
      vertex 75.2019 51.9 7.5
      vertex 75.2019 51.9 12.5
    endloop
  endfacet
  facet normal 0.980815 0.19494 0
    outer loop
      vertex 80.7743 50.7916 12.5
      vertex 80.6978 51.1765 7.5
      vertex 80.6978 51.1765 12.5
    endloop
  endfacet
  facet normal 0.980815 0.19494 0
    outer loop
      vertex 80.6978 51.1765 7.5
      vertex 80.7743 50.7916 12.5
      vertex 80.7743 50.7916 7.5
    endloop
  endfacet
  facet normal 0.997853 -0.0654873 0
    outer loop
      vertex 80.7743 50.0084 12.5
      vertex 80.8 50.4 7.5
      vertex 80.8 50.4 12.5
    endloop
  endfacet
  facet normal 0.997853 -0.0654873 0
    outer loop
      vertex 80.8 50.4 7.5
      vertex 80.7743 50.0084 12.5
      vertex 80.7743 50.0084 7.5
    endloop
  endfacet
  facet normal 0.751724 -0.659478 0
    outer loop
      vertex 79.9213 48.2787 12.5
      vertex 80.1801 48.5737 7.5
      vertex 80.1801 48.5737 12.5
    endloop
  endfacet
  facet normal 0.751724 -0.659478 0
    outer loop
      vertex 80.1801 48.5737 7.5
      vertex 79.9213 48.2787 12.5
      vertex 79.9213 48.2787 7.5
    endloop
  endfacet
  facet normal -0.751724 0.659478 0
    outer loop
      vertex 75.4199 52.2263 7.5
      vertex 75.6787 52.5213 12.5
      vertex 75.6787 52.5213 7.5
    endloop
  endfacet
  facet normal -0.751724 0.659478 0
    outer loop
      vertex 75.6787 52.5213 12.5
      vertex 75.4199 52.2263 7.5
      vertex 75.4199 52.2263 12.5
    endloop
  endfacet
  facet normal 0.19494 0.980815 -0
    outer loop
      vertex 78.5765 53.2978 7.5
      vertex 78.1916 53.3743 12.5
      vertex 78.5765 53.2978 12.5
    endloop
  endfacet
  facet normal 0.19494 0.980815 0
    outer loop
      vertex 78.1916 53.3743 12.5
      vertex 78.5765 53.2978 7.5
      vertex 78.1916 53.3743 7.5
    endloop
  endfacet
  facet normal 0.751724 0.659478 0
    outer loop
      vertex 80.1801 52.2263 12.5
      vertex 79.9213 52.5213 7.5
      vertex 79.9213 52.5213 12.5
    endloop
  endfacet
  facet normal 0.751724 0.659478 0
    outer loop
      vertex 79.9213 52.5213 7.5
      vertex 80.1801 52.2263 12.5
      vertex 80.1801 52.2263 7.5
    endloop
  endfacet
  facet normal -0.831501 -0.555523 0
    outer loop
      vertex 75.4199 48.5737 7.5
      vertex 75.2019 48.9 12.5
      vertex 75.2019 48.9 7.5
    endloop
  endfacet
  facet normal -0.831501 -0.555523 0
    outer loop
      vertex 75.2019 48.9 12.5
      vertex 75.4199 48.5737 7.5
      vertex 75.4199 48.5737 12.5
    endloop
  endfacet
  facet normal -0.555523 -0.831501 0
    outer loop
      vertex 75.9737 48.0199 7.5
      vertex 76.3 47.8019 12.5
      vertex 75.9737 48.0199 12.5
    endloop
  endfacet
  facet normal -0.555523 -0.831501 -0
    outer loop
      vertex 76.3 47.8019 12.5
      vertex 75.9737 48.0199 7.5
      vertex 76.3 47.8019 7.5
    endloop
  endfacet
  facet normal 0.442211 -0.896911 0
    outer loop
      vertex 78.9481 47.6284 7.5
      vertex 79.3 47.8019 12.5
      vertex 78.9481 47.6284 12.5
    endloop
  endfacet
  facet normal 0.442211 -0.896911 0
    outer loop
      vertex 79.3 47.8019 12.5
      vertex 78.9481 47.6284 7.5
      vertex 79.3 47.8019 7.5
    endloop
  endfacet
  facet normal -0.946858 0.321651 0
    outer loop
      vertex 74.9022 51.1765 7.5
      vertex 75.0284 51.548 12.5
      vertex 75.0284 51.548 7.5
    endloop
  endfacet
  facet normal -0.946858 0.321651 0
    outer loop
      vertex 75.0284 51.548 12.5
      vertex 74.9022 51.1765 7.5
      vertex 74.9022 51.1765 12.5
    endloop
  endfacet
  facet normal -0.442211 -0.896911 0
    outer loop
      vertex 76.3 47.8019 7.5
      vertex 76.6519 47.6284 12.5
      vertex 76.3 47.8019 12.5
    endloop
  endfacet
  facet normal -0.442211 -0.896911 -0
    outer loop
      vertex 76.6519 47.6284 12.5
      vertex 76.3 47.8019 7.5
      vertex 76.6519 47.6284 7.5
    endloop
  endfacet
  facet normal -0.321574 -0.946885 0
    outer loop
      vertex 76.6519 47.6284 7.5
      vertex 77.0235 47.5022 12.5
      vertex 76.6519 47.6284 12.5
    endloop
  endfacet
  facet normal -0.321574 -0.946885 -0
    outer loop
      vertex 77.0235 47.5022 12.5
      vertex 76.6519 47.6284 7.5
      vertex 77.0235 47.5022 7.5
    endloop
  endfacet
  facet normal -0.997853 -0.0654873 0
    outer loop
      vertex 74.8257 50.0084 7.5
      vertex 74.8 50.4 12.5
      vertex 74.8 50.4 7.5
    endloop
  endfacet
  facet normal -0.997853 -0.0654873 0
    outer loop
      vertex 74.8 50.4 12.5
      vertex 74.8257 50.0084 7.5
      vertex 74.8257 50.0084 12.5
    endloop
  endfacet
  facet normal 0.659478 0.751724 -0
    outer loop
      vertex 79.9213 52.5213 7.5
      vertex 79.6263 52.7801 12.5
      vertex 79.9213 52.5213 12.5
    endloop
  endfacet
  facet normal 0.659478 0.751724 0
    outer loop
      vertex 79.6263 52.7801 12.5
      vertex 79.9213 52.5213 7.5
      vertex 79.6263 52.7801 7.5
    endloop
  endfacet
  facet normal 0.997853 0.0654873 0
    outer loop
      vertex 80.8 50.4 12.5
      vertex 80.7743 50.7916 7.5
      vertex 80.7743 50.7916 12.5
    endloop
  endfacet
  facet normal 0.997853 0.0654873 0
    outer loop
      vertex 80.7743 50.7916 7.5
      vertex 80.8 50.4 12.5
      vertex 80.8 50.4 7.5
    endloop
  endfacet
  facet normal -0.946885 -0.321574 0
    outer loop
      vertex 75.0284 49.2519 7.5
      vertex 74.9022 49.6235 12.5
      vertex 74.9022 49.6235 7.5
    endloop
  endfacet
  facet normal -0.946885 -0.321574 0
    outer loop
      vertex 74.9022 49.6235 12.5
      vertex 75.0284 49.2519 7.5
      vertex 75.0284 49.2519 12.5
    endloop
  endfacet
  facet normal 0.896911 -0.442211 0
    outer loop
      vertex 80.3981 48.9 12.5
      vertex 80.5716 49.2519 7.5
      vertex 80.5716 49.2519 12.5
    endloop
  endfacet
  facet normal 0.896911 -0.442211 0
    outer loop
      vertex 80.5716 49.2519 7.5
      vertex 80.3981 48.9 12.5
      vertex 80.3981 48.9 7.5
    endloop
  endfacet
  facet normal -0.896961 0.44211 0
    outer loop
      vertex 75.0284 51.548 7.5
      vertex 75.2019 51.9 12.5
      vertex 75.2019 51.9 7.5
    endloop
  endfacet
  facet normal -0.896961 0.44211 0
    outer loop
      vertex 75.2019 51.9 12.5
      vertex 75.0284 51.548 7.5
      vertex 75.0284 51.548 12.5
    endloop
  endfacet
  facet normal -0.0654873 -0.997853 0
    outer loop
      vertex 77.4084 47.4257 7.5
      vertex 77.8 47.4 12.5
      vertex 77.4084 47.4257 12.5
    endloop
  endfacet
  facet normal -0.0654873 -0.997853 -0
    outer loop
      vertex 77.8 47.4 12.5
      vertex 77.4084 47.4257 7.5
      vertex 77.8 47.4 7.5
    endloop
  endfacet
  facet normal 0.321574 0.946885 -0
    outer loop
      vertex 78.9481 53.1716 7.5
      vertex 78.5765 53.2978 12.5
      vertex 78.9481 53.1716 12.5
    endloop
  endfacet
  facet normal 0.321574 0.946885 0
    outer loop
      vertex 78.5765 53.2978 12.5
      vertex 78.9481 53.1716 7.5
      vertex 78.5765 53.2978 7.5
    endloop
  endfacet
  facet normal 0.896961 0.44211 0
    outer loop
      vertex 80.5716 51.548 12.5
      vertex 80.3981 51.9 7.5
      vertex 80.3981 51.9 12.5
    endloop
  endfacet
  facet normal 0.896961 0.44211 0
    outer loop
      vertex 80.3981 51.9 7.5
      vertex 80.5716 51.548 12.5
      vertex 80.5716 51.548 7.5
    endloop
  endfacet
  facet normal 0.831501 0.555523 0
    outer loop
      vertex 80.3981 51.9 12.5
      vertex 80.1801 52.2263 7.5
      vertex 80.1801 52.2263 12.5
    endloop
  endfacet
  facet normal 0.831501 0.555523 0
    outer loop
      vertex 80.1801 52.2263 7.5
      vertex 80.3981 51.9 12.5
      vertex 80.3981 51.9 7.5
    endloop
  endfacet
  facet normal 0.946858 0.321651 0
    outer loop
      vertex 80.6978 51.1765 12.5
      vertex 80.5716 51.548 7.5
      vertex 80.5716 51.548 12.5
    endloop
  endfacet
  facet normal 0.946858 0.321651 0
    outer loop
      vertex 80.5716 51.548 7.5
      vertex 80.6978 51.1765 12.5
      vertex 80.6978 51.1765 7.5
    endloop
  endfacet
  facet normal 0.555523 0.831501 -0
    outer loop
      vertex 79.6263 52.7801 7.5
      vertex 79.3 52.9981 12.5
      vertex 79.6263 52.7801 12.5
    endloop
  endfacet
  facet normal 0.555523 0.831501 0
    outer loop
      vertex 79.3 52.9981 12.5
      vertex 79.6263 52.7801 7.5
      vertex 79.3 52.9981 7.5
    endloop
  endfacet
  facet normal -0.19494 0.980815 0
    outer loop
      vertex 77.4084 53.3743 7.5
      vertex 77.0235 53.2978 12.5
      vertex 77.4084 53.3743 12.5
    endloop
  endfacet
  facet normal -0.19494 0.980815 0
    outer loop
      vertex 77.0235 53.2978 12.5
      vertex 77.4084 53.3743 7.5
      vertex 77.0235 53.2978 7.5
    endloop
  endfacet
  facet normal 0.321574 -0.946885 0
    outer loop
      vertex 78.5765 47.5022 7.5
      vertex 78.9481 47.6284 12.5
      vertex 78.5765 47.5022 12.5
    endloop
  endfacet
  facet normal 0.321574 -0.946885 0
    outer loop
      vertex 78.9481 47.6284 12.5
      vertex 78.5765 47.5022 7.5
      vertex 78.9481 47.6284 7.5
    endloop
  endfacet
  facet normal 0.442211 0.896911 -0
    outer loop
      vertex 79.3 52.9981 7.5
      vertex 78.9481 53.1716 12.5
      vertex 79.3 52.9981 12.5
    endloop
  endfacet
  facet normal 0.442211 0.896911 0
    outer loop
      vertex 78.9481 53.1716 12.5
      vertex 79.3 52.9981 7.5
      vertex 78.9481 53.1716 7.5
    endloop
  endfacet
  facet normal 0.0654873 -0.997853 0
    outer loop
      vertex 77.8 47.4 7.5
      vertex 78.1916 47.4257 12.5
      vertex 77.8 47.4 12.5
    endloop
  endfacet
  facet normal 0.0654873 -0.997853 0
    outer loop
      vertex 78.1916 47.4257 12.5
      vertex 77.8 47.4 7.5
      vertex 78.1916 47.4257 7.5
    endloop
  endfacet
  facet normal -0.0654873 0.997853 0
    outer loop
      vertex 77.8 53.4 7.5
      vertex 77.4084 53.3743 12.5
      vertex 77.8 53.4 12.5
    endloop
  endfacet
  facet normal -0.0654873 0.997853 0
    outer loop
      vertex 77.4084 53.3743 12.5
      vertex 77.8 53.4 7.5
      vertex 77.4084 53.3743 7.5
    endloop
  endfacet
  facet normal 0.980815 -0.19494 0
    outer loop
      vertex 80.6978 49.6235 12.5
      vertex 80.7743 50.0084 7.5
      vertex 80.7743 50.0084 12.5
    endloop
  endfacet
  facet normal 0.980815 -0.19494 0
    outer loop
      vertex 80.7743 50.0084 7.5
      vertex 80.6978 49.6235 12.5
      vertex 80.6978 49.6235 7.5
    endloop
  endfacet
  facet normal 0.19494 -0.980815 0
    outer loop
      vertex 78.1916 47.4257 7.5
      vertex 78.5765 47.5022 12.5
      vertex 78.1916 47.4257 12.5
    endloop
  endfacet
  facet normal 0.19494 -0.980815 0
    outer loop
      vertex 78.5765 47.5022 12.5
      vertex 78.1916 47.4257 7.5
      vertex 78.5765 47.5022 7.5
    endloop
  endfacet
  facet normal -0.442211 0.896911 0
    outer loop
      vertex 76.6519 53.1716 7.5
      vertex 76.3 52.9981 12.5
      vertex 76.6519 53.1716 12.5
    endloop
  endfacet
  facet normal -0.442211 0.896911 0
    outer loop
      vertex 76.3 52.9981 12.5
      vertex 76.6519 53.1716 7.5
      vertex 76.3 52.9981 7.5
    endloop
  endfacet
  facet normal 0.659478 -0.751724 0
    outer loop
      vertex 79.6263 48.0199 7.5
      vertex 79.9213 48.2787 12.5
      vertex 79.6263 48.0199 12.5
    endloop
  endfacet
  facet normal 0.659478 -0.751724 0
    outer loop
      vertex 79.9213 48.2787 12.5
      vertex 79.6263 48.0199 7.5
      vertex 79.9213 48.2787 7.5
    endloop
  endfacet
  facet normal -0.321574 0.946885 0
    outer loop
      vertex 77.0235 53.2978 7.5
      vertex 76.6519 53.1716 12.5
      vertex 77.0235 53.2978 12.5
    endloop
  endfacet
  facet normal -0.321574 0.946885 0
    outer loop
      vertex 76.6519 53.1716 12.5
      vertex 77.0235 53.2978 7.5
      vertex 76.6519 53.1716 7.5
    endloop
  endfacet
  facet normal -0.896911 -0.442211 0
    outer loop
      vertex 75.2019 48.9 7.5
      vertex 75.0284 49.2519 12.5
      vertex 75.0284 49.2519 7.5
    endloop
  endfacet
  facet normal -0.896911 -0.442211 0
    outer loop
      vertex 75.0284 49.2519 12.5
      vertex 75.2019 48.9 7.5
      vertex 75.2019 48.9 12.5
    endloop
  endfacet
  facet normal 0.831501 -0.555523 0
    outer loop
      vertex 80.1801 48.5737 12.5
      vertex 80.3981 48.9 7.5
      vertex 80.3981 48.9 12.5
    endloop
  endfacet
  facet normal 0.831501 -0.555523 0
    outer loop
      vertex 80.3981 48.9 7.5
      vertex 80.1801 48.5737 12.5
      vertex 80.1801 48.5737 7.5
    endloop
  endfacet
  facet normal 0.0654873 0.997853 -0
    outer loop
      vertex 78.1916 53.3743 7.5
      vertex 77.8 53.4 12.5
      vertex 78.1916 53.3743 12.5
    endloop
  endfacet
  facet normal 0.0654873 0.997853 0
    outer loop
      vertex 77.8 53.4 12.5
      vertex 78.1916 53.3743 7.5
      vertex 77.8 53.4 7.5
    endloop
  endfacet
  facet normal 0.946885 -0.321574 0
    outer loop
      vertex 80.5716 49.2519 12.5
      vertex 80.6978 49.6235 7.5
      vertex 80.6978 49.6235 12.5
    endloop
  endfacet
  facet normal 0.946885 -0.321574 0
    outer loop
      vertex 80.6978 49.6235 7.5
      vertex 80.5716 49.2519 12.5
      vertex 80.5716 49.2519 7.5
    endloop
  endfacet
  facet normal -0.980815 0.19494 0
    outer loop
      vertex 74.8257 50.7916 7.5
      vertex 74.9022 51.1765 12.5
      vertex 74.9022 51.1765 7.5
    endloop
  endfacet
  facet normal -0.980815 0.19494 0
    outer loop
      vertex 74.9022 51.1765 12.5
      vertex 74.8257 50.7916 7.5
      vertex 74.8257 50.7916 12.5
    endloop
  endfacet
  facet normal -0.659478 0.751724 0
    outer loop
      vertex 75.9737 52.7801 7.5
      vertex 75.6787 52.5213 12.5
      vertex 75.9737 52.7801 12.5
    endloop
  endfacet
  facet normal -0.659478 0.751724 0
    outer loop
      vertex 75.6787 52.5213 12.5
      vertex 75.9737 52.7801 7.5
      vertex 75.6787 52.5213 7.5
    endloop
  endfacet
  facet normal -0.555523 0.831501 0
    outer loop
      vertex 76.3 52.9981 7.5
      vertex 75.9737 52.7801 12.5
      vertex 76.3 52.9981 12.5
    endloop
  endfacet
  facet normal -0.555523 0.831501 0
    outer loop
      vertex 75.9737 52.7801 12.5
      vertex 76.3 52.9981 7.5
      vertex 75.9737 52.7801 7.5
    endloop
  endfacet
  facet normal -0.997853 0.0654873 0
    outer loop
      vertex 74.8 50.4 7.5
      vertex 74.8257 50.7916 12.5
      vertex 74.8257 50.7916 7.5
    endloop
  endfacet
  facet normal -0.997853 0.0654873 0
    outer loop
      vertex 74.8257 50.7916 12.5
      vertex 74.8 50.4 7.5
      vertex 74.8 50.4 12.5
    endloop
  endfacet
  facet normal 0.555523 -0.831501 0
    outer loop
      vertex 79.3 47.8019 7.5
      vertex 79.6263 48.0199 12.5
      vertex 79.3 47.8019 12.5
    endloop
  endfacet
  facet normal 0.555523 -0.831501 0
    outer loop
      vertex 79.6263 48.0199 12.5
      vertex 79.3 47.8019 7.5
      vertex 79.6263 48.0199 7.5
    endloop
  endfacet
  facet normal -0.751724 -0.659478 0
    outer loop
      vertex 75.6787 48.2787 7.5
      vertex 75.4199 48.5737 12.5
      vertex 75.4199 48.5737 7.5
    endloop
  endfacet
  facet normal -0.751724 -0.659478 0
    outer loop
      vertex 75.4199 48.5737 12.5
      vertex 75.6787 48.2787 7.5
      vertex 75.6787 48.2787 12.5
    endloop
  endfacet
  facet normal -0.659478 -0.751724 0
    outer loop
      vertex 75.6787 48.2787 7.5
      vertex 75.9737 48.0199 12.5
      vertex 75.6787 48.2787 12.5
    endloop
  endfacet
  facet normal -0.659478 -0.751724 -0
    outer loop
      vertex 75.9737 48.0199 12.5
      vertex 75.6787 48.2787 7.5
      vertex 75.9737 48.0199 7.5
    endloop
  endfacet
  facet normal -0.19494 -0.980815 0
    outer loop
      vertex 77.0235 47.5022 7.5
      vertex 77.4084 47.4257 12.5
      vertex 77.0235 47.5022 12.5
    endloop
  endfacet
  facet normal -0.19494 -0.980815 -0
    outer loop
      vertex 77.4084 47.4257 12.5
      vertex 77.0235 47.5022 7.5
      vertex 77.4084 47.4257 7.5
    endloop
  endfacet
  facet normal 0 0 1
    outer loop
      vertex 79.1 50.4 12.5
      vertex 80.8 50.4 12.5
      vertex 80.7743 50.7916 12.5
    endloop
  endfacet
  facet normal 0 0 1
    outer loop
      vertex 79.0889 50.5697 12.5
      vertex 80.7743 50.7916 12.5
      vertex 80.6978 51.1765 12.5
    endloop
  endfacet
  facet normal 0 0 1
    outer loop
      vertex 80.8 50.4 12.5
      vertex 79.1 50.4 12.5
      vertex 80.7743 50.0084 12.5
    endloop
  endfacet
  facet normal 0 0 1
    outer loop
      vertex 79.0557 50.7365 12.5
      vertex 80.6978 51.1765 12.5
      vertex 80.5716 51.548 12.5
    endloop
  endfacet
  facet normal -0 0 1
    outer loop
      vertex 79.0889 50.2303 12.5
      vertex 80.7743 50.0084 12.5
      vertex 79.1 50.4 12.5
    endloop
  endfacet
  facet normal 0 0 1
    outer loop
      vertex 79.001 50.8975 12.5
      vertex 80.5716 51.548 12.5
      vertex 80.3981 51.9 12.5
    endloop
  endfacet
  facet normal 0 0 1
    outer loop
      vertex 80.7743 50.0084 12.5
      vertex 79.0889 50.2303 12.5
      vertex 80.6978 49.6235 12.5
    endloop
  endfacet
  facet normal 0 0 1
    outer loop
      vertex 78.9258 51.05 12.5
      vertex 80.3981 51.9 12.5
      vertex 80.1801 52.2263 12.5
    endloop
  endfacet
  facet normal -0 0 1
    outer loop
      vertex 79.0557 50.0635 12.5
      vertex 80.6978 49.6235 12.5
      vertex 79.0889 50.2303 12.5
    endloop
  endfacet
  facet normal 0 0 1
    outer loop
      vertex 78.8314 51.1914 12.5
      vertex 80.1801 52.2263 12.5
      vertex 79.9213 52.5213 12.5
    endloop
  endfacet
  facet normal 0 0 1
    outer loop
      vertex 80.6978 49.6235 12.5
      vertex 79.0557 50.0635 12.5
      vertex 80.5716 49.2519 12.5
    endloop
  endfacet
  facet normal 0 0 1
    outer loop
      vertex 78.7192 51.3192 12.5
      vertex 79.9213 52.5213 12.5
      vertex 79.6263 52.7801 12.5
    endloop
  endfacet
  facet normal -0 0 1
    outer loop
      vertex 79.001 49.9025 12.5
      vertex 80.5716 49.2519 12.5
      vertex 79.0557 50.0635 12.5
    endloop
  endfacet
  facet normal 0 0 1
    outer loop
      vertex 78.5914 51.4314 12.5
      vertex 79.6263 52.7801 12.5
      vertex 79.3 52.9981 12.5
    endloop
  endfacet
  facet normal 0 0 1
    outer loop
      vertex 80.5716 49.2519 12.5
      vertex 79.001 49.9025 12.5
      vertex 80.3981 48.9 12.5
    endloop
  endfacet
  facet normal -0 0 1
    outer loop
      vertex 78.9258 49.75 12.5
      vertex 80.3981 48.9 12.5
      vertex 79.001 49.9025 12.5
    endloop
  endfacet
  facet normal 0 0 1
    outer loop
      vertex 80.7743 50.7916 12.5
      vertex 79.0889 50.5697 12.5
      vertex 79.1 50.4 12.5
    endloop
  endfacet
  facet normal 0 0 1
    outer loop
      vertex 80.6978 51.1765 12.5
      vertex 79.0557 50.7365 12.5
      vertex 79.0889 50.5697 12.5
    endloop
  endfacet
  facet normal 0 0 1
    outer loop
      vertex 80.5716 51.548 12.5
      vertex 79.001 50.8975 12.5
      vertex 79.0557 50.7365 12.5
    endloop
  endfacet
  facet normal 0 0 1
    outer loop
      vertex 78.45 51.5258 12.5
      vertex 79.3 52.9981 12.5
      vertex 78.9481 53.1716 12.5
    endloop
  endfacet
  facet normal 0 0 1
    outer loop
      vertex 80.3981 51.9 12.5
      vertex 78.9258 51.05 12.5
      vertex 79.001 50.8975 12.5
    endloop
  endfacet
  facet normal 0 0 1
    outer loop
      vertex 80.1801 52.2263 12.5
      vertex 78.8314 51.1914 12.5
      vertex 78.9258 51.05 12.5
    endloop
  endfacet
  facet normal 0 0 1
    outer loop
      vertex 79.9213 52.5213 12.5
      vertex 78.7192 51.3192 12.5
      vertex 78.8314 51.1914 12.5
    endloop
  endfacet
  facet normal 0 0 1
    outer loop
      vertex 79.6263 52.7801 12.5
      vertex 78.5914 51.4314 12.5
      vertex 78.7192 51.3192 12.5
    endloop
  endfacet
  facet normal 0 0 1
    outer loop
      vertex 78.2975 51.601 12.5
      vertex 78.9481 53.1716 12.5
      vertex 78.5765 53.2978 12.5
    endloop
  endfacet
  facet normal 0 0 1
    outer loop
      vertex 79.3 52.9981 12.5
      vertex 78.45 51.5258 12.5
      vertex 78.5914 51.4314 12.5
    endloop
  endfacet
  facet normal 0 0 1
    outer loop
      vertex 78.9481 53.1716 12.5
      vertex 78.2975 51.601 12.5
      vertex 78.45 51.5258 12.5
    endloop
  endfacet
  facet normal 0 0 1
    outer loop
      vertex 78.1365 51.6557 12.5
      vertex 78.5765 53.2978 12.5
      vertex 78.1916 53.3743 12.5
    endloop
  endfacet
  facet normal 0 0 1
    outer loop
      vertex 78.5765 53.2978 12.5
      vertex 78.1365 51.6557 12.5
      vertex 78.2975 51.601 12.5
    endloop
  endfacet
  facet normal 0 0 1
    outer loop
      vertex 78.1916 53.3743 12.5
      vertex 77.9697 51.6889 12.5
      vertex 78.1365 51.6557 12.5
    endloop
  endfacet
  facet normal 0 0 1
    outer loop
      vertex 77.8 53.4 12.5
      vertex 77.9697 51.6889 12.5
      vertex 78.1916 53.3743 12.5
    endloop
  endfacet
  facet normal 0 0 1
    outer loop
      vertex 77.8 53.4 12.5
      vertex 77.8 51.7 12.5
      vertex 77.9697 51.6889 12.5
    endloop
  endfacet
  facet normal 0 0 1
    outer loop
      vertex 77.8 53.4 12.5
      vertex 77.6303 51.6889 12.5
      vertex 77.8 51.7 12.5
    endloop
  endfacet
  facet normal -0 0 1
    outer loop
      vertex 77.4084 53.3743 12.5
      vertex 77.6303 51.6889 12.5
      vertex 77.8 53.4 12.5
    endloop
  endfacet
  facet normal 0 0 1
    outer loop
      vertex 77.6303 51.6889 12.5
      vertex 77.4084 53.3743 12.5
      vertex 77.4635 51.6557 12.5
    endloop
  endfacet
  facet normal -0 0 1
    outer loop
      vertex 77.0235 53.2978 12.5
      vertex 77.4635 51.6557 12.5
      vertex 77.4084 53.3743 12.5
    endloop
  endfacet
  facet normal 0 0 1
    outer loop
      vertex 77.4635 51.6557 12.5
      vertex 77.0235 53.2978 12.5
      vertex 77.3025 51.601 12.5
    endloop
  endfacet
  facet normal -0 0 1
    outer loop
      vertex 76.6519 53.1716 12.5
      vertex 77.3025 51.601 12.5
      vertex 77.0235 53.2978 12.5
    endloop
  endfacet
  facet normal 0 0 1
    outer loop
      vertex 77.3025 51.601 12.5
      vertex 76.6519 53.1716 12.5
      vertex 77.15 51.5258 12.5
    endloop
  endfacet
  facet normal -0 0 1
    outer loop
      vertex 76.3 52.9981 12.5
      vertex 77.15 51.5258 12.5
      vertex 76.6519 53.1716 12.5
    endloop
  endfacet
  facet normal 0 0 1
    outer loop
      vertex 77.15 51.5258 12.5
      vertex 76.3 52.9981 12.5
      vertex 77.0086 51.4314 12.5
    endloop
  endfacet
  facet normal -0 0 1
    outer loop
      vertex 75.9737 52.7801 12.5
      vertex 77.0086 51.4314 12.5
      vertex 76.3 52.9981 12.5
    endloop
  endfacet
  facet normal 0 0 1
    outer loop
      vertex 77.0086 51.4314 12.5
      vertex 75.9737 52.7801 12.5
      vertex 76.8808 51.3192 12.5
    endloop
  endfacet
  facet normal -0 0 1
    outer loop
      vertex 75.6787 52.5213 12.5
      vertex 76.8808 51.3192 12.5
      vertex 75.9737 52.7801 12.5
    endloop
  endfacet
  facet normal 0 0 1
    outer loop
      vertex 76.8808 51.3192 12.5
      vertex 75.6787 52.5213 12.5
      vertex 76.7686 51.1914 12.5
    endloop
  endfacet
  facet normal -0 0 1
    outer loop
      vertex 75.4199 52.2263 12.5
      vertex 76.7686 51.1914 12.5
      vertex 75.6787 52.5213 12.5
    endloop
  endfacet
  facet normal 0 0 1
    outer loop
      vertex 76.7686 51.1914 12.5
      vertex 75.4199 52.2263 12.5
      vertex 76.6742 51.05 12.5
    endloop
  endfacet
  facet normal -0 0 1
    outer loop
      vertex 75.2019 51.9 12.5
      vertex 76.6742 51.05 12.5
      vertex 75.4199 52.2263 12.5
    endloop
  endfacet
  facet normal 0 0 1
    outer loop
      vertex 80.3981 48.9 12.5
      vertex 78.9258 49.75 12.5
      vertex 80.1801 48.5737 12.5
    endloop
  endfacet
  facet normal -0 0 1
    outer loop
      vertex 78.8314 49.6086 12.5
      vertex 80.1801 48.5737 12.5
      vertex 78.9258 49.75 12.5
    endloop
  endfacet
  facet normal 0 0 1
    outer loop
      vertex 80.1801 48.5737 12.5
      vertex 78.8314 49.6086 12.5
      vertex 79.9213 48.2787 12.5
    endloop
  endfacet
  facet normal -0 0 1
    outer loop
      vertex 78.7192 49.4808 12.5
      vertex 79.9213 48.2787 12.5
      vertex 78.8314 49.6086 12.5
    endloop
  endfacet
  facet normal 0 0 1
    outer loop
      vertex 79.9213 48.2787 12.5
      vertex 78.7192 49.4808 12.5
      vertex 79.6263 48.0199 12.5
    endloop
  endfacet
  facet normal -0 0 1
    outer loop
      vertex 78.5914 49.3686 12.5
      vertex 79.6263 48.0199 12.5
      vertex 78.7192 49.4808 12.5
    endloop
  endfacet
  facet normal 0 0 1
    outer loop
      vertex 79.6263 48.0199 12.5
      vertex 78.5914 49.3686 12.5
      vertex 79.3 47.8019 12.5
    endloop
  endfacet
  facet normal -0 0 1
    outer loop
      vertex 78.45 49.2742 12.5
      vertex 79.3 47.8019 12.5
      vertex 78.5914 49.3686 12.5
    endloop
  endfacet
  facet normal 0 0 1
    outer loop
      vertex 79.3 47.8019 12.5
      vertex 78.45 49.2742 12.5
      vertex 78.9481 47.6284 12.5
    endloop
  endfacet
  facet normal -0 0 1
    outer loop
      vertex 78.2975 49.199 12.5
      vertex 78.9481 47.6284 12.5
      vertex 78.45 49.2742 12.5
    endloop
  endfacet
  facet normal 0 0 1
    outer loop
      vertex 78.9481 47.6284 12.5
      vertex 78.2975 49.199 12.5
      vertex 78.5765 47.5022 12.5
    endloop
  endfacet
  facet normal -0 0 1
    outer loop
      vertex 78.1365 49.1443 12.5
      vertex 78.5765 47.5022 12.5
      vertex 78.2975 49.199 12.5
    endloop
  endfacet
  facet normal 0 0 1
    outer loop
      vertex 78.5765 47.5022 12.5
      vertex 78.1365 49.1443 12.5
      vertex 78.1916 47.4257 12.5
    endloop
  endfacet
  facet normal -0 0 1
    outer loop
      vertex 77.9697 49.1111 12.5
      vertex 78.1916 47.4257 12.5
      vertex 78.1365 49.1443 12.5
    endloop
  endfacet
  facet normal -0 0 1
    outer loop
      vertex 77.8 49.1 12.5
      vertex 78.1916 47.4257 12.5
      vertex 77.9697 49.1111 12.5
    endloop
  endfacet
  facet normal 0 0 1
    outer loop
      vertex 77.8 49.1 12.5
      vertex 77.8 47.4 12.5
      vertex 78.1916 47.4257 12.5
    endloop
  endfacet
  facet normal 0 0 1
    outer loop
      vertex 77.6303 49.1111 12.5
      vertex 77.8 47.4 12.5
      vertex 77.8 49.1 12.5
    endloop
  endfacet
  facet normal 0 0 1
    outer loop
      vertex 77.4084 47.4257 12.5
      vertex 77.6303 49.1111 12.5
      vertex 77.4635 49.1443 12.5
    endloop
  endfacet
  facet normal 0 0 1
    outer loop
      vertex 77.6303 49.1111 12.5
      vertex 77.4084 47.4257 12.5
      vertex 77.8 47.4 12.5
    endloop
  endfacet
  facet normal 0 0 1
    outer loop
      vertex 77.0235 47.5022 12.5
      vertex 77.4635 49.1443 12.5
      vertex 77.3025 49.199 12.5
    endloop
  endfacet
  facet normal 0 0 1
    outer loop
      vertex 76.6519 47.6284 12.5
      vertex 77.3025 49.199 12.5
      vertex 77.15 49.2742 12.5
    endloop
  endfacet
  facet normal 0 0 1
    outer loop
      vertex 77.4635 49.1443 12.5
      vertex 77.0235 47.5022 12.5
      vertex 77.4084 47.4257 12.5
    endloop
  endfacet
  facet normal 0 0 1
    outer loop
      vertex 76.3 47.8019 12.5
      vertex 77.15 49.2742 12.5
      vertex 77.0086 49.3686 12.5
    endloop
  endfacet
  facet normal 0 0 1
    outer loop
      vertex 75.9737 48.0199 12.5
      vertex 77.0086 49.3686 12.5
      vertex 76.8808 49.4808 12.5
    endloop
  endfacet
  facet normal 0 0 1
    outer loop
      vertex 75.6787 48.2787 12.5
      vertex 76.8808 49.4808 12.5
      vertex 76.7686 49.6086 12.5
    endloop
  endfacet
  facet normal 0 0 1
    outer loop
      vertex 75.4199 48.5737 12.5
      vertex 76.7686 49.6086 12.5
      vertex 76.6742 49.75 12.5
    endloop
  endfacet
  facet normal 0 0 1
    outer loop
      vertex 77.3025 49.199 12.5
      vertex 76.6519 47.6284 12.5
      vertex 77.0235 47.5022 12.5
    endloop
  endfacet
  facet normal 0 0 1
    outer loop
      vertex 75.2019 48.9 12.5
      vertex 76.6742 49.75 12.5
      vertex 76.599 49.9025 12.5
    endloop
  endfacet
  facet normal 0 0 1
    outer loop
      vertex 75.0284 49.2519 12.5
      vertex 76.599 49.9025 12.5
      vertex 76.5443 50.0635 12.5
    endloop
  endfacet
  facet normal 0 0 1
    outer loop
      vertex 74.9022 49.6235 12.5
      vertex 76.5443 50.0635 12.5
      vertex 76.5111 50.2303 12.5
    endloop
  endfacet
  facet normal 0 0 1
    outer loop
      vertex 74.8257 50.0084 12.5
      vertex 76.5111 50.2303 12.5
      vertex 76.5 50.4 12.5
    endloop
  endfacet
  facet normal 0 0 1
    outer loop
      vertex 76.6742 51.05 12.5
      vertex 75.2019 51.9 12.5
      vertex 76.599 50.8975 12.5
    endloop
  endfacet
  facet normal 0 0 1
    outer loop
      vertex 77.15 49.2742 12.5
      vertex 76.3 47.8019 12.5
      vertex 76.6519 47.6284 12.5
    endloop
  endfacet
  facet normal -0 0 1
    outer loop
      vertex 75.0284 51.548 12.5
      vertex 76.599 50.8975 12.5
      vertex 75.2019 51.9 12.5
    endloop
  endfacet
  facet normal 0 0 1
    outer loop
      vertex 77.0086 49.3686 12.5
      vertex 75.9737 48.0199 12.5
      vertex 76.3 47.8019 12.5
    endloop
  endfacet
  facet normal 0 0 1
    outer loop
      vertex 76.599 50.8975 12.5
      vertex 75.0284 51.548 12.5
      vertex 76.5443 50.7365 12.5
    endloop
  endfacet
  facet normal 0 0 1
    outer loop
      vertex 76.8808 49.4808 12.5
      vertex 75.6787 48.2787 12.5
      vertex 75.9737 48.0199 12.5
    endloop
  endfacet
  facet normal -0 0 1
    outer loop
      vertex 74.9022 51.1765 12.5
      vertex 76.5443 50.7365 12.5
      vertex 75.0284 51.548 12.5
    endloop
  endfacet
  facet normal 0 0 1
    outer loop
      vertex 76.7686 49.6086 12.5
      vertex 75.4199 48.5737 12.5
      vertex 75.6787 48.2787 12.5
    endloop
  endfacet
  facet normal 0 0 1
    outer loop
      vertex 76.5443 50.7365 12.5
      vertex 74.9022 51.1765 12.5
      vertex 76.5111 50.5697 12.5
    endloop
  endfacet
  facet normal 0 0 1
    outer loop
      vertex 76.6742 49.75 12.5
      vertex 75.2019 48.9 12.5
      vertex 75.4199 48.5737 12.5
    endloop
  endfacet
  facet normal -0 0 1
    outer loop
      vertex 74.8257 50.7916 12.5
      vertex 76.5111 50.5697 12.5
      vertex 74.9022 51.1765 12.5
    endloop
  endfacet
  facet normal 0 0 1
    outer loop
      vertex 76.599 49.9025 12.5
      vertex 75.0284 49.2519 12.5
      vertex 75.2019 48.9 12.5
    endloop
  endfacet
  facet normal 0 0 1
    outer loop
      vertex 76.5111 50.5697 12.5
      vertex 74.8257 50.7916 12.5
      vertex 76.5 50.4 12.5
    endloop
  endfacet
  facet normal 0 0 1
    outer loop
      vertex 76.5443 50.0635 12.5
      vertex 74.9022 49.6235 12.5
      vertex 75.0284 49.2519 12.5
    endloop
  endfacet
  facet normal 0 0 1
    outer loop
      vertex 74.8 50.4 12.5
      vertex 76.5 50.4 12.5
      vertex 74.8257 50.7916 12.5
    endloop
  endfacet
  facet normal 0 0 1
    outer loop
      vertex 76.5111 50.2303 12.5
      vertex 74.8257 50.0084 12.5
      vertex 74.9022 49.6235 12.5
    endloop
  endfacet
  facet normal 0 0 1
    outer loop
      vertex 76.5 50.4 12.5
      vertex 74.8 50.4 12.5
      vertex 74.8257 50.0084 12.5
    endloop
  endfacet
  facet normal 0.195211 0.980761 -0
    outer loop
      vertex 77.6303 49.1111 8.49
      vertex 77.4635 49.1443 12.5
      vertex 77.6303 49.1111 12.5
    endloop
  endfacet
  facet normal 0.195211 0.980761 0
    outer loop
      vertex 77.4635 49.1443 12.5
      vertex 77.6303 49.1111 8.49
      vertex 77.4635 49.1443 8.49
    endloop
  endfacet
  facet normal -0.195211 -0.980761 0
    outer loop
      vertex 77.9697 51.6889 8.49
      vertex 78.1365 51.6557 12.5
      vertex 77.9697 51.6889 12.5
    endloop
  endfacet
  facet normal -0.195211 -0.980761 -0
    outer loop
      vertex 78.1365 51.6557 12.5
      vertex 77.9697 51.6889 8.49
      vertex 78.1365 51.6557 8.49
    endloop
  endfacet
  facet normal -0.751483 -0.659753 0
    outer loop
      vertex 78.8314 51.1914 8.49
      vertex 78.7192 51.3192 12.5
      vertex 78.7192 51.3192 8.49
    endloop
  endfacet
  facet normal -0.751483 -0.659753 0
    outer loop
      vertex 78.7192 51.3192 12.5
      vertex 78.8314 51.1914 8.49
      vertex 78.8314 51.1914 12.5
    endloop
  endfacet
  facet normal 0.946844 0.321692 0
    outer loop
      vertex 76.599 49.9025 12.5
      vertex 76.5443 50.0635 8.49
      vertex 76.5443 50.0635 12.5
    endloop
  endfacet
  facet normal 0.946844 0.321692 0
    outer loop
      vertex 76.5443 50.0635 8.49
      vertex 76.599 49.9025 12.5
      vertex 76.599 49.9025 8.49
    endloop
  endfacet
  facet normal -0.997868 -0.0652701 0
    outer loop
      vertex 79.1 50.4 8.49
      vertex 79.0889 50.5697 12.5
      vertex 79.0889 50.5697 8.49
    endloop
  endfacet
  facet normal -0.997868 -0.0652701 0
    outer loop
      vertex 79.0889 50.5697 12.5
      vertex 79.1 50.4 8.49
      vertex 79.1 50.4 12.5
    endloop
  endfacet
  facet normal -0.997868 0.0652701 0
    outer loop
      vertex 79.0889 50.2303 8.49
      vertex 79.1 50.4 12.5
      vertex 79.1 50.4 8.49
    endloop
  endfacet
  facet normal -0.997868 0.0652701 0
    outer loop
      vertex 79.1 50.4 12.5
      vertex 79.0889 50.2303 8.49
      vertex 79.0889 50.2303 12.5
    endloop
  endfacet
  facet normal -0.946844 -0.321692 0
    outer loop
      vertex 79.0557 50.7365 8.49
      vertex 79.001 50.8975 12.5
      vertex 79.001 50.8975 8.49
    endloop
  endfacet
  facet normal -0.946844 -0.321692 0
    outer loop
      vertex 79.001 50.8975 12.5
      vertex 79.0557 50.7365 8.49
      vertex 79.0557 50.7365 12.5
    endloop
  endfacet
  facet normal -0.555243 -0.831688 0
    outer loop
      vertex 78.45 51.5258 8.49
      vertex 78.5914 51.4314 12.5
      vertex 78.45 51.5258 12.5
    endloop
  endfacet
  facet normal -0.555243 -0.831688 -0
    outer loop
      vertex 78.5914 51.4314 12.5
      vertex 78.45 51.5258 8.49
      vertex 78.5914 51.4314 8.49
    endloop
  endfacet
  facet normal -0.896884 -0.442267 0
    outer loop
      vertex 79.001 50.8975 8.49
      vertex 78.9258 51.05 12.5
      vertex 78.9258 51.05 8.49
    endloop
  endfacet
  facet normal -0.896884 -0.442267 0
    outer loop
      vertex 78.9258 51.05 12.5
      vertex 79.001 50.8975 8.49
      vertex 79.001 50.8975 12.5
    endloop
  endfacet
  facet normal 0.659753 -0.751483 0
    outer loop
      vertex 76.8808 51.3192 8.49
      vertex 77.0086 51.4314 12.5
      vertex 76.8808 51.3192 12.5
    endloop
  endfacet
  facet normal 0.659753 -0.751483 0
    outer loop
      vertex 77.0086 51.4314 12.5
      vertex 76.8808 51.3192 8.49
      vertex 77.0086 51.4314 8.49
    endloop
  endfacet
  facet normal 0.555243 0.831688 -0
    outer loop
      vertex 77.15 49.2742 8.49
      vertex 77.0086 49.3686 12.5
      vertex 77.15 49.2742 12.5
    endloop
  endfacet
  facet normal 0.555243 0.831688 0
    outer loop
      vertex 77.0086 49.3686 12.5
      vertex 77.15 49.2742 8.49
      vertex 77.0086 49.3686 8.49
    endloop
  endfacet
  facet normal 0.751483 -0.659753 0
    outer loop
      vertex 76.7686 51.1914 12.5
      vertex 76.8808 51.3192 8.49
      vertex 76.8808 51.3192 12.5
    endloop
  endfacet
  facet normal 0.751483 -0.659753 0
    outer loop
      vertex 76.8808 51.3192 8.49
      vertex 76.7686 51.1914 12.5
      vertex 76.7686 51.1914 8.49
    endloop
  endfacet
  facet normal 0.321692 0.946844 -0
    outer loop
      vertex 77.4635 49.1443 8.49
      vertex 77.3025 49.199 12.5
      vertex 77.4635 49.1443 12.5
    endloop
  endfacet
  facet normal 0.321692 0.946844 0
    outer loop
      vertex 77.3025 49.199 12.5
      vertex 77.4635 49.1443 8.49
      vertex 77.3025 49.199 8.49
    endloop
  endfacet
  facet normal 0.831688 0.555243 0
    outer loop
      vertex 76.7686 49.6086 12.5
      vertex 76.6742 49.75 8.49
      vertex 76.6742 49.75 12.5
    endloop
  endfacet
  facet normal 0.831688 0.555243 0
    outer loop
      vertex 76.6742 49.75 8.49
      vertex 76.7686 49.6086 12.5
      vertex 76.7686 49.6086 8.49
    endloop
  endfacet
  facet normal 0.442267 -0.896884 0
    outer loop
      vertex 77.15 51.5258 8.49
      vertex 77.3025 51.601 12.5
      vertex 77.15 51.5258 12.5
    endloop
  endfacet
  facet normal 0.442267 -0.896884 0
    outer loop
      vertex 77.3025 51.601 12.5
      vertex 77.15 51.5258 8.49
      vertex 77.3025 51.601 8.49
    endloop
  endfacet
  facet normal -0.0652701 0.997868 0
    outer loop
      vertex 77.9697 49.1111 8.49
      vertex 77.8 49.1 12.5
      vertex 77.9697 49.1111 12.5
    endloop
  endfacet
  facet normal -0.0652701 0.997868 0
    outer loop
      vertex 77.8 49.1 12.5
      vertex 77.9697 49.1111 8.49
      vertex 77.8 49.1 8.49
    endloop
  endfacet
  facet normal -0.896884 0.442267 0
    outer loop
      vertex 78.9258 49.75 8.49
      vertex 79.001 49.9025 12.5
      vertex 79.001 49.9025 8.49
    endloop
  endfacet
  facet normal -0.896884 0.442267 0
    outer loop
      vertex 79.001 49.9025 12.5
      vertex 78.9258 49.75 8.49
      vertex 78.9258 49.75 12.5
    endloop
  endfacet
  facet normal -0.831688 -0.555243 0
    outer loop
      vertex 78.9258 51.05 8.49
      vertex 78.8314 51.1914 12.5
      vertex 78.8314 51.1914 8.49
    endloop
  endfacet
  facet normal -0.831688 -0.555243 0
    outer loop
      vertex 78.8314 51.1914 12.5
      vertex 78.9258 51.05 8.49
      vertex 78.9258 51.05 12.5
    endloop
  endfacet
  facet normal -0.831688 0.555243 0
    outer loop
      vertex 78.8314 49.6086 8.49
      vertex 78.9258 49.75 12.5
      vertex 78.9258 49.75 8.49
    endloop
  endfacet
  facet normal -0.831688 0.555243 0
    outer loop
      vertex 78.9258 49.75 12.5
      vertex 78.8314 49.6086 8.49
      vertex 78.8314 49.6086 12.5
    endloop
  endfacet
  facet normal -0.980761 -0.195211 0
    outer loop
      vertex 79.0889 50.5697 8.49
      vertex 79.0557 50.7365 12.5
      vertex 79.0557 50.7365 8.49
    endloop
  endfacet
  facet normal -0.980761 -0.195211 0
    outer loop
      vertex 79.0557 50.7365 12.5
      vertex 79.0889 50.5697 8.49
      vertex 79.0889 50.5697 12.5
    endloop
  endfacet
  facet normal 0.997868 0.0652701 0
    outer loop
      vertex 76.5111 50.2303 12.5
      vertex 76.5 50.4 8.49
      vertex 76.5 50.4 12.5
    endloop
  endfacet
  facet normal 0.997868 0.0652701 0
    outer loop
      vertex 76.5 50.4 8.49
      vertex 76.5111 50.2303 12.5
      vertex 76.5111 50.2303 8.49
    endloop
  endfacet
  facet normal -0.442267 -0.896884 0
    outer loop
      vertex 78.2975 51.601 8.49
      vertex 78.45 51.5258 12.5
      vertex 78.2975 51.601 12.5
    endloop
  endfacet
  facet normal -0.442267 -0.896884 -0
    outer loop
      vertex 78.45 51.5258 12.5
      vertex 78.2975 51.601 8.49
      vertex 78.45 51.5258 8.49
    endloop
  endfacet
  facet normal -0.321692 0.946844 0
    outer loop
      vertex 78.2975 49.199 8.49
      vertex 78.1365 49.1443 12.5
      vertex 78.2975 49.199 12.5
    endloop
  endfacet
  facet normal -0.321692 0.946844 0
    outer loop
      vertex 78.1365 49.1443 12.5
      vertex 78.2975 49.199 8.49
      vertex 78.1365 49.1443 8.49
    endloop
  endfacet
  facet normal 0.831688 -0.555243 0
    outer loop
      vertex 76.6742 51.05 12.5
      vertex 76.7686 51.1914 8.49
      vertex 76.7686 51.1914 12.5
    endloop
  endfacet
  facet normal 0.831688 -0.555243 0
    outer loop
      vertex 76.7686 51.1914 8.49
      vertex 76.6742 51.05 12.5
      vertex 76.6742 51.05 8.49
    endloop
  endfacet
  facet normal -0.321692 -0.946844 0
    outer loop
      vertex 78.1365 51.6557 8.49
      vertex 78.2975 51.601 12.5
      vertex 78.1365 51.6557 12.5
    endloop
  endfacet
  facet normal -0.321692 -0.946844 -0
    outer loop
      vertex 78.2975 51.601 12.5
      vertex 78.1365 51.6557 8.49
      vertex 78.2975 51.601 8.49
    endloop
  endfacet
  facet normal -0.946844 0.321692 0
    outer loop
      vertex 79.001 49.9025 8.49
      vertex 79.0557 50.0635 12.5
      vertex 79.0557 50.0635 8.49
    endloop
  endfacet
  facet normal -0.946844 0.321692 0
    outer loop
      vertex 79.0557 50.0635 12.5
      vertex 79.001 49.9025 8.49
      vertex 79.001 49.9025 12.5
    endloop
  endfacet
  facet normal 0.896884 -0.442267 0
    outer loop
      vertex 76.599 50.8975 12.5
      vertex 76.6742 51.05 8.49
      vertex 76.6742 51.05 12.5
    endloop
  endfacet
  facet normal 0.896884 -0.442267 0
    outer loop
      vertex 76.6742 51.05 8.49
      vertex 76.599 50.8975 12.5
      vertex 76.599 50.8975 8.49
    endloop
  endfacet
  facet normal 0.195211 -0.980761 0
    outer loop
      vertex 77.4635 51.6557 8.49
      vertex 77.6303 51.6889 12.5
      vertex 77.4635 51.6557 12.5
    endloop
  endfacet
  facet normal 0.195211 -0.980761 0
    outer loop
      vertex 77.6303 51.6889 12.5
      vertex 77.4635 51.6557 8.49
      vertex 77.6303 51.6889 8.49
    endloop
  endfacet
  facet normal -0.195211 0.980761 0
    outer loop
      vertex 78.1365 49.1443 8.49
      vertex 77.9697 49.1111 12.5
      vertex 78.1365 49.1443 12.5
    endloop
  endfacet
  facet normal -0.195211 0.980761 0
    outer loop
      vertex 77.9697 49.1111 12.5
      vertex 78.1365 49.1443 8.49
      vertex 77.9697 49.1111 8.49
    endloop
  endfacet
  facet normal 0.946844 -0.321692 0
    outer loop
      vertex 76.5443 50.7365 12.5
      vertex 76.599 50.8975 8.49
      vertex 76.599 50.8975 12.5
    endloop
  endfacet
  facet normal 0.946844 -0.321692 0
    outer loop
      vertex 76.599 50.8975 8.49
      vertex 76.5443 50.7365 12.5
      vertex 76.5443 50.7365 8.49
    endloop
  endfacet
  facet normal -0.555243 0.831688 0
    outer loop
      vertex 78.5914 49.3686 8.49
      vertex 78.45 49.2742 12.5
      vertex 78.5914 49.3686 12.5
    endloop
  endfacet
  facet normal -0.555243 0.831688 0
    outer loop
      vertex 78.45 49.2742 12.5
      vertex 78.5914 49.3686 8.49
      vertex 78.45 49.2742 8.49
    endloop
  endfacet
  facet normal -0.659753 -0.751483 0
    outer loop
      vertex 78.5914 51.4314 8.49
      vertex 78.7192 51.3192 12.5
      vertex 78.5914 51.4314 12.5
    endloop
  endfacet
  facet normal -0.659753 -0.751483 -0
    outer loop
      vertex 78.7192 51.3192 12.5
      vertex 78.5914 51.4314 8.49
      vertex 78.7192 51.3192 8.49
    endloop
  endfacet
  facet normal 0.997868 -0.0652701 0
    outer loop
      vertex 76.5 50.4 12.5
      vertex 76.5111 50.5697 8.49
      vertex 76.5111 50.5697 12.5
    endloop
  endfacet
  facet normal 0.997868 -0.0652701 0
    outer loop
      vertex 76.5111 50.5697 8.49
      vertex 76.5 50.4 12.5
      vertex 76.5 50.4 8.49
    endloop
  endfacet
  facet normal 0.321692 -0.946844 0
    outer loop
      vertex 77.3025 51.601 8.49
      vertex 77.4635 51.6557 12.5
      vertex 77.3025 51.601 12.5
    endloop
  endfacet
  facet normal 0.321692 -0.946844 0
    outer loop
      vertex 77.4635 51.6557 12.5
      vertex 77.3025 51.601 8.49
      vertex 77.4635 51.6557 8.49
    endloop
  endfacet
  facet normal 0.751483 0.659753 0
    outer loop
      vertex 76.8808 49.4808 12.5
      vertex 76.7686 49.6086 8.49
      vertex 76.7686 49.6086 12.5
    endloop
  endfacet
  facet normal 0.751483 0.659753 0
    outer loop
      vertex 76.7686 49.6086 8.49
      vertex 76.8808 49.4808 12.5
      vertex 76.8808 49.4808 8.49
    endloop
  endfacet
  facet normal -0.0652701 -0.997868 0
    outer loop
      vertex 77.8 51.7 8.49
      vertex 77.9697 51.6889 12.5
      vertex 77.8 51.7 12.5
    endloop
  endfacet
  facet normal -0.0652701 -0.997868 -0
    outer loop
      vertex 77.9697 51.6889 12.5
      vertex 77.8 51.7 8.49
      vertex 77.9697 51.6889 8.49
    endloop
  endfacet
  facet normal -0.980761 0.195211 0
    outer loop
      vertex 79.0557 50.0635 8.49
      vertex 79.0889 50.2303 12.5
      vertex 79.0889 50.2303 8.49
    endloop
  endfacet
  facet normal -0.980761 0.195211 0
    outer loop
      vertex 79.0889 50.2303 12.5
      vertex 79.0557 50.0635 8.49
      vertex 79.0557 50.0635 12.5
    endloop
  endfacet
  facet normal 0.659753 0.751483 -0
    outer loop
      vertex 77.0086 49.3686 8.49
      vertex 76.8808 49.4808 12.5
      vertex 77.0086 49.3686 12.5
    endloop
  endfacet
  facet normal 0.659753 0.751483 0
    outer loop
      vertex 76.8808 49.4808 12.5
      vertex 77.0086 49.3686 8.49
      vertex 76.8808 49.4808 8.49
    endloop
  endfacet
  facet normal -0.659753 0.751483 0
    outer loop
      vertex 78.7192 49.4808 8.49
      vertex 78.5914 49.3686 12.5
      vertex 78.7192 49.4808 12.5
    endloop
  endfacet
  facet normal -0.659753 0.751483 0
    outer loop
      vertex 78.5914 49.3686 12.5
      vertex 78.7192 49.4808 8.49
      vertex 78.5914 49.3686 8.49
    endloop
  endfacet
  facet normal -0.751483 0.659753 0
    outer loop
      vertex 78.7192 49.4808 8.49
      vertex 78.8314 49.6086 12.5
      vertex 78.8314 49.6086 8.49
    endloop
  endfacet
  facet normal -0.751483 0.659753 0
    outer loop
      vertex 78.8314 49.6086 12.5
      vertex 78.7192 49.4808 8.49
      vertex 78.7192 49.4808 12.5
    endloop
  endfacet
  facet normal -0.442267 0.896884 0
    outer loop
      vertex 78.45 49.2742 8.49
      vertex 78.2975 49.199 12.5
      vertex 78.45 49.2742 12.5
    endloop
  endfacet
  facet normal -0.442267 0.896884 0
    outer loop
      vertex 78.2975 49.199 12.5
      vertex 78.45 49.2742 8.49
      vertex 78.2975 49.199 8.49
    endloop
  endfacet
  facet normal 0.0652701 -0.997868 0
    outer loop
      vertex 77.6303 51.6889 8.49
      vertex 77.8 51.7 12.5
      vertex 77.6303 51.6889 12.5
    endloop
  endfacet
  facet normal 0.0652701 -0.997868 0
    outer loop
      vertex 77.8 51.7 12.5
      vertex 77.6303 51.6889 8.49
      vertex 77.8 51.7 8.49
    endloop
  endfacet
  facet normal 0.0652701 0.997868 -0
    outer loop
      vertex 77.8 49.1 8.49
      vertex 77.6303 49.1111 12.5
      vertex 77.8 49.1 12.5
    endloop
  endfacet
  facet normal 0.0652701 0.997868 0
    outer loop
      vertex 77.6303 49.1111 12.5
      vertex 77.8 49.1 8.49
      vertex 77.6303 49.1111 8.49
    endloop
  endfacet
  facet normal 0.896884 0.442267 0
    outer loop
      vertex 76.6742 49.75 12.5
      vertex 76.599 49.9025 8.49
      vertex 76.599 49.9025 12.5
    endloop
  endfacet
  facet normal 0.896884 0.442267 0
    outer loop
      vertex 76.599 49.9025 8.49
      vertex 76.6742 49.75 12.5
      vertex 76.6742 49.75 8.49
    endloop
  endfacet
  facet normal 0.555243 -0.831688 0
    outer loop
      vertex 77.0086 51.4314 8.49
      vertex 77.15 51.5258 12.5
      vertex 77.0086 51.4314 12.5
    endloop
  endfacet
  facet normal 0.555243 -0.831688 0
    outer loop
      vertex 77.15 51.5258 12.5
      vertex 77.0086 51.4314 8.49
      vertex 77.15 51.5258 8.49
    endloop
  endfacet
  facet normal 0.442267 0.896884 -0
    outer loop
      vertex 77.3025 49.199 8.49
      vertex 77.15 49.2742 12.5
      vertex 77.3025 49.199 12.5
    endloop
  endfacet
  facet normal 0.442267 0.896884 0
    outer loop
      vertex 77.15 49.2742 12.5
      vertex 77.3025 49.199 8.49
      vertex 77.15 49.2742 8.49
    endloop
  endfacet
  facet normal 0.980761 0.195211 0
    outer loop
      vertex 76.5443 50.0635 12.5
      vertex 76.5111 50.2303 8.49
      vertex 76.5111 50.2303 12.5
    endloop
  endfacet
  facet normal 0.980761 0.195211 0
    outer loop
      vertex 76.5111 50.2303 8.49
      vertex 76.5443 50.0635 12.5
      vertex 76.5443 50.0635 8.49
    endloop
  endfacet
  facet normal 0.980761 -0.195211 0
    outer loop
      vertex 76.5111 50.5697 12.5
      vertex 76.5443 50.7365 8.49
      vertex 76.5443 50.7365 12.5
    endloop
  endfacet
  facet normal 0.980761 -0.195211 0
    outer loop
      vertex 76.5443 50.7365 8.49
      vertex 76.5111 50.5697 12.5
      vertex 76.5111 50.5697 8.49
    endloop
  endfacet
  facet normal 0 0 1
    outer loop
      vertex 79.0889 50.5697 8.49
      vertex 79.0889 50.2303 8.49
      vertex 79.1 50.4 8.49
    endloop
  endfacet
  facet normal 0 0 1
    outer loop
      vertex 79.0557 50.7365 8.49
      vertex 79.0889 50.2303 8.49
      vertex 79.0889 50.5697 8.49
    endloop
  endfacet
  facet normal 0 0 1
    outer loop
      vertex 79.0557 50.7365 8.49
      vertex 79.0557 50.0635 8.49
      vertex 79.0889 50.2303 8.49
    endloop
  endfacet
  facet normal 0 0 1
    outer loop
      vertex 79.001 50.8975 8.49
      vertex 79.0557 50.0635 8.49
      vertex 79.0557 50.7365 8.49
    endloop
  endfacet
  facet normal 0 0 1
    outer loop
      vertex 79.001 50.8975 8.49
      vertex 79.001 49.9025 8.49
      vertex 79.0557 50.0635 8.49
    endloop
  endfacet
  facet normal 0 0 1
    outer loop
      vertex 78.9258 51.05 8.49
      vertex 79.001 49.9025 8.49
      vertex 79.001 50.8975 8.49
    endloop
  endfacet
  facet normal 0 0 1
    outer loop
      vertex 78.9258 51.05 8.49
      vertex 78.9258 49.75 8.49
      vertex 79.001 49.9025 8.49
    endloop
  endfacet
  facet normal 0 0 1
    outer loop
      vertex 78.8314 51.1914 8.49
      vertex 78.9258 49.75 8.49
      vertex 78.9258 51.05 8.49
    endloop
  endfacet
  facet normal 0 0 1
    outer loop
      vertex 78.8314 51.1914 8.49
      vertex 78.8314 49.6086 8.49
      vertex 78.9258 49.75 8.49
    endloop
  endfacet
  facet normal 0 0 1
    outer loop
      vertex 78.7192 51.3192 8.49
      vertex 78.8314 49.6086 8.49
      vertex 78.8314 51.1914 8.49
    endloop
  endfacet
  facet normal 0 0 1
    outer loop
      vertex 78.7192 51.3192 8.49
      vertex 78.7192 49.4808 8.49
      vertex 78.8314 49.6086 8.49
    endloop
  endfacet
  facet normal 0 0 1
    outer loop
      vertex 78.5914 51.4314 8.49
      vertex 78.7192 49.4808 8.49
      vertex 78.7192 51.3192 8.49
    endloop
  endfacet
  facet normal 0 0 1
    outer loop
      vertex 78.5914 51.4314 8.49
      vertex 78.5914 49.3686 8.49
      vertex 78.7192 49.4808 8.49
    endloop
  endfacet
  facet normal 0 0 1
    outer loop
      vertex 78.45 51.5258 8.49
      vertex 78.5914 49.3686 8.49
      vertex 78.5914 51.4314 8.49
    endloop
  endfacet
  facet normal 0 0 1
    outer loop
      vertex 78.45 51.5258 8.49
      vertex 78.45 49.2742 8.49
      vertex 78.5914 49.3686 8.49
    endloop
  endfacet
  facet normal 0 0 1
    outer loop
      vertex 78.2975 51.601 8.49
      vertex 78.45 49.2742 8.49
      vertex 78.45 51.5258 8.49
    endloop
  endfacet
  facet normal 0 0 1
    outer loop
      vertex 78.2975 51.601 8.49
      vertex 78.2975 49.199 8.49
      vertex 78.45 49.2742 8.49
    endloop
  endfacet
  facet normal 0 0 1
    outer loop
      vertex 78.1365 51.6557 8.49
      vertex 78.2975 49.199 8.49
      vertex 78.2975 51.601 8.49
    endloop
  endfacet
  facet normal 0 0 1
    outer loop
      vertex 78.1365 51.6557 8.49
      vertex 78.1365 49.1443 8.49
      vertex 78.2975 49.199 8.49
    endloop
  endfacet
  facet normal 0 0 1
    outer loop
      vertex 77.9697 51.6889 8.49
      vertex 78.1365 49.1443 8.49
      vertex 78.1365 51.6557 8.49
    endloop
  endfacet
  facet normal 0 0 1
    outer loop
      vertex 77.9697 51.6889 8.49
      vertex 77.9697 49.1111 8.49
      vertex 78.1365 49.1443 8.49
    endloop
  endfacet
  facet normal 0 0 1
    outer loop
      vertex 77.8 51.7 8.49
      vertex 77.9697 49.1111 8.49
      vertex 77.9697 51.6889 8.49
    endloop
  endfacet
  facet normal 0 0 1
    outer loop
      vertex 77.8 51.7 8.49
      vertex 77.8 49.1 8.49
      vertex 77.9697 49.1111 8.49
    endloop
  endfacet
  facet normal -0 0 1
    outer loop
      vertex 77.6303 51.6889 8.49
      vertex 77.8 49.1 8.49
      vertex 77.8 51.7 8.49
    endloop
  endfacet
  facet normal 0 0 1
    outer loop
      vertex 77.6303 51.6889 8.49
      vertex 77.6303 49.1111 8.49
      vertex 77.8 49.1 8.49
    endloop
  endfacet
  facet normal -0 0 1
    outer loop
      vertex 77.4635 51.6557 8.49
      vertex 77.6303 49.1111 8.49
      vertex 77.6303 51.6889 8.49
    endloop
  endfacet
  facet normal 0 0 1
    outer loop
      vertex 77.4635 51.6557 8.49
      vertex 77.4635 49.1443 8.49
      vertex 77.6303 49.1111 8.49
    endloop
  endfacet
  facet normal -0 0 1
    outer loop
      vertex 77.3025 51.601 8.49
      vertex 77.4635 49.1443 8.49
      vertex 77.4635 51.6557 8.49
    endloop
  endfacet
  facet normal 0 0 1
    outer loop
      vertex 77.3025 51.601 8.49
      vertex 77.3025 49.199 8.49
      vertex 77.4635 49.1443 8.49
    endloop
  endfacet
  facet normal -0 0 1
    outer loop
      vertex 77.15 51.5258 8.49
      vertex 77.3025 49.199 8.49
      vertex 77.3025 51.601 8.49
    endloop
  endfacet
  facet normal 0 0 1
    outer loop
      vertex 77.15 51.5258 8.49
      vertex 77.15 49.2742 8.49
      vertex 77.3025 49.199 8.49
    endloop
  endfacet
  facet normal -0 0 1
    outer loop
      vertex 77.0086 51.4314 8.49
      vertex 77.15 49.2742 8.49
      vertex 77.15 51.5258 8.49
    endloop
  endfacet
  facet normal 0 0 1
    outer loop
      vertex 77.0086 51.4314 8.49
      vertex 77.0086 49.3686 8.49
      vertex 77.15 49.2742 8.49
    endloop
  endfacet
  facet normal -0 0 1
    outer loop
      vertex 76.8808 51.3192 8.49
      vertex 77.0086 49.3686 8.49
      vertex 77.0086 51.4314 8.49
    endloop
  endfacet
  facet normal 0 0 1
    outer loop
      vertex 76.8808 51.3192 8.49
      vertex 76.8808 49.4808 8.49
      vertex 77.0086 49.3686 8.49
    endloop
  endfacet
  facet normal -0 0 1
    outer loop
      vertex 76.7686 51.1914 8.49
      vertex 76.8808 49.4808 8.49
      vertex 76.8808 51.3192 8.49
    endloop
  endfacet
  facet normal 0 0 1
    outer loop
      vertex 76.7686 51.1914 8.49
      vertex 76.7686 49.6086 8.49
      vertex 76.8808 49.4808 8.49
    endloop
  endfacet
  facet normal -0 0 1
    outer loop
      vertex 76.6742 51.05 8.49
      vertex 76.7686 49.6086 8.49
      vertex 76.7686 51.1914 8.49
    endloop
  endfacet
  facet normal 0 0 1
    outer loop
      vertex 76.6742 51.05 8.49
      vertex 76.6742 49.75 8.49
      vertex 76.7686 49.6086 8.49
    endloop
  endfacet
  facet normal -0 0 1
    outer loop
      vertex 76.599 50.8975 8.49
      vertex 76.6742 49.75 8.49
      vertex 76.6742 51.05 8.49
    endloop
  endfacet
  facet normal 0 0 1
    outer loop
      vertex 76.599 50.8975 8.49
      vertex 76.599 49.9025 8.49
      vertex 76.6742 49.75 8.49
    endloop
  endfacet
  facet normal -0 0 1
    outer loop
      vertex 76.5443 50.7365 8.49
      vertex 76.599 49.9025 8.49
      vertex 76.599 50.8975 8.49
    endloop
  endfacet
  facet normal 0 0 1
    outer loop
      vertex 76.5443 50.7365 8.49
      vertex 76.5443 50.0635 8.49
      vertex 76.599 49.9025 8.49
    endloop
  endfacet
  facet normal -0 0 1
    outer loop
      vertex 76.5111 50.5697 8.49
      vertex 76.5443 50.0635 8.49
      vertex 76.5443 50.7365 8.49
    endloop
  endfacet
  facet normal 0 0 1
    outer loop
      vertex 76.5111 50.5697 8.49
      vertex 76.5111 50.2303 8.49
      vertex 76.5443 50.0635 8.49
    endloop
  endfacet
  facet normal 0 -0 1
    outer loop
      vertex 76.5111 50.2303 8.49
      vertex 76.5111 50.5697 8.49
      vertex 76.5 50.4 8.49
    endloop
  endfacet
  facet normal -0.981058 -0.193714 0
    outer loop
      vertex 100.902 13.6235 7.5
      vertex 100.826 14.0084 12.5
      vertex 100.826 14.0084 7.5
    endloop
  endfacet
  facet normal -0.981058 -0.193714 0
    outer loop
      vertex 100.826 14.0084 12.5
      vertex 100.902 13.6235 7.5
      vertex 100.902 13.6235 12.5
    endloop
  endfacet
  facet normal -0.831501 0.555523 0
    outer loop
      vertex 101.202 15.9 7.5
      vertex 101.42 16.2263 12.5
      vertex 101.42 16.2263 7.5
    endloop
  endfacet
  facet normal -0.831501 0.555523 0
    outer loop
      vertex 101.42 16.2263 12.5
      vertex 101.202 15.9 7.5
      vertex 101.202 15.9 12.5
    endloop
  endfacet
  facet normal 0.981058 0.193714 0
    outer loop
      vertex 106.774 14.7916 12.5
      vertex 106.698 15.1765 7.5
      vertex 106.698 15.1765 12.5
    endloop
  endfacet
  facet normal 0.981058 0.193714 0
    outer loop
      vertex 106.698 15.1765 7.5
      vertex 106.774 14.7916 12.5
      vertex 106.774 14.7916 7.5
    endloop
  endfacet
  facet normal 0.997803 -0.0662484 0
    outer loop
      vertex 106.774 14.0084 12.5
      vertex 106.8 14.4 7.5
      vertex 106.8 14.4 12.5
    endloop
  endfacet
  facet normal 0.997803 -0.0662484 0
    outer loop
      vertex 106.8 14.4 7.5
      vertex 106.774 14.0084 12.5
      vertex 106.774 14.0084 7.5
    endloop
  endfacet
  facet normal 0.751471 -0.659766 0
    outer loop
      vertex 105.921 12.2787 12.5
      vertex 106.18 12.5737 7.5
      vertex 106.18 12.5737 12.5
    endloop
  endfacet
  facet normal 0.751471 -0.659766 0
    outer loop
      vertex 106.18 12.5737 7.5
      vertex 105.921 12.2787 12.5
      vertex 105.921 12.2787 7.5
    endloop
  endfacet
  facet normal -0.751471 0.659766 0
    outer loop
      vertex 101.42 16.2263 7.5
      vertex 101.679 16.5213 12.5
      vertex 101.679 16.5213 7.5
    endloop
  endfacet
  facet normal -0.751471 0.659766 0
    outer loop
      vertex 101.679 16.5213 12.5
      vertex 101.42 16.2263 7.5
      vertex 101.42 16.2263 12.5
    endloop
  endfacet
  facet normal 0.195379 0.980728 -0
    outer loop
      vertex 104.576 17.2978 7.5
      vertex 104.192 17.3743 12.5
      vertex 104.576 17.2978 12.5
    endloop
  endfacet
  facet normal 0.195379 0.980728 0
    outer loop
      vertex 104.192 17.3743 12.5
      vertex 104.576 17.2978 7.5
      vertex 104.192 17.3743 7.5
    endloop
  endfacet
  facet normal 0.751471 0.659766 0
    outer loop
      vertex 106.18 16.2263 12.5
      vertex 105.921 16.5213 7.5
      vertex 105.921 16.5213 12.5
    endloop
  endfacet
  facet normal 0.751471 0.659766 0
    outer loop
      vertex 105.921 16.5213 7.5
      vertex 106.18 16.2263 12.5
      vertex 106.18 16.2263 7.5
    endloop
  endfacet
  facet normal -0.831501 -0.555523 0
    outer loop
      vertex 101.42 12.5737 7.5
      vertex 101.202 12.9 12.5
      vertex 101.202 12.9 7.5
    endloop
  endfacet
  facet normal -0.831501 -0.555523 0
    outer loop
      vertex 101.202 12.9 12.5
      vertex 101.42 12.5737 7.5
      vertex 101.42 12.5737 12.5
    endloop
  endfacet
  facet normal -0.555877 -0.831265 0
    outer loop
      vertex 101.974 12.0199 7.5
      vertex 102.3 11.8019 12.5
      vertex 101.974 12.0199 12.5
    endloop
  endfacet
  facet normal -0.555877 -0.831265 -0
    outer loop
      vertex 102.3 11.8019 12.5
      vertex 101.974 12.0199 7.5
      vertex 102.3 11.8019 7.5
    endloop
  endfacet
  facet normal 0.44211 -0.896961 0
    outer loop
      vertex 104.948 11.6284 7.5
      vertex 105.3 11.8019 12.5
      vertex 104.948 11.6284 12.5
    endloop
  endfacet
  facet normal 0.44211 -0.896961 0
    outer loop
      vertex 105.3 11.8019 12.5
      vertex 104.948 11.6284 7.5
      vertex 105.3 11.8019 7.5
    endloop
  endfacet
  facet normal -0.947013 0.321194 0
    outer loop
      vertex 100.902 15.1765 7.5
      vertex 101.028 15.548 12.5
      vertex 101.028 15.548 7.5
    endloop
  endfacet
  facet normal -0.947013 0.321194 0
    outer loop
      vertex 101.028 15.548 12.5
      vertex 100.902 15.1765 7.5
      vertex 100.902 15.1765 12.5
    endloop
  endfacet
  facet normal -0.44211 -0.896961 0
    outer loop
      vertex 102.3 11.8019 7.5
      vertex 102.652 11.6284 12.5
      vertex 102.3 11.8019 12.5
    endloop
  endfacet
  facet normal -0.44211 -0.896961 -0
    outer loop
      vertex 102.652 11.6284 12.5
      vertex 102.3 11.8019 7.5
      vertex 102.652 11.6284 7.5
    endloop
  endfacet
  facet normal -0.321264 -0.94699 0
    outer loop
      vertex 102.652 11.6284 7.5
      vertex 103.024 11.5022 12.5
      vertex 102.652 11.6284 12.5
    endloop
  endfacet
  facet normal -0.321264 -0.94699 -0
    outer loop
      vertex 103.024 11.5022 12.5
      vertex 102.652 11.6284 7.5
      vertex 103.024 11.5022 7.5
    endloop
  endfacet
  facet normal -0.997803 -0.0662484 0
    outer loop
      vertex 100.826 14.0084 7.5
      vertex 100.8 14.4 12.5
      vertex 100.8 14.4 7.5
    endloop
  endfacet
  facet normal -0.997803 -0.0662484 0
    outer loop
      vertex 100.8 14.4 12.5
      vertex 100.826 14.0084 7.5
      vertex 100.826 14.0084 12.5
    endloop
  endfacet
  facet normal 0.659478 0.751724 -0
    outer loop
      vertex 105.921 16.5213 7.5
      vertex 105.626 16.7801 12.5
      vertex 105.921 16.5213 12.5
    endloop
  endfacet
  facet normal 0.659478 0.751724 0
    outer loop
      vertex 105.626 16.7801 12.5
      vertex 105.921 16.5213 7.5
      vertex 105.626 16.7801 7.5
    endloop
  endfacet
  facet normal 0.997803 0.0662484 0
    outer loop
      vertex 106.8 14.4 12.5
      vertex 106.774 14.7916 7.5
      vertex 106.774 14.7916 12.5
    endloop
  endfacet
  facet normal 0.997803 0.0662484 0
    outer loop
      vertex 106.774 14.7916 7.5
      vertex 106.8 14.4 12.5
      vertex 106.8 14.4 7.5
    endloop
  endfacet
  facet normal -0.947013 -0.321194 0
    outer loop
      vertex 101.028 13.252 7.5
      vertex 100.902 13.6235 12.5
      vertex 100.902 13.6235 7.5
    endloop
  endfacet
  facet normal -0.947013 -0.321194 0
    outer loop
      vertex 100.902 13.6235 12.5
      vertex 101.028 13.252 7.5
      vertex 101.028 13.252 12.5
    endloop
  endfacet
  facet normal 0.896455 -0.443134 0
    outer loop
      vertex 106.398 12.9 12.5
      vertex 106.572 13.252 7.5
      vertex 106.572 13.252 12.5
    endloop
  endfacet
  facet normal 0.896455 -0.443134 0
    outer loop
      vertex 106.572 13.252 7.5
      vertex 106.398 12.9 12.5
      vertex 106.398 12.9 7.5
    endloop
  endfacet
  facet normal -0.896455 0.443134 0
    outer loop
      vertex 101.028 15.548 7.5
      vertex 101.202 15.9 12.5
      vertex 101.202 15.9 7.5
    endloop
  endfacet
  facet normal -0.896455 0.443134 0
    outer loop
      vertex 101.202 15.9 12.5
      vertex 101.028 15.548 7.5
      vertex 101.028 15.548 12.5
    endloop
  endfacet
  facet normal -0.0654208 -0.997858 0
    outer loop
      vertex 103.408 11.4257 7.5
      vertex 103.8 11.4 12.5
      vertex 103.408 11.4257 12.5
    endloop
  endfacet
  facet normal -0.0654208 -0.997858 -0
    outer loop
      vertex 103.8 11.4 12.5
      vertex 103.408 11.4257 7.5
      vertex 103.8 11.4 7.5
    endloop
  endfacet
  facet normal 0.321264 0.94699 -0
    outer loop
      vertex 104.948 17.1716 7.5
      vertex 104.576 17.2978 12.5
      vertex 104.948 17.1716 12.5
    endloop
  endfacet
  facet normal 0.321264 0.94699 0
    outer loop
      vertex 104.576 17.2978 12.5
      vertex 104.948 17.1716 7.5
      vertex 104.576 17.2978 7.5
    endloop
  endfacet
  facet normal 0.896455 0.443134 0
    outer loop
      vertex 106.572 15.548 12.5
      vertex 106.398 15.9 7.5
      vertex 106.398 15.9 12.5
    endloop
  endfacet
  facet normal 0.896455 0.443134 0
    outer loop
      vertex 106.398 15.9 7.5
      vertex 106.572 15.548 12.5
      vertex 106.572 15.548 7.5
    endloop
  endfacet
  facet normal 0.831501 0.555523 0
    outer loop
      vertex 106.398 15.9 12.5
      vertex 106.18 16.2263 7.5
      vertex 106.18 16.2263 12.5
    endloop
  endfacet
  facet normal 0.831501 0.555523 0
    outer loop
      vertex 106.18 16.2263 7.5
      vertex 106.398 15.9 12.5
      vertex 106.398 15.9 7.5
    endloop
  endfacet
  facet normal 0.947013 0.321194 0
    outer loop
      vertex 106.698 15.1765 12.5
      vertex 106.572 15.548 7.5
      vertex 106.572 15.548 12.5
    endloop
  endfacet
  facet normal 0.947013 0.321194 0
    outer loop
      vertex 106.572 15.548 7.5
      vertex 106.698 15.1765 12.5
      vertex 106.698 15.1765 7.5
    endloop
  endfacet
  facet normal 0.555877 0.831265 -0
    outer loop
      vertex 105.626 16.7801 7.5
      vertex 105.3 16.9981 12.5
      vertex 105.626 16.7801 12.5
    endloop
  endfacet
  facet normal 0.555877 0.831265 0
    outer loop
      vertex 105.3 16.9981 12.5
      vertex 105.626 16.7801 7.5
      vertex 105.3 16.9981 7.5
    endloop
  endfacet
  facet normal -0.195379 0.980728 0
    outer loop
      vertex 103.408 17.3743 7.5
      vertex 103.024 17.2978 12.5
      vertex 103.408 17.3743 12.5
    endloop
  endfacet
  facet normal -0.195379 0.980728 0
    outer loop
      vertex 103.024 17.2978 12.5
      vertex 103.408 17.3743 7.5
      vertex 103.024 17.2978 7.5
    endloop
  endfacet
  facet normal 0.321264 -0.94699 0
    outer loop
      vertex 104.576 11.5022 7.5
      vertex 104.948 11.6284 12.5
      vertex 104.576 11.5022 12.5
    endloop
  endfacet
  facet normal 0.321264 -0.94699 0
    outer loop
      vertex 104.948 11.6284 12.5
      vertex 104.576 11.5022 7.5
      vertex 104.948 11.6284 7.5
    endloop
  endfacet
  facet normal 0.44211 0.896961 -0
    outer loop
      vertex 105.3 16.9981 7.5
      vertex 104.948 17.1716 12.5
      vertex 105.3 16.9981 12.5
    endloop
  endfacet
  facet normal 0.44211 0.896961 0
    outer loop
      vertex 104.948 17.1716 12.5
      vertex 105.3 16.9981 7.5
      vertex 104.948 17.1716 7.5
    endloop
  endfacet
  facet normal 0.0654208 -0.997858 0
    outer loop
      vertex 103.8 11.4 7.5
      vertex 104.192 11.4257 12.5
      vertex 103.8 11.4 12.5
    endloop
  endfacet
  facet normal 0.0654208 -0.997858 0
    outer loop
      vertex 104.192 11.4257 12.5
      vertex 103.8 11.4 7.5
      vertex 104.192 11.4257 7.5
    endloop
  endfacet
  facet normal -0.0654208 0.997858 0
    outer loop
      vertex 103.8 17.4 7.5
      vertex 103.408 17.3743 12.5
      vertex 103.8 17.4 12.5
    endloop
  endfacet
  facet normal -0.0654208 0.997858 0
    outer loop
      vertex 103.408 17.3743 12.5
      vertex 103.8 17.4 7.5
      vertex 103.408 17.3743 7.5
    endloop
  endfacet
  facet normal 0.981058 -0.193714 0
    outer loop
      vertex 106.698 13.6235 12.5
      vertex 106.774 14.0084 7.5
      vertex 106.774 14.0084 12.5
    endloop
  endfacet
  facet normal 0.981058 -0.193714 0
    outer loop
      vertex 106.774 14.0084 7.5
      vertex 106.698 13.6235 12.5
      vertex 106.698 13.6235 7.5
    endloop
  endfacet
  facet normal 0.195379 -0.980728 0
    outer loop
      vertex 104.192 11.4257 7.5
      vertex 104.576 11.5022 12.5
      vertex 104.192 11.4257 12.5
    endloop
  endfacet
  facet normal 0.195379 -0.980728 0
    outer loop
      vertex 104.576 11.5022 12.5
      vertex 104.192 11.4257 7.5
      vertex 104.576 11.5022 7.5
    endloop
  endfacet
  facet normal -0.44211 0.896961 0
    outer loop
      vertex 102.652 17.1716 7.5
      vertex 102.3 16.9981 12.5
      vertex 102.652 17.1716 12.5
    endloop
  endfacet
  facet normal -0.44211 0.896961 0
    outer loop
      vertex 102.3 16.9981 12.5
      vertex 102.652 17.1716 7.5
      vertex 102.3 16.9981 7.5
    endloop
  endfacet
  facet normal 0.659478 -0.751724 0
    outer loop
      vertex 105.626 12.0199 7.5
      vertex 105.921 12.2787 12.5
      vertex 105.626 12.0199 12.5
    endloop
  endfacet
  facet normal 0.659478 -0.751724 0
    outer loop
      vertex 105.921 12.2787 12.5
      vertex 105.626 12.0199 7.5
      vertex 105.921 12.2787 7.5
    endloop
  endfacet
  facet normal -0.321264 0.94699 0
    outer loop
      vertex 103.024 17.2978 7.5
      vertex 102.652 17.1716 12.5
      vertex 103.024 17.2978 12.5
    endloop
  endfacet
  facet normal -0.321264 0.94699 0
    outer loop
      vertex 102.652 17.1716 12.5
      vertex 103.024 17.2978 7.5
      vertex 102.652 17.1716 7.5
    endloop
  endfacet
  facet normal -0.896455 -0.443134 0
    outer loop
      vertex 101.202 12.9 7.5
      vertex 101.028 13.252 12.5
      vertex 101.028 13.252 7.5
    endloop
  endfacet
  facet normal -0.896455 -0.443134 0
    outer loop
      vertex 101.028 13.252 12.5
      vertex 101.202 12.9 7.5
      vertex 101.202 12.9 12.5
    endloop
  endfacet
  facet normal 0.831501 -0.555523 0
    outer loop
      vertex 106.18 12.5737 12.5
      vertex 106.398 12.9 7.5
      vertex 106.398 12.9 12.5
    endloop
  endfacet
  facet normal 0.831501 -0.555523 0
    outer loop
      vertex 106.398 12.9 7.5
      vertex 106.18 12.5737 12.5
      vertex 106.18 12.5737 7.5
    endloop
  endfacet
  facet normal 0.0654208 0.997858 -0
    outer loop
      vertex 104.192 17.3743 7.5
      vertex 103.8 17.4 12.5
      vertex 104.192 17.3743 12.5
    endloop
  endfacet
  facet normal 0.0654208 0.997858 0
    outer loop
      vertex 103.8 17.4 12.5
      vertex 104.192 17.3743 7.5
      vertex 103.8 17.4 7.5
    endloop
  endfacet
  facet normal 0.947013 -0.321194 0
    outer loop
      vertex 106.572 13.252 12.5
      vertex 106.698 13.6235 7.5
      vertex 106.698 13.6235 12.5
    endloop
  endfacet
  facet normal 0.947013 -0.321194 0
    outer loop
      vertex 106.698 13.6235 7.5
      vertex 106.572 13.252 12.5
      vertex 106.572 13.252 7.5
    endloop
  endfacet
  facet normal -0.981058 0.193714 0
    outer loop
      vertex 100.826 14.7916 7.5
      vertex 100.902 15.1765 12.5
      vertex 100.902 15.1765 7.5
    endloop
  endfacet
  facet normal -0.981058 0.193714 0
    outer loop
      vertex 100.902 15.1765 12.5
      vertex 100.826 14.7916 7.5
      vertex 100.826 14.7916 12.5
    endloop
  endfacet
  facet normal -0.659478 0.751724 0
    outer loop
      vertex 101.974 16.7801 7.5
      vertex 101.679 16.5213 12.5
      vertex 101.974 16.7801 12.5
    endloop
  endfacet
  facet normal -0.659478 0.751724 0
    outer loop
      vertex 101.679 16.5213 12.5
      vertex 101.974 16.7801 7.5
      vertex 101.679 16.5213 7.5
    endloop
  endfacet
  facet normal -0.555877 0.831265 0
    outer loop
      vertex 102.3 16.9981 7.5
      vertex 101.974 16.7801 12.5
      vertex 102.3 16.9981 12.5
    endloop
  endfacet
  facet normal -0.555877 0.831265 0
    outer loop
      vertex 101.974 16.7801 12.5
      vertex 102.3 16.9981 7.5
      vertex 101.974 16.7801 7.5
    endloop
  endfacet
  facet normal -0.997803 0.0662484 0
    outer loop
      vertex 100.8 14.4 7.5
      vertex 100.826 14.7916 12.5
      vertex 100.826 14.7916 7.5
    endloop
  endfacet
  facet normal -0.997803 0.0662484 0
    outer loop
      vertex 100.826 14.7916 12.5
      vertex 100.8 14.4 7.5
      vertex 100.8 14.4 12.5
    endloop
  endfacet
  facet normal 0.555877 -0.831265 0
    outer loop
      vertex 105.3 11.8019 7.5
      vertex 105.626 12.0199 12.5
      vertex 105.3 11.8019 12.5
    endloop
  endfacet
  facet normal 0.555877 -0.831265 0
    outer loop
      vertex 105.626 12.0199 12.5
      vertex 105.3 11.8019 7.5
      vertex 105.626 12.0199 7.5
    endloop
  endfacet
  facet normal -0.751471 -0.659766 0
    outer loop
      vertex 101.679 12.2787 7.5
      vertex 101.42 12.5737 12.5
      vertex 101.42 12.5737 7.5
    endloop
  endfacet
  facet normal -0.751471 -0.659766 0
    outer loop
      vertex 101.42 12.5737 12.5
      vertex 101.679 12.2787 7.5
      vertex 101.679 12.2787 12.5
    endloop
  endfacet
  facet normal -0.659478 -0.751724 0
    outer loop
      vertex 101.679 12.2787 7.5
      vertex 101.974 12.0199 12.5
      vertex 101.679 12.2787 12.5
    endloop
  endfacet
  facet normal -0.659478 -0.751724 -0
    outer loop
      vertex 101.974 12.0199 12.5
      vertex 101.679 12.2787 7.5
      vertex 101.974 12.0199 7.5
    endloop
  endfacet
  facet normal -0.195379 -0.980728 0
    outer loop
      vertex 103.024 11.5022 7.5
      vertex 103.408 11.4257 12.5
      vertex 103.024 11.5022 12.5
    endloop
  endfacet
  facet normal -0.195379 -0.980728 -0
    outer loop
      vertex 103.408 11.4257 12.5
      vertex 103.024 11.5022 7.5
      vertex 103.408 11.4257 7.5
    endloop
  endfacet
  facet normal 0 0 1
    outer loop
      vertex 105.1 14.4 12.5
      vertex 106.8 14.4 12.5
      vertex 106.774 14.7916 12.5
    endloop
  endfacet
  facet normal 0 0 1
    outer loop
      vertex 105.089 14.5697 12.5
      vertex 106.774 14.7916 12.5
      vertex 106.698 15.1765 12.5
    endloop
  endfacet
  facet normal 0 0 1
    outer loop
      vertex 106.8 14.4 12.5
      vertex 105.1 14.4 12.5
      vertex 106.774 14.0084 12.5
    endloop
  endfacet
  facet normal 0 0 1
    outer loop
      vertex 105.056 14.7365 12.5
      vertex 106.698 15.1765 12.5
      vertex 106.572 15.548 12.5
    endloop
  endfacet
  facet normal -0 0 1
    outer loop
      vertex 105.089 14.2303 12.5
      vertex 106.774 14.0084 12.5
      vertex 105.1 14.4 12.5
    endloop
  endfacet
  facet normal 0 0 1
    outer loop
      vertex 105.001 14.8975 12.5
      vertex 106.572 15.548 12.5
      vertex 106.398 15.9 12.5
    endloop
  endfacet
  facet normal 0 0 1
    outer loop
      vertex 106.774 14.0084 12.5
      vertex 105.089 14.2303 12.5
      vertex 106.698 13.6235 12.5
    endloop
  endfacet
  facet normal 0 0 1
    outer loop
      vertex 104.926 15.05 12.5
      vertex 106.398 15.9 12.5
      vertex 106.18 16.2263 12.5
    endloop
  endfacet
  facet normal -0 0 1
    outer loop
      vertex 105.056 14.0635 12.5
      vertex 106.698 13.6235 12.5
      vertex 105.089 14.2303 12.5
    endloop
  endfacet
  facet normal 0 0 1
    outer loop
      vertex 104.831 15.1914 12.5
      vertex 106.18 16.2263 12.5
      vertex 105.921 16.5213 12.5
    endloop
  endfacet
  facet normal 0 0 1
    outer loop
      vertex 106.698 13.6235 12.5
      vertex 105.056 14.0635 12.5
      vertex 106.572 13.252 12.5
    endloop
  endfacet
  facet normal 0 0 1
    outer loop
      vertex 104.719 15.3192 12.5
      vertex 105.921 16.5213 12.5
      vertex 105.626 16.7801 12.5
    endloop
  endfacet
  facet normal -0 0 1
    outer loop
      vertex 105.001 13.9025 12.5
      vertex 106.572 13.252 12.5
      vertex 105.056 14.0635 12.5
    endloop
  endfacet
  facet normal 0 0 1
    outer loop
      vertex 104.591 15.4314 12.5
      vertex 105.626 16.7801 12.5
      vertex 105.3 16.9981 12.5
    endloop
  endfacet
  facet normal 0 0 1
    outer loop
      vertex 106.572 13.252 12.5
      vertex 105.001 13.9025 12.5
      vertex 106.398 12.9 12.5
    endloop
  endfacet
  facet normal -0 0 1
    outer loop
      vertex 104.926 13.75 12.5
      vertex 106.398 12.9 12.5
      vertex 105.001 13.9025 12.5
    endloop
  endfacet
  facet normal 0 0 1
    outer loop
      vertex 106.774 14.7916 12.5
      vertex 105.089 14.5697 12.5
      vertex 105.1 14.4 12.5
    endloop
  endfacet
  facet normal 0 0 1
    outer loop
      vertex 106.698 15.1765 12.5
      vertex 105.056 14.7365 12.5
      vertex 105.089 14.5697 12.5
    endloop
  endfacet
  facet normal 0 0 1
    outer loop
      vertex 106.572 15.548 12.5
      vertex 105.001 14.8975 12.5
      vertex 105.056 14.7365 12.5
    endloop
  endfacet
  facet normal 0 0 1
    outer loop
      vertex 104.45 15.5258 12.5
      vertex 105.3 16.9981 12.5
      vertex 104.948 17.1716 12.5
    endloop
  endfacet
  facet normal 0 0 1
    outer loop
      vertex 106.398 15.9 12.5
      vertex 104.926 15.05 12.5
      vertex 105.001 14.8975 12.5
    endloop
  endfacet
  facet normal 0 0 1
    outer loop
      vertex 106.18 16.2263 12.5
      vertex 104.831 15.1914 12.5
      vertex 104.926 15.05 12.5
    endloop
  endfacet
  facet normal 0 0 1
    outer loop
      vertex 105.921 16.5213 12.5
      vertex 104.719 15.3192 12.5
      vertex 104.831 15.1914 12.5
    endloop
  endfacet
  facet normal 0 0 1
    outer loop
      vertex 105.626 16.7801 12.5
      vertex 104.591 15.4314 12.5
      vertex 104.719 15.3192 12.5
    endloop
  endfacet
  facet normal 0 0 1
    outer loop
      vertex 104.297 15.601 12.5
      vertex 104.948 17.1716 12.5
      vertex 104.576 17.2978 12.5
    endloop
  endfacet
  facet normal 0 0 1
    outer loop
      vertex 105.3 16.9981 12.5
      vertex 104.45 15.5258 12.5
      vertex 104.591 15.4314 12.5
    endloop
  endfacet
  facet normal 0 0 1
    outer loop
      vertex 104.948 17.1716 12.5
      vertex 104.297 15.601 12.5
      vertex 104.45 15.5258 12.5
    endloop
  endfacet
  facet normal 0 0 1
    outer loop
      vertex 104.136 15.6557 12.5
      vertex 104.576 17.2978 12.5
      vertex 104.192 17.3743 12.5
    endloop
  endfacet
  facet normal 0 0 1
    outer loop
      vertex 104.576 17.2978 12.5
      vertex 104.136 15.6557 12.5
      vertex 104.297 15.601 12.5
    endloop
  endfacet
  facet normal 0 0 1
    outer loop
      vertex 104.192 17.3743 12.5
      vertex 103.97 15.6889 12.5
      vertex 104.136 15.6557 12.5
    endloop
  endfacet
  facet normal 0 0 1
    outer loop
      vertex 103.8 17.4 12.5
      vertex 103.97 15.6889 12.5
      vertex 104.192 17.3743 12.5
    endloop
  endfacet
  facet normal 0 0 1
    outer loop
      vertex 103.8 17.4 12.5
      vertex 103.8 15.7 12.5
      vertex 103.97 15.6889 12.5
    endloop
  endfacet
  facet normal 0 0 1
    outer loop
      vertex 103.8 17.4 12.5
      vertex 103.63 15.6889 12.5
      vertex 103.8 15.7 12.5
    endloop
  endfacet
  facet normal -0 0 1
    outer loop
      vertex 103.408 17.3743 12.5
      vertex 103.63 15.6889 12.5
      vertex 103.8 17.4 12.5
    endloop
  endfacet
  facet normal 0 0 1
    outer loop
      vertex 103.63 15.6889 12.5
      vertex 103.408 17.3743 12.5
      vertex 103.464 15.6557 12.5
    endloop
  endfacet
  facet normal -0 0 1
    outer loop
      vertex 103.024 17.2978 12.5
      vertex 103.464 15.6557 12.5
      vertex 103.408 17.3743 12.5
    endloop
  endfacet
  facet normal 0 0 1
    outer loop
      vertex 103.464 15.6557 12.5
      vertex 103.024 17.2978 12.5
      vertex 103.303 15.601 12.5
    endloop
  endfacet
  facet normal -0 0 1
    outer loop
      vertex 102.652 17.1716 12.5
      vertex 103.303 15.601 12.5
      vertex 103.024 17.2978 12.5
    endloop
  endfacet
  facet normal 0 0 1
    outer loop
      vertex 103.303 15.601 12.5
      vertex 102.652 17.1716 12.5
      vertex 103.15 15.5258 12.5
    endloop
  endfacet
  facet normal -0 0 1
    outer loop
      vertex 102.3 16.9981 12.5
      vertex 103.15 15.5258 12.5
      vertex 102.652 17.1716 12.5
    endloop
  endfacet
  facet normal 0 0 1
    outer loop
      vertex 103.15 15.5258 12.5
      vertex 102.3 16.9981 12.5
      vertex 103.009 15.4314 12.5
    endloop
  endfacet
  facet normal -0 0 1
    outer loop
      vertex 101.974 16.7801 12.5
      vertex 103.009 15.4314 12.5
      vertex 102.3 16.9981 12.5
    endloop
  endfacet
  facet normal 0 0 1
    outer loop
      vertex 103.009 15.4314 12.5
      vertex 101.974 16.7801 12.5
      vertex 102.881 15.3192 12.5
    endloop
  endfacet
  facet normal -0 0 1
    outer loop
      vertex 101.679 16.5213 12.5
      vertex 102.881 15.3192 12.5
      vertex 101.974 16.7801 12.5
    endloop
  endfacet
  facet normal 0 0 1
    outer loop
      vertex 102.881 15.3192 12.5
      vertex 101.679 16.5213 12.5
      vertex 102.769 15.1914 12.5
    endloop
  endfacet
  facet normal -0 0 1
    outer loop
      vertex 101.42 16.2263 12.5
      vertex 102.769 15.1914 12.5
      vertex 101.679 16.5213 12.5
    endloop
  endfacet
  facet normal 0 0 1
    outer loop
      vertex 102.769 15.1914 12.5
      vertex 101.42 16.2263 12.5
      vertex 102.674 15.05 12.5
    endloop
  endfacet
  facet normal -0 0 1
    outer loop
      vertex 101.202 15.9 12.5
      vertex 102.674 15.05 12.5
      vertex 101.42 16.2263 12.5
    endloop
  endfacet
  facet normal 0 0 1
    outer loop
      vertex 106.398 12.9 12.5
      vertex 104.926 13.75 12.5
      vertex 106.18 12.5737 12.5
    endloop
  endfacet
  facet normal -0 0 1
    outer loop
      vertex 104.831 13.6086 12.5
      vertex 106.18 12.5737 12.5
      vertex 104.926 13.75 12.5
    endloop
  endfacet
  facet normal 0 0 1
    outer loop
      vertex 106.18 12.5737 12.5
      vertex 104.831 13.6086 12.5
      vertex 105.921 12.2787 12.5
    endloop
  endfacet
  facet normal -0 0 1
    outer loop
      vertex 104.719 13.4808 12.5
      vertex 105.921 12.2787 12.5
      vertex 104.831 13.6086 12.5
    endloop
  endfacet
  facet normal 0 0 1
    outer loop
      vertex 105.921 12.2787 12.5
      vertex 104.719 13.4808 12.5
      vertex 105.626 12.0199 12.5
    endloop
  endfacet
  facet normal -0 0 1
    outer loop
      vertex 104.591 13.3686 12.5
      vertex 105.626 12.0199 12.5
      vertex 104.719 13.4808 12.5
    endloop
  endfacet
  facet normal 0 0 1
    outer loop
      vertex 105.626 12.0199 12.5
      vertex 104.591 13.3686 12.5
      vertex 105.3 11.8019 12.5
    endloop
  endfacet
  facet normal -0 0 1
    outer loop
      vertex 104.45 13.2742 12.5
      vertex 105.3 11.8019 12.5
      vertex 104.591 13.3686 12.5
    endloop
  endfacet
  facet normal 0 0 1
    outer loop
      vertex 105.3 11.8019 12.5
      vertex 104.45 13.2742 12.5
      vertex 104.948 11.6284 12.5
    endloop
  endfacet
  facet normal -0 0 1
    outer loop
      vertex 104.297 13.199 12.5
      vertex 104.948 11.6284 12.5
      vertex 104.45 13.2742 12.5
    endloop
  endfacet
  facet normal 0 0 1
    outer loop
      vertex 104.948 11.6284 12.5
      vertex 104.297 13.199 12.5
      vertex 104.576 11.5022 12.5
    endloop
  endfacet
  facet normal -0 0 1
    outer loop
      vertex 104.136 13.1443 12.5
      vertex 104.576 11.5022 12.5
      vertex 104.297 13.199 12.5
    endloop
  endfacet
  facet normal 0 0 1
    outer loop
      vertex 104.576 11.5022 12.5
      vertex 104.136 13.1443 12.5
      vertex 104.192 11.4257 12.5
    endloop
  endfacet
  facet normal -0 0 1
    outer loop
      vertex 103.97 13.1111 12.5
      vertex 104.192 11.4257 12.5
      vertex 104.136 13.1443 12.5
    endloop
  endfacet
  facet normal -0 0 1
    outer loop
      vertex 103.8 13.1 12.5
      vertex 104.192 11.4257 12.5
      vertex 103.97 13.1111 12.5
    endloop
  endfacet
  facet normal 0 0 1
    outer loop
      vertex 103.8 13.1 12.5
      vertex 103.8 11.4 12.5
      vertex 104.192 11.4257 12.5
    endloop
  endfacet
  facet normal 0 0 1
    outer loop
      vertex 103.63 13.1111 12.5
      vertex 103.8 11.4 12.5
      vertex 103.8 13.1 12.5
    endloop
  endfacet
  facet normal 0 0 1
    outer loop
      vertex 103.408 11.4257 12.5
      vertex 103.63 13.1111 12.5
      vertex 103.464 13.1443 12.5
    endloop
  endfacet
  facet normal 0 0 1
    outer loop
      vertex 103.63 13.1111 12.5
      vertex 103.408 11.4257 12.5
      vertex 103.8 11.4 12.5
    endloop
  endfacet
  facet normal 0 0 1
    outer loop
      vertex 103.024 11.5022 12.5
      vertex 103.464 13.1443 12.5
      vertex 103.303 13.199 12.5
    endloop
  endfacet
  facet normal 0 0 1
    outer loop
      vertex 102.652 11.6284 12.5
      vertex 103.303 13.199 12.5
      vertex 103.15 13.2742 12.5
    endloop
  endfacet
  facet normal 0 0 1
    outer loop
      vertex 103.464 13.1443 12.5
      vertex 103.024 11.5022 12.5
      vertex 103.408 11.4257 12.5
    endloop
  endfacet
  facet normal 0 0 1
    outer loop
      vertex 102.3 11.8019 12.5
      vertex 103.15 13.2742 12.5
      vertex 103.009 13.3686 12.5
    endloop
  endfacet
  facet normal 0 0 1
    outer loop
      vertex 101.974 12.0199 12.5
      vertex 103.009 13.3686 12.5
      vertex 102.881 13.4808 12.5
    endloop
  endfacet
  facet normal 0 0 1
    outer loop
      vertex 101.679 12.2787 12.5
      vertex 102.881 13.4808 12.5
      vertex 102.769 13.6086 12.5
    endloop
  endfacet
  facet normal 0 0 1
    outer loop
      vertex 101.42 12.5737 12.5
      vertex 102.769 13.6086 12.5
      vertex 102.674 13.75 12.5
    endloop
  endfacet
  facet normal 0 0 1
    outer loop
      vertex 103.303 13.199 12.5
      vertex 102.652 11.6284 12.5
      vertex 103.024 11.5022 12.5
    endloop
  endfacet
  facet normal 0 0 1
    outer loop
      vertex 101.202 12.9 12.5
      vertex 102.674 13.75 12.5
      vertex 102.599 13.9025 12.5
    endloop
  endfacet
  facet normal 0 0 1
    outer loop
      vertex 101.028 13.252 12.5
      vertex 102.599 13.9025 12.5
      vertex 102.544 14.0635 12.5
    endloop
  endfacet
  facet normal 0 0 1
    outer loop
      vertex 100.902 13.6235 12.5
      vertex 102.544 14.0635 12.5
      vertex 102.511 14.2303 12.5
    endloop
  endfacet
  facet normal 0 0 1
    outer loop
      vertex 100.826 14.0084 12.5
      vertex 102.511 14.2303 12.5
      vertex 102.5 14.4 12.5
    endloop
  endfacet
  facet normal 0 0 1
    outer loop
      vertex 102.674 15.05 12.5
      vertex 101.202 15.9 12.5
      vertex 102.599 14.8975 12.5
    endloop
  endfacet
  facet normal 0 0 1
    outer loop
      vertex 103.15 13.2742 12.5
      vertex 102.3 11.8019 12.5
      vertex 102.652 11.6284 12.5
    endloop
  endfacet
  facet normal -0 0 1
    outer loop
      vertex 101.028 15.548 12.5
      vertex 102.599 14.8975 12.5
      vertex 101.202 15.9 12.5
    endloop
  endfacet
  facet normal 0 0 1
    outer loop
      vertex 103.009 13.3686 12.5
      vertex 101.974 12.0199 12.5
      vertex 102.3 11.8019 12.5
    endloop
  endfacet
  facet normal 0 0 1
    outer loop
      vertex 102.599 14.8975 12.5
      vertex 101.028 15.548 12.5
      vertex 102.544 14.7365 12.5
    endloop
  endfacet
  facet normal 0 0 1
    outer loop
      vertex 102.881 13.4808 12.5
      vertex 101.679 12.2787 12.5
      vertex 101.974 12.0199 12.5
    endloop
  endfacet
  facet normal -0 0 1
    outer loop
      vertex 100.902 15.1765 12.5
      vertex 102.544 14.7365 12.5
      vertex 101.028 15.548 12.5
    endloop
  endfacet
  facet normal 0 0 1
    outer loop
      vertex 102.769 13.6086 12.5
      vertex 101.42 12.5737 12.5
      vertex 101.679 12.2787 12.5
    endloop
  endfacet
  facet normal 0 0 1
    outer loop
      vertex 102.544 14.7365 12.5
      vertex 100.902 15.1765 12.5
      vertex 102.511 14.5697 12.5
    endloop
  endfacet
  facet normal 0 0 1
    outer loop
      vertex 102.674 13.75 12.5
      vertex 101.202 12.9 12.5
      vertex 101.42 12.5737 12.5
    endloop
  endfacet
  facet normal -0 0 1
    outer loop
      vertex 100.826 14.7916 12.5
      vertex 102.511 14.5697 12.5
      vertex 100.902 15.1765 12.5
    endloop
  endfacet
  facet normal 0 0 1
    outer loop
      vertex 102.599 13.9025 12.5
      vertex 101.028 13.252 12.5
      vertex 101.202 12.9 12.5
    endloop
  endfacet
  facet normal 0 0 1
    outer loop
      vertex 102.511 14.5697 12.5
      vertex 100.826 14.7916 12.5
      vertex 102.5 14.4 12.5
    endloop
  endfacet
  facet normal 0 0 1
    outer loop
      vertex 102.544 14.0635 12.5
      vertex 100.902 13.6235 12.5
      vertex 101.028 13.252 12.5
    endloop
  endfacet
  facet normal 0 0 1
    outer loop
      vertex 100.8 14.4 12.5
      vertex 102.5 14.4 12.5
      vertex 100.826 14.7916 12.5
    endloop
  endfacet
  facet normal 0 0 1
    outer loop
      vertex 102.511 14.2303 12.5
      vertex 100.826 14.0084 12.5
      vertex 100.902 13.6235 12.5
    endloop
  endfacet
  facet normal 0 0 1
    outer loop
      vertex 102.5 14.4 12.5
      vertex 100.8 14.4 12.5
      vertex 100.826 14.0084 12.5
    endloop
  endfacet
  facet normal 0.196116 0.980581 -0
    outer loop
      vertex 103.63 13.1111 8.49
      vertex 103.464 13.1443 12.5
      vertex 103.63 13.1111 12.5
    endloop
  endfacet
  facet normal 0.196116 0.980581 0
    outer loop
      vertex 103.464 13.1443 12.5
      vertex 103.63 13.1111 8.49
      vertex 103.464 13.1443 8.49
    endloop
  endfacet
  facet normal -0.196116 -0.980581 0
    outer loop
      vertex 103.97 15.6889 8.49
      vertex 104.136 15.6557 12.5
      vertex 103.97 15.6889 12.5
    endloop
  endfacet
  facet normal -0.196116 -0.980581 -0
    outer loop
      vertex 104.136 15.6557 12.5
      vertex 103.97 15.6889 8.49
      vertex 104.136 15.6557 8.49
    endloop
  endfacet
  facet normal -0.752066 -0.659088 0
    outer loop
      vertex 104.831 15.1914 8.49
      vertex 104.719 15.3192 12.5
      vertex 104.719 15.3192 8.49
    endloop
  endfacet
  facet normal -0.752066 -0.659088 0
    outer loop
      vertex 104.719 15.3192 12.5
      vertex 104.831 15.1914 8.49
      vertex 104.831 15.1914 12.5
    endloop
  endfacet
  facet normal 0.946306 0.323272 0
    outer loop
      vertex 102.599 13.9025 12.5
      vertex 102.544 14.0635 8.49
      vertex 102.544 14.0635 12.5
    endloop
  endfacet
  facet normal 0.946306 0.323272 0
    outer loop
      vertex 102.544 14.0635 8.49
      vertex 102.599 13.9025 12.5
      vertex 102.599 13.9025 8.49
    endloop
  endfacet
  facet normal -0.997906 -0.0646845 0
    outer loop
      vertex 105.1 14.4 8.49
      vertex 105.089 14.5697 12.5
      vertex 105.089 14.5697 8.49
    endloop
  endfacet
  facet normal -0.997906 -0.0646845 0
    outer loop
      vertex 105.089 14.5697 12.5
      vertex 105.1 14.4 8.49
      vertex 105.1 14.4 12.5
    endloop
  endfacet
  facet normal -0.997906 0.0646845 0
    outer loop
      vertex 105.089 14.2303 8.49
      vertex 105.1 14.4 12.5
      vertex 105.1 14.4 8.49
    endloop
  endfacet
  facet normal -0.997906 0.0646845 0
    outer loop
      vertex 105.1 14.4 12.5
      vertex 105.089 14.2303 8.49
      vertex 105.089 14.2303 12.5
    endloop
  endfacet
  facet normal -0.946306 -0.323272 0
    outer loop
      vertex 105.056 14.7365 8.49
      vertex 105.001 14.8975 12.5
      vertex 105.001 14.8975 8.49
    endloop
  endfacet
  facet normal -0.946306 -0.323272 0
    outer loop
      vertex 105.001 14.8975 12.5
      vertex 105.056 14.7365 8.49
      vertex 105.056 14.7365 12.5
    endloop
  endfacet
  facet normal -0.556331 -0.830961 0
    outer loop
      vertex 104.45 15.5258 8.49
      vertex 104.591 15.4314 12.5
      vertex 104.45 15.5258 12.5
    endloop
  endfacet
  facet normal -0.556331 -0.830961 -0
    outer loop
      vertex 104.591 15.4314 12.5
      vertex 104.45 15.5258 8.49
      vertex 104.591 15.4314 8.49
    endloop
  endfacet
  facet normal -0.89735 -0.44132 0
    outer loop
      vertex 105.001 14.8975 8.49
      vertex 104.926 15.05 12.5
      vertex 104.926 15.05 8.49
    endloop
  endfacet
  facet normal -0.89735 -0.44132 0
    outer loop
      vertex 104.926 15.05 12.5
      vertex 105.001 14.8975 8.49
      vertex 105.001 14.8975 12.5
    endloop
  endfacet
  facet normal 0.65917 -0.751994 0
    outer loop
      vertex 102.881 15.3192 8.49
      vertex 103.009 15.4314 12.5
      vertex 102.881 15.3192 12.5
    endloop
  endfacet
  facet normal 0.65917 -0.751994 0
    outer loop
      vertex 103.009 15.4314 12.5
      vertex 102.881 15.3192 8.49
      vertex 103.009 15.4314 8.49
    endloop
  endfacet
  facet normal 0.556331 0.830961 -0
    outer loop
      vertex 103.15 13.2742 8.49
      vertex 103.009 13.3686 12.5
      vertex 103.15 13.2742 12.5
    endloop
  endfacet
  facet normal 0.556331 0.830961 0
    outer loop
      vertex 103.009 13.3686 12.5
      vertex 103.15 13.2742 8.49
      vertex 103.009 13.3686 8.49
    endloop
  endfacet
  facet normal 0.752066 -0.659088 0
    outer loop
      vertex 102.769 15.1914 12.5
      vertex 102.881 15.3192 8.49
      vertex 102.881 15.3192 12.5
    endloop
  endfacet
  facet normal 0.752066 -0.659088 0
    outer loop
      vertex 102.881 15.3192 8.49
      vertex 102.769 15.1914 12.5
      vertex 102.769 15.1914 8.49
    endloop
  endfacet
  facet normal 0.321692 0.946844 -0
    outer loop
      vertex 103.464 13.1443 8.49
      vertex 103.303 13.199 12.5
      vertex 103.464 13.1443 12.5
    endloop
  endfacet
  facet normal 0.321692 0.946844 0
    outer loop
      vertex 103.303 13.199 12.5
      vertex 103.464 13.1443 8.49
      vertex 103.303 13.199 8.49
    endloop
  endfacet
  facet normal 0.830058 0.557677 0
    outer loop
      vertex 102.769 13.6086 12.5
      vertex 102.674 13.75 8.49
      vertex 102.674 13.75 12.5
    endloop
  endfacet
  facet normal 0.830058 0.557677 0
    outer loop
      vertex 102.674 13.75 8.49
      vertex 102.769 13.6086 12.5
      vertex 102.769 13.6086 8.49
    endloop
  endfacet
  facet normal 0.441103 -0.897457 0
    outer loop
      vertex 103.15 15.5258 8.49
      vertex 103.303 15.601 12.5
      vertex 103.15 15.5258 12.5
    endloop
  endfacet
  facet normal 0.441103 -0.897457 0
    outer loop
      vertex 103.303 15.601 12.5
      vertex 103.15 15.5258 8.49
      vertex 103.303 15.601 8.49
    endloop
  endfacet
  facet normal -0.0651554 0.997875 0
    outer loop
      vertex 103.97 13.1111 8.49
      vertex 103.8 13.1 12.5
      vertex 103.97 13.1111 12.5
    endloop
  endfacet
  facet normal -0.0651554 0.997875 0
    outer loop
      vertex 103.8 13.1 12.5
      vertex 103.97 13.1111 8.49
      vertex 103.8 13.1 8.49
    endloop
  endfacet
  facet normal -0.89735 0.44132 0
    outer loop
      vertex 104.926 13.75 8.49
      vertex 105.001 13.9025 12.5
      vertex 105.001 13.9025 8.49
    endloop
  endfacet
  facet normal -0.89735 0.44132 0
    outer loop
      vertex 105.001 13.9025 12.5
      vertex 104.926 13.75 8.49
      vertex 104.926 13.75 12.5
    endloop
  endfacet
  facet normal -0.830058 -0.557677 0
    outer loop
      vertex 104.926 15.05 8.49
      vertex 104.831 15.1914 12.5
      vertex 104.831 15.1914 8.49
    endloop
  endfacet
  facet normal -0.830058 -0.557677 0
    outer loop
      vertex 104.831 15.1914 12.5
      vertex 104.926 15.05 8.49
      vertex 104.926 15.05 12.5
    endloop
  endfacet
  facet normal -0.830058 0.557677 0
    outer loop
      vertex 104.831 13.6086 8.49
      vertex 104.926 13.75 12.5
      vertex 104.926 13.75 8.49
    endloop
  endfacet
  facet normal -0.830058 0.557677 0
    outer loop
      vertex 104.926 13.75 12.5
      vertex 104.831 13.6086 8.49
      vertex 104.831 13.6086 12.5
    endloop
  endfacet
  facet normal -0.980986 -0.19408 0
    outer loop
      vertex 105.089 14.5697 8.49
      vertex 105.056 14.7365 12.5
      vertex 105.056 14.7365 8.49
    endloop
  endfacet
  facet normal -0.980986 -0.19408 0
    outer loop
      vertex 105.056 14.7365 12.5
      vertex 105.089 14.5697 8.49
      vertex 105.089 14.5697 12.5
    endloop
  endfacet
  facet normal 0.997906 0.0646845 0
    outer loop
      vertex 102.511 14.2303 12.5
      vertex 102.5 14.4 8.49
      vertex 102.5 14.4 12.5
    endloop
  endfacet
  facet normal 0.997906 0.0646845 0
    outer loop
      vertex 102.5 14.4 8.49
      vertex 102.511 14.2303 12.5
      vertex 102.511 14.2303 8.49
    endloop
  endfacet
  facet normal -0.441103 -0.897457 0
    outer loop
      vertex 104.297 15.601 8.49
      vertex 104.45 15.5258 12.5
      vertex 104.297 15.601 12.5
    endloop
  endfacet
  facet normal -0.441103 -0.897457 -0
    outer loop
      vertex 104.45 15.5258 12.5
      vertex 104.297 15.601 8.49
      vertex 104.45 15.5258 8.49
    endloop
  endfacet
  facet normal -0.321692 0.946844 0
    outer loop
      vertex 104.297 13.199 8.49
      vertex 104.136 13.1443 12.5
      vertex 104.297 13.199 12.5
    endloop
  endfacet
  facet normal -0.321692 0.946844 0
    outer loop
      vertex 104.136 13.1443 12.5
      vertex 104.297 13.199 8.49
      vertex 104.136 13.1443 8.49
    endloop
  endfacet
  facet normal 0.830058 -0.557677 0
    outer loop
      vertex 102.674 15.05 12.5
      vertex 102.769 15.1914 8.49
      vertex 102.769 15.1914 12.5
    endloop
  endfacet
  facet normal 0.830058 -0.557677 0
    outer loop
      vertex 102.769 15.1914 8.49
      vertex 102.674 15.05 12.5
      vertex 102.674 15.05 8.49
    endloop
  endfacet
  facet normal -0.321692 -0.946844 0
    outer loop
      vertex 104.136 15.6557 8.49
      vertex 104.297 15.601 12.5
      vertex 104.136 15.6557 12.5
    endloop
  endfacet
  facet normal -0.321692 -0.946844 -0
    outer loop
      vertex 104.297 15.601 12.5
      vertex 104.136 15.6557 8.49
      vertex 104.297 15.601 8.49
    endloop
  endfacet
  facet normal -0.946306 0.323272 0
    outer loop
      vertex 105.001 13.9025 8.49
      vertex 105.056 14.0635 12.5
      vertex 105.056 14.0635 8.49
    endloop
  endfacet
  facet normal -0.946306 0.323272 0
    outer loop
      vertex 105.056 14.0635 12.5
      vertex 105.001 13.9025 8.49
      vertex 105.001 13.9025 12.5
    endloop
  endfacet
  facet normal 0.89735 -0.44132 0
    outer loop
      vertex 102.599 14.8975 12.5
      vertex 102.674 15.05 8.49
      vertex 102.674 15.05 12.5
    endloop
  endfacet
  facet normal 0.89735 -0.44132 0
    outer loop
      vertex 102.674 15.05 8.49
      vertex 102.599 14.8975 12.5
      vertex 102.599 14.8975 8.49
    endloop
  endfacet
  facet normal 0.196116 -0.980581 0
    outer loop
      vertex 103.464 15.6557 8.49
      vertex 103.63 15.6889 12.5
      vertex 103.464 15.6557 12.5
    endloop
  endfacet
  facet normal 0.196116 -0.980581 0
    outer loop
      vertex 103.63 15.6889 12.5
      vertex 103.464 15.6557 8.49
      vertex 103.63 15.6889 8.49
    endloop
  endfacet
  facet normal -0.196116 0.980581 0
    outer loop
      vertex 104.136 13.1443 8.49
      vertex 103.97 13.1111 12.5
      vertex 104.136 13.1443 12.5
    endloop
  endfacet
  facet normal -0.196116 0.980581 0
    outer loop
      vertex 103.97 13.1111 12.5
      vertex 104.136 13.1443 8.49
      vertex 103.97 13.1111 8.49
    endloop
  endfacet
  facet normal 0.946306 -0.323272 0
    outer loop
      vertex 102.544 14.7365 12.5
      vertex 102.599 14.8975 8.49
      vertex 102.599 14.8975 12.5
    endloop
  endfacet
  facet normal 0.946306 -0.323272 0
    outer loop
      vertex 102.599 14.8975 8.49
      vertex 102.544 14.7365 12.5
      vertex 102.544 14.7365 8.49
    endloop
  endfacet
  facet normal -0.556331 0.830961 0
    outer loop
      vertex 104.591 13.3686 8.49
      vertex 104.45 13.2742 12.5
      vertex 104.591 13.3686 12.5
    endloop
  endfacet
  facet normal -0.556331 0.830961 0
    outer loop
      vertex 104.45 13.2742 12.5
      vertex 104.591 13.3686 8.49
      vertex 104.45 13.2742 8.49
    endloop
  endfacet
  facet normal -0.65917 -0.751994 0
    outer loop
      vertex 104.591 15.4314 8.49
      vertex 104.719 15.3192 12.5
      vertex 104.591 15.4314 12.5
    endloop
  endfacet
  facet normal -0.65917 -0.751994 -0
    outer loop
      vertex 104.719 15.3192 12.5
      vertex 104.591 15.4314 8.49
      vertex 104.719 15.3192 8.49
    endloop
  endfacet
  facet normal 0.997906 -0.0646845 0
    outer loop
      vertex 102.5 14.4 12.5
      vertex 102.511 14.5697 8.49
      vertex 102.511 14.5697 12.5
    endloop
  endfacet
  facet normal 0.997906 -0.0646845 0
    outer loop
      vertex 102.511 14.5697 8.49
      vertex 102.5 14.4 12.5
      vertex 102.5 14.4 8.49
    endloop
  endfacet
  facet normal 0.321692 -0.946844 0
    outer loop
      vertex 103.303 15.601 8.49
      vertex 103.464 15.6557 12.5
      vertex 103.303 15.601 12.5
    endloop
  endfacet
  facet normal 0.321692 -0.946844 0
    outer loop
      vertex 103.464 15.6557 12.5
      vertex 103.303 15.601 8.49
      vertex 103.464 15.6557 8.49
    endloop
  endfacet
  facet normal 0.752066 0.659088 0
    outer loop
      vertex 102.881 13.4808 12.5
      vertex 102.769 13.6086 8.49
      vertex 102.769 13.6086 12.5
    endloop
  endfacet
  facet normal 0.752066 0.659088 0
    outer loop
      vertex 102.769 13.6086 8.49
      vertex 102.881 13.4808 12.5
      vertex 102.881 13.4808 8.49
    endloop
  endfacet
  facet normal -0.0651554 -0.997875 0
    outer loop
      vertex 103.8 15.7 8.49
      vertex 103.97 15.6889 12.5
      vertex 103.8 15.7 12.5
    endloop
  endfacet
  facet normal -0.0651554 -0.997875 -0
    outer loop
      vertex 103.97 15.6889 12.5
      vertex 103.8 15.7 8.49
      vertex 103.97 15.6889 8.49
    endloop
  endfacet
  facet normal -0.980986 0.19408 0
    outer loop
      vertex 105.056 14.0635 8.49
      vertex 105.089 14.2303 12.5
      vertex 105.089 14.2303 8.49
    endloop
  endfacet
  facet normal -0.980986 0.19408 0
    outer loop
      vertex 105.089 14.2303 12.5
      vertex 105.056 14.0635 8.49
      vertex 105.056 14.0635 12.5
    endloop
  endfacet
  facet normal 0.65917 0.751994 -0
    outer loop
      vertex 103.009 13.3686 8.49
      vertex 102.881 13.4808 12.5
      vertex 103.009 13.3686 12.5
    endloop
  endfacet
  facet normal 0.65917 0.751994 0
    outer loop
      vertex 102.881 13.4808 12.5
      vertex 103.009 13.3686 8.49
      vertex 102.881 13.4808 8.49
    endloop
  endfacet
  facet normal -0.65917 0.751994 0
    outer loop
      vertex 104.719 13.4808 8.49
      vertex 104.591 13.3686 12.5
      vertex 104.719 13.4808 12.5
    endloop
  endfacet
  facet normal -0.65917 0.751994 0
    outer loop
      vertex 104.591 13.3686 12.5
      vertex 104.719 13.4808 8.49
      vertex 104.591 13.3686 8.49
    endloop
  endfacet
  facet normal -0.752066 0.659088 0
    outer loop
      vertex 104.719 13.4808 8.49
      vertex 104.831 13.6086 12.5
      vertex 104.831 13.6086 8.49
    endloop
  endfacet
  facet normal -0.752066 0.659088 0
    outer loop
      vertex 104.831 13.6086 12.5
      vertex 104.719 13.4808 8.49
      vertex 104.719 13.4808 12.5
    endloop
  endfacet
  facet normal -0.441103 0.897457 0
    outer loop
      vertex 104.45 13.2742 8.49
      vertex 104.297 13.199 12.5
      vertex 104.45 13.2742 12.5
    endloop
  endfacet
  facet normal -0.441103 0.897457 0
    outer loop
      vertex 104.297 13.199 12.5
      vertex 104.45 13.2742 8.49
      vertex 104.297 13.199 8.49
    endloop
  endfacet
  facet normal 0.0651554 -0.997875 0
    outer loop
      vertex 103.63 15.6889 8.49
      vertex 103.8 15.7 12.5
      vertex 103.63 15.6889 12.5
    endloop
  endfacet
  facet normal 0.0651554 -0.997875 0
    outer loop
      vertex 103.8 15.7 12.5
      vertex 103.63 15.6889 8.49
      vertex 103.8 15.7 8.49
    endloop
  endfacet
  facet normal 0.0651554 0.997875 -0
    outer loop
      vertex 103.8 13.1 8.49
      vertex 103.63 13.1111 12.5
      vertex 103.8 13.1 12.5
    endloop
  endfacet
  facet normal 0.0651554 0.997875 0
    outer loop
      vertex 103.63 13.1111 12.5
      vertex 103.8 13.1 8.49
      vertex 103.63 13.1111 8.49
    endloop
  endfacet
  facet normal 0.89735 0.44132 0
    outer loop
      vertex 102.674 13.75 12.5
      vertex 102.599 13.9025 8.49
      vertex 102.599 13.9025 12.5
    endloop
  endfacet
  facet normal 0.89735 0.44132 0
    outer loop
      vertex 102.599 13.9025 8.49
      vertex 102.674 13.75 12.5
      vertex 102.674 13.75 8.49
    endloop
  endfacet
  facet normal 0.556331 -0.830961 0
    outer loop
      vertex 103.009 15.4314 8.49
      vertex 103.15 15.5258 12.5
      vertex 103.009 15.4314 12.5
    endloop
  endfacet
  facet normal 0.556331 -0.830961 0
    outer loop
      vertex 103.15 15.5258 12.5
      vertex 103.009 15.4314 8.49
      vertex 103.15 15.5258 8.49
    endloop
  endfacet
  facet normal 0.441103 0.897457 -0
    outer loop
      vertex 103.303 13.199 8.49
      vertex 103.15 13.2742 12.5
      vertex 103.303 13.199 12.5
    endloop
  endfacet
  facet normal 0.441103 0.897457 0
    outer loop
      vertex 103.15 13.2742 12.5
      vertex 103.303 13.199 8.49
      vertex 103.15 13.2742 8.49
    endloop
  endfacet
  facet normal 0.980986 0.19408 0
    outer loop
      vertex 102.544 14.0635 12.5
      vertex 102.511 14.2303 8.49
      vertex 102.511 14.2303 12.5
    endloop
  endfacet
  facet normal 0.980986 0.19408 0
    outer loop
      vertex 102.511 14.2303 8.49
      vertex 102.544 14.0635 12.5
      vertex 102.544 14.0635 8.49
    endloop
  endfacet
  facet normal 0.980986 -0.19408 0
    outer loop
      vertex 102.511 14.5697 12.5
      vertex 102.544 14.7365 8.49
      vertex 102.544 14.7365 12.5
    endloop
  endfacet
  facet normal 0.980986 -0.19408 0
    outer loop
      vertex 102.544 14.7365 8.49
      vertex 102.511 14.5697 12.5
      vertex 102.511 14.5697 8.49
    endloop
  endfacet
  facet normal 0 0 1
    outer loop
      vertex 105.089 14.5697 8.49
      vertex 105.089 14.2303 8.49
      vertex 105.1 14.4 8.49
    endloop
  endfacet
  facet normal 0 0 1
    outer loop
      vertex 105.056 14.7365 8.49
      vertex 105.089 14.2303 8.49
      vertex 105.089 14.5697 8.49
    endloop
  endfacet
  facet normal 0 0 1
    outer loop
      vertex 105.056 14.7365 8.49
      vertex 105.056 14.0635 8.49
      vertex 105.089 14.2303 8.49
    endloop
  endfacet
  facet normal 0 0 1
    outer loop
      vertex 105.001 14.8975 8.49
      vertex 105.056 14.0635 8.49
      vertex 105.056 14.7365 8.49
    endloop
  endfacet
  facet normal 0 0 1
    outer loop
      vertex 105.001 14.8975 8.49
      vertex 105.001 13.9025 8.49
      vertex 105.056 14.0635 8.49
    endloop
  endfacet
  facet normal 0 0 1
    outer loop
      vertex 104.926 15.05 8.49
      vertex 105.001 13.9025 8.49
      vertex 105.001 14.8975 8.49
    endloop
  endfacet
  facet normal 0 0 1
    outer loop
      vertex 104.926 15.05 8.49
      vertex 104.926 13.75 8.49
      vertex 105.001 13.9025 8.49
    endloop
  endfacet
  facet normal 0 0 1
    outer loop
      vertex 104.831 15.1914 8.49
      vertex 104.926 13.75 8.49
      vertex 104.926 15.05 8.49
    endloop
  endfacet
  facet normal 0 0 1
    outer loop
      vertex 104.831 15.1914 8.49
      vertex 104.831 13.6086 8.49
      vertex 104.926 13.75 8.49
    endloop
  endfacet
  facet normal 0 0 1
    outer loop
      vertex 104.719 15.3192 8.49
      vertex 104.831 13.6086 8.49
      vertex 104.831 15.1914 8.49
    endloop
  endfacet
  facet normal 0 0 1
    outer loop
      vertex 104.719 15.3192 8.49
      vertex 104.719 13.4808 8.49
      vertex 104.831 13.6086 8.49
    endloop
  endfacet
  facet normal 0 0 1
    outer loop
      vertex 104.591 15.4314 8.49
      vertex 104.719 13.4808 8.49
      vertex 104.719 15.3192 8.49
    endloop
  endfacet
  facet normal 0 0 1
    outer loop
      vertex 104.591 15.4314 8.49
      vertex 104.591 13.3686 8.49
      vertex 104.719 13.4808 8.49
    endloop
  endfacet
  facet normal 0 0 1
    outer loop
      vertex 104.45 15.5258 8.49
      vertex 104.591 13.3686 8.49
      vertex 104.591 15.4314 8.49
    endloop
  endfacet
  facet normal 0 0 1
    outer loop
      vertex 104.45 15.5258 8.49
      vertex 104.45 13.2742 8.49
      vertex 104.591 13.3686 8.49
    endloop
  endfacet
  facet normal 0 0 1
    outer loop
      vertex 104.297 15.601 8.49
      vertex 104.45 13.2742 8.49
      vertex 104.45 15.5258 8.49
    endloop
  endfacet
  facet normal 0 0 1
    outer loop
      vertex 104.297 15.601 8.49
      vertex 104.297 13.199 8.49
      vertex 104.45 13.2742 8.49
    endloop
  endfacet
  facet normal 0 0 1
    outer loop
      vertex 104.136 15.6557 8.49
      vertex 104.297 13.199 8.49
      vertex 104.297 15.601 8.49
    endloop
  endfacet
  facet normal 0 0 1
    outer loop
      vertex 104.136 15.6557 8.49
      vertex 104.136 13.1443 8.49
      vertex 104.297 13.199 8.49
    endloop
  endfacet
  facet normal 0 0 1
    outer loop
      vertex 103.97 15.6889 8.49
      vertex 104.136 13.1443 8.49
      vertex 104.136 15.6557 8.49
    endloop
  endfacet
  facet normal 0 0 1
    outer loop
      vertex 103.97 15.6889 8.49
      vertex 103.97 13.1111 8.49
      vertex 104.136 13.1443 8.49
    endloop
  endfacet
  facet normal 0 0 1
    outer loop
      vertex 103.8 15.7 8.49
      vertex 103.97 13.1111 8.49
      vertex 103.97 15.6889 8.49
    endloop
  endfacet
  facet normal 0 0 1
    outer loop
      vertex 103.8 15.7 8.49
      vertex 103.8 13.1 8.49
      vertex 103.97 13.1111 8.49
    endloop
  endfacet
  facet normal -0 0 1
    outer loop
      vertex 103.63 15.6889 8.49
      vertex 103.8 13.1 8.49
      vertex 103.8 15.7 8.49
    endloop
  endfacet
  facet normal 0 0 1
    outer loop
      vertex 103.63 15.6889 8.49
      vertex 103.63 13.1111 8.49
      vertex 103.8 13.1 8.49
    endloop
  endfacet
  facet normal -0 0 1
    outer loop
      vertex 103.464 15.6557 8.49
      vertex 103.63 13.1111 8.49
      vertex 103.63 15.6889 8.49
    endloop
  endfacet
  facet normal 0 0 1
    outer loop
      vertex 103.464 15.6557 8.49
      vertex 103.464 13.1443 8.49
      vertex 103.63 13.1111 8.49
    endloop
  endfacet
  facet normal -0 0 1
    outer loop
      vertex 103.303 15.601 8.49
      vertex 103.464 13.1443 8.49
      vertex 103.464 15.6557 8.49
    endloop
  endfacet
  facet normal 0 0 1
    outer loop
      vertex 103.303 15.601 8.49
      vertex 103.303 13.199 8.49
      vertex 103.464 13.1443 8.49
    endloop
  endfacet
  facet normal -0 0 1
    outer loop
      vertex 103.15 15.5258 8.49
      vertex 103.303 13.199 8.49
      vertex 103.303 15.601 8.49
    endloop
  endfacet
  facet normal 0 0 1
    outer loop
      vertex 103.15 15.5258 8.49
      vertex 103.15 13.2742 8.49
      vertex 103.303 13.199 8.49
    endloop
  endfacet
  facet normal -0 0 1
    outer loop
      vertex 103.009 15.4314 8.49
      vertex 103.15 13.2742 8.49
      vertex 103.15 15.5258 8.49
    endloop
  endfacet
  facet normal 0 0 1
    outer loop
      vertex 103.009 15.4314 8.49
      vertex 103.009 13.3686 8.49
      vertex 103.15 13.2742 8.49
    endloop
  endfacet
  facet normal -0 0 1
    outer loop
      vertex 102.881 15.3192 8.49
      vertex 103.009 13.3686 8.49
      vertex 103.009 15.4314 8.49
    endloop
  endfacet
  facet normal 0 0 1
    outer loop
      vertex 102.881 15.3192 8.49
      vertex 102.881 13.4808 8.49
      vertex 103.009 13.3686 8.49
    endloop
  endfacet
  facet normal -0 0 1
    outer loop
      vertex 102.769 15.1914 8.49
      vertex 102.881 13.4808 8.49
      vertex 102.881 15.3192 8.49
    endloop
  endfacet
  facet normal 0 0 1
    outer loop
      vertex 102.769 15.1914 8.49
      vertex 102.769 13.6086 8.49
      vertex 102.881 13.4808 8.49
    endloop
  endfacet
  facet normal -0 0 1
    outer loop
      vertex 102.674 15.05 8.49
      vertex 102.769 13.6086 8.49
      vertex 102.769 15.1914 8.49
    endloop
  endfacet
  facet normal 0 0 1
    outer loop
      vertex 102.674 15.05 8.49
      vertex 102.674 13.75 8.49
      vertex 102.769 13.6086 8.49
    endloop
  endfacet
  facet normal -0 0 1
    outer loop
      vertex 102.599 14.8975 8.49
      vertex 102.674 13.75 8.49
      vertex 102.674 15.05 8.49
    endloop
  endfacet
  facet normal 0 0 1
    outer loop
      vertex 102.599 14.8975 8.49
      vertex 102.599 13.9025 8.49
      vertex 102.674 13.75 8.49
    endloop
  endfacet
  facet normal -0 0 1
    outer loop
      vertex 102.544 14.7365 8.49
      vertex 102.599 13.9025 8.49
      vertex 102.599 14.8975 8.49
    endloop
  endfacet
  facet normal 0 0 1
    outer loop
      vertex 102.544 14.7365 8.49
      vertex 102.544 14.0635 8.49
      vertex 102.599 13.9025 8.49
    endloop
  endfacet
  facet normal -0 0 1
    outer loop
      vertex 102.511 14.5697 8.49
      vertex 102.544 14.0635 8.49
      vertex 102.544 14.7365 8.49
    endloop
  endfacet
  facet normal 0 0 1
    outer loop
      vertex 102.511 14.5697 8.49
      vertex 102.511 14.2303 8.49
      vertex 102.544 14.0635 8.49
    endloop
  endfacet
  facet normal 0 -0 1
    outer loop
      vertex 102.511 14.2303 8.49
      vertex 102.511 14.5697 8.49
      vertex 102.5 14.4 8.49
    endloop
  endfacet
  facet normal -0.981058 -0.193714 0
    outer loop
      vertex 100.902 49.6235 7.5
      vertex 100.826 50.0084 12.5
      vertex 100.826 50.0084 7.5
    endloop
  endfacet
  facet normal -0.981058 -0.193714 0
    outer loop
      vertex 100.826 50.0084 12.5
      vertex 100.902 49.6235 7.5
      vertex 100.902 49.6235 12.5
    endloop
  endfacet
  facet normal -0.831501 0.555523 0
    outer loop
      vertex 101.202 51.9 7.5
      vertex 101.42 52.2263 12.5
      vertex 101.42 52.2263 7.5
    endloop
  endfacet
  facet normal -0.831501 0.555523 0
    outer loop
      vertex 101.42 52.2263 12.5
      vertex 101.202 51.9 7.5
      vertex 101.202 51.9 12.5
    endloop
  endfacet
  facet normal 0.981058 0.193714 0
    outer loop
      vertex 106.774 50.7916 12.5
      vertex 106.698 51.1765 7.5
      vertex 106.698 51.1765 12.5
    endloop
  endfacet
  facet normal 0.981058 0.193714 0
    outer loop
      vertex 106.698 51.1765 7.5
      vertex 106.774 50.7916 12.5
      vertex 106.774 50.7916 7.5
    endloop
  endfacet
  facet normal 0.997803 -0.0662484 0
    outer loop
      vertex 106.774 50.0084 12.5
      vertex 106.8 50.4 7.5
      vertex 106.8 50.4 12.5
    endloop
  endfacet
  facet normal 0.997803 -0.0662484 0
    outer loop
      vertex 106.8 50.4 7.5
      vertex 106.774 50.0084 12.5
      vertex 106.774 50.0084 7.5
    endloop
  endfacet
  facet normal 0.751471 -0.659766 0
    outer loop
      vertex 105.921 48.2787 12.5
      vertex 106.18 48.5737 7.5
      vertex 106.18 48.5737 12.5
    endloop
  endfacet
  facet normal 0.751471 -0.659766 0
    outer loop
      vertex 106.18 48.5737 7.5
      vertex 105.921 48.2787 12.5
      vertex 105.921 48.2787 7.5
    endloop
  endfacet
  facet normal -0.751471 0.659766 0
    outer loop
      vertex 101.42 52.2263 7.5
      vertex 101.679 52.5213 12.5
      vertex 101.679 52.5213 7.5
    endloop
  endfacet
  facet normal -0.751471 0.659766 0
    outer loop
      vertex 101.679 52.5213 12.5
      vertex 101.42 52.2263 7.5
      vertex 101.42 52.2263 12.5
    endloop
  endfacet
  facet normal 0.195379 0.980728 -0
    outer loop
      vertex 104.576 53.2978 7.5
      vertex 104.192 53.3743 12.5
      vertex 104.576 53.2978 12.5
    endloop
  endfacet
  facet normal 0.195379 0.980728 0
    outer loop
      vertex 104.192 53.3743 12.5
      vertex 104.576 53.2978 7.5
      vertex 104.192 53.3743 7.5
    endloop
  endfacet
  facet normal 0.751471 0.659766 0
    outer loop
      vertex 106.18 52.2263 12.5
      vertex 105.921 52.5213 7.5
      vertex 105.921 52.5213 12.5
    endloop
  endfacet
  facet normal 0.751471 0.659766 0
    outer loop
      vertex 105.921 52.5213 7.5
      vertex 106.18 52.2263 12.5
      vertex 106.18 52.2263 7.5
    endloop
  endfacet
  facet normal -0.831501 -0.555523 0
    outer loop
      vertex 101.42 48.5737 7.5
      vertex 101.202 48.9 12.5
      vertex 101.202 48.9 7.5
    endloop
  endfacet
  facet normal -0.831501 -0.555523 0
    outer loop
      vertex 101.202 48.9 12.5
      vertex 101.42 48.5737 7.5
      vertex 101.42 48.5737 12.5
    endloop
  endfacet
  facet normal -0.555877 -0.831265 0
    outer loop
      vertex 101.974 48.0199 7.5
      vertex 102.3 47.8019 12.5
      vertex 101.974 48.0199 12.5
    endloop
  endfacet
  facet normal -0.555877 -0.831265 -0
    outer loop
      vertex 102.3 47.8019 12.5
      vertex 101.974 48.0199 7.5
      vertex 102.3 47.8019 7.5
    endloop
  endfacet
  facet normal 0.44211 -0.896961 0
    outer loop
      vertex 104.948 47.6284 7.5
      vertex 105.3 47.8019 12.5
      vertex 104.948 47.6284 12.5
    endloop
  endfacet
  facet normal 0.44211 -0.896961 0
    outer loop
      vertex 105.3 47.8019 12.5
      vertex 104.948 47.6284 7.5
      vertex 105.3 47.8019 7.5
    endloop
  endfacet
  facet normal -0.947013 0.321194 0
    outer loop
      vertex 100.902 51.1765 7.5
      vertex 101.028 51.548 12.5
      vertex 101.028 51.548 7.5
    endloop
  endfacet
  facet normal -0.947013 0.321194 0
    outer loop
      vertex 101.028 51.548 12.5
      vertex 100.902 51.1765 7.5
      vertex 100.902 51.1765 12.5
    endloop
  endfacet
  facet normal -0.44211 -0.896961 0
    outer loop
      vertex 102.3 47.8019 7.5
      vertex 102.652 47.6284 12.5
      vertex 102.3 47.8019 12.5
    endloop
  endfacet
  facet normal -0.44211 -0.896961 -0
    outer loop
      vertex 102.652 47.6284 12.5
      vertex 102.3 47.8019 7.5
      vertex 102.652 47.6284 7.5
    endloop
  endfacet
  facet normal -0.321264 -0.94699 0
    outer loop
      vertex 102.652 47.6284 7.5
      vertex 103.024 47.5022 12.5
      vertex 102.652 47.6284 12.5
    endloop
  endfacet
  facet normal -0.321264 -0.94699 -0
    outer loop
      vertex 103.024 47.5022 12.5
      vertex 102.652 47.6284 7.5
      vertex 103.024 47.5022 7.5
    endloop
  endfacet
  facet normal -0.997803 -0.0662484 0
    outer loop
      vertex 100.826 50.0084 7.5
      vertex 100.8 50.4 12.5
      vertex 100.8 50.4 7.5
    endloop
  endfacet
  facet normal -0.997803 -0.0662484 0
    outer loop
      vertex 100.8 50.4 12.5
      vertex 100.826 50.0084 7.5
      vertex 100.826 50.0084 12.5
    endloop
  endfacet
  facet normal 0.659478 0.751724 -0
    outer loop
      vertex 105.921 52.5213 7.5
      vertex 105.626 52.7801 12.5
      vertex 105.921 52.5213 12.5
    endloop
  endfacet
  facet normal 0.659478 0.751724 0
    outer loop
      vertex 105.626 52.7801 12.5
      vertex 105.921 52.5213 7.5
      vertex 105.626 52.7801 7.5
    endloop
  endfacet
  facet normal 0.997803 0.0662484 0
    outer loop
      vertex 106.8 50.4 12.5
      vertex 106.774 50.7916 7.5
      vertex 106.774 50.7916 12.5
    endloop
  endfacet
  facet normal 0.997803 0.0662484 0
    outer loop
      vertex 106.774 50.7916 7.5
      vertex 106.8 50.4 12.5
      vertex 106.8 50.4 7.5
    endloop
  endfacet
  facet normal -0.94704 -0.321117 0
    outer loop
      vertex 101.028 49.2519 7.5
      vertex 100.902 49.6235 12.5
      vertex 100.902 49.6235 7.5
    endloop
  endfacet
  facet normal -0.94704 -0.321117 0
    outer loop
      vertex 100.902 49.6235 12.5
      vertex 101.028 49.2519 7.5
      vertex 101.028 49.2519 12.5
    endloop
  endfacet
  facet normal 0.896405 -0.443235 0
    outer loop
      vertex 106.398 48.9 12.5
      vertex 106.572 49.2519 7.5
      vertex 106.572 49.2519 12.5
    endloop
  endfacet
  facet normal 0.896405 -0.443235 0
    outer loop
      vertex 106.572 49.2519 7.5
      vertex 106.398 48.9 12.5
      vertex 106.398 48.9 7.5
    endloop
  endfacet
  facet normal -0.896455 0.443134 0
    outer loop
      vertex 101.028 51.548 7.5
      vertex 101.202 51.9 12.5
      vertex 101.202 51.9 7.5
    endloop
  endfacet
  facet normal -0.896455 0.443134 0
    outer loop
      vertex 101.202 51.9 12.5
      vertex 101.028 51.548 7.5
      vertex 101.028 51.548 12.5
    endloop
  endfacet
  facet normal -0.0654208 -0.997858 0
    outer loop
      vertex 103.408 47.4257 7.5
      vertex 103.8 47.4 12.5
      vertex 103.408 47.4257 12.5
    endloop
  endfacet
  facet normal -0.0654208 -0.997858 -0
    outer loop
      vertex 103.8 47.4 12.5
      vertex 103.408 47.4257 7.5
      vertex 103.8 47.4 7.5
    endloop
  endfacet
  facet normal 0.321264 0.94699 -0
    outer loop
      vertex 104.948 53.1716 7.5
      vertex 104.576 53.2978 12.5
      vertex 104.948 53.1716 12.5
    endloop
  endfacet
  facet normal 0.321264 0.94699 0
    outer loop
      vertex 104.576 53.2978 12.5
      vertex 104.948 53.1716 7.5
      vertex 104.576 53.2978 7.5
    endloop
  endfacet
  facet normal 0.896455 0.443134 0
    outer loop
      vertex 106.572 51.548 12.5
      vertex 106.398 51.9 7.5
      vertex 106.398 51.9 12.5
    endloop
  endfacet
  facet normal 0.896455 0.443134 0
    outer loop
      vertex 106.398 51.9 7.5
      vertex 106.572 51.548 12.5
      vertex 106.572 51.548 7.5
    endloop
  endfacet
  facet normal 0.831501 0.555523 0
    outer loop
      vertex 106.398 51.9 12.5
      vertex 106.18 52.2263 7.5
      vertex 106.18 52.2263 12.5
    endloop
  endfacet
  facet normal 0.831501 0.555523 0
    outer loop
      vertex 106.18 52.2263 7.5
      vertex 106.398 51.9 12.5
      vertex 106.398 51.9 7.5
    endloop
  endfacet
  facet normal 0.947013 0.321194 0
    outer loop
      vertex 106.698 51.1765 12.5
      vertex 106.572 51.548 7.5
      vertex 106.572 51.548 12.5
    endloop
  endfacet
  facet normal 0.947013 0.321194 0
    outer loop
      vertex 106.572 51.548 7.5
      vertex 106.698 51.1765 12.5
      vertex 106.698 51.1765 7.5
    endloop
  endfacet
  facet normal 0.555877 0.831265 -0
    outer loop
      vertex 105.626 52.7801 7.5
      vertex 105.3 52.9981 12.5
      vertex 105.626 52.7801 12.5
    endloop
  endfacet
  facet normal 0.555877 0.831265 0
    outer loop
      vertex 105.3 52.9981 12.5
      vertex 105.626 52.7801 7.5
      vertex 105.3 52.9981 7.5
    endloop
  endfacet
  facet normal -0.195379 0.980728 0
    outer loop
      vertex 103.408 53.3743 7.5
      vertex 103.024 53.2978 12.5
      vertex 103.408 53.3743 12.5
    endloop
  endfacet
  facet normal -0.195379 0.980728 0
    outer loop
      vertex 103.024 53.2978 12.5
      vertex 103.408 53.3743 7.5
      vertex 103.024 53.2978 7.5
    endloop
  endfacet
  facet normal 0.321264 -0.94699 0
    outer loop
      vertex 104.576 47.5022 7.5
      vertex 104.948 47.6284 12.5
      vertex 104.576 47.5022 12.5
    endloop
  endfacet
  facet normal 0.321264 -0.94699 0
    outer loop
      vertex 104.948 47.6284 12.5
      vertex 104.576 47.5022 7.5
      vertex 104.948 47.6284 7.5
    endloop
  endfacet
  facet normal 0.44211 0.896961 -0
    outer loop
      vertex 105.3 52.9981 7.5
      vertex 104.948 53.1716 12.5
      vertex 105.3 52.9981 12.5
    endloop
  endfacet
  facet normal 0.44211 0.896961 0
    outer loop
      vertex 104.948 53.1716 12.5
      vertex 105.3 52.9981 7.5
      vertex 104.948 53.1716 7.5
    endloop
  endfacet
  facet normal 0.0654208 -0.997858 0
    outer loop
      vertex 103.8 47.4 7.5
      vertex 104.192 47.4257 12.5
      vertex 103.8 47.4 12.5
    endloop
  endfacet
  facet normal 0.0654208 -0.997858 0
    outer loop
      vertex 104.192 47.4257 12.5
      vertex 103.8 47.4 7.5
      vertex 104.192 47.4257 7.5
    endloop
  endfacet
  facet normal -0.0654208 0.997858 0
    outer loop
      vertex 103.8 53.4 7.5
      vertex 103.408 53.3743 12.5
      vertex 103.8 53.4 12.5
    endloop
  endfacet
  facet normal -0.0654208 0.997858 0
    outer loop
      vertex 103.408 53.3743 12.5
      vertex 103.8 53.4 7.5
      vertex 103.408 53.3743 7.5
    endloop
  endfacet
  facet normal 0.981058 -0.193714 0
    outer loop
      vertex 106.698 49.6235 12.5
      vertex 106.774 50.0084 7.5
      vertex 106.774 50.0084 12.5
    endloop
  endfacet
  facet normal 0.981058 -0.193714 0
    outer loop
      vertex 106.774 50.0084 7.5
      vertex 106.698 49.6235 12.5
      vertex 106.698 49.6235 7.5
    endloop
  endfacet
  facet normal 0.195379 -0.980728 0
    outer loop
      vertex 104.192 47.4257 7.5
      vertex 104.576 47.5022 12.5
      vertex 104.192 47.4257 12.5
    endloop
  endfacet
  facet normal 0.195379 -0.980728 0
    outer loop
      vertex 104.576 47.5022 12.5
      vertex 104.192 47.4257 7.5
      vertex 104.576 47.5022 7.5
    endloop
  endfacet
  facet normal -0.44211 0.896961 0
    outer loop
      vertex 102.652 53.1716 7.5
      vertex 102.3 52.9981 12.5
      vertex 102.652 53.1716 12.5
    endloop
  endfacet
  facet normal -0.44211 0.896961 0
    outer loop
      vertex 102.3 52.9981 12.5
      vertex 102.652 53.1716 7.5
      vertex 102.3 52.9981 7.5
    endloop
  endfacet
  facet normal 0.659478 -0.751724 0
    outer loop
      vertex 105.626 48.0199 7.5
      vertex 105.921 48.2787 12.5
      vertex 105.626 48.0199 12.5
    endloop
  endfacet
  facet normal 0.659478 -0.751724 0
    outer loop
      vertex 105.921 48.2787 12.5
      vertex 105.626 48.0199 7.5
      vertex 105.921 48.2787 7.5
    endloop
  endfacet
  facet normal -0.321264 0.94699 0
    outer loop
      vertex 103.024 53.2978 7.5
      vertex 102.652 53.1716 12.5
      vertex 103.024 53.2978 12.5
    endloop
  endfacet
  facet normal -0.321264 0.94699 0
    outer loop
      vertex 102.652 53.1716 12.5
      vertex 103.024 53.2978 7.5
      vertex 102.652 53.1716 7.5
    endloop
  endfacet
  facet normal -0.896405 -0.443235 0
    outer loop
      vertex 101.202 48.9 7.5
      vertex 101.028 49.2519 12.5
      vertex 101.028 49.2519 7.5
    endloop
  endfacet
  facet normal -0.896405 -0.443235 0
    outer loop
      vertex 101.028 49.2519 12.5
      vertex 101.202 48.9 7.5
      vertex 101.202 48.9 12.5
    endloop
  endfacet
  facet normal 0.831501 -0.555523 0
    outer loop
      vertex 106.18 48.5737 12.5
      vertex 106.398 48.9 7.5
      vertex 106.398 48.9 12.5
    endloop
  endfacet
  facet normal 0.831501 -0.555523 0
    outer loop
      vertex 106.398 48.9 7.5
      vertex 106.18 48.5737 12.5
      vertex 106.18 48.5737 7.5
    endloop
  endfacet
  facet normal 0.0654208 0.997858 -0
    outer loop
      vertex 104.192 53.3743 7.5
      vertex 103.8 53.4 12.5
      vertex 104.192 53.3743 12.5
    endloop
  endfacet
  facet normal 0.0654208 0.997858 0
    outer loop
      vertex 103.8 53.4 12.5
      vertex 104.192 53.3743 7.5
      vertex 103.8 53.4 7.5
    endloop
  endfacet
  facet normal 0.94704 -0.321117 0
    outer loop
      vertex 106.572 49.2519 12.5
      vertex 106.698 49.6235 7.5
      vertex 106.698 49.6235 12.5
    endloop
  endfacet
  facet normal 0.94704 -0.321117 0
    outer loop
      vertex 106.698 49.6235 7.5
      vertex 106.572 49.2519 12.5
      vertex 106.572 49.2519 7.5
    endloop
  endfacet
  facet normal -0.981058 0.193714 0
    outer loop
      vertex 100.826 50.7916 7.5
      vertex 100.902 51.1765 12.5
      vertex 100.902 51.1765 7.5
    endloop
  endfacet
  facet normal -0.981058 0.193714 0
    outer loop
      vertex 100.902 51.1765 12.5
      vertex 100.826 50.7916 7.5
      vertex 100.826 50.7916 12.5
    endloop
  endfacet
  facet normal -0.659478 0.751724 0
    outer loop
      vertex 101.974 52.7801 7.5
      vertex 101.679 52.5213 12.5
      vertex 101.974 52.7801 12.5
    endloop
  endfacet
  facet normal -0.659478 0.751724 0
    outer loop
      vertex 101.679 52.5213 12.5
      vertex 101.974 52.7801 7.5
      vertex 101.679 52.5213 7.5
    endloop
  endfacet
  facet normal -0.555877 0.831265 0
    outer loop
      vertex 102.3 52.9981 7.5
      vertex 101.974 52.7801 12.5
      vertex 102.3 52.9981 12.5
    endloop
  endfacet
  facet normal -0.555877 0.831265 0
    outer loop
      vertex 101.974 52.7801 12.5
      vertex 102.3 52.9981 7.5
      vertex 101.974 52.7801 7.5
    endloop
  endfacet
  facet normal -0.997803 0.0662484 0
    outer loop
      vertex 100.8 50.4 7.5
      vertex 100.826 50.7916 12.5
      vertex 100.826 50.7916 7.5
    endloop
  endfacet
  facet normal -0.997803 0.0662484 0
    outer loop
      vertex 100.826 50.7916 12.5
      vertex 100.8 50.4 7.5
      vertex 100.8 50.4 12.5
    endloop
  endfacet
  facet normal 0.555877 -0.831265 0
    outer loop
      vertex 105.3 47.8019 7.5
      vertex 105.626 48.0199 12.5
      vertex 105.3 47.8019 12.5
    endloop
  endfacet
  facet normal 0.555877 -0.831265 0
    outer loop
      vertex 105.626 48.0199 12.5
      vertex 105.3 47.8019 7.5
      vertex 105.626 48.0199 7.5
    endloop
  endfacet
  facet normal -0.751471 -0.659766 0
    outer loop
      vertex 101.679 48.2787 7.5
      vertex 101.42 48.5737 12.5
      vertex 101.42 48.5737 7.5
    endloop
  endfacet
  facet normal -0.751471 -0.659766 0
    outer loop
      vertex 101.42 48.5737 12.5
      vertex 101.679 48.2787 7.5
      vertex 101.679 48.2787 12.5
    endloop
  endfacet
  facet normal -0.659478 -0.751724 0
    outer loop
      vertex 101.679 48.2787 7.5
      vertex 101.974 48.0199 12.5
      vertex 101.679 48.2787 12.5
    endloop
  endfacet
  facet normal -0.659478 -0.751724 -0
    outer loop
      vertex 101.974 48.0199 12.5
      vertex 101.679 48.2787 7.5
      vertex 101.974 48.0199 7.5
    endloop
  endfacet
  facet normal -0.195379 -0.980728 0
    outer loop
      vertex 103.024 47.5022 7.5
      vertex 103.408 47.4257 12.5
      vertex 103.024 47.5022 12.5
    endloop
  endfacet
  facet normal -0.195379 -0.980728 -0
    outer loop
      vertex 103.408 47.4257 12.5
      vertex 103.024 47.5022 7.5
      vertex 103.408 47.4257 7.5
    endloop
  endfacet
  facet normal 0 0 1
    outer loop
      vertex 105.1 50.4 12.5
      vertex 106.8 50.4 12.5
      vertex 106.774 50.7916 12.5
    endloop
  endfacet
  facet normal 0 0 1
    outer loop
      vertex 105.089 50.5697 12.5
      vertex 106.774 50.7916 12.5
      vertex 106.698 51.1765 12.5
    endloop
  endfacet
  facet normal 0 0 1
    outer loop
      vertex 106.8 50.4 12.5
      vertex 105.1 50.4 12.5
      vertex 106.774 50.0084 12.5
    endloop
  endfacet
  facet normal 0 0 1
    outer loop
      vertex 105.056 50.7365 12.5
      vertex 106.698 51.1765 12.5
      vertex 106.572 51.548 12.5
    endloop
  endfacet
  facet normal -0 0 1
    outer loop
      vertex 105.089 50.2303 12.5
      vertex 106.774 50.0084 12.5
      vertex 105.1 50.4 12.5
    endloop
  endfacet
  facet normal 0 0 1
    outer loop
      vertex 105.001 50.8975 12.5
      vertex 106.572 51.548 12.5
      vertex 106.398 51.9 12.5
    endloop
  endfacet
  facet normal 0 0 1
    outer loop
      vertex 106.774 50.0084 12.5
      vertex 105.089 50.2303 12.5
      vertex 106.698 49.6235 12.5
    endloop
  endfacet
  facet normal 0 0 1
    outer loop
      vertex 104.926 51.05 12.5
      vertex 106.398 51.9 12.5
      vertex 106.18 52.2263 12.5
    endloop
  endfacet
  facet normal -0 0 1
    outer loop
      vertex 105.056 50.0635 12.5
      vertex 106.698 49.6235 12.5
      vertex 105.089 50.2303 12.5
    endloop
  endfacet
  facet normal 0 0 1
    outer loop
      vertex 104.831 51.1914 12.5
      vertex 106.18 52.2263 12.5
      vertex 105.921 52.5213 12.5
    endloop
  endfacet
  facet normal 0 0 1
    outer loop
      vertex 106.698 49.6235 12.5
      vertex 105.056 50.0635 12.5
      vertex 106.572 49.2519 12.5
    endloop
  endfacet
  facet normal 0 0 1
    outer loop
      vertex 104.719 51.3192 12.5
      vertex 105.921 52.5213 12.5
      vertex 105.626 52.7801 12.5
    endloop
  endfacet
  facet normal -0 0 1
    outer loop
      vertex 105.001 49.9025 12.5
      vertex 106.572 49.2519 12.5
      vertex 105.056 50.0635 12.5
    endloop
  endfacet
  facet normal 0 0 1
    outer loop
      vertex 104.591 51.4314 12.5
      vertex 105.626 52.7801 12.5
      vertex 105.3 52.9981 12.5
    endloop
  endfacet
  facet normal 0 0 1
    outer loop
      vertex 106.572 49.2519 12.5
      vertex 105.001 49.9025 12.5
      vertex 106.398 48.9 12.5
    endloop
  endfacet
  facet normal -0 0 1
    outer loop
      vertex 104.926 49.75 12.5
      vertex 106.398 48.9 12.5
      vertex 105.001 49.9025 12.5
    endloop
  endfacet
  facet normal 0 0 1
    outer loop
      vertex 106.774 50.7916 12.5
      vertex 105.089 50.5697 12.5
      vertex 105.1 50.4 12.5
    endloop
  endfacet
  facet normal 0 0 1
    outer loop
      vertex 106.698 51.1765 12.5
      vertex 105.056 50.7365 12.5
      vertex 105.089 50.5697 12.5
    endloop
  endfacet
  facet normal 0 0 1
    outer loop
      vertex 106.572 51.548 12.5
      vertex 105.001 50.8975 12.5
      vertex 105.056 50.7365 12.5
    endloop
  endfacet
  facet normal 0 0 1
    outer loop
      vertex 104.45 51.5258 12.5
      vertex 105.3 52.9981 12.5
      vertex 104.948 53.1716 12.5
    endloop
  endfacet
  facet normal 0 0 1
    outer loop
      vertex 106.398 51.9 12.5
      vertex 104.926 51.05 12.5
      vertex 105.001 50.8975 12.5
    endloop
  endfacet
  facet normal 0 0 1
    outer loop
      vertex 106.18 52.2263 12.5
      vertex 104.831 51.1914 12.5
      vertex 104.926 51.05 12.5
    endloop
  endfacet
  facet normal 0 0 1
    outer loop
      vertex 105.921 52.5213 12.5
      vertex 104.719 51.3192 12.5
      vertex 104.831 51.1914 12.5
    endloop
  endfacet
  facet normal 0 0 1
    outer loop
      vertex 105.626 52.7801 12.5
      vertex 104.591 51.4314 12.5
      vertex 104.719 51.3192 12.5
    endloop
  endfacet
  facet normal 0 0 1
    outer loop
      vertex 104.297 51.601 12.5
      vertex 104.948 53.1716 12.5
      vertex 104.576 53.2978 12.5
    endloop
  endfacet
  facet normal 0 0 1
    outer loop
      vertex 105.3 52.9981 12.5
      vertex 104.45 51.5258 12.5
      vertex 104.591 51.4314 12.5
    endloop
  endfacet
  facet normal 0 0 1
    outer loop
      vertex 104.948 53.1716 12.5
      vertex 104.297 51.601 12.5
      vertex 104.45 51.5258 12.5
    endloop
  endfacet
  facet normal 0 0 1
    outer loop
      vertex 104.136 51.6557 12.5
      vertex 104.576 53.2978 12.5
      vertex 104.192 53.3743 12.5
    endloop
  endfacet
  facet normal 0 0 1
    outer loop
      vertex 104.576 53.2978 12.5
      vertex 104.136 51.6557 12.5
      vertex 104.297 51.601 12.5
    endloop
  endfacet
  facet normal 0 0 1
    outer loop
      vertex 104.192 53.3743 12.5
      vertex 103.97 51.6889 12.5
      vertex 104.136 51.6557 12.5
    endloop
  endfacet
  facet normal 0 0 1
    outer loop
      vertex 103.8 53.4 12.5
      vertex 103.97 51.6889 12.5
      vertex 104.192 53.3743 12.5
    endloop
  endfacet
  facet normal 0 0 1
    outer loop
      vertex 103.8 53.4 12.5
      vertex 103.8 51.7 12.5
      vertex 103.97 51.6889 12.5
    endloop
  endfacet
  facet normal 0 0 1
    outer loop
      vertex 103.8 53.4 12.5
      vertex 103.63 51.6889 12.5
      vertex 103.8 51.7 12.5
    endloop
  endfacet
  facet normal -0 0 1
    outer loop
      vertex 103.408 53.3743 12.5
      vertex 103.63 51.6889 12.5
      vertex 103.8 53.4 12.5
    endloop
  endfacet
  facet normal 0 0 1
    outer loop
      vertex 103.63 51.6889 12.5
      vertex 103.408 53.3743 12.5
      vertex 103.464 51.6557 12.5
    endloop
  endfacet
  facet normal -0 0 1
    outer loop
      vertex 103.024 53.2978 12.5
      vertex 103.464 51.6557 12.5
      vertex 103.408 53.3743 12.5
    endloop
  endfacet
  facet normal 0 0 1
    outer loop
      vertex 103.464 51.6557 12.5
      vertex 103.024 53.2978 12.5
      vertex 103.303 51.601 12.5
    endloop
  endfacet
  facet normal -0 0 1
    outer loop
      vertex 102.652 53.1716 12.5
      vertex 103.303 51.601 12.5
      vertex 103.024 53.2978 12.5
    endloop
  endfacet
  facet normal 0 0 1
    outer loop
      vertex 103.303 51.601 12.5
      vertex 102.652 53.1716 12.5
      vertex 103.15 51.5258 12.5
    endloop
  endfacet
  facet normal -0 0 1
    outer loop
      vertex 102.3 52.9981 12.5
      vertex 103.15 51.5258 12.5
      vertex 102.652 53.1716 12.5
    endloop
  endfacet
  facet normal 0 0 1
    outer loop
      vertex 103.15 51.5258 12.5
      vertex 102.3 52.9981 12.5
      vertex 103.009 51.4314 12.5
    endloop
  endfacet
  facet normal -0 0 1
    outer loop
      vertex 101.974 52.7801 12.5
      vertex 103.009 51.4314 12.5
      vertex 102.3 52.9981 12.5
    endloop
  endfacet
  facet normal 0 0 1
    outer loop
      vertex 103.009 51.4314 12.5
      vertex 101.974 52.7801 12.5
      vertex 102.881 51.3192 12.5
    endloop
  endfacet
  facet normal -0 0 1
    outer loop
      vertex 101.679 52.5213 12.5
      vertex 102.881 51.3192 12.5
      vertex 101.974 52.7801 12.5
    endloop
  endfacet
  facet normal 0 0 1
    outer loop
      vertex 102.881 51.3192 12.5
      vertex 101.679 52.5213 12.5
      vertex 102.769 51.1914 12.5
    endloop
  endfacet
  facet normal -0 0 1
    outer loop
      vertex 101.42 52.2263 12.5
      vertex 102.769 51.1914 12.5
      vertex 101.679 52.5213 12.5
    endloop
  endfacet
  facet normal 0 0 1
    outer loop
      vertex 102.769 51.1914 12.5
      vertex 101.42 52.2263 12.5
      vertex 102.674 51.05 12.5
    endloop
  endfacet
  facet normal -0 0 1
    outer loop
      vertex 101.202 51.9 12.5
      vertex 102.674 51.05 12.5
      vertex 101.42 52.2263 12.5
    endloop
  endfacet
  facet normal 0 0 1
    outer loop
      vertex 106.398 48.9 12.5
      vertex 104.926 49.75 12.5
      vertex 106.18 48.5737 12.5
    endloop
  endfacet
  facet normal -0 0 1
    outer loop
      vertex 104.831 49.6086 12.5
      vertex 106.18 48.5737 12.5
      vertex 104.926 49.75 12.5
    endloop
  endfacet
  facet normal 0 0 1
    outer loop
      vertex 106.18 48.5737 12.5
      vertex 104.831 49.6086 12.5
      vertex 105.921 48.2787 12.5
    endloop
  endfacet
  facet normal -0 0 1
    outer loop
      vertex 104.719 49.4808 12.5
      vertex 105.921 48.2787 12.5
      vertex 104.831 49.6086 12.5
    endloop
  endfacet
  facet normal 0 0 1
    outer loop
      vertex 105.921 48.2787 12.5
      vertex 104.719 49.4808 12.5
      vertex 105.626 48.0199 12.5
    endloop
  endfacet
  facet normal -0 0 1
    outer loop
      vertex 104.591 49.3686 12.5
      vertex 105.626 48.0199 12.5
      vertex 104.719 49.4808 12.5
    endloop
  endfacet
  facet normal 0 0 1
    outer loop
      vertex 105.626 48.0199 12.5
      vertex 104.591 49.3686 12.5
      vertex 105.3 47.8019 12.5
    endloop
  endfacet
  facet normal -0 0 1
    outer loop
      vertex 104.45 49.2742 12.5
      vertex 105.3 47.8019 12.5
      vertex 104.591 49.3686 12.5
    endloop
  endfacet
  facet normal 0 0 1
    outer loop
      vertex 105.3 47.8019 12.5
      vertex 104.45 49.2742 12.5
      vertex 104.948 47.6284 12.5
    endloop
  endfacet
  facet normal -0 0 1
    outer loop
      vertex 104.297 49.199 12.5
      vertex 104.948 47.6284 12.5
      vertex 104.45 49.2742 12.5
    endloop
  endfacet
  facet normal 0 0 1
    outer loop
      vertex 104.948 47.6284 12.5
      vertex 104.297 49.199 12.5
      vertex 104.576 47.5022 12.5
    endloop
  endfacet
  facet normal -0 0 1
    outer loop
      vertex 104.136 49.1443 12.5
      vertex 104.576 47.5022 12.5
      vertex 104.297 49.199 12.5
    endloop
  endfacet
  facet normal 0 0 1
    outer loop
      vertex 104.576 47.5022 12.5
      vertex 104.136 49.1443 12.5
      vertex 104.192 47.4257 12.5
    endloop
  endfacet
  facet normal -0 0 1
    outer loop
      vertex 103.97 49.1111 12.5
      vertex 104.192 47.4257 12.5
      vertex 104.136 49.1443 12.5
    endloop
  endfacet
  facet normal -0 0 1
    outer loop
      vertex 103.8 49.1 12.5
      vertex 104.192 47.4257 12.5
      vertex 103.97 49.1111 12.5
    endloop
  endfacet
  facet normal 0 0 1
    outer loop
      vertex 103.8 49.1 12.5
      vertex 103.8 47.4 12.5
      vertex 104.192 47.4257 12.5
    endloop
  endfacet
  facet normal 0 0 1
    outer loop
      vertex 103.63 49.1111 12.5
      vertex 103.8 47.4 12.5
      vertex 103.8 49.1 12.5
    endloop
  endfacet
  facet normal 0 0 1
    outer loop
      vertex 103.408 47.4257 12.5
      vertex 103.63 49.1111 12.5
      vertex 103.464 49.1443 12.5
    endloop
  endfacet
  facet normal 0 0 1
    outer loop
      vertex 103.63 49.1111 12.5
      vertex 103.408 47.4257 12.5
      vertex 103.8 47.4 12.5
    endloop
  endfacet
  facet normal 0 0 1
    outer loop
      vertex 103.024 47.5022 12.5
      vertex 103.464 49.1443 12.5
      vertex 103.303 49.199 12.5
    endloop
  endfacet
  facet normal 0 0 1
    outer loop
      vertex 102.652 47.6284 12.5
      vertex 103.303 49.199 12.5
      vertex 103.15 49.2742 12.5
    endloop
  endfacet
  facet normal 0 0 1
    outer loop
      vertex 103.464 49.1443 12.5
      vertex 103.024 47.5022 12.5
      vertex 103.408 47.4257 12.5
    endloop
  endfacet
  facet normal 0 0 1
    outer loop
      vertex 102.3 47.8019 12.5
      vertex 103.15 49.2742 12.5
      vertex 103.009 49.3686 12.5
    endloop
  endfacet
  facet normal 0 0 1
    outer loop
      vertex 101.974 48.0199 12.5
      vertex 103.009 49.3686 12.5
      vertex 102.881 49.4808 12.5
    endloop
  endfacet
  facet normal 0 0 1
    outer loop
      vertex 101.679 48.2787 12.5
      vertex 102.881 49.4808 12.5
      vertex 102.769 49.6086 12.5
    endloop
  endfacet
  facet normal 0 0 1
    outer loop
      vertex 101.42 48.5737 12.5
      vertex 102.769 49.6086 12.5
      vertex 102.674 49.75 12.5
    endloop
  endfacet
  facet normal 0 0 1
    outer loop
      vertex 103.303 49.199 12.5
      vertex 102.652 47.6284 12.5
      vertex 103.024 47.5022 12.5
    endloop
  endfacet
  facet normal 0 0 1
    outer loop
      vertex 101.202 48.9 12.5
      vertex 102.674 49.75 12.5
      vertex 102.599 49.9025 12.5
    endloop
  endfacet
  facet normal 0 0 1
    outer loop
      vertex 101.028 49.2519 12.5
      vertex 102.599 49.9025 12.5
      vertex 102.544 50.0635 12.5
    endloop
  endfacet
  facet normal 0 0 1
    outer loop
      vertex 100.902 49.6235 12.5
      vertex 102.544 50.0635 12.5
      vertex 102.511 50.2303 12.5
    endloop
  endfacet
  facet normal 0 0 1
    outer loop
      vertex 100.826 50.0084 12.5
      vertex 102.511 50.2303 12.5
      vertex 102.5 50.4 12.5
    endloop
  endfacet
  facet normal 0 0 1
    outer loop
      vertex 102.674 51.05 12.5
      vertex 101.202 51.9 12.5
      vertex 102.599 50.8975 12.5
    endloop
  endfacet
  facet normal 0 0 1
    outer loop
      vertex 103.15 49.2742 12.5
      vertex 102.3 47.8019 12.5
      vertex 102.652 47.6284 12.5
    endloop
  endfacet
  facet normal -0 0 1
    outer loop
      vertex 101.028 51.548 12.5
      vertex 102.599 50.8975 12.5
      vertex 101.202 51.9 12.5
    endloop
  endfacet
  facet normal 0 0 1
    outer loop
      vertex 103.009 49.3686 12.5
      vertex 101.974 48.0199 12.5
      vertex 102.3 47.8019 12.5
    endloop
  endfacet
  facet normal 0 0 1
    outer loop
      vertex 102.599 50.8975 12.5
      vertex 101.028 51.548 12.5
      vertex 102.544 50.7365 12.5
    endloop
  endfacet
  facet normal 0 0 1
    outer loop
      vertex 102.881 49.4808 12.5
      vertex 101.679 48.2787 12.5
      vertex 101.974 48.0199 12.5
    endloop
  endfacet
  facet normal -0 0 1
    outer loop
      vertex 100.902 51.1765 12.5
      vertex 102.544 50.7365 12.5
      vertex 101.028 51.548 12.5
    endloop
  endfacet
  facet normal 0 0 1
    outer loop
      vertex 102.769 49.6086 12.5
      vertex 101.42 48.5737 12.5
      vertex 101.679 48.2787 12.5
    endloop
  endfacet
  facet normal 0 0 1
    outer loop
      vertex 102.544 50.7365 12.5
      vertex 100.902 51.1765 12.5
      vertex 102.511 50.5697 12.5
    endloop
  endfacet
  facet normal 0 0 1
    outer loop
      vertex 102.674 49.75 12.5
      vertex 101.202 48.9 12.5
      vertex 101.42 48.5737 12.5
    endloop
  endfacet
  facet normal -0 0 1
    outer loop
      vertex 100.826 50.7916 12.5
      vertex 102.511 50.5697 12.5
      vertex 100.902 51.1765 12.5
    endloop
  endfacet
  facet normal 0 0 1
    outer loop
      vertex 102.599 49.9025 12.5
      vertex 101.028 49.2519 12.5
      vertex 101.202 48.9 12.5
    endloop
  endfacet
  facet normal 0 0 1
    outer loop
      vertex 102.511 50.5697 12.5
      vertex 100.826 50.7916 12.5
      vertex 102.5 50.4 12.5
    endloop
  endfacet
  facet normal 0 0 1
    outer loop
      vertex 102.544 50.0635 12.5
      vertex 100.902 49.6235 12.5
      vertex 101.028 49.2519 12.5
    endloop
  endfacet
  facet normal 0 0 1
    outer loop
      vertex 100.8 50.4 12.5
      vertex 102.5 50.4 12.5
      vertex 100.826 50.7916 12.5
    endloop
  endfacet
  facet normal 0 0 1
    outer loop
      vertex 102.511 50.2303 12.5
      vertex 100.826 50.0084 12.5
      vertex 100.902 49.6235 12.5
    endloop
  endfacet
  facet normal 0 0 1
    outer loop
      vertex 102.5 50.4 12.5
      vertex 100.8 50.4 12.5
      vertex 100.826 50.0084 12.5
    endloop
  endfacet
  facet normal 0.196116 0.980581 -0
    outer loop
      vertex 103.63 49.1111 8.49
      vertex 103.464 49.1443 12.5
      vertex 103.63 49.1111 12.5
    endloop
  endfacet
  facet normal 0.196116 0.980581 0
    outer loop
      vertex 103.464 49.1443 12.5
      vertex 103.63 49.1111 8.49
      vertex 103.464 49.1443 8.49
    endloop
  endfacet
  facet normal -0.196116 -0.980581 0
    outer loop
      vertex 103.97 51.6889 8.49
      vertex 104.136 51.6557 12.5
      vertex 103.97 51.6889 12.5
    endloop
  endfacet
  facet normal -0.196116 -0.980581 -0
    outer loop
      vertex 104.136 51.6557 12.5
      vertex 103.97 51.6889 8.49
      vertex 104.136 51.6557 8.49
    endloop
  endfacet
  facet normal -0.752066 -0.659088 0
    outer loop
      vertex 104.831 51.1914 8.49
      vertex 104.719 51.3192 12.5
      vertex 104.719 51.3192 8.49
    endloop
  endfacet
  facet normal -0.752066 -0.659088 0
    outer loop
      vertex 104.719 51.3192 12.5
      vertex 104.831 51.1914 8.49
      vertex 104.831 51.1914 12.5
    endloop
  endfacet
  facet normal 0.946306 0.323272 0
    outer loop
      vertex 102.599 49.9025 12.5
      vertex 102.544 50.0635 8.49
      vertex 102.544 50.0635 12.5
    endloop
  endfacet
  facet normal 0.946306 0.323272 0
    outer loop
      vertex 102.544 50.0635 8.49
      vertex 102.599 49.9025 12.5
      vertex 102.599 49.9025 8.49
    endloop
  endfacet
  facet normal -0.997906 -0.0646845 0
    outer loop
      vertex 105.1 50.4 8.49
      vertex 105.089 50.5697 12.5
      vertex 105.089 50.5697 8.49
    endloop
  endfacet
  facet normal -0.997906 -0.0646845 0
    outer loop
      vertex 105.089 50.5697 12.5
      vertex 105.1 50.4 8.49
      vertex 105.1 50.4 12.5
    endloop
  endfacet
  facet normal -0.997906 0.0646845 0
    outer loop
      vertex 105.089 50.2303 8.49
      vertex 105.1 50.4 12.5
      vertex 105.1 50.4 8.49
    endloop
  endfacet
  facet normal -0.997906 0.0646845 0
    outer loop
      vertex 105.1 50.4 12.5
      vertex 105.089 50.2303 8.49
      vertex 105.089 50.2303 12.5
    endloop
  endfacet
  facet normal -0.946306 -0.323272 0
    outer loop
      vertex 105.056 50.7365 8.49
      vertex 105.001 50.8975 12.5
      vertex 105.001 50.8975 8.49
    endloop
  endfacet
  facet normal -0.946306 -0.323272 0
    outer loop
      vertex 105.001 50.8975 12.5
      vertex 105.056 50.7365 8.49
      vertex 105.056 50.7365 12.5
    endloop
  endfacet
  facet normal -0.556331 -0.830961 0
    outer loop
      vertex 104.45 51.5258 8.49
      vertex 104.591 51.4314 12.5
      vertex 104.45 51.5258 12.5
    endloop
  endfacet
  facet normal -0.556331 -0.830961 -0
    outer loop
      vertex 104.591 51.4314 12.5
      vertex 104.45 51.5258 8.49
      vertex 104.591 51.4314 8.49
    endloop
  endfacet
  facet normal -0.89735 -0.44132 0
    outer loop
      vertex 105.001 50.8975 8.49
      vertex 104.926 51.05 12.5
      vertex 104.926 51.05 8.49
    endloop
  endfacet
  facet normal -0.89735 -0.44132 0
    outer loop
      vertex 104.926 51.05 12.5
      vertex 105.001 50.8975 8.49
      vertex 105.001 50.8975 12.5
    endloop
  endfacet
  facet normal 0.65917 -0.751994 0
    outer loop
      vertex 102.881 51.3192 8.49
      vertex 103.009 51.4314 12.5
      vertex 102.881 51.3192 12.5
    endloop
  endfacet
  facet normal 0.65917 -0.751994 0
    outer loop
      vertex 103.009 51.4314 12.5
      vertex 102.881 51.3192 8.49
      vertex 103.009 51.4314 8.49
    endloop
  endfacet
  facet normal 0.556331 0.830961 -0
    outer loop
      vertex 103.15 49.2742 8.49
      vertex 103.009 49.3686 12.5
      vertex 103.15 49.2742 12.5
    endloop
  endfacet
  facet normal 0.556331 0.830961 0
    outer loop
      vertex 103.009 49.3686 12.5
      vertex 103.15 49.2742 8.49
      vertex 103.009 49.3686 8.49
    endloop
  endfacet
  facet normal 0.752066 -0.659088 0
    outer loop
      vertex 102.769 51.1914 12.5
      vertex 102.881 51.3192 8.49
      vertex 102.881 51.3192 12.5
    endloop
  endfacet
  facet normal 0.752066 -0.659088 0
    outer loop
      vertex 102.881 51.3192 8.49
      vertex 102.769 51.1914 12.5
      vertex 102.769 51.1914 8.49
    endloop
  endfacet
  facet normal 0.321692 0.946844 -0
    outer loop
      vertex 103.464 49.1443 8.49
      vertex 103.303 49.199 12.5
      vertex 103.464 49.1443 12.5
    endloop
  endfacet
  facet normal 0.321692 0.946844 0
    outer loop
      vertex 103.303 49.199 12.5
      vertex 103.464 49.1443 8.49
      vertex 103.303 49.199 8.49
    endloop
  endfacet
  facet normal 0.830058 0.557677 0
    outer loop
      vertex 102.769 49.6086 12.5
      vertex 102.674 49.75 8.49
      vertex 102.674 49.75 12.5
    endloop
  endfacet
  facet normal 0.830058 0.557677 0
    outer loop
      vertex 102.674 49.75 8.49
      vertex 102.769 49.6086 12.5
      vertex 102.769 49.6086 8.49
    endloop
  endfacet
  facet normal 0.441103 -0.897457 0
    outer loop
      vertex 103.15 51.5258 8.49
      vertex 103.303 51.601 12.5
      vertex 103.15 51.5258 12.5
    endloop
  endfacet
  facet normal 0.441103 -0.897457 0
    outer loop
      vertex 103.303 51.601 12.5
      vertex 103.15 51.5258 8.49
      vertex 103.303 51.601 8.49
    endloop
  endfacet
  facet normal -0.0651554 0.997875 0
    outer loop
      vertex 103.97 49.1111 8.49
      vertex 103.8 49.1 12.5
      vertex 103.97 49.1111 12.5
    endloop
  endfacet
  facet normal -0.0651554 0.997875 0
    outer loop
      vertex 103.8 49.1 12.5
      vertex 103.97 49.1111 8.49
      vertex 103.8 49.1 8.49
    endloop
  endfacet
  facet normal -0.89735 0.44132 0
    outer loop
      vertex 104.926 49.75 8.49
      vertex 105.001 49.9025 12.5
      vertex 105.001 49.9025 8.49
    endloop
  endfacet
  facet normal -0.89735 0.44132 0
    outer loop
      vertex 105.001 49.9025 12.5
      vertex 104.926 49.75 8.49
      vertex 104.926 49.75 12.5
    endloop
  endfacet
  facet normal -0.830058 -0.557677 0
    outer loop
      vertex 104.926 51.05 8.49
      vertex 104.831 51.1914 12.5
      vertex 104.831 51.1914 8.49
    endloop
  endfacet
  facet normal -0.830058 -0.557677 0
    outer loop
      vertex 104.831 51.1914 12.5
      vertex 104.926 51.05 8.49
      vertex 104.926 51.05 12.5
    endloop
  endfacet
  facet normal -0.830058 0.557677 0
    outer loop
      vertex 104.831 49.6086 8.49
      vertex 104.926 49.75 12.5
      vertex 104.926 49.75 8.49
    endloop
  endfacet
  facet normal -0.830058 0.557677 0
    outer loop
      vertex 104.926 49.75 12.5
      vertex 104.831 49.6086 8.49
      vertex 104.831 49.6086 12.5
    endloop
  endfacet
  facet normal -0.980986 -0.19408 0
    outer loop
      vertex 105.089 50.5697 8.49
      vertex 105.056 50.7365 12.5
      vertex 105.056 50.7365 8.49
    endloop
  endfacet
  facet normal -0.980986 -0.19408 0
    outer loop
      vertex 105.056 50.7365 12.5
      vertex 105.089 50.5697 8.49
      vertex 105.089 50.5697 12.5
    endloop
  endfacet
  facet normal 0.997906 0.0646845 0
    outer loop
      vertex 102.511 50.2303 12.5
      vertex 102.5 50.4 8.49
      vertex 102.5 50.4 12.5
    endloop
  endfacet
  facet normal 0.997906 0.0646845 0
    outer loop
      vertex 102.5 50.4 8.49
      vertex 102.511 50.2303 12.5
      vertex 102.511 50.2303 8.49
    endloop
  endfacet
  facet normal -0.441103 -0.897457 0
    outer loop
      vertex 104.297 51.601 8.49
      vertex 104.45 51.5258 12.5
      vertex 104.297 51.601 12.5
    endloop
  endfacet
  facet normal -0.441103 -0.897457 -0
    outer loop
      vertex 104.45 51.5258 12.5
      vertex 104.297 51.601 8.49
      vertex 104.45 51.5258 8.49
    endloop
  endfacet
  facet normal -0.321692 0.946844 0
    outer loop
      vertex 104.297 49.199 8.49
      vertex 104.136 49.1443 12.5
      vertex 104.297 49.199 12.5
    endloop
  endfacet
  facet normal -0.321692 0.946844 0
    outer loop
      vertex 104.136 49.1443 12.5
      vertex 104.297 49.199 8.49
      vertex 104.136 49.1443 8.49
    endloop
  endfacet
  facet normal 0.830058 -0.557677 0
    outer loop
      vertex 102.674 51.05 12.5
      vertex 102.769 51.1914 8.49
      vertex 102.769 51.1914 12.5
    endloop
  endfacet
  facet normal 0.830058 -0.557677 0
    outer loop
      vertex 102.769 51.1914 8.49
      vertex 102.674 51.05 12.5
      vertex 102.674 51.05 8.49
    endloop
  endfacet
  facet normal -0.321692 -0.946844 0
    outer loop
      vertex 104.136 51.6557 8.49
      vertex 104.297 51.601 12.5
      vertex 104.136 51.6557 12.5
    endloop
  endfacet
  facet normal -0.321692 -0.946844 -0
    outer loop
      vertex 104.297 51.601 12.5
      vertex 104.136 51.6557 8.49
      vertex 104.297 51.601 8.49
    endloop
  endfacet
  facet normal -0.946306 0.323272 0
    outer loop
      vertex 105.001 49.9025 8.49
      vertex 105.056 50.0635 12.5
      vertex 105.056 50.0635 8.49
    endloop
  endfacet
  facet normal -0.946306 0.323272 0
    outer loop
      vertex 105.056 50.0635 12.5
      vertex 105.001 49.9025 8.49
      vertex 105.001 49.9025 12.5
    endloop
  endfacet
  facet normal 0.89735 -0.44132 0
    outer loop
      vertex 102.599 50.8975 12.5
      vertex 102.674 51.05 8.49
      vertex 102.674 51.05 12.5
    endloop
  endfacet
  facet normal 0.89735 -0.44132 0
    outer loop
      vertex 102.674 51.05 8.49
      vertex 102.599 50.8975 12.5
      vertex 102.599 50.8975 8.49
    endloop
  endfacet
  facet normal 0.196116 -0.980581 0
    outer loop
      vertex 103.464 51.6557 8.49
      vertex 103.63 51.6889 12.5
      vertex 103.464 51.6557 12.5
    endloop
  endfacet
  facet normal 0.196116 -0.980581 0
    outer loop
      vertex 103.63 51.6889 12.5
      vertex 103.464 51.6557 8.49
      vertex 103.63 51.6889 8.49
    endloop
  endfacet
  facet normal -0.196116 0.980581 0
    outer loop
      vertex 104.136 49.1443 8.49
      vertex 103.97 49.1111 12.5
      vertex 104.136 49.1443 12.5
    endloop
  endfacet
  facet normal -0.196116 0.980581 0
    outer loop
      vertex 103.97 49.1111 12.5
      vertex 104.136 49.1443 8.49
      vertex 103.97 49.1111 8.49
    endloop
  endfacet
  facet normal 0.946306 -0.323272 0
    outer loop
      vertex 102.544 50.7365 12.5
      vertex 102.599 50.8975 8.49
      vertex 102.599 50.8975 12.5
    endloop
  endfacet
  facet normal 0.946306 -0.323272 0
    outer loop
      vertex 102.599 50.8975 8.49
      vertex 102.544 50.7365 12.5
      vertex 102.544 50.7365 8.49
    endloop
  endfacet
  facet normal -0.556331 0.830961 0
    outer loop
      vertex 104.591 49.3686 8.49
      vertex 104.45 49.2742 12.5
      vertex 104.591 49.3686 12.5
    endloop
  endfacet
  facet normal -0.556331 0.830961 0
    outer loop
      vertex 104.45 49.2742 12.5
      vertex 104.591 49.3686 8.49
      vertex 104.45 49.2742 8.49
    endloop
  endfacet
  facet normal -0.65917 -0.751994 0
    outer loop
      vertex 104.591 51.4314 8.49
      vertex 104.719 51.3192 12.5
      vertex 104.591 51.4314 12.5
    endloop
  endfacet
  facet normal -0.65917 -0.751994 -0
    outer loop
      vertex 104.719 51.3192 12.5
      vertex 104.591 51.4314 8.49
      vertex 104.719 51.3192 8.49
    endloop
  endfacet
  facet normal 0.997906 -0.0646845 0
    outer loop
      vertex 102.5 50.4 12.5
      vertex 102.511 50.5697 8.49
      vertex 102.511 50.5697 12.5
    endloop
  endfacet
  facet normal 0.997906 -0.0646845 0
    outer loop
      vertex 102.511 50.5697 8.49
      vertex 102.5 50.4 12.5
      vertex 102.5 50.4 8.49
    endloop
  endfacet
  facet normal 0.321692 -0.946844 0
    outer loop
      vertex 103.303 51.601 8.49
      vertex 103.464 51.6557 12.5
      vertex 103.303 51.601 12.5
    endloop
  endfacet
  facet normal 0.321692 -0.946844 0
    outer loop
      vertex 103.464 51.6557 12.5
      vertex 103.303 51.601 8.49
      vertex 103.464 51.6557 8.49
    endloop
  endfacet
  facet normal 0.752066 0.659088 0
    outer loop
      vertex 102.881 49.4808 12.5
      vertex 102.769 49.6086 8.49
      vertex 102.769 49.6086 12.5
    endloop
  endfacet
  facet normal 0.752066 0.659088 0
    outer loop
      vertex 102.769 49.6086 8.49
      vertex 102.881 49.4808 12.5
      vertex 102.881 49.4808 8.49
    endloop
  endfacet
  facet normal -0.0651554 -0.997875 0
    outer loop
      vertex 103.8 51.7 8.49
      vertex 103.97 51.6889 12.5
      vertex 103.8 51.7 12.5
    endloop
  endfacet
  facet normal -0.0651554 -0.997875 -0
    outer loop
      vertex 103.97 51.6889 12.5
      vertex 103.8 51.7 8.49
      vertex 103.97 51.6889 8.49
    endloop
  endfacet
  facet normal -0.980986 0.19408 0
    outer loop
      vertex 105.056 50.0635 8.49
      vertex 105.089 50.2303 12.5
      vertex 105.089 50.2303 8.49
    endloop
  endfacet
  facet normal -0.980986 0.19408 0
    outer loop
      vertex 105.089 50.2303 12.5
      vertex 105.056 50.0635 8.49
      vertex 105.056 50.0635 12.5
    endloop
  endfacet
  facet normal 0.65917 0.751994 -0
    outer loop
      vertex 103.009 49.3686 8.49
      vertex 102.881 49.4808 12.5
      vertex 103.009 49.3686 12.5
    endloop
  endfacet
  facet normal 0.65917 0.751994 0
    outer loop
      vertex 102.881 49.4808 12.5
      vertex 103.009 49.3686 8.49
      vertex 102.881 49.4808 8.49
    endloop
  endfacet
  facet normal -0.65917 0.751994 0
    outer loop
      vertex 104.719 49.4808 8.49
      vertex 104.591 49.3686 12.5
      vertex 104.719 49.4808 12.5
    endloop
  endfacet
  facet normal -0.65917 0.751994 0
    outer loop
      vertex 104.591 49.3686 12.5
      vertex 104.719 49.4808 8.49
      vertex 104.591 49.3686 8.49
    endloop
  endfacet
  facet normal -0.752066 0.659088 0
    outer loop
      vertex 104.719 49.4808 8.49
      vertex 104.831 49.6086 12.5
      vertex 104.831 49.6086 8.49
    endloop
  endfacet
  facet normal -0.752066 0.659088 0
    outer loop
      vertex 104.831 49.6086 12.5
      vertex 104.719 49.4808 8.49
      vertex 104.719 49.4808 12.5
    endloop
  endfacet
  facet normal -0.441103 0.897457 0
    outer loop
      vertex 104.45 49.2742 8.49
      vertex 104.297 49.199 12.5
      vertex 104.45 49.2742 12.5
    endloop
  endfacet
  facet normal -0.441103 0.897457 0
    outer loop
      vertex 104.297 49.199 12.5
      vertex 104.45 49.2742 8.49
      vertex 104.297 49.199 8.49
    endloop
  endfacet
  facet normal 0.0651554 -0.997875 0
    outer loop
      vertex 103.63 51.6889 8.49
      vertex 103.8 51.7 12.5
      vertex 103.63 51.6889 12.5
    endloop
  endfacet
  facet normal 0.0651554 -0.997875 0
    outer loop
      vertex 103.8 51.7 12.5
      vertex 103.63 51.6889 8.49
      vertex 103.8 51.7 8.49
    endloop
  endfacet
  facet normal 0.0651554 0.997875 -0
    outer loop
      vertex 103.8 49.1 8.49
      vertex 103.63 49.1111 12.5
      vertex 103.8 49.1 12.5
    endloop
  endfacet
  facet normal 0.0651554 0.997875 0
    outer loop
      vertex 103.63 49.1111 12.5
      vertex 103.8 49.1 8.49
      vertex 103.63 49.1111 8.49
    endloop
  endfacet
  facet normal 0.89735 0.44132 0
    outer loop
      vertex 102.674 49.75 12.5
      vertex 102.599 49.9025 8.49
      vertex 102.599 49.9025 12.5
    endloop
  endfacet
  facet normal 0.89735 0.44132 0
    outer loop
      vertex 102.599 49.9025 8.49
      vertex 102.674 49.75 12.5
      vertex 102.674 49.75 8.49
    endloop
  endfacet
  facet normal 0.556331 -0.830961 0
    outer loop
      vertex 103.009 51.4314 8.49
      vertex 103.15 51.5258 12.5
      vertex 103.009 51.4314 12.5
    endloop
  endfacet
  facet normal 0.556331 -0.830961 0
    outer loop
      vertex 103.15 51.5258 12.5
      vertex 103.009 51.4314 8.49
      vertex 103.15 51.5258 8.49
    endloop
  endfacet
  facet normal 0.441103 0.897457 -0
    outer loop
      vertex 103.303 49.199 8.49
      vertex 103.15 49.2742 12.5
      vertex 103.303 49.199 12.5
    endloop
  endfacet
  facet normal 0.441103 0.897457 0
    outer loop
      vertex 103.15 49.2742 12.5
      vertex 103.303 49.199 8.49
      vertex 103.15 49.2742 8.49
    endloop
  endfacet
  facet normal 0.980986 0.19408 0
    outer loop
      vertex 102.544 50.0635 12.5
      vertex 102.511 50.2303 8.49
      vertex 102.511 50.2303 12.5
    endloop
  endfacet
  facet normal 0.980986 0.19408 0
    outer loop
      vertex 102.511 50.2303 8.49
      vertex 102.544 50.0635 12.5
      vertex 102.544 50.0635 8.49
    endloop
  endfacet
  facet normal 0.980986 -0.19408 0
    outer loop
      vertex 102.511 50.5697 12.5
      vertex 102.544 50.7365 8.49
      vertex 102.544 50.7365 12.5
    endloop
  endfacet
  facet normal 0.980986 -0.19408 0
    outer loop
      vertex 102.544 50.7365 8.49
      vertex 102.511 50.5697 12.5
      vertex 102.511 50.5697 8.49
    endloop
  endfacet
  facet normal 0 0 1
    outer loop
      vertex 105.089 50.5697 8.49
      vertex 105.089 50.2303 8.49
      vertex 105.1 50.4 8.49
    endloop
  endfacet
  facet normal 0 0 1
    outer loop
      vertex 105.056 50.7365 8.49
      vertex 105.089 50.2303 8.49
      vertex 105.089 50.5697 8.49
    endloop
  endfacet
  facet normal 0 0 1
    outer loop
      vertex 105.056 50.7365 8.49
      vertex 105.056 50.0635 8.49
      vertex 105.089 50.2303 8.49
    endloop
  endfacet
  facet normal 0 0 1
    outer loop
      vertex 105.001 50.8975 8.49
      vertex 105.056 50.0635 8.49
      vertex 105.056 50.7365 8.49
    endloop
  endfacet
  facet normal 0 0 1
    outer loop
      vertex 105.001 50.8975 8.49
      vertex 105.001 49.9025 8.49
      vertex 105.056 50.0635 8.49
    endloop
  endfacet
  facet normal 0 0 1
    outer loop
      vertex 104.926 51.05 8.49
      vertex 105.001 49.9025 8.49
      vertex 105.001 50.8975 8.49
    endloop
  endfacet
  facet normal 0 0 1
    outer loop
      vertex 104.926 51.05 8.49
      vertex 104.926 49.75 8.49
      vertex 105.001 49.9025 8.49
    endloop
  endfacet
  facet normal 0 0 1
    outer loop
      vertex 104.831 51.1914 8.49
      vertex 104.926 49.75 8.49
      vertex 104.926 51.05 8.49
    endloop
  endfacet
  facet normal 0 0 1
    outer loop
      vertex 104.831 51.1914 8.49
      vertex 104.831 49.6086 8.49
      vertex 104.926 49.75 8.49
    endloop
  endfacet
  facet normal 0 0 1
    outer loop
      vertex 104.719 51.3192 8.49
      vertex 104.831 49.6086 8.49
      vertex 104.831 51.1914 8.49
    endloop
  endfacet
  facet normal 0 0 1
    outer loop
      vertex 104.719 51.3192 8.49
      vertex 104.719 49.4808 8.49
      vertex 104.831 49.6086 8.49
    endloop
  endfacet
  facet normal 0 0 1
    outer loop
      vertex 104.591 51.4314 8.49
      vertex 104.719 49.4808 8.49
      vertex 104.719 51.3192 8.49
    endloop
  endfacet
  facet normal 0 0 1
    outer loop
      vertex 104.591 51.4314 8.49
      vertex 104.591 49.3686 8.49
      vertex 104.719 49.4808 8.49
    endloop
  endfacet
  facet normal 0 0 1
    outer loop
      vertex 104.45 51.5258 8.49
      vertex 104.591 49.3686 8.49
      vertex 104.591 51.4314 8.49
    endloop
  endfacet
  facet normal 0 0 1
    outer loop
      vertex 104.45 51.5258 8.49
      vertex 104.45 49.2742 8.49
      vertex 104.591 49.3686 8.49
    endloop
  endfacet
  facet normal 0 0 1
    outer loop
      vertex 104.297 51.601 8.49
      vertex 104.45 49.2742 8.49
      vertex 104.45 51.5258 8.49
    endloop
  endfacet
  facet normal 0 0 1
    outer loop
      vertex 104.297 51.601 8.49
      vertex 104.297 49.199 8.49
      vertex 104.45 49.2742 8.49
    endloop
  endfacet
  facet normal 0 0 1
    outer loop
      vertex 104.136 51.6557 8.49
      vertex 104.297 49.199 8.49
      vertex 104.297 51.601 8.49
    endloop
  endfacet
  facet normal 0 0 1
    outer loop
      vertex 104.136 51.6557 8.49
      vertex 104.136 49.1443 8.49
      vertex 104.297 49.199 8.49
    endloop
  endfacet
  facet normal 0 0 1
    outer loop
      vertex 103.97 51.6889 8.49
      vertex 104.136 49.1443 8.49
      vertex 104.136 51.6557 8.49
    endloop
  endfacet
  facet normal 0 0 1
    outer loop
      vertex 103.97 51.6889 8.49
      vertex 103.97 49.1111 8.49
      vertex 104.136 49.1443 8.49
    endloop
  endfacet
  facet normal 0 0 1
    outer loop
      vertex 103.8 51.7 8.49
      vertex 103.97 49.1111 8.49
      vertex 103.97 51.6889 8.49
    endloop
  endfacet
  facet normal 0 0 1
    outer loop
      vertex 103.8 51.7 8.49
      vertex 103.8 49.1 8.49
      vertex 103.97 49.1111 8.49
    endloop
  endfacet
  facet normal -0 0 1
    outer loop
      vertex 103.63 51.6889 8.49
      vertex 103.8 49.1 8.49
      vertex 103.8 51.7 8.49
    endloop
  endfacet
  facet normal 0 0 1
    outer loop
      vertex 103.63 51.6889 8.49
      vertex 103.63 49.1111 8.49
      vertex 103.8 49.1 8.49
    endloop
  endfacet
  facet normal -0 0 1
    outer loop
      vertex 103.464 51.6557 8.49
      vertex 103.63 49.1111 8.49
      vertex 103.63 51.6889 8.49
    endloop
  endfacet
  facet normal 0 0 1
    outer loop
      vertex 103.464 51.6557 8.49
      vertex 103.464 49.1443 8.49
      vertex 103.63 49.1111 8.49
    endloop
  endfacet
  facet normal -0 0 1
    outer loop
      vertex 103.303 51.601 8.49
      vertex 103.464 49.1443 8.49
      vertex 103.464 51.6557 8.49
    endloop
  endfacet
  facet normal 0 0 1
    outer loop
      vertex 103.303 51.601 8.49
      vertex 103.303 49.199 8.49
      vertex 103.464 49.1443 8.49
    endloop
  endfacet
  facet normal -0 0 1
    outer loop
      vertex 103.15 51.5258 8.49
      vertex 103.303 49.199 8.49
      vertex 103.303 51.601 8.49
    endloop
  endfacet
  facet normal 0 0 1
    outer loop
      vertex 103.15 51.5258 8.49
      vertex 103.15 49.2742 8.49
      vertex 103.303 49.199 8.49
    endloop
  endfacet
  facet normal -0 0 1
    outer loop
      vertex 103.009 51.4314 8.49
      vertex 103.15 49.2742 8.49
      vertex 103.15 51.5258 8.49
    endloop
  endfacet
  facet normal 0 0 1
    outer loop
      vertex 103.009 51.4314 8.49
      vertex 103.009 49.3686 8.49
      vertex 103.15 49.2742 8.49
    endloop
  endfacet
  facet normal -0 0 1
    outer loop
      vertex 102.881 51.3192 8.49
      vertex 103.009 49.3686 8.49
      vertex 103.009 51.4314 8.49
    endloop
  endfacet
  facet normal 0 0 1
    outer loop
      vertex 102.881 51.3192 8.49
      vertex 102.881 49.4808 8.49
      vertex 103.009 49.3686 8.49
    endloop
  endfacet
  facet normal -0 0 1
    outer loop
      vertex 102.769 51.1914 8.49
      vertex 102.881 49.4808 8.49
      vertex 102.881 51.3192 8.49
    endloop
  endfacet
  facet normal 0 0 1
    outer loop
      vertex 102.769 51.1914 8.49
      vertex 102.769 49.6086 8.49
      vertex 102.881 49.4808 8.49
    endloop
  endfacet
  facet normal -0 0 1
    outer loop
      vertex 102.674 51.05 8.49
      vertex 102.769 49.6086 8.49
      vertex 102.769 51.1914 8.49
    endloop
  endfacet
  facet normal 0 0 1
    outer loop
      vertex 102.674 51.05 8.49
      vertex 102.674 49.75 8.49
      vertex 102.769 49.6086 8.49
    endloop
  endfacet
  facet normal -0 0 1
    outer loop
      vertex 102.599 50.8975 8.49
      vertex 102.674 49.75 8.49
      vertex 102.674 51.05 8.49
    endloop
  endfacet
  facet normal 0 0 1
    outer loop
      vertex 102.599 50.8975 8.49
      vertex 102.599 49.9025 8.49
      vertex 102.674 49.75 8.49
    endloop
  endfacet
  facet normal -0 0 1
    outer loop
      vertex 102.544 50.7365 8.49
      vertex 102.599 49.9025 8.49
      vertex 102.599 50.8975 8.49
    endloop
  endfacet
  facet normal 0 0 1
    outer loop
      vertex 102.544 50.7365 8.49
      vertex 102.544 50.0635 8.49
      vertex 102.599 49.9025 8.49
    endloop
  endfacet
  facet normal -0 0 1
    outer loop
      vertex 102.511 50.5697 8.49
      vertex 102.544 50.0635 8.49
      vertex 102.544 50.7365 8.49
    endloop
  endfacet
  facet normal 0 0 1
    outer loop
      vertex 102.511 50.5697 8.49
      vertex 102.511 50.2303 8.49
      vertex 102.544 50.0635 8.49
    endloop
  endfacet
  facet normal 0 -0 1
    outer loop
      vertex 102.511 50.2303 8.49
      vertex 102.511 50.5697 8.49
      vertex 102.5 50.4 8.49
    endloop
  endfacet
endsolid OpenSCAD_Model
