solid OpenSCAD_Model
  facet normal -0.946922 0.321463 0
    outer loop
      vertex 9.87268 4.25446 2.4
      vertex 9.88814 4.3 5.39
      vertex 9.88814 4.3 2.4
    endloop
  endfacet
  facet normal -0.946922 0.321463 0
    outer loop
      vertex 9.88814 4.3 5.39
      vertex 9.87268 4.25446 2.4
      vertex 9.87268 4.25446 5.39
    endloop
  endfacet
  facet normal 0.659339 0.751846 -0
    outer loop
      vertex 3.04125 2.7 2.4
      vertex 2.85944 2.85944 5.39
      vertex 3.04125 2.7 5.39
    endloop
  endfacet
  facet normal 0.659339 0.751846 0
    outer loop
      vertex 2.85944 2.85944 5.39
      vertex 3.04125 2.7 2.4
      vertex 2.85944 2.85944 2.4
    endloop
  endfacet
  facet normal 0.321463 -0.946922 0
    outer loop
      vertex 4.25446 9.87268 2.4
      vertex 4.3 9.88814 5.39
      vertex 4.25446 9.87268 5.39
    endloop
  endfacet
  facet normal 0.321463 -0.946922 0
    outer loop
      vertex 4.3 9.88814 5.39
      vertex 4.25446 9.87268 2.4
      vertex 4.3 9.88814 2.4
    endloop
  endfacet
  facet normal 0.659341 -0.751844 0
    outer loop
      vertex 2.85944 8.94056 2.4
      vertex 3.28233 9.31142 5.39
      vertex 2.85944 8.94056 5.39
    endloop
  endfacet
  facet normal 0.659341 -0.751844 0
    outer loop
      vertex 3.28233 9.31142 5.39
      vertex 2.85944 8.94056 2.4
      vertex 3.28233 9.31142 2.4
    endloop
  endfacet
  facet normal 0.555574 -0.831467 0
    outer loop
      vertex 3.28233 9.31142 2.4
      vertex 3.75 9.62391 5.39
      vertex 3.28233 9.31142 5.39
    endloop
  endfacet
  facet normal 0.555574 -0.831467 0
    outer loop
      vertex 3.75 9.62391 5.39
      vertex 3.28233 9.31142 2.4
      vertex 3.75 9.62391 2.4
    endloop
  endfacet
  facet normal 0.442286 -0.896874 0
    outer loop
      vertex 3.75 9.62391 2.4
      vertex 4.25446 9.87268 5.39
      vertex 3.75 9.62391 5.39
    endloop
  endfacet
  facet normal 0.442286 -0.896874 0
    outer loop
      vertex 4.25446 9.87268 5.39
      vertex 3.75 9.62391 2.4
      vertex 4.25446 9.87268 2.4
    endloop
  endfacet
  facet normal -0.659339 0.751846 0
    outer loop
      vertex 8.94056 2.85944 2.4
      vertex 8.75875 2.7 5.39
      vertex 8.94056 2.85944 5.39
    endloop
  endfacet
  facet normal -0.659339 0.751846 0
    outer loop
      vertex 8.75875 2.7 5.39
      vertex 8.94056 2.85944 2.4
      vertex 8.75875 2.7 2.4
    endloop
  endfacet
  facet normal 0.751846 -0.659339 0
    outer loop
      vertex 2.7 8.75875 5.39
      vertex 2.85944 8.94056 2.4
      vertex 2.85944 8.94056 5.39
    endloop
  endfacet
  facet normal 0.751846 -0.659339 0
    outer loop
      vertex 2.85944 8.94056 2.4
      vertex 2.7 8.75875 5.39
      vertex 2.7 8.75875 2.4
    endloop
  endfacet
  facet normal -0.751844 0.659341 0
    outer loop
      vertex 8.94056 2.85944 2.4
      vertex 9.31142 3.28233 5.39
      vertex 9.31142 3.28233 2.4
    endloop
  endfacet
  facet normal -0.751844 0.659341 0
    outer loop
      vertex 9.31142 3.28233 5.39
      vertex 8.94056 2.85944 2.4
      vertex 8.94056 2.85944 5.39
    endloop
  endfacet
  facet normal -0.831467 0.555574 0
    outer loop
      vertex 9.31142 3.28233 2.4
      vertex 9.62391 3.75 5.39
      vertex 9.62391 3.75 2.4
    endloop
  endfacet
  facet normal -0.831467 0.555574 0
    outer loop
      vertex 9.62391 3.75 5.39
      vertex 9.31142 3.28233 2.4
      vertex 9.31142 3.28233 5.39
    endloop
  endfacet
  facet normal -0.896874 0.442286 0
    outer loop
      vertex 9.62391 3.75 2.4
      vertex 9.87268 4.25446 5.39
      vertex 9.87268 4.25446 2.4
    endloop
  endfacet
  facet normal -0.896874 0.442286 0
    outer loop
      vertex 9.87268 4.25446 5.39
      vertex 9.62391 3.75 2.4
      vertex 9.62391 3.75 5.39
    endloop
  endfacet
  facet normal 0.751846 0.659339 0
    outer loop
      vertex 2.85944 2.85944 5.39
      vertex 2.7 3.04125 2.4
      vertex 2.7 3.04125 5.39
    endloop
  endfacet
  facet normal 0.751846 0.659339 0
    outer loop
      vertex 2.7 3.04125 2.4
      vertex 2.85944 2.85944 5.39
      vertex 2.85944 2.85944 2.4
    endloop
  endfacet
  facet normal -0.946836 -0.321716 0
    outer loop
      vertex 9.88814 60.5 2.4
      vertex 9.87268 60.5455 5.39
      vertex 9.87268 60.5455 2.4
    endloop
  endfacet
  facet normal -0.946836 -0.321716 0
    outer loop
      vertex 9.87268 60.5455 5.39
      vertex 9.88814 60.5 2.4
      vertex 9.88814 60.5 5.39
    endloop
  endfacet
  facet normal -0.831484 -0.555549 0
    outer loop
      vertex 9.62391 61.05 2.4
      vertex 9.31142 61.5177 5.39
      vertex 9.31142 61.5177 2.4
    endloop
  endfacet
  facet normal -0.831484 -0.555549 0
    outer loop
      vertex 9.31142 61.5177 5.39
      vertex 9.62391 61.05 2.4
      vertex 9.62391 61.05 5.39
    endloop
  endfacet
  facet normal -0.896888 -0.442257 0
    outer loop
      vertex 9.87268 60.5455 2.4
      vertex 9.62391 61.05 5.39
      vertex 9.62391 61.05 2.4
    endloop
  endfacet
  facet normal -0.896888 -0.442257 0
    outer loop
      vertex 9.62391 61.05 5.39
      vertex 9.87268 60.5455 2.4
      vertex 9.87268 60.5455 5.39
    endloop
  endfacet
  facet normal -0.659245 -0.751928 0
    outer loop
      vertex 8.75875 62.1 2.4
      vertex 8.94056 61.9406 5.39
      vertex 8.75875 62.1 5.39
    endloop
  endfacet
  facet normal -0.659245 -0.751928 -0
    outer loop
      vertex 8.94056 61.9406 5.39
      vertex 8.75875 62.1 2.4
      vertex 8.94056 61.9406 2.4
    endloop
  endfacet
  facet normal 0.320343 0.947301 -0
    outer loop
      vertex 4.3 54.9119 2.4
      vertex 4.25446 54.9273 5.39
      vertex 4.3 54.9119 5.39
    endloop
  endfacet
  facet normal 0.320343 0.947301 0
    outer loop
      vertex 4.25446 54.9273 5.39
      vertex 4.3 54.9119 2.4
      vertex 4.25446 54.9273 2.4
    endloop
  endfacet
  facet normal -0.751852 -0.659332 0
    outer loop
      vertex 9.31142 61.5177 2.4
      vertex 8.94056 61.9406 5.39
      vertex 8.94056 61.9406 2.4
    endloop
  endfacet
  facet normal -0.751852 -0.659332 0
    outer loop
      vertex 8.94056 61.9406 5.39
      vertex 9.31142 61.5177 2.4
      vertex 9.31142 61.5177 5.39
    endloop
  endfacet
  facet normal 0.659245 -0.751928 0
    outer loop
      vertex 2.85944 61.9406 2.4
      vertex 3.04125 62.1 5.39
      vertex 2.85944 61.9406 5.39
    endloop
  endfacet
  facet normal 0.659245 -0.751928 0
    outer loop
      vertex 3.04125 62.1 5.39
      vertex 2.85944 61.9406 2.4
      vertex 3.04125 62.1 2.4
    endloop
  endfacet
  facet normal 0.555586 0.831459 -0
    outer loop
      vertex 3.75 55.1761 2.4
      vertex 3.28233 55.4886 5.39
      vertex 3.75 55.1761 5.39
    endloop
  endfacet
  facet normal 0.555586 0.831459 0
    outer loop
      vertex 3.28233 55.4886 5.39
      vertex 3.75 55.1761 2.4
      vertex 3.28233 55.4886 2.4
    endloop
  endfacet
  facet normal 0.751828 -0.659359 0
    outer loop
      vertex 2.7 61.7588 5.39
      vertex 2.85944 61.9406 2.4
      vertex 2.85944 61.9406 5.39
    endloop
  endfacet
  facet normal 0.751828 -0.659359 0
    outer loop
      vertex 2.85944 61.9406 2.4
      vertex 2.7 61.7588 5.39
      vertex 2.7 61.7588 2.4
    endloop
  endfacet
  facet normal 0.751828 0.659359 0
    outer loop
      vertex 2.85944 55.8594 5.39
      vertex 2.7 56.0412 2.4
      vertex 2.7 56.0412 5.39
    endloop
  endfacet
  facet normal 0.751828 0.659359 0
    outer loop
      vertex 2.7 56.0412 2.4
      vertex 2.85944 55.8594 5.39
      vertex 2.85944 55.8594 2.4
    endloop
  endfacet
  facet normal 0.442329 0.896853 -0
    outer loop
      vertex 4.25446 54.9273 2.4
      vertex 3.75 55.1761 5.39
      vertex 4.25446 54.9273 5.39
    endloop
  endfacet
  facet normal 0.442329 0.896853 0
    outer loop
      vertex 3.75 55.1761 5.39
      vertex 4.25446 54.9273 2.4
      vertex 3.75 55.1761 2.4
    endloop
  endfacet
  facet normal 0.659281 0.751897 -0
    outer loop
      vertex 3.28233 55.4886 2.4
      vertex 2.85944 55.8594 5.39
      vertex 3.28233 55.4886 5.39
    endloop
  endfacet
  facet normal 0.659281 0.751897 0
    outer loop
      vertex 2.85944 55.8594 5.39
      vertex 3.28233 55.4886 2.4
      vertex 2.85944 55.8594 2.4
    endloop
  endfacet
  facet normal -0.659244 -0.751929 0
    outer loop
      vertex 213.918 9.31142 2.4
      vertex 214.341 8.94056 5.39
      vertex 213.918 9.31142 5.39
    endloop
  endfacet
  facet normal -0.659244 -0.751929 -0
    outer loop
      vertex 214.341 8.94056 5.39
      vertex 213.918 9.31142 2.4
      vertex 214.341 8.94056 2.4
    endloop
  endfacet
  facet normal 0.896712 0.442614 0
    outer loop
      vertex 207.576 3.75 5.39
      vertex 207.327 4.25446 2.4
      vertex 207.327 4.25446 5.39
    endloop
  endfacet
  facet normal 0.896712 0.442614 0
    outer loop
      vertex 207.327 4.25446 2.4
      vertex 207.576 3.75 5.39
      vertex 207.576 3.75 2.4
    endloop
  endfacet
  facet normal -0.555303 -0.831648 0
    outer loop
      vertex 213.45 9.62391 2.4
      vertex 213.918 9.31142 5.39
      vertex 213.45 9.62391 5.39
    endloop
  endfacet
  facet normal -0.555303 -0.831648 -0
    outer loop
      vertex 213.918 9.31142 5.39
      vertex 213.45 9.62391 2.4
      vertex 213.918 9.31142 2.4
    endloop
  endfacet
  facet normal -0.318576 -0.947897 0
    outer loop
      vertex 212.9 9.88814 2.4
      vertex 212.946 9.87268 5.39
      vertex 212.9 9.88814 5.39
    endloop
  endfacet
  facet normal -0.318576 -0.947897 -0
    outer loop
      vertex 212.946 9.87268 5.39
      vertex 212.9 9.88814 2.4
      vertex 212.946 9.87268 2.4
    endloop
  endfacet
  facet normal -0.44261 -0.896714 0
    outer loop
      vertex 212.946 9.87268 2.4
      vertex 213.45 9.62391 5.39
      vertex 212.946 9.87268 5.39
    endloop
  endfacet
  facet normal -0.44261 -0.896714 -0
    outer loop
      vertex 213.45 9.62391 5.39
      vertex 212.946 9.87268 2.4
      vertex 213.45 9.62391 2.4
    endloop
  endfacet
  facet normal -0.752749 -0.658308 0
    outer loop
      vertex 214.5 8.75875 2.4
      vertex 214.341 8.94056 5.39
      vertex 214.341 8.94056 2.4
    endloop
  endfacet
  facet normal -0.752749 -0.658308 0
    outer loop
      vertex 214.341 8.94056 5.39
      vertex 214.5 8.75875 2.4
      vertex 214.5 8.75875 5.39
    endloop
  endfacet
  facet normal 0.949804 0.312847 0
    outer loop
      vertex 207.327 4.25446 5.39
      vertex 207.312 4.3 2.4
      vertex 207.312 4.3 5.39
    endloop
  endfacet
  facet normal 0.949804 0.312847 0
    outer loop
      vertex 207.312 4.3 2.4
      vertex 207.327 4.25446 5.39
      vertex 207.327 4.25446 2.4
    endloop
  endfacet
  facet normal 0.831048 0.5562 0
    outer loop
      vertex 207.889 3.28233 5.39
      vertex 207.576 3.75 2.4
      vertex 207.576 3.75 5.39
    endloop
  endfacet
  facet normal 0.831048 0.5562 0
    outer loop
      vertex 207.576 3.75 2.4
      vertex 207.889 3.28233 5.39
      vertex 207.889 3.28233 2.4
    endloop
  endfacet
  facet normal 0.752602 0.658476 0
    outer loop
      vertex 208.259 2.85944 5.39
      vertex 207.889 3.28233 2.4
      vertex 207.889 3.28233 5.39
    endloop
  endfacet
  facet normal 0.752602 0.658476 0
    outer loop
      vertex 207.889 3.28233 2.4
      vertex 208.259 2.85944 5.39
      vertex 208.259 2.85944 2.4
    endloop
  endfacet
  facet normal 0.658949 0.752187 -0
    outer loop
      vertex 208.441 2.7 2.4
      vertex 208.259 2.85944 5.39
      vertex 208.441 2.7 5.39
    endloop
  endfacet
  facet normal 0.658949 0.752187 0
    outer loop
      vertex 208.259 2.85944 5.39
      vertex 208.441 2.7 2.4
      vertex 208.259 2.85944 2.4
    endloop
  endfacet
  facet normal -0.752749 0.658308 0
    outer loop
      vertex 214.341 2.85944 2.4
      vertex 214.5 3.04125 5.39
      vertex 214.5 3.04125 2.4
    endloop
  endfacet
  facet normal -0.752749 0.658308 0
    outer loop
      vertex 214.5 3.04125 5.39
      vertex 214.341 2.85944 2.4
      vertex 214.341 2.85944 5.39
    endloop
  endfacet
  facet normal -0.658949 0.752187 0
    outer loop
      vertex 214.341 2.85944 2.4
      vertex 214.159 2.7 5.39
      vertex 214.341 2.85944 5.39
    endloop
  endfacet
  facet normal -0.658949 0.752187 0
    outer loop
      vertex 214.159 2.7 5.39
      vertex 214.341 2.85944 2.4
      vertex 214.159 2.7 2.4
    endloop
  endfacet
  facet normal 0.831065 -0.556176 0
    outer loop
      vertex 207.576 61.05 5.39
      vertex 207.889 61.5177 2.4
      vertex 207.889 61.5177 5.39
    endloop
  endfacet
  facet normal 0.831065 -0.556176 0
    outer loop
      vertex 207.889 61.5177 2.4
      vertex 207.576 61.05 5.39
      vertex 207.576 61.05 2.4
    endloop
  endfacet
  facet normal -0.658856 -0.752269 0
    outer loop
      vertex 214.159 62.1 2.4
      vertex 214.341 61.9406 5.39
      vertex 214.159 62.1 5.39
    endloop
  endfacet
  facet normal -0.658856 -0.752269 -0
    outer loop
      vertex 214.341 61.9406 5.39
      vertex 214.159 62.1 2.4
      vertex 214.341 61.9406 2.4
    endloop
  endfacet
  facet normal 0.896726 -0.442586 0
    outer loop
      vertex 207.327 60.5455 5.39
      vertex 207.576 61.05 2.4
      vertex 207.576 61.05 5.39
    endloop
  endfacet
  facet normal 0.896726 -0.442586 0
    outer loop
      vertex 207.576 61.05 2.4
      vertex 207.327 60.5455 5.39
      vertex 207.327 60.5455 2.4
    endloop
  endfacet
  facet normal 0.75261 -0.658467 0
    outer loop
      vertex 207.889 61.5177 5.39
      vertex 208.259 61.9406 2.4
      vertex 208.259 61.9406 5.39
    endloop
  endfacet
  facet normal 0.75261 -0.658467 0
    outer loop
      vertex 208.259 61.9406 2.4
      vertex 207.889 61.5177 5.39
      vertex 207.889 61.5177 2.4
    endloop
  endfacet
  facet normal -0.752731 -0.658329 0
    outer loop
      vertex 214.5 61.7588 2.4
      vertex 214.341 61.9406 5.39
      vertex 214.341 61.9406 2.4
    endloop
  endfacet
  facet normal -0.752731 -0.658329 0
    outer loop
      vertex 214.341 61.9406 5.39
      vertex 214.5 61.7588 2.4
      vertex 214.5 61.7588 5.39
    endloop
  endfacet
  facet normal 0.949722 -0.313095 0
    outer loop
      vertex 207.312 60.5 5.39
      vertex 207.327 60.5455 2.4
      vertex 207.327 60.5455 5.39
    endloop
  endfacet
  facet normal 0.949722 -0.313095 0
    outer loop
      vertex 207.327 60.5455 2.4
      vertex 207.312 60.5 5.39
      vertex 207.312 60.5 2.4
    endloop
  endfacet
  facet normal -0.555315 0.83164 0
    outer loop
      vertex 213.918 55.4886 2.4
      vertex 213.45 55.1761 5.39
      vertex 213.918 55.4886 5.39
    endloop
  endfacet
  facet normal -0.555315 0.83164 0
    outer loop
      vertex 213.45 55.1761 5.39
      vertex 213.918 55.4886 2.4
      vertex 213.45 55.1761 2.4
    endloop
  endfacet
  facet normal -0.442653 0.896693 0
    outer loop
      vertex 213.45 55.1761 2.4
      vertex 212.946 54.9273 5.39
      vertex 213.45 55.1761 5.39
    endloop
  endfacet
  facet normal -0.442653 0.896693 0
    outer loop
      vertex 212.946 54.9273 5.39
      vertex 213.45 55.1761 2.4
      vertex 212.946 54.9273 2.4
    endloop
  endfacet
  facet normal -0.317464 0.94827 0
    outer loop
      vertex 212.946 54.9273 2.4
      vertex 212.9 54.9119 5.39
      vertex 212.946 54.9273 5.39
    endloop
  endfacet
  facet normal -0.317464 0.94827 0
    outer loop
      vertex 212.9 54.9119 5.39
      vertex 212.946 54.9273 2.4
      vertex 212.9 54.9119 2.4
    endloop
  endfacet
  facet normal 0.658856 -0.752269 0
    outer loop
      vertex 208.259 61.9406 2.4
      vertex 208.441 62.1 5.39
      vertex 208.259 61.9406 5.39
    endloop
  endfacet
  facet normal 0.658856 -0.752269 0
    outer loop
      vertex 208.441 62.1 5.39
      vertex 208.259 61.9406 2.4
      vertex 208.441 62.1 2.4
    endloop
  endfacet
  facet normal -0.752731 0.658329 0
    outer loop
      vertex 214.341 55.8594 2.4
      vertex 214.5 56.0412 5.39
      vertex 214.5 56.0412 2.4
    endloop
  endfacet
  facet normal -0.752731 0.658329 0
    outer loop
      vertex 214.5 56.0412 5.39
      vertex 214.341 55.8594 2.4
      vertex 214.341 55.8594 5.39
    endloop
  endfacet
  facet normal -0.659184 0.751982 0
    outer loop
      vertex 214.341 55.8594 2.4
      vertex 213.918 55.4886 5.39
      vertex 214.341 55.8594 5.39
    endloop
  endfacet
  facet normal -0.659184 0.751982 0
    outer loop
      vertex 213.918 55.4886 5.39
      vertex 214.341 55.8594 2.4
      vertex 213.918 55.4886 2.4
    endloop
  endfacet
  facet normal 1 -0 0
    outer loop
      vertex 214.5 61.7588 5.39
      vertex 214.5 62.1 2.4
      vertex 214.5 62.1 5.39
    endloop
  endfacet
  facet normal 1 0 0
    outer loop
      vertex 214.5 62.1 2.4
      vertex 214.5 61.7588 5.39
      vertex 214.5 61.7588 2.4
    endloop
  endfacet
  facet normal 1 -0 0
    outer loop
      vertex 214.5 2.7 5.39
      vertex 214.5 3.04125 2.4
      vertex 214.5 3.04125 5.39
    endloop
  endfacet
  facet normal 1 0 0
    outer loop
      vertex 214.5 3.04125 2.4
      vertex 214.5 2.7 5.39
      vertex 214.5 2.7 2.4
    endloop
  endfacet
  facet normal 1 -0 0
    outer loop
      vertex 214.5 8.75875 5.39
      vertex 214.5 56.0412 2.4
      vertex 214.5 56.0412 5.39
    endloop
  endfacet
  facet normal 1 0 0
    outer loop
      vertex 214.5 56.0412 2.4
      vertex 214.5 8.75875 5.39
      vertex 214.5 8.75875 2.4
    endloop
  endfacet
  facet normal -0 0 1
    outer loop
      vertex 2.7 62.1 5.39
      vertex 2.85944 61.9406 5.39
      vertex 3.04125 62.1 5.39
    endloop
  endfacet
  facet normal 0 0 1
    outer loop
      vertex 2.85944 61.9406 5.39
      vertex 2.7 62.1 5.39
      vertex 2.7 61.7588 5.39
    endloop
  endfacet
  facet normal 0 0 1
    outer loop
      vertex 214.5 62.1 5.39
      vertex 214.341 61.9406 5.39
      vertex 214.5 61.7588 5.39
    endloop
  endfacet
  facet normal 0 -0 1
    outer loop
      vertex 214.341 61.9406 5.39
      vertex 214.5 62.1 5.39
      vertex 214.159 62.1 5.39
    endloop
  endfacet
  facet normal 0 0 1
    outer loop
      vertex 2.85944 2.85944 5.39
      vertex 2.7 2.7 5.39
      vertex 3.04125 2.7 5.39
    endloop
  endfacet
  facet normal 0 0 1
    outer loop
      vertex 2.7 2.7 5.39
      vertex 2.85944 2.85944 5.39
      vertex 2.7 3.04125 5.39
    endloop
  endfacet
  facet normal -0 0 1
    outer loop
      vertex 214.341 2.85944 5.39
      vertex 214.5 2.7 5.39
      vertex 214.5 3.04125 5.39
    endloop
  endfacet
  facet normal 0 0 1
    outer loop
      vertex 214.5 2.7 5.39
      vertex 214.341 2.85944 5.39
      vertex 214.159 2.7 5.39
    endloop
  endfacet
  facet normal 0 0 1
    outer loop
      vertex 4.25446 54.9273 5.39
      vertex 4.3 9.88814 5.39
      vertex 4.3 54.9119 5.39
    endloop
  endfacet
  facet normal 0 0 1
    outer loop
      vertex 4.25446 54.9273 5.39
      vertex 4.25446 9.87268 5.39
      vertex 4.3 9.88814 5.39
    endloop
  endfacet
  facet normal 0 0 1
    outer loop
      vertex 3.75 55.1761 5.39
      vertex 4.25446 9.87268 5.39
      vertex 4.25446 54.9273 5.39
    endloop
  endfacet
  facet normal 0 0 1
    outer loop
      vertex 3.75 55.1761 5.39
      vertex 3.75 9.62391 5.39
      vertex 4.25446 9.87268 5.39
    endloop
  endfacet
  facet normal 0 0 1
    outer loop
      vertex 3.28233 55.4886 5.39
      vertex 3.75 9.62391 5.39
      vertex 3.75 55.1761 5.39
    endloop
  endfacet
  facet normal 0 0 1
    outer loop
      vertex 3.28233 55.4886 5.39
      vertex 3.28233 9.31142 5.39
      vertex 3.75 9.62391 5.39
    endloop
  endfacet
  facet normal 0 0 1
    outer loop
      vertex 2.85944 55.8594 5.39
      vertex 3.28233 9.31142 5.39
      vertex 3.28233 55.4886 5.39
    endloop
  endfacet
  facet normal 0 0 1
    outer loop
      vertex 2.85944 55.8594 5.39
      vertex 2.85944 8.94056 5.39
      vertex 3.28233 9.31142 5.39
    endloop
  endfacet
  facet normal 0 0 1
    outer loop
      vertex 2.7 56.0412 5.39
      vertex 2.85944 8.94056 5.39
      vertex 2.85944 55.8594 5.39
    endloop
  endfacet
  facet normal 0 0 1
    outer loop
      vertex 2.85944 8.94056 5.39
      vertex 2.7 56.0412 5.39
      vertex 2.7 8.75875 5.39
    endloop
  endfacet
  facet normal 0 0 1
    outer loop
      vertex 70.3 62.1 5.39
      vertex 9.88814 60.5 5.39
      vertex 70.3 60.5 5.39
    endloop
  endfacet
  facet normal 0 0 1
    outer loop
      vertex 70.3 62.1 5.39
      vertex 9.87268 60.5455 5.39
      vertex 9.88814 60.5 5.39
    endloop
  endfacet
  facet normal 0 0 1
    outer loop
      vertex 70.3 62.1 5.39
      vertex 9.62391 61.05 5.39
      vertex 9.87268 60.5455 5.39
    endloop
  endfacet
  facet normal 0 0 1
    outer loop
      vertex 70.3 62.1 5.39
      vertex 9.31142 61.5177 5.39
      vertex 9.62391 61.05 5.39
    endloop
  endfacet
  facet normal 0 0 1
    outer loop
      vertex 70.3 62.1 5.39
      vertex 8.94056 61.9406 5.39
      vertex 9.31142 61.5177 5.39
    endloop
  endfacet
  facet normal 0 -0 1
    outer loop
      vertex 8.94056 61.9406 5.39
      vertex 70.3 62.1 5.39
      vertex 8.75875 62.1 5.39
    endloop
  endfacet
  facet normal -0 0 1
    outer loop
      vertex 123.8 62.1 5.39
      vertex 208.259 61.9406 5.39
      vertex 208.441 62.1 5.39
    endloop
  endfacet
  facet normal 0 0 1
    outer loop
      vertex 123.8 62.1 5.39
      vertex 207.889 61.5177 5.39
      vertex 208.259 61.9406 5.39
    endloop
  endfacet
  facet normal 0 0 1
    outer loop
      vertex 123.8 62.1 5.39
      vertex 207.576 61.05 5.39
      vertex 207.889 61.5177 5.39
    endloop
  endfacet
  facet normal 0 0 1
    outer loop
      vertex 123.8 62.1 5.39
      vertex 207.327 60.5455 5.39
      vertex 207.576 61.05 5.39
    endloop
  endfacet
  facet normal 0 0 1
    outer loop
      vertex 123.8 62.1 5.39
      vertex 207.312 60.5 5.39
      vertex 207.327 60.5455 5.39
    endloop
  endfacet
  facet normal 0 0 1
    outer loop
      vertex 207.312 60.5 5.39
      vertex 123.8 62.1 5.39
      vertex 123.8 60.5 5.39
    endloop
  endfacet
  facet normal -0 0 1
    outer loop
      vertex 9.88814 4.3 5.39
      vertex 70.3 2.7 5.39
      vertex 70.3 4.3 5.39
    endloop
  endfacet
  facet normal -0 0 1
    outer loop
      vertex 9.87268 4.25446 5.39
      vertex 70.3 2.7 5.39
      vertex 9.88814 4.3 5.39
    endloop
  endfacet
  facet normal -0 0 1
    outer loop
      vertex 9.62391 3.75 5.39
      vertex 70.3 2.7 5.39
      vertex 9.87268 4.25446 5.39
    endloop
  endfacet
  facet normal -0 0 1
    outer loop
      vertex 9.31142 3.28233 5.39
      vertex 70.3 2.7 5.39
      vertex 9.62391 3.75 5.39
    endloop
  endfacet
  facet normal -0 0 1
    outer loop
      vertex 8.94056 2.85944 5.39
      vertex 70.3 2.7 5.39
      vertex 9.31142 3.28233 5.39
    endloop
  endfacet
  facet normal 0 0 1
    outer loop
      vertex 70.3 2.7 5.39
      vertex 8.94056 2.85944 5.39
      vertex 8.75875 2.7 5.39
    endloop
  endfacet
  facet normal 0 0 1
    outer loop
      vertex 123.8 2.7 5.39
      vertex 207.312 4.3 5.39
      vertex 123.8 4.3 5.39
    endloop
  endfacet
  facet normal 0 0 1
    outer loop
      vertex 207.312 4.3 5.39
      vertex 123.8 2.7 5.39
      vertex 207.327 4.25446 5.39
    endloop
  endfacet
  facet normal 0 0 1
    outer loop
      vertex 207.327 4.25446 5.39
      vertex 123.8 2.7 5.39
      vertex 207.576 3.75 5.39
    endloop
  endfacet
  facet normal 0 0 1
    outer loop
      vertex 207.576 3.75 5.39
      vertex 123.8 2.7 5.39
      vertex 207.889 3.28233 5.39
    endloop
  endfacet
  facet normal 0 0 1
    outer loop
      vertex 207.889 3.28233 5.39
      vertex 123.8 2.7 5.39
      vertex 208.259 2.85944 5.39
    endloop
  endfacet
  facet normal 0 0 1
    outer loop
      vertex 208.259 2.85944 5.39
      vertex 123.8 2.7 5.39
      vertex 208.441 2.7 5.39
    endloop
  endfacet
  facet normal -0 0 1
    outer loop
      vertex 214.341 55.8594 5.39
      vertex 214.5 8.75875 5.39
      vertex 214.5 56.0412 5.39
    endloop
  endfacet
  facet normal 0 0 1
    outer loop
      vertex 214.341 55.8594 5.39
      vertex 214.341 8.94056 5.39
      vertex 214.5 8.75875 5.39
    endloop
  endfacet
  facet normal -0 0 1
    outer loop
      vertex 213.918 55.4886 5.39
      vertex 214.341 8.94056 5.39
      vertex 214.341 55.8594 5.39
    endloop
  endfacet
  facet normal 0 0 1
    outer loop
      vertex 213.918 55.4886 5.39
      vertex 213.918 9.31142 5.39
      vertex 214.341 8.94056 5.39
    endloop
  endfacet
  facet normal -0 0 1
    outer loop
      vertex 213.45 55.1761 5.39
      vertex 213.918 9.31142 5.39
      vertex 213.918 55.4886 5.39
    endloop
  endfacet
  facet normal 0 0 1
    outer loop
      vertex 213.45 55.1761 5.39
      vertex 213.45 9.62391 5.39
      vertex 213.918 9.31142 5.39
    endloop
  endfacet
  facet normal -0 0 1
    outer loop
      vertex 212.946 54.9273 5.39
      vertex 213.45 9.62391 5.39
      vertex 213.45 55.1761 5.39
    endloop
  endfacet
  facet normal 0 0 1
    outer loop
      vertex 212.946 54.9273 5.39
      vertex 212.946 9.87268 5.39
      vertex 213.45 9.62391 5.39
    endloop
  endfacet
  facet normal -0 0 1
    outer loop
      vertex 212.9 54.9119 5.39
      vertex 212.946 9.87268 5.39
      vertex 212.946 54.9273 5.39
    endloop
  endfacet
  facet normal 0 0 1
    outer loop
      vertex 212.946 9.87268 5.39
      vertex 212.9 54.9119 5.39
      vertex 212.9 9.88814 5.39
    endloop
  endfacet
  facet normal -0 0 1
    outer loop
      vertex 73.3 62.1 5.39
      vertex 113.8 60.5 5.39
      vertex 113.8 62.1 5.39
    endloop
  endfacet
  facet normal 0 0 1
    outer loop
      vertex 113.8 60.5 5.39
      vertex 73.3 62.1 5.39
      vertex 73.3 60.5 5.39
    endloop
  endfacet
  facet normal -0 0 1
    outer loop
      vertex 73.3 4.3 5.39
      vertex 113.8 2.7 5.39
      vertex 113.8 4.3 5.39
    endloop
  endfacet
  facet normal 0 0 1
    outer loop
      vertex 113.8 2.7 5.39
      vertex 73.3 4.3 5.39
      vertex 73.3 2.7 5.39
    endloop
  endfacet
  facet normal -1 0 0
    outer loop
      vertex 2.7 61.7588 2.4
      vertex 2.7 62.1 5.39
      vertex 2.7 62.1 2.4
    endloop
  endfacet
  facet normal -1 -0 0
    outer loop
      vertex 2.7 62.1 5.39
      vertex 2.7 61.7588 2.4
      vertex 2.7 61.7588 5.39
    endloop
  endfacet
  facet normal -1 0 0
    outer loop
      vertex 2.7 2.7 2.4
      vertex 2.7 3.04125 5.39
      vertex 2.7 3.04125 2.4
    endloop
  endfacet
  facet normal -1 -0 0
    outer loop
      vertex 2.7 3.04125 5.39
      vertex 2.7 2.7 2.4
      vertex 2.7 2.7 5.39
    endloop
  endfacet
  facet normal -1 0 0
    outer loop
      vertex 2.7 8.75875 2.4
      vertex 2.7 56.0412 5.39
      vertex 2.7 56.0412 2.4
    endloop
  endfacet
  facet normal -1 -0 0
    outer loop
      vertex 2.7 56.0412 5.39
      vertex 2.7 8.75875 2.4
      vertex 2.7 8.75875 5.39
    endloop
  endfacet
  facet normal 0 1 -0
    outer loop
      vertex 208.441 62.1 2.4
      vertex 123.8 62.1 5.39
      vertex 208.441 62.1 5.39
    endloop
  endfacet
  facet normal 0 1 0
    outer loop
      vertex 73.3 62.1 2.4
      vertex 123.8 62.1 5.39
      vertex 208.441 62.1 2.4
    endloop
  endfacet
  facet normal 0 1 0
    outer loop
      vertex 123.8 62.1 5.39
      vertex 73.3 62.1 2.4
      vertex 113.8 62.1 5.39
    endloop
  endfacet
  facet normal 0 1 0
    outer loop
      vertex 113.8 62.1 5.39
      vertex 73.3 62.1 2.4
      vertex 73.3 62.1 5.39
    endloop
  endfacet
  facet normal 0 1 -0
    outer loop
      vertex 123.8 62.1 5.39
      vertex 113.8 62.1 9.19
      vertex 123.8 62.1 9.19
    endloop
  endfacet
  facet normal 0 1 0
    outer loop
      vertex 113.8 62.1 9.19
      vertex 123.8 62.1 5.39
      vertex 113.8 62.1 5.39
    endloop
  endfacet
  facet normal 0 1 -0
    outer loop
      vertex 3.04125 62.1 2.4
      vertex 2.7 62.1 5.39
      vertex 3.04125 62.1 5.39
    endloop
  endfacet
  facet normal 0 1 0
    outer loop
      vertex 2.7 62.1 5.39
      vertex 3.04125 62.1 2.4
      vertex 2.7 62.1 2.4
    endloop
  endfacet
  facet normal 0 1 -0
    outer loop
      vertex 214.5 62.1 2.4
      vertex 214.159 62.1 5.39
      vertex 214.5 62.1 5.39
    endloop
  endfacet
  facet normal 0 1 0
    outer loop
      vertex 214.159 62.1 5.39
      vertex 214.5 62.1 2.4
      vertex 214.159 62.1 2.4
    endloop
  endfacet
  facet normal 0 1 -0
    outer loop
      vertex 70.3 62.1 2.4
      vertex 8.75875 62.1 5.39
      vertex 70.3 62.1 5.39
    endloop
  endfacet
  facet normal 0 1 0
    outer loop
      vertex 8.75875 62.1 5.39
      vertex 70.3 62.1 2.4
      vertex 8.75875 62.1 2.4
    endloop
  endfacet
  facet normal 0 -1 0
    outer loop
      vertex 73.3 2.7 2.4
      vertex 113.8 2.7 5.39
      vertex 73.3 2.7 5.39
    endloop
  endfacet
  facet normal 0 -1 -0
    outer loop
      vertex 113.8 2.7 5.39
      vertex 73.3 2.7 2.4
      vertex 123.8 2.7 5.39
    endloop
  endfacet
  facet normal 0 -1 0
    outer loop
      vertex 208.441 2.7 2.4
      vertex 123.8 2.7 5.39
      vertex 73.3 2.7 2.4
    endloop
  endfacet
  facet normal 0 -1 0
    outer loop
      vertex 123.8 2.7 5.39
      vertex 208.441 2.7 2.4
      vertex 208.441 2.7 5.39
    endloop
  endfacet
  facet normal 0 -1 0
    outer loop
      vertex 113.8 2.7 5.39
      vertex 123.8 2.7 9.19
      vertex 113.8 2.7 9.19
    endloop
  endfacet
  facet normal 0 -1 -0
    outer loop
      vertex 123.8 2.7 9.19
      vertex 113.8 2.7 5.39
      vertex 123.8 2.7 5.39
    endloop
  endfacet
  facet normal 0 -1 0
    outer loop
      vertex 2.7 2.7 2.4
      vertex 3.04125 2.7 5.39
      vertex 2.7 2.7 5.39
    endloop
  endfacet
  facet normal 0 -1 -0
    outer loop
      vertex 3.04125 2.7 5.39
      vertex 2.7 2.7 2.4
      vertex 3.04125 2.7 2.4
    endloop
  endfacet
  facet normal 0 -1 0
    outer loop
      vertex 214.159 2.7 2.4
      vertex 214.5 2.7 5.39
      vertex 214.159 2.7 5.39
    endloop
  endfacet
  facet normal 0 -1 -0
    outer loop
      vertex 214.5 2.7 5.39
      vertex 214.159 2.7 2.4
      vertex 214.5 2.7 2.4
    endloop
  endfacet
  facet normal 0 -1 0
    outer loop
      vertex 8.75875 2.7 2.4
      vertex 70.3 2.7 5.39
      vertex 8.75875 2.7 5.39
    endloop
  endfacet
  facet normal 0 -1 -0
    outer loop
      vertex 70.3 2.7 5.39
      vertex 8.75875 2.7 2.4
      vertex 70.3 2.7 2.4
    endloop
  endfacet
  facet normal -1 0 0
    outer loop
      vertex 212.9 9.88814 2.4
      vertex 212.9 54.9119 5.39
      vertex 212.9 54.9119 2.4
    endloop
  endfacet
  facet normal -1 -0 0
    outer loop
      vertex 212.9 54.9119 5.39
      vertex 212.9 9.88814 2.4
      vertex 212.9 9.88814 5.39
    endloop
  endfacet
  facet normal 1 -0 0
    outer loop
      vertex 4.3 9.88814 5.39
      vertex 4.3 54.9119 2.4
      vertex 4.3 54.9119 5.39
    endloop
  endfacet
  facet normal 1 0 0
    outer loop
      vertex 4.3 54.9119 2.4
      vertex 4.3 9.88814 5.39
      vertex 4.3 9.88814 2.4
    endloop
  endfacet
  facet normal 0 -1 0
    outer loop
      vertex 9.88814 60.5 2.4
      vertex 70.3 60.5 5.39
      vertex 9.88814 60.5 5.39
    endloop
  endfacet
  facet normal 0 -1 -0
    outer loop
      vertex 70.3 60.5 5.39
      vertex 9.88814 60.5 2.4
      vertex 70.3 60.5 2.4
    endloop
  endfacet
  facet normal 0 -1 0
    outer loop
      vertex 123.8 60.5 2.4
      vertex 207.312 60.5 5.39
      vertex 123.8 60.5 5.39
    endloop
  endfacet
  facet normal 0 -1 -0
    outer loop
      vertex 207.312 60.5 5.39
      vertex 123.8 60.5 2.4
      vertex 207.312 60.5 2.4
    endloop
  endfacet
  facet normal 0 -1 0
    outer loop
      vertex 73.3 60.5 2.4
      vertex 113.8 60.5 5.39
      vertex 73.3 60.5 5.39
    endloop
  endfacet
  facet normal 0 -1 -0
    outer loop
      vertex 113.8 60.5 5.39
      vertex 73.3 60.5 2.4
      vertex 113.8 60.5 2.4
    endloop
  endfacet
  facet normal 0 1 -0
    outer loop
      vertex 70.3 4.3 2.4
      vertex 9.88814 4.3 5.39
      vertex 70.3 4.3 5.39
    endloop
  endfacet
  facet normal 0 1 0
    outer loop
      vertex 9.88814 4.3 5.39
      vertex 70.3 4.3 2.4
      vertex 9.88814 4.3 2.4
    endloop
  endfacet
  facet normal 0 1 -0
    outer loop
      vertex 207.312 4.3 2.4
      vertex 123.8 4.3 5.39
      vertex 207.312 4.3 5.39
    endloop
  endfacet
  facet normal 0 1 0
    outer loop
      vertex 123.8 4.3 5.39
      vertex 207.312 4.3 2.4
      vertex 123.8 4.3 2.4
    endloop
  endfacet
  facet normal 0 1 -0
    outer loop
      vertex 113.8 4.3 2.4
      vertex 73.3 4.3 5.39
      vertex 113.8 4.3 5.39
    endloop
  endfacet
  facet normal 0 1 0
    outer loop
      vertex 73.3 4.3 5.39
      vertex 113.8 4.3 2.4
      vertex 73.3 4.3 2.4
    endloop
  endfacet
  facet normal -1 0 0
    outer loop
      vertex 73.3 60.5 2.4
      vertex 73.3 62.1 5.39
      vertex 73.3 62.1 2.4
    endloop
  endfacet
  facet normal -1 -0 0
    outer loop
      vertex 73.3 62.1 5.39
      vertex 73.3 60.5 2.4
      vertex 73.3 60.5 5.39
    endloop
  endfacet
  facet normal -1 0 0
    outer loop
      vertex 73.3 2.7 2.4
      vertex 73.3 4.3 5.39
      vertex 73.3 4.3 2.4
    endloop
  endfacet
  facet normal -1 -0 0
    outer loop
      vertex 73.3 4.3 5.39
      vertex 73.3 2.7 2.4
      vertex 73.3 2.7 5.39
    endloop
  endfacet
  facet normal 0 0 1
    outer loop
      vertex 4.21454 6.12189 2.4
      vertex 2.7 8.75875 2.4
      vertex 4.2 5.9 2.4
    endloop
  endfacet
  facet normal 0 0 1
    outer loop
      vertex 0 3 2.4
      vertex 4.2 5.9 2.4
      vertex 2.7 8.75875 2.4
    endloop
  endfacet
  facet normal 0 0 1
    outer loop
      vertex 4.2 5.9 2.4
      vertex 2.7 3.04125 2.4
      vertex 3.04125 2.7 2.4
    endloop
  endfacet
  facet normal 0 0 1
    outer loop
      vertex 3.04125 2.7 2.4
      vertex 2.7 3.04125 2.4
      vertex 2.85944 2.85944 2.4
    endloop
  endfacet
  facet normal 0 0 1
    outer loop
      vertex 4.21454 59.1219 2.4
      vertex 2.7 61.7588 2.4
      vertex 4.2 58.9 2.4
    endloop
  endfacet
  facet normal 0 0 1
    outer loop
      vertex 0 61.8 2.4
      vertex 4.2 58.9 2.4
      vertex 2.7 61.7588 2.4
    endloop
  endfacet
  facet normal 0 -0 1
    outer loop
      vertex 2.85944 55.8594 2.4
      vertex 4.2 58.9 2.4
      vertex 2.7 56.0412 2.4
    endloop
  endfacet
  facet normal 0 0 1
    outer loop
      vertex 4.2 58.9 2.4
      vertex 2.85944 55.8594 2.4
      vertex 3.28233 55.4886 2.4
    endloop
  endfacet
  facet normal 0 0 1
    outer loop
      vertex 7.47059 58.2494 2.4
      vertex 9.88814 60.5 2.4
      vertex 7.54207 58.46 2.4
    endloop
  endfacet
  facet normal 0 0 1
    outer loop
      vertex 9.88814 4.3 2.4
      vertex 7.58546 6.12189 2.4
      vertex 7.6 5.9 2.4
    endloop
  endfacet
  facet normal 0 0 1
    outer loop
      vertex 7.37224 58.05 2.4
      vertex 9.88814 60.5 2.4
      vertex 7.47059 58.2494 2.4
    endloop
  endfacet
  facet normal 0 0 1
    outer loop
      vertex 9.88814 4.3 2.4
      vertex 7.54207 6.33999 2.4
      vertex 7.58546 6.12189 2.4
    endloop
  endfacet
  facet normal 0 0 1
    outer loop
      vertex 7.2487 57.8651 2.4
      vertex 9.88814 60.5 2.4
      vertex 7.37224 58.05 2.4
    endloop
  endfacet
  facet normal 0 0 1
    outer loop
      vertex 9.88814 4.3 2.4
      vertex 7.47059 6.55056 2.4
      vertex 7.54207 6.33999 2.4
    endloop
  endfacet
  facet normal 0 0 1
    outer loop
      vertex 7.10208 57.6979 2.4
      vertex 9.88814 60.5 2.4
      vertex 7.2487 57.8651 2.4
    endloop
  endfacet
  facet normal 0 0 1
    outer loop
      vertex 9.88814 4.3 2.4
      vertex 7.37224 6.75 2.4
      vertex 7.47059 6.55056 2.4
    endloop
  endfacet
  facet normal 0 0 1
    outer loop
      vertex 9.88814 60.5 2.4
      vertex 7.10208 57.6979 2.4
      vertex 9.88814 4.3 2.4
    endloop
  endfacet
  facet normal 0 0 1
    outer loop
      vertex 9.88814 4.3 2.4
      vertex 7.2487 6.93489 2.4
      vertex 7.37224 6.75 2.4
    endloop
  endfacet
  facet normal -0 0 1
    outer loop
      vertex 7.10208 7.10208 2.4
      vertex 9.88814 4.3 2.4
      vertex 7.10208 57.6979 2.4
    endloop
  endfacet
  facet normal 0 0 1
    outer loop
      vertex 9.88814 4.3 2.4
      vertex 7.10208 7.10208 2.4
      vertex 7.2487 6.93489 2.4
    endloop
  endfacet
  facet normal -0 0 1
    outer loop
      vertex 6.93489 57.5513 2.4
      vertex 7.10208 7.10208 2.4
      vertex 7.10208 57.6979 2.4
    endloop
  endfacet
  facet normal 0 0 1
    outer loop
      vertex 6.93489 57.5513 2.4
      vertex 6.93489 7.2487 2.4
      vertex 7.10208 7.10208 2.4
    endloop
  endfacet
  facet normal 0 0 1
    outer loop
      vertex 4.3 54.9119 2.4
      vertex 6.93489 57.5513 2.4
      vertex 6.75 57.4278 2.4
    endloop
  endfacet
  facet normal 0 0 1
    outer loop
      vertex 6.93489 57.5513 2.4
      vertex 4.3 54.9119 2.4
      vertex 6.93489 7.2487 2.4
    endloop
  endfacet
  facet normal 0 0 1
    outer loop
      vertex 4.3 54.9119 2.4
      vertex 6.75 57.4278 2.4
      vertex 6.55056 57.3294 2.4
    endloop
  endfacet
  facet normal -0 0 1
    outer loop
      vertex 4.3 9.88814 2.4
      vertex 6.93489 7.2487 2.4
      vertex 4.3 54.9119 2.4
    endloop
  endfacet
  facet normal 0 0 1
    outer loop
      vertex 4.3 54.9119 2.4
      vertex 6.55056 57.3294 2.4
      vertex 6.33999 57.2579 2.4
    endloop
  endfacet
  facet normal 0 0 1
    outer loop
      vertex 6.93489 7.2487 2.4
      vertex 4.3 9.88814 2.4
      vertex 6.75 7.37224 2.4
    endloop
  endfacet
  facet normal 0 0 1
    outer loop
      vertex 4.3 54.9119 2.4
      vertex 6.33999 57.2579 2.4
      vertex 6.12189 57.2145 2.4
    endloop
  endfacet
  facet normal 0 0 1
    outer loop
      vertex 6.75 7.37224 2.4
      vertex 4.3 9.88814 2.4
      vertex 6.55056 7.47059 2.4
    endloop
  endfacet
  facet normal 0 0 1
    outer loop
      vertex 4.3 54.9119 2.4
      vertex 6.12189 57.2145 2.4
      vertex 5.9 57.2 2.4
    endloop
  endfacet
  facet normal 0 0 1
    outer loop
      vertex 6.55056 7.47059 2.4
      vertex 4.3 9.88814 2.4
      vertex 6.33999 7.54207 2.4
    endloop
  endfacet
  facet normal 0 0 1
    outer loop
      vertex 4.3 54.9119 2.4
      vertex 5.9 57.2 2.4
      vertex 5.67811 57.2145 2.4
    endloop
  endfacet
  facet normal 0 0 1
    outer loop
      vertex 6.33999 7.54207 2.4
      vertex 4.3 9.88814 2.4
      vertex 6.12189 7.58546 2.4
    endloop
  endfacet
  facet normal 0 0 1
    outer loop
      vertex 4.3 54.9119 2.4
      vertex 5.67811 57.2145 2.4
      vertex 5.46001 57.2579 2.4
    endloop
  endfacet
  facet normal 0 0 1
    outer loop
      vertex 6.12189 7.58546 2.4
      vertex 4.3 9.88814 2.4
      vertex 5.9 7.6 2.4
    endloop
  endfacet
  facet normal 0 0 1
    outer loop
      vertex 4.3 54.9119 2.4
      vertex 5.46001 57.2579 2.4
      vertex 5.24944 57.3294 2.4
    endloop
  endfacet
  facet normal 0 0 1
    outer loop
      vertex 5.9 7.6 2.4
      vertex 4.3 9.88814 2.4
      vertex 5.67811 7.58546 2.4
    endloop
  endfacet
  facet normal 0 0 1
    outer loop
      vertex 4.25446 54.9273 2.4
      vertex 5.24944 57.3294 2.4
      vertex 5.05 57.4278 2.4
    endloop
  endfacet
  facet normal 0 0 1
    outer loop
      vertex 5.67811 7.58546 2.4
      vertex 4.3 9.88814 2.4
      vertex 5.46001 7.54207 2.4
    endloop
  endfacet
  facet normal 0 0 1
    outer loop
      vertex 3.75 55.1761 2.4
      vertex 5.05 57.4278 2.4
      vertex 4.86511 57.5513 2.4
    endloop
  endfacet
  facet normal 0 0 1
    outer loop
      vertex 5.46001 7.54207 2.4
      vertex 4.3 9.88814 2.4
      vertex 5.24944 7.47059 2.4
    endloop
  endfacet
  facet normal 0 0 1
    outer loop
      vertex 3.28233 55.4886 2.4
      vertex 4.86511 57.5513 2.4
      vertex 4.69792 57.6979 2.4
    endloop
  endfacet
  facet normal -0 0 1
    outer loop
      vertex 4.25446 9.87268 2.4
      vertex 5.24944 7.47059 2.4
      vertex 4.3 9.88814 2.4
    endloop
  endfacet
  facet normal 0 0 1
    outer loop
      vertex 3.28233 55.4886 2.4
      vertex 4.69792 57.6979 2.4
      vertex 4.5513 57.8651 2.4
    endloop
  endfacet
  facet normal 0 0 1
    outer loop
      vertex 5.24944 7.47059 2.4
      vertex 4.25446 9.87268 2.4
      vertex 5.05 7.37224 2.4
    endloop
  endfacet
  facet normal 0 0 1
    outer loop
      vertex 3.28233 55.4886 2.4
      vertex 4.5513 57.8651 2.4
      vertex 4.42776 58.05 2.4
    endloop
  endfacet
  facet normal -0 0 1
    outer loop
      vertex 3.75 9.62391 2.4
      vertex 5.05 7.37224 2.4
      vertex 4.25446 9.87268 2.4
    endloop
  endfacet
  facet normal 0 0 1
    outer loop
      vertex 3.28233 55.4886 2.4
      vertex 4.42776 58.05 2.4
      vertex 4.32941 58.2494 2.4
    endloop
  endfacet
  facet normal 0 0 1
    outer loop
      vertex 5.05 7.37224 2.4
      vertex 3.75 9.62391 2.4
      vertex 4.86511 7.2487 2.4
    endloop
  endfacet
  facet normal -0 0 1
    outer loop
      vertex 3.28233 9.31142 2.4
      vertex 4.86511 7.2487 2.4
      vertex 3.75 9.62391 2.4
    endloop
  endfacet
  facet normal 0 0 1
    outer loop
      vertex 3.28233 55.4886 2.4
      vertex 4.32941 58.2494 2.4
      vertex 4.25793 58.46 2.4
    endloop
  endfacet
  facet normal 0 0 1
    outer loop
      vertex 5.24944 57.3294 2.4
      vertex 4.25446 54.9273 2.4
      vertex 4.3 54.9119 2.4
    endloop
  endfacet
  facet normal 0 0 1
    outer loop
      vertex 3.28233 55.4886 2.4
      vertex 4.25793 58.46 2.4
      vertex 4.21454 58.6781 2.4
    endloop
  endfacet
  facet normal 0 0 1
    outer loop
      vertex 3.28233 55.4886 2.4
      vertex 4.21454 58.6781 2.4
      vertex 4.2 58.9 2.4
    endloop
  endfacet
  facet normal 0 0 1
    outer loop
      vertex 5.05 57.4278 2.4
      vertex 3.75 55.1761 2.4
      vertex 4.25446 54.9273 2.4
    endloop
  endfacet
  facet normal -0 0 1
    outer loop
      vertex 9.88814 60.5 2.4
      vertex 70.3 4.3 2.4
      vertex 70.3 60.5 2.4
    endloop
  endfacet
  facet normal 0 0 1
    outer loop
      vertex 9.88814 60.5 2.4
      vertex 9.88814 4.3 2.4
      vertex 70.3 4.3 2.4
    endloop
  endfacet
  facet normal 0 0 1
    outer loop
      vertex 7.47059 59.5506 2.4
      vertex 9.88814 60.5 2.4
      vertex 9.87268 60.5455 2.4
    endloop
  endfacet
  facet normal 0 0 1
    outer loop
      vertex 7.58546 58.6781 2.4
      vertex 9.88814 60.5 2.4
      vertex 7.6 58.9 2.4
    endloop
  endfacet
  facet normal 0 0 1
    outer loop
      vertex 7.47059 59.5506 2.4
      vertex 9.87268 60.5455 2.4
      vertex 9.62391 61.05 2.4
    endloop
  endfacet
  facet normal 0 0 1
    outer loop
      vertex 7.54207 58.46 2.4
      vertex 9.88814 60.5 2.4
      vertex 7.58546 58.6781 2.4
    endloop
  endfacet
  facet normal 0 0 1
    outer loop
      vertex 7.37224 59.75 2.4
      vertex 9.62391 61.05 2.4
      vertex 9.31142 61.5177 2.4
    endloop
  endfacet
  facet normal -0 0 1
    outer loop
      vertex 7.58546 5.67811 2.4
      vertex 9.88814 4.3 2.4
      vertex 7.6 5.9 2.4
    endloop
  endfacet
  facet normal 0 0 1
    outer loop
      vertex 7.2487 59.9349 2.4
      vertex 9.31142 61.5177 2.4
      vertex 8.94056 61.9406 2.4
    endloop
  endfacet
  facet normal -0 0 1
    outer loop
      vertex 7.54207 5.46001 2.4
      vertex 9.88814 4.3 2.4
      vertex 7.58546 5.67811 2.4
    endloop
  endfacet
  facet normal 0 0 1
    outer loop
      vertex 7.10208 60.1021 2.4
      vertex 8.94056 61.9406 2.4
      vertex 8.75875 62.1 2.4
    endloop
  endfacet
  facet normal -0 0 1
    outer loop
      vertex 7.47059 5.24944 2.4
      vertex 9.88814 4.3 2.4
      vertex 7.54207 5.46001 2.4
    endloop
  endfacet
  facet normal 0 0 1
    outer loop
      vertex 209.828 6.75 2.4
      vertex 207.312 4.3 2.4
      vertex 209.729 6.55056 2.4
    endloop
  endfacet
  facet normal 0 0 1
    outer loop
      vertex 209.729 6.55056 2.4
      vertex 207.312 4.3 2.4
      vertex 209.658 6.33999 2.4
    endloop
  endfacet
  facet normal 0 0 1
    outer loop
      vertex 207.312 60.5 2.4
      vertex 208.259 61.9406 2.4
      vertex 207.889 61.5177 2.4
    endloop
  endfacet
  facet normal 0 -0 1
    outer loop
      vertex 207.327 4.25446 2.4
      vertex 209.658 6.33999 2.4
      vertex 207.312 4.3 2.4
    endloop
  endfacet
  facet normal 0 0 1
    outer loop
      vertex 207.312 60.5 2.4
      vertex 207.889 61.5177 2.4
      vertex 207.576 61.05 2.4
    endloop
  endfacet
  facet normal 0 -0 1
    outer loop
      vertex 208.259 2.85944 2.4
      vertex 209.658 6.33999 2.4
      vertex 207.889 3.28233 2.4
    endloop
  endfacet
  facet normal 0 0 1
    outer loop
      vertex 207.312 60.5 2.4
      vertex 207.576 61.05 2.4
      vertex 207.327 60.5455 2.4
    endloop
  endfacet
  facet normal 0 0 1
    outer loop
      vertex 209.658 6.33999 2.4
      vertex 208.259 2.85944 2.4
      vertex 208.441 2.7 2.4
    endloop
  endfacet
  facet normal 0 0 1
    outer loop
      vertex 209.658 6.33999 2.4
      vertex 207.576 3.75 2.4
      vertex 207.889 3.28233 2.4
    endloop
  endfacet
  facet normal 0 0 1
    outer loop
      vertex 209.658 6.33999 2.4
      vertex 207.327 4.25446 2.4
      vertex 207.576 3.75 2.4
    endloop
  endfacet
  facet normal -0 0 1
    outer loop
      vertex 123.8 60.5 2.4
      vertex 207.312 4.3 2.4
      vertex 207.312 60.5 2.4
    endloop
  endfacet
  facet normal 0 0 1
    outer loop
      vertex 207.312 4.3 2.4
      vertex 123.8 60.5 2.4
      vertex 123.8 4.3 2.4
    endloop
  endfacet
  facet normal -0 0 1
    outer loop
      vertex 73.3 60.5 2.4
      vertex 113.8 4.3 2.4
      vertex 113.8 60.5 2.4
    endloop
  endfacet
  facet normal 0 0 1
    outer loop
      vertex 113.8 4.3 2.4
      vertex 73.3 60.5 2.4
      vertex 73.3 4.3 2.4
    endloop
  endfacet
  facet normal 0 0 1
    outer loop
      vertex 4.86511 7.2487 2.4
      vertex 3.28233 9.31142 2.4
      vertex 4.69792 7.10208 2.4
    endloop
  endfacet
  facet normal -0 0 1
    outer loop
      vertex 2.85944 8.94056 2.4
      vertex 4.69792 7.10208 2.4
      vertex 3.28233 9.31142 2.4
    endloop
  endfacet
  facet normal -0 0 1
    outer loop
      vertex 2.7 8.75875 2.4
      vertex 4.69792 7.10208 2.4
      vertex 2.85944 8.94056 2.4
    endloop
  endfacet
  facet normal 0 0 1
    outer loop
      vertex 4.69792 7.10208 2.4
      vertex 2.7 8.75875 2.4
      vertex 4.5513 6.93489 2.4
    endloop
  endfacet
  facet normal 0 0 1
    outer loop
      vertex 4.5513 6.93489 2.4
      vertex 2.7 8.75875 2.4
      vertex 4.42776 6.75 2.4
    endloop
  endfacet
  facet normal 0 0 1
    outer loop
      vertex 4.42776 6.75 2.4
      vertex 2.7 8.75875 2.4
      vertex 4.32941 6.55056 2.4
    endloop
  endfacet
  facet normal 0 0 1
    outer loop
      vertex 214.5 8.75875 2.4
      vertex 212.985 6.12189 2.4
      vertex 213 5.9 2.4
    endloop
  endfacet
  facet normal 0 0 1
    outer loop
      vertex 212.15 7.37224 2.4
      vertex 213.45 9.62391 2.4
      vertex 212.946 9.87268 2.4
    endloop
  endfacet
  facet normal 0 0 1
    outer loop
      vertex 213.918 9.31142 2.4
      vertex 212.942 6.33999 2.4
      vertex 212.985 6.12189 2.4
    endloop
  endfacet
  facet normal 0 0 1
    outer loop
      vertex 211.951 7.47059 2.4
      vertex 212.946 9.87268 2.4
      vertex 212.9 9.88814 2.4
    endloop
  endfacet
  facet normal 0 0 1
    outer loop
      vertex 213.918 9.31142 2.4
      vertex 212.871 6.55056 2.4
      vertex 212.942 6.33999 2.4
    endloop
  endfacet
  facet normal 0 0 1
    outer loop
      vertex 213.918 55.4886 2.4
      vertex 212.335 57.5513 2.4
      vertex 213.45 55.1761 2.4
    endloop
  endfacet
  facet normal -0 0 1
    outer loop
      vertex 212.15 57.4278 2.4
      vertex 213.45 55.1761 2.4
      vertex 212.335 57.5513 2.4
    endloop
  endfacet
  facet normal 0 0 1
    outer loop
      vertex 213.918 9.31142 2.4
      vertex 212.772 6.75 2.4
      vertex 212.871 6.55056 2.4
    endloop
  endfacet
  facet normal 0 0 1
    outer loop
      vertex 213.45 55.1761 2.4
      vertex 212.15 57.4278 2.4
      vertex 212.946 54.9273 2.4
    endloop
  endfacet
  facet normal 0 0 1
    outer loop
      vertex 213.918 9.31142 2.4
      vertex 212.649 6.93489 2.4
      vertex 212.772 6.75 2.4
    endloop
  endfacet
  facet normal -0 0 1
    outer loop
      vertex 211.951 57.3294 2.4
      vertex 212.946 54.9273 2.4
      vertex 212.15 57.4278 2.4
    endloop
  endfacet
  facet normal 0 0 1
    outer loop
      vertex 213.918 9.31142 2.4
      vertex 212.502 7.10208 2.4
      vertex 212.649 6.93489 2.4
    endloop
  endfacet
  facet normal 0 0 1
    outer loop
      vertex 212.946 54.9273 2.4
      vertex 211.951 57.3294 2.4
      vertex 212.9 54.9119 2.4
    endloop
  endfacet
  facet normal 0 0 1
    outer loop
      vertex 213.918 9.31142 2.4
      vertex 212.335 7.2487 2.4
      vertex 212.502 7.10208 2.4
    endloop
  endfacet
  facet normal -0 0 1
    outer loop
      vertex 211.74 57.2579 2.4
      vertex 212.9 54.9119 2.4
      vertex 211.951 57.3294 2.4
    endloop
  endfacet
  facet normal 0 0 1
    outer loop
      vertex 213.45 9.62391 2.4
      vertex 212.15 7.37224 2.4
      vertex 212.335 7.2487 2.4
    endloop
  endfacet
  facet normal -0 0 1
    outer loop
      vertex 211.522 57.2145 2.4
      vertex 212.9 54.9119 2.4
      vertex 211.74 57.2579 2.4
    endloop
  endfacet
  facet normal 0 0 1
    outer loop
      vertex 212.946 9.87268 2.4
      vertex 211.951 7.47059 2.4
      vertex 212.15 7.37224 2.4
    endloop
  endfacet
  facet normal -0 0 1
    outer loop
      vertex 211.3 57.2 2.4
      vertex 212.9 54.9119 2.4
      vertex 211.522 57.2145 2.4
    endloop
  endfacet
  facet normal 0 0 1
    outer loop
      vertex 212.9 9.88814 2.4
      vertex 211.74 7.54207 2.4
      vertex 211.951 7.47059 2.4
    endloop
  endfacet
  facet normal 0 0 1
    outer loop
      vertex 211.078 57.2145 2.4
      vertex 212.9 54.9119 2.4
      vertex 211.3 57.2 2.4
    endloop
  endfacet
  facet normal 0 0 1
    outer loop
      vertex 212.9 9.88814 2.4
      vertex 211.522 7.58546 2.4
      vertex 211.74 7.54207 2.4
    endloop
  endfacet
  facet normal 0 0 1
    outer loop
      vertex 210.86 57.2579 2.4
      vertex 212.9 54.9119 2.4
      vertex 211.078 57.2145 2.4
    endloop
  endfacet
  facet normal 0 0 1
    outer loop
      vertex 212.9 9.88814 2.4
      vertex 211.3 7.6 2.4
      vertex 211.522 7.58546 2.4
    endloop
  endfacet
  facet normal 0 0 1
    outer loop
      vertex 210.649 57.3294 2.4
      vertex 212.9 54.9119 2.4
      vertex 210.86 57.2579 2.4
    endloop
  endfacet
  facet normal 0 0 1
    outer loop
      vertex 212.9 9.88814 2.4
      vertex 211.078 7.58546 2.4
      vertex 211.3 7.6 2.4
    endloop
  endfacet
  facet normal 0 0 1
    outer loop
      vertex 210.45 57.4278 2.4
      vertex 212.9 54.9119 2.4
      vertex 210.649 57.3294 2.4
    endloop
  endfacet
  facet normal 0 0 1
    outer loop
      vertex 212.9 9.88814 2.4
      vertex 210.86 7.54207 2.4
      vertex 211.078 7.58546 2.4
    endloop
  endfacet
  facet normal 0 0 1
    outer loop
      vertex 210.265 57.5513 2.4
      vertex 212.9 54.9119 2.4
      vertex 210.45 57.4278 2.4
    endloop
  endfacet
  facet normal 0 0 1
    outer loop
      vertex 212.9 9.88814 2.4
      vertex 210.649 7.47059 2.4
      vertex 210.86 7.54207 2.4
    endloop
  endfacet
  facet normal 0 0 1
    outer loop
      vertex 212.9 54.9119 2.4
      vertex 210.265 57.5513 2.4
      vertex 212.9 9.88814 2.4
    endloop
  endfacet
  facet normal 0 0 1
    outer loop
      vertex 212.9 9.88814 2.4
      vertex 210.45 7.37224 2.4
      vertex 210.649 7.47059 2.4
    endloop
  endfacet
  facet normal 0 0 1
    outer loop
      vertex 210.265 7.2487 2.4
      vertex 212.9 9.88814 2.4
      vertex 210.265 57.5513 2.4
    endloop
  endfacet
  facet normal 0 0 1
    outer loop
      vertex 212.9 9.88814 2.4
      vertex 210.265 7.2487 2.4
      vertex 210.45 7.37224 2.4
    endloop
  endfacet
  facet normal 0 0 1
    outer loop
      vertex 210.098 57.6979 2.4
      vertex 210.265 7.2487 2.4
      vertex 210.265 57.5513 2.4
    endloop
  endfacet
  facet normal 0 0 1
    outer loop
      vertex 210.098 57.6979 2.4
      vertex 210.098 7.10208 2.4
      vertex 210.265 7.2487 2.4
    endloop
  endfacet
  facet normal 0 0 1
    outer loop
      vertex 207.312 60.5 2.4
      vertex 210.098 57.6979 2.4
      vertex 209.951 57.8651 2.4
    endloop
  endfacet
  facet normal 0 0 1
    outer loop
      vertex 210.098 57.6979 2.4
      vertex 207.312 60.5 2.4
      vertex 210.098 7.10208 2.4
    endloop
  endfacet
  facet normal 0 0 1
    outer loop
      vertex 207.312 60.5 2.4
      vertex 209.951 57.8651 2.4
      vertex 209.828 58.05 2.4
    endloop
  endfacet
  facet normal 0 0 1
    outer loop
      vertex 207.312 4.3 2.4
      vertex 210.098 7.10208 2.4
      vertex 207.312 60.5 2.4
    endloop
  endfacet
  facet normal 0 0 1
    outer loop
      vertex 207.312 60.5 2.4
      vertex 209.828 58.05 2.4
      vertex 209.729 58.2494 2.4
    endloop
  endfacet
  facet normal 0 0 1
    outer loop
      vertex 210.098 7.10208 2.4
      vertex 207.312 4.3 2.4
      vertex 209.951 6.93489 2.4
    endloop
  endfacet
  facet normal 0 0 1
    outer loop
      vertex 209.615 58.6781 2.4
      vertex 207.312 60.5 2.4
      vertex 209.658 58.46 2.4
    endloop
  endfacet
  facet normal 0 0 1
    outer loop
      vertex 209.658 58.46 2.4
      vertex 207.312 60.5 2.4
      vertex 209.729 58.2494 2.4
    endloop
  endfacet
  facet normal 0 0 1
    outer loop
      vertex 209.615 59.1219 2.4
      vertex 207.312 60.5 2.4
      vertex 209.6 58.9 2.4
    endloop
  endfacet
  facet normal 0 0 1
    outer loop
      vertex 209.6 58.9 2.4
      vertex 207.312 60.5 2.4
      vertex 209.615 58.6781 2.4
    endloop
  endfacet
  facet normal 0 0 1
    outer loop
      vertex 209.658 59.34 2.4
      vertex 207.312 60.5 2.4
      vertex 209.615 59.1219 2.4
    endloop
  endfacet
  facet normal 0 0 1
    outer loop
      vertex 209.951 6.93489 2.4
      vertex 207.312 4.3 2.4
      vertex 209.828 6.75 2.4
    endloop
  endfacet
  facet normal -0 0 1
    outer loop
      vertex 212.772 58.05 2.4
      vertex 214.5 56.0412 2.4
      vertex 212.871 58.2494 2.4
    endloop
  endfacet
  facet normal -0 0 1
    outer loop
      vertex 212.649 57.8651 2.4
      vertex 214.5 56.0412 2.4
      vertex 212.772 58.05 2.4
    endloop
  endfacet
  facet normal -0 0 1
    outer loop
      vertex 212.502 57.6979 2.4
      vertex 214.5 56.0412 2.4
      vertex 212.649 57.8651 2.4
    endloop
  endfacet
  facet normal 0 0 1
    outer loop
      vertex 214.5 56.0412 2.4
      vertex 212.502 57.6979 2.4
      vertex 214.341 55.8594 2.4
    endloop
  endfacet
  facet normal -0 0 1
    outer loop
      vertex 212.335 57.5513 2.4
      vertex 213.918 55.4886 2.4
      vertex 212.502 57.6979 2.4
    endloop
  endfacet
  facet normal 0 0 1
    outer loop
      vertex 214.341 55.8594 2.4
      vertex 212.502 57.6979 2.4
      vertex 213.918 55.4886 2.4
    endloop
  endfacet
  facet normal 0 0 1
    outer loop
      vertex 212.985 6.12189 2.4
      vertex 214.5 8.75875 2.4
      vertex 214.341 8.94056 2.4
    endloop
  endfacet
  facet normal 0 0 1
    outer loop
      vertex 214.5 8.75875 2.4
      vertex 213 5.9 2.4
      vertex 214.5 3.04125 2.4
    endloop
  endfacet
  facet normal -0 0 1
    outer loop
      vertex 212.985 5.67811 2.4
      vertex 214.5 3.04125 2.4
      vertex 213 5.9 2.4
    endloop
  endfacet
  facet normal 0 0 1
    outer loop
      vertex 212.985 6.12189 2.4
      vertex 214.341 8.94056 2.4
      vertex 213.918 9.31142 2.4
    endloop
  endfacet
  facet normal 0 0 1
    outer loop
      vertex 212.502 60.1021 2.4
      vertex 214.5 61.7588 2.4
      vertex 214.341 61.9406 2.4
    endloop
  endfacet
  facet normal 0 0 1
    outer loop
      vertex 214.5 61.7588 2.4
      vertex 213 58.9 2.4
      vertex 214.5 56.0412 2.4
    endloop
  endfacet
  facet normal 0 0 1
    outer loop
      vertex 212.502 60.1021 2.4
      vertex 214.341 61.9406 2.4
      vertex 214.159 62.1 2.4
    endloop
  endfacet
  facet normal -0 0 1
    outer loop
      vertex 212.985 58.6781 2.4
      vertex 214.5 56.0412 2.4
      vertex 213 58.9 2.4
    endloop
  endfacet
  facet normal 0 0 1
    outer loop
      vertex 214.5 61.7588 2.4
      vertex 217.2 61.8 2.4
      vertex 217.174 62.1916 2.4
    endloop
  endfacet
  facet normal 0 0 1
    outer loop
      vertex 217.2 61.8 2.4
      vertex 214.5 56.0412 2.4
      vertex 217.2 3 2.4
    endloop
  endfacet
  facet normal 0 0 1
    outer loop
      vertex 214.5 62.1 2.4
      vertex 217.174 62.1916 2.4
      vertex 217.098 62.5765 2.4
    endloop
  endfacet
  facet normal -0 0 1
    outer loop
      vertex 214.5 8.75875 2.4
      vertex 217.2 3 2.4
      vertex 214.5 56.0412 2.4
    endloop
  endfacet
  facet normal 0 0 1
    outer loop
      vertex 214.5 62.1 2.4
      vertex 217.098 62.5765 2.4
      vertex 216.972 62.9481 2.4
    endloop
  endfacet
  facet normal -0 0 1
    outer loop
      vertex 214.5 3.04125 2.4
      vertex 217.2 3 2.4
      vertex 214.5 8.75875 2.4
    endloop
  endfacet
  facet normal 0 0 1
    outer loop
      vertex 214.5 62.1 2.4
      vertex 216.972 62.9481 2.4
      vertex 216.798 63.3 2.4
    endloop
  endfacet
  facet normal 0 0 1
    outer loop
      vertex 217.2 3 2.4
      vertex 214.5 3.04125 2.4
      vertex 217.174 2.60842 2.4
    endloop
  endfacet
  facet normal 0 0 1
    outer loop
      vertex 214.5 62.1 2.4
      vertex 216.798 63.3 2.4
      vertex 216.58 63.6263 2.4
    endloop
  endfacet
  facet normal -0 0 1
    outer loop
      vertex 214.5 2.7 2.4
      vertex 217.174 2.60842 2.4
      vertex 214.5 3.04125 2.4
    endloop
  endfacet
  facet normal 0 0 1
    outer loop
      vertex 214.5 62.1 2.4
      vertex 216.58 63.6263 2.4
      vertex 216.321 63.9213 2.4
    endloop
  endfacet
  facet normal 0 0 1
    outer loop
      vertex 217.174 2.60842 2.4
      vertex 214.5 2.7 2.4
      vertex 217.098 2.22354 2.4
    endloop
  endfacet
  facet normal 0 0 1
    outer loop
      vertex 214.5 62.1 2.4
      vertex 216.321 63.9213 2.4
      vertex 216.026 64.1801 2.4
    endloop
  endfacet
  facet normal 0 0 1
    outer loop
      vertex 217.098 2.22354 2.4
      vertex 214.5 2.7 2.4
      vertex 216.972 1.85195 2.4
    endloop
  endfacet
  facet normal 0 0 1
    outer loop
      vertex 214.5 62.1 2.4
      vertex 216.026 64.1801 2.4
      vertex 215.7 64.3981 2.4
    endloop
  endfacet
  facet normal 0 0 1
    outer loop
      vertex 216.972 1.85195 2.4
      vertex 214.5 2.7 2.4
      vertex 216.798 1.5 2.4
    endloop
  endfacet
  facet normal 0 0 1
    outer loop
      vertex 214.5 62.1 2.4
      vertex 215.7 64.3981 2.4
      vertex 215.348 64.5716 2.4
    endloop
  endfacet
  facet normal 0 0 1
    outer loop
      vertex 216.798 1.5 2.4
      vertex 214.5 2.7 2.4
      vertex 216.58 1.17372 2.4
    endloop
  endfacet
  facet normal 0 0 1
    outer loop
      vertex 214.5 62.1 2.4
      vertex 215.348 64.5716 2.4
      vertex 214.976 64.6978 2.4
    endloop
  endfacet
  facet normal 0 0 1
    outer loop
      vertex 216.58 1.17372 2.4
      vertex 214.5 2.7 2.4
      vertex 216.321 0.878679 2.4
    endloop
  endfacet
  facet normal 0 0 1
    outer loop
      vertex 214.5 62.1 2.4
      vertex 214.976 64.6978 2.4
      vertex 214.592 64.7743 2.4
    endloop
  endfacet
  facet normal 0 0 1
    outer loop
      vertex 216.321 0.878679 2.4
      vertex 214.5 2.7 2.4
      vertex 216.026 0.61994 2.4
    endloop
  endfacet
  facet normal 0 0 1
    outer loop
      vertex 217.174 62.1916 2.4
      vertex 214.5 62.1 2.4
      vertex 214.5 61.7588 2.4
    endloop
  endfacet
  facet normal 0 0 1
    outer loop
      vertex 214.159 62.1 2.4
      vertex 214.592 64.7743 2.4
      vertex 214.2 64.8 2.4
    endloop
  endfacet
  facet normal 0 0 1
    outer loop
      vertex 214.592 64.7743 2.4
      vertex 214.159 62.1 2.4
      vertex 214.5 62.1 2.4
    endloop
  endfacet
  facet normal 0 0 1
    outer loop
      vertex 211.522 60.5855 2.4
      vertex 214.159 62.1 2.4
      vertex 214.2 64.8 2.4
    endloop
  endfacet
  facet normal 0 0 1
    outer loop
      vertex 214.5 61.7588 2.4
      vertex 212.985 59.1219 2.4
      vertex 213 58.9 2.4
    endloop
  endfacet
  facet normal -0 0 1
    outer loop
      vertex 212.871 58.2494 2.4
      vertex 214.5 56.0412 2.4
      vertex 212.942 58.46 2.4
    endloop
  endfacet
  facet normal -0 0 1
    outer loop
      vertex 212.942 58.46 2.4
      vertex 214.5 56.0412 2.4
      vertex 212.985 58.6781 2.4
    endloop
  endfacet
  facet normal 0 0 1
    outer loop
      vertex 214.5 61.7588 2.4
      vertex 212.942 59.34 2.4
      vertex 212.985 59.1219 2.4
    endloop
  endfacet
  facet normal 0 0 1
    outer loop
      vertex 214.5 61.7588 2.4
      vertex 212.871 59.5506 2.4
      vertex 212.942 59.34 2.4
    endloop
  endfacet
  facet normal 0 0 1
    outer loop
      vertex 214.5 61.7588 2.4
      vertex 212.772 59.75 2.4
      vertex 212.871 59.5506 2.4
    endloop
  endfacet
  facet normal 0 0 1
    outer loop
      vertex 214.5 61.7588 2.4
      vertex 212.649 59.9349 2.4
      vertex 212.772 59.75 2.4
    endloop
  endfacet
  facet normal 0 0 1
    outer loop
      vertex 214.5 61.7588 2.4
      vertex 212.502 60.1021 2.4
      vertex 212.649 59.9349 2.4
    endloop
  endfacet
  facet normal 0 0 1
    outer loop
      vertex 214.159 62.1 2.4
      vertex 212.335 60.2487 2.4
      vertex 212.502 60.1021 2.4
    endloop
  endfacet
  facet normal 0 0 1
    outer loop
      vertex 214.159 62.1 2.4
      vertex 212.15 60.3722 2.4
      vertex 212.335 60.2487 2.4
    endloop
  endfacet
  facet normal 0 0 1
    outer loop
      vertex 214.159 62.1 2.4
      vertex 211.951 60.4706 2.4
      vertex 212.15 60.3722 2.4
    endloop
  endfacet
  facet normal 0 0 1
    outer loop
      vertex 214.159 62.1 2.4
      vertex 211.74 60.5421 2.4
      vertex 211.951 60.4706 2.4
    endloop
  endfacet
  facet normal 0 0 1
    outer loop
      vertex 214.159 62.1 2.4
      vertex 211.522 60.5855 2.4
      vertex 211.74 60.5421 2.4
    endloop
  endfacet
  facet normal 0 0 1
    outer loop
      vertex 214.2 64.8 2.4
      vertex 211.3 60.6 2.4
      vertex 211.522 60.5855 2.4
    endloop
  endfacet
  facet normal -0 0 1
    outer loop
      vertex 208.441 62.1 2.4
      vertex 211.3 60.6 2.4
      vertex 214.2 64.8 2.4
    endloop
  endfacet
  facet normal 0 0 1
    outer loop
      vertex 211.3 60.6 2.4
      vertex 208.441 62.1 2.4
      vertex 211.078 60.5855 2.4
    endloop
  endfacet
  facet normal 0 0 1
    outer loop
      vertex 211.078 60.5855 2.4
      vertex 208.441 62.1 2.4
      vertex 210.86 60.5421 2.4
    endloop
  endfacet
  facet normal 0 0 1
    outer loop
      vertex 210.86 60.5421 2.4
      vertex 208.441 62.1 2.4
      vertex 210.649 60.4706 2.4
    endloop
  endfacet
  facet normal 0 0 1
    outer loop
      vertex 210.649 60.4706 2.4
      vertex 208.441 62.1 2.4
      vertex 210.45 60.3722 2.4
    endloop
  endfacet
  facet normal 0 0 1
    outer loop
      vertex 210.45 60.3722 2.4
      vertex 208.441 62.1 2.4
      vertex 210.265 60.2487 2.4
    endloop
  endfacet
  facet normal 0 0 1
    outer loop
      vertex 210.265 60.2487 2.4
      vertex 208.441 62.1 2.4
      vertex 210.098 60.1021 2.4
    endloop
  endfacet
  facet normal 0 0 1
    outer loop
      vertex 209.658 6.33999 2.4
      vertex 208.441 2.7 2.4
      vertex 209.615 6.12189 2.4
    endloop
  endfacet
  facet normal 0 0 1
    outer loop
      vertex 209.729 59.5506 2.4
      vertex 207.312 60.5 2.4
      vertex 209.658 59.34 2.4
    endloop
  endfacet
  facet normal 0 0 1
    outer loop
      vertex 209.828 59.75 2.4
      vertex 207.312 60.5 2.4
      vertex 209.729 59.5506 2.4
    endloop
  endfacet
  facet normal -0 0 1
    outer loop
      vertex 207.312 60.5 2.4
      vertex 209.828 59.75 2.4
      vertex 208.259 61.9406 2.4
    endloop
  endfacet
  facet normal 0 0 1
    outer loop
      vertex 209.951 59.9349 2.4
      vertex 208.259 61.9406 2.4
      vertex 209.828 59.75 2.4
    endloop
  endfacet
  facet normal 0 0 1
    outer loop
      vertex 210.098 60.1021 2.4
      vertex 208.259 61.9406 2.4
      vertex 209.951 59.9349 2.4
    endloop
  endfacet
  facet normal -0 0 1
    outer loop
      vertex 208.259 61.9406 2.4
      vertex 210.098 60.1021 2.4
      vertex 208.441 62.1 2.4
    endloop
  endfacet
  facet normal 0 0 1
    outer loop
      vertex 214.2 64.8 2.4
      vertex 73.3 62.1 2.4
      vertex 208.441 62.1 2.4
    endloop
  endfacet
  facet normal 0 0 1
    outer loop
      vertex 70.3 60.5 2.4
      vertex 73.3 60.5 2.4
      vertex 73.3 62.1 2.4
    endloop
  endfacet
  facet normal 0 0 1
    outer loop
      vertex 73.3 60.5 2.4
      vertex 70.3 60.5 2.4
      vertex 73.3 4.3 2.4
    endloop
  endfacet
  facet normal 0 0 1
    outer loop
      vertex 70.3 60.5 2.4
      vertex 73.3 62.1 2.4
      vertex 70.3 62.1 2.4
    endloop
  endfacet
  facet normal -0 0 1
    outer loop
      vertex 3 64.8 2.4
      vertex 73.3 62.1 2.4
      vertex 214.2 64.8 2.4
    endloop
  endfacet
  facet normal 0 0 1
    outer loop
      vertex 73.3 62.1 2.4
      vertex 3 64.8 2.4
      vertex 70.3 62.1 2.4
    endloop
  endfacet
  facet normal 0 0 1
    outer loop
      vertex 9.88814 4.3 2.4
      vertex 7.47059 5.24944 2.4
      vertex 9.87268 4.25446 2.4
    endloop
  endfacet
  facet normal 0 0 1
    outer loop
      vertex 9.88814 60.5 2.4
      vertex 7.58546 59.1219 2.4
      vertex 7.6 58.9 2.4
    endloop
  endfacet
  facet normal 0 0 1
    outer loop
      vertex 9.88814 60.5 2.4
      vertex 7.54207 59.34 2.4
      vertex 7.58546 59.1219 2.4
    endloop
  endfacet
  facet normal 0 0 1
    outer loop
      vertex 9.88814 60.5 2.4
      vertex 7.47059 59.5506 2.4
      vertex 7.54207 59.34 2.4
    endloop
  endfacet
  facet normal 0 0 1
    outer loop
      vertex 9.62391 61.05 2.4
      vertex 7.37224 59.75 2.4
      vertex 7.47059 59.5506 2.4
    endloop
  endfacet
  facet normal 0 0 1
    outer loop
      vertex 9.31142 61.5177 2.4
      vertex 7.2487 59.9349 2.4
      vertex 7.37224 59.75 2.4
    endloop
  endfacet
  facet normal 0 0 1
    outer loop
      vertex 8.94056 61.9406 2.4
      vertex 7.10208 60.1021 2.4
      vertex 7.2487 59.9349 2.4
    endloop
  endfacet
  facet normal 0 0 1
    outer loop
      vertex 8.75875 62.1 2.4
      vertex 6.93489 60.2487 2.4
      vertex 7.10208 60.1021 2.4
    endloop
  endfacet
  facet normal 0 0 1
    outer loop
      vertex 8.75875 62.1 2.4
      vertex 6.75 60.3722 2.4
      vertex 6.93489 60.2487 2.4
    endloop
  endfacet
  facet normal 0 0 1
    outer loop
      vertex 8.75875 62.1 2.4
      vertex 6.55056 60.4706 2.4
      vertex 6.75 60.3722 2.4
    endloop
  endfacet
  facet normal 0 0 1
    outer loop
      vertex 8.75875 62.1 2.4
      vertex 6.33999 60.5421 2.4
      vertex 6.55056 60.4706 2.4
    endloop
  endfacet
  facet normal 0 0 1
    outer loop
      vertex 8.75875 62.1 2.4
      vertex 6.12189 60.5855 2.4
      vertex 6.33999 60.5421 2.4
    endloop
  endfacet
  facet normal 0 0 1
    outer loop
      vertex 8.75875 62.1 2.4
      vertex 5.9 60.6 2.4
      vertex 6.12189 60.5855 2.4
    endloop
  endfacet
  facet normal 0 0 1
    outer loop
      vertex 3 64.8 2.4
      vertex 5.9 60.6 2.4
      vertex 8.75875 62.1 2.4
    endloop
  endfacet
  facet normal 0 0 1
    outer loop
      vertex 5.9 60.6 2.4
      vertex 3 64.8 2.4
      vertex 5.67811 60.5855 2.4
    endloop
  endfacet
  facet normal -0 -0 1
    outer loop
      vertex 3.04125 62.1 2.4
      vertex 5.67811 60.5855 2.4
      vertex 3 64.8 2.4
    endloop
  endfacet
  facet normal 0 0 1
    outer loop
      vertex 4.32941 59.5506 2.4
      vertex 2.7 61.7588 2.4
      vertex 4.25793 59.34 2.4
    endloop
  endfacet
  facet normal 0 0 1
    outer loop
      vertex 4.86511 57.5513 2.4
      vertex 3.28233 55.4886 2.4
      vertex 3.75 55.1761 2.4
    endloop
  endfacet
  facet normal 0 0 1
    outer loop
      vertex 4.42776 59.75 2.4
      vertex 2.7 61.7588 2.4
      vertex 4.32941 59.5506 2.4
    endloop
  endfacet
  facet normal 0 0 1
    outer loop
      vertex 4.25793 59.34 2.4
      vertex 2.7 61.7588 2.4
      vertex 4.21454 59.1219 2.4
    endloop
  endfacet
  facet normal 0 0 1
    outer loop
      vertex 4.5513 59.9349 2.4
      vertex 2.7 61.7588 2.4
      vertex 4.42776 59.75 2.4
    endloop
  endfacet
  facet normal 0 0 1
    outer loop
      vertex 4.69792 60.1021 2.4
      vertex 2.7 61.7588 2.4
      vertex 4.5513 59.9349 2.4
    endloop
  endfacet
  facet normal -0 0 1
    outer loop
      vertex 2.7 61.7588 2.4
      vertex 4.69792 60.1021 2.4
      vertex 2.85944 61.9406 2.4
    endloop
  endfacet
  facet normal -0 0 1
    outer loop
      vertex 2.85944 61.9406 2.4
      vertex 4.69792 60.1021 2.4
      vertex 3.04125 62.1 2.4
    endloop
  endfacet
  facet normal 0 0 1
    outer loop
      vertex 4.86511 60.2487 2.4
      vertex 3.04125 62.1 2.4
      vertex 4.69792 60.1021 2.4
    endloop
  endfacet
  facet normal 0 0 1
    outer loop
      vertex 5.05 60.3722 2.4
      vertex 3.04125 62.1 2.4
      vertex 4.86511 60.2487 2.4
    endloop
  endfacet
  facet normal 0 0 1
    outer loop
      vertex 5.24944 60.4706 2.4
      vertex 3.04125 62.1 2.4
      vertex 5.05 60.3722 2.4
    endloop
  endfacet
  facet normal 0 0 1
    outer loop
      vertex 5.67811 60.5855 2.4
      vertex 3.04125 62.1 2.4
      vertex 5.46001 60.5421 2.4
    endloop
  endfacet
  facet normal 0 0 1
    outer loop
      vertex 70.3 62.1 2.4
      vertex 3 64.8 2.4
      vertex 8.75875 62.1 2.4
    endloop
  endfacet
  facet normal 0 0 1
    outer loop
      vertex 5.46001 60.5421 2.4
      vertex 3.04125 62.1 2.4
      vertex 5.24944 60.4706 2.4
    endloop
  endfacet
  facet normal -0 0 1
    outer loop
      vertex 2.60842 64.7743 2.4
      vertex 3.04125 62.1 2.4
      vertex 3 64.8 2.4
    endloop
  endfacet
  facet normal 0 0 1
    outer loop
      vertex 0.0256653 62.1916 2.4
      vertex 2.7 61.7588 2.4
      vertex 2.7 62.1 2.4
    endloop
  endfacet
  facet normal 0 0 1
    outer loop
      vertex 4.2 58.9 2.4
      vertex 0 61.8 2.4
      vertex 2.7 56.0412 2.4
    endloop
  endfacet
  facet normal 0 0 1
    outer loop
      vertex 2.7 56.0412 2.4
      vertex 0 61.8 2.4
      vertex 2.7 8.75875 2.4
    endloop
  endfacet
  facet normal 0 0 1
    outer loop
      vertex 0 3 2.4
      vertex 2.7 8.75875 2.4
      vertex 0 61.8 2.4
    endloop
  endfacet
  facet normal -0 0 1
    outer loop
      vertex 2.22354 64.6978 2.4
      vertex 2.7 62.1 2.4
      vertex 2.60842 64.7743 2.4
    endloop
  endfacet
  facet normal 0 0 1
    outer loop
      vertex 3.04125 62.1 2.4
      vertex 2.60842 64.7743 2.4
      vertex 2.7 62.1 2.4
    endloop
  endfacet
  facet normal 0 0 1
    outer loop
      vertex 217.2 61.8 2.4
      vertex 214.5 61.7588 2.4
      vertex 214.5 56.0412 2.4
    endloop
  endfacet
  facet normal 0 0 1
    outer loop
      vertex 216.026 0.61994 2.4
      vertex 214.5 2.7 2.4
      vertex 215.7 0.401923 2.4
    endloop
  endfacet
  facet normal 0 0 1
    outer loop
      vertex 215.7 0.401923 2.4
      vertex 214.5 2.7 2.4
      vertex 215.348 0.228361 2.4
    endloop
  endfacet
  facet normal 0 0 1
    outer loop
      vertex 215.348 0.228361 2.4
      vertex 214.5 2.7 2.4
      vertex 214.976 0.102222 2.4
    endloop
  endfacet
  facet normal 0 0 1
    outer loop
      vertex 214.976 0.102222 2.4
      vertex 214.5 2.7 2.4
      vertex 214.592 0.0256653 2.4
    endloop
  endfacet
  facet normal -0 0 1
    outer loop
      vertex 214.159 2.7 2.4
      vertex 214.592 0.0256653 2.4
      vertex 214.5 2.7 2.4
    endloop
  endfacet
  facet normal 0 0 1
    outer loop
      vertex 214.592 0.0256653 2.4
      vertex 214.159 2.7 2.4
      vertex 214.2 0 2.4
    endloop
  endfacet
  facet normal -0 0 1
    outer loop
      vertex 212.942 5.46001 2.4
      vertex 214.5 3.04125 2.4
      vertex 212.985 5.67811 2.4
    endloop
  endfacet
  facet normal 0 0 1
    outer loop
      vertex 212.335 7.2487 2.4
      vertex 213.918 9.31142 2.4
      vertex 213.45 9.62391 2.4
    endloop
  endfacet
  facet normal -0 0 1
    outer loop
      vertex 212.871 5.24944 2.4
      vertex 214.5 3.04125 2.4
      vertex 212.942 5.46001 2.4
    endloop
  endfacet
  facet normal -0 0 1
    outer loop
      vertex 212.772 5.05 2.4
      vertex 214.5 3.04125 2.4
      vertex 212.871 5.24944 2.4
    endloop
  endfacet
  facet normal -0 0 1
    outer loop
      vertex 212.649 4.86511 2.4
      vertex 214.5 3.04125 2.4
      vertex 212.772 5.05 2.4
    endloop
  endfacet
  facet normal -0 0 1
    outer loop
      vertex 212.502 4.69792 2.4
      vertex 214.5 3.04125 2.4
      vertex 212.649 4.86511 2.4
    endloop
  endfacet
  facet normal 0 0 1
    outer loop
      vertex 214.5 3.04125 2.4
      vertex 212.502 4.69792 2.4
      vertex 214.341 2.85944 2.4
    endloop
  endfacet
  facet normal 0 0 1
    outer loop
      vertex 214.341 2.85944 2.4
      vertex 212.502 4.69792 2.4
      vertex 214.159 2.7 2.4
    endloop
  endfacet
  facet normal -0 0 1
    outer loop
      vertex 212.335 4.5513 2.4
      vertex 214.159 2.7 2.4
      vertex 212.502 4.69792 2.4
    endloop
  endfacet
  facet normal -0 0 1
    outer loop
      vertex 212.15 4.42776 2.4
      vertex 214.159 2.7 2.4
      vertex 212.335 4.5513 2.4
    endloop
  endfacet
  facet normal -0 0 1
    outer loop
      vertex 211.951 4.32941 2.4
      vertex 214.159 2.7 2.4
      vertex 212.15 4.42776 2.4
    endloop
  endfacet
  facet normal -0 0 1
    outer loop
      vertex 211.74 4.25793 2.4
      vertex 214.159 2.7 2.4
      vertex 211.951 4.32941 2.4
    endloop
  endfacet
  facet normal -0 0 1
    outer loop
      vertex 211.522 4.21454 2.4
      vertex 214.159 2.7 2.4
      vertex 211.74 4.25793 2.4
    endloop
  endfacet
  facet normal 0 0 1
    outer loop
      vertex 214.159 2.7 2.4
      vertex 211.522 4.21454 2.4
      vertex 214.2 0 2.4
    endloop
  endfacet
  facet normal -0 0 1
    outer loop
      vertex 211.3 4.2 2.4
      vertex 214.2 0 2.4
      vertex 211.522 4.21454 2.4
    endloop
  endfacet
  facet normal 0 0 1
    outer loop
      vertex 208.441 2.7 2.4
      vertex 211.3 4.2 2.4
      vertex 211.078 4.21454 2.4
    endloop
  endfacet
  facet normal 0 0 1
    outer loop
      vertex 208.441 2.7 2.4
      vertex 211.078 4.21454 2.4
      vertex 210.86 4.25793 2.4
    endloop
  endfacet
  facet normal 0 0 1
    outer loop
      vertex 208.441 2.7 2.4
      vertex 210.86 4.25793 2.4
      vertex 210.649 4.32941 2.4
    endloop
  endfacet
  facet normal 0 0 1
    outer loop
      vertex 208.441 2.7 2.4
      vertex 210.649 4.32941 2.4
      vertex 210.45 4.42776 2.4
    endloop
  endfacet
  facet normal 0 0 1
    outer loop
      vertex 208.441 2.7 2.4
      vertex 210.45 4.42776 2.4
      vertex 210.265 4.5513 2.4
    endloop
  endfacet
  facet normal 0 0 1
    outer loop
      vertex 208.441 2.7 2.4
      vertex 210.265 4.5513 2.4
      vertex 210.098 4.69792 2.4
    endloop
  endfacet
  facet normal 0 0 1
    outer loop
      vertex 208.441 2.7 2.4
      vertex 210.098 4.69792 2.4
      vertex 209.951 4.86511 2.4
    endloop
  endfacet
  facet normal 0 0 1
    outer loop
      vertex 209.615 6.12189 2.4
      vertex 208.441 2.7 2.4
      vertex 209.6 5.9 2.4
    endloop
  endfacet
  facet normal 0 0 1
    outer loop
      vertex 208.441 2.7 2.4
      vertex 209.615 5.67811 2.4
      vertex 209.6 5.9 2.4
    endloop
  endfacet
  facet normal 0 0 1
    outer loop
      vertex 208.441 2.7 2.4
      vertex 209.658 5.46001 2.4
      vertex 209.615 5.67811 2.4
    endloop
  endfacet
  facet normal 0 0 1
    outer loop
      vertex 208.441 2.7 2.4
      vertex 209.729 5.24944 2.4
      vertex 209.658 5.46001 2.4
    endloop
  endfacet
  facet normal 0 0 1
    outer loop
      vertex 208.441 2.7 2.4
      vertex 209.828 5.05 2.4
      vertex 209.729 5.24944 2.4
    endloop
  endfacet
  facet normal 0 0 1
    outer loop
      vertex 208.441 2.7 2.4
      vertex 209.951 4.86511 2.4
      vertex 209.828 5.05 2.4
    endloop
  endfacet
  facet normal 0 0 1
    outer loop
      vertex 211.3 4.2 2.4
      vertex 208.441 2.7 2.4
      vertex 214.2 0 2.4
    endloop
  endfacet
  facet normal -0 0 1
    outer loop
      vertex 73.3 2.7 2.4
      vertex 214.2 0 2.4
      vertex 208.441 2.7 2.4
    endloop
  endfacet
  facet normal 0 0 1
    outer loop
      vertex 70.3 4.3 2.4
      vertex 73.3 4.3 2.4
      vertex 70.3 60.5 2.4
    endloop
  endfacet
  facet normal 0 0 1
    outer loop
      vertex 73.3 4.3 2.4
      vertex 70.3 4.3 2.4
      vertex 73.3 2.7 2.4
    endloop
  endfacet
  facet normal 0 0 1
    outer loop
      vertex 70.3 2.7 2.4
      vertex 73.3 2.7 2.4
      vertex 70.3 4.3 2.4
    endloop
  endfacet
  facet normal 0 0 1
    outer loop
      vertex 3 0 2.4
      vertex 73.3 2.7 2.4
      vertex 70.3 2.7 2.4
    endloop
  endfacet
  facet normal 0 0 1
    outer loop
      vertex 3 0 2.4
      vertex 70.3 2.7 2.4
      vertex 8.75875 2.7 2.4
    endloop
  endfacet
  facet normal 0 0 1
    outer loop
      vertex 9.87268 4.25446 2.4
      vertex 7.47059 5.24944 2.4
      vertex 9.62391 3.75 2.4
    endloop
  endfacet
  facet normal -0 0 1
    outer loop
      vertex 7.37224 5.05 2.4
      vertex 9.62391 3.75 2.4
      vertex 7.47059 5.24944 2.4
    endloop
  endfacet
  facet normal 0 0 1
    outer loop
      vertex 9.62391 3.75 2.4
      vertex 7.37224 5.05 2.4
      vertex 9.31142 3.28233 2.4
    endloop
  endfacet
  facet normal -0 0 1
    outer loop
      vertex 7.2487 4.86511 2.4
      vertex 9.31142 3.28233 2.4
      vertex 7.37224 5.05 2.4
    endloop
  endfacet
  facet normal 0 0 1
    outer loop
      vertex 9.31142 3.28233 2.4
      vertex 7.2487 4.86511 2.4
      vertex 8.94056 2.85944 2.4
    endloop
  endfacet
  facet normal -0 0 1
    outer loop
      vertex 7.10208 4.69792 2.4
      vertex 8.94056 2.85944 2.4
      vertex 7.2487 4.86511 2.4
    endloop
  endfacet
  facet normal 0 0 1
    outer loop
      vertex 8.94056 2.85944 2.4
      vertex 7.10208 4.69792 2.4
      vertex 8.75875 2.7 2.4
    endloop
  endfacet
  facet normal -0 0 1
    outer loop
      vertex 6.93489 4.5513 2.4
      vertex 8.75875 2.7 2.4
      vertex 7.10208 4.69792 2.4
    endloop
  endfacet
  facet normal -0 0 1
    outer loop
      vertex 6.75 4.42776 2.4
      vertex 8.75875 2.7 2.4
      vertex 6.93489 4.5513 2.4
    endloop
  endfacet
  facet normal -0 0 1
    outer loop
      vertex 6.55056 4.32941 2.4
      vertex 8.75875 2.7 2.4
      vertex 6.75 4.42776 2.4
    endloop
  endfacet
  facet normal -0 0 1
    outer loop
      vertex 6.33999 4.25793 2.4
      vertex 8.75875 2.7 2.4
      vertex 6.55056 4.32941 2.4
    endloop
  endfacet
  facet normal -0 0 1
    outer loop
      vertex 6.12189 4.21454 2.4
      vertex 8.75875 2.7 2.4
      vertex 6.33999 4.25793 2.4
    endloop
  endfacet
  facet normal -0 0 1
    outer loop
      vertex 5.9 4.2 2.4
      vertex 8.75875 2.7 2.4
      vertex 6.12189 4.21454 2.4
    endloop
  endfacet
  facet normal 0 0 1
    outer loop
      vertex 3 0 2.4
      vertex 5.9 4.2 2.4
      vertex 5.67811 4.21454 2.4
    endloop
  endfacet
  facet normal 0 0 1
    outer loop
      vertex 3.04125 2.7 2.4
      vertex 5.67811 4.21454 2.4
      vertex 5.46001 4.25793 2.4
    endloop
  endfacet
  facet normal 0 0 1
    outer loop
      vertex 3.04125 2.7 2.4
      vertex 5.46001 4.25793 2.4
      vertex 5.24944 4.32941 2.4
    endloop
  endfacet
  facet normal 0 0 1
    outer loop
      vertex 4.32941 6.55056 2.4
      vertex 2.7 8.75875 2.4
      vertex 4.25793 6.33999 2.4
    endloop
  endfacet
  facet normal 0 0 1
    outer loop
      vertex 4.25793 6.33999 2.4
      vertex 2.7 8.75875 2.4
      vertex 4.21454 6.12189 2.4
    endloop
  endfacet
  facet normal 0 0 1
    outer loop
      vertex 4.2 5.9 2.4
      vertex 3.04125 2.7 2.4
      vertex 4.21454 5.67811 2.4
    endloop
  endfacet
  facet normal 0 0 1
    outer loop
      vertex 4.21454 5.67811 2.4
      vertex 3.04125 2.7 2.4
      vertex 4.25793 5.46001 2.4
    endloop
  endfacet
  facet normal 0 0 1
    outer loop
      vertex 3.04125 2.7 2.4
      vertex 4.32941 5.24944 2.4
      vertex 4.25793 5.46001 2.4
    endloop
  endfacet
  facet normal 0 0 1
    outer loop
      vertex 3.04125 2.7 2.4
      vertex 4.42776 5.05 2.4
      vertex 4.32941 5.24944 2.4
    endloop
  endfacet
  facet normal 0 0 1
    outer loop
      vertex 3.04125 2.7 2.4
      vertex 4.5513 4.86511 2.4
      vertex 4.42776 5.05 2.4
    endloop
  endfacet
  facet normal 0 0 1
    outer loop
      vertex 3.04125 2.7 2.4
      vertex 4.69792 4.69792 2.4
      vertex 4.5513 4.86511 2.4
    endloop
  endfacet
  facet normal 0 0 1
    outer loop
      vertex 3.04125 2.7 2.4
      vertex 4.86511 4.5513 2.4
      vertex 4.69792 4.69792 2.4
    endloop
  endfacet
  facet normal 0 0 1
    outer loop
      vertex 3.04125 2.7 2.4
      vertex 5.05 4.42776 2.4
      vertex 4.86511 4.5513 2.4
    endloop
  endfacet
  facet normal 0 0 1
    outer loop
      vertex 3.04125 2.7 2.4
      vertex 5.24944 4.32941 2.4
      vertex 5.05 4.42776 2.4
    endloop
  endfacet
  facet normal 0 0 1
    outer loop
      vertex 5.67811 4.21454 2.4
      vertex 3.04125 2.7 2.4
      vertex 3 0 2.4
    endloop
  endfacet
  facet normal 0 0 1
    outer loop
      vertex 5.9 4.2 2.4
      vertex 3 0 2.4
      vertex 8.75875 2.7 2.4
    endloop
  endfacet
  facet normal 0 0 1
    outer loop
      vertex 73.3 2.7 2.4
      vertex 3 0 2.4
      vertex 214.2 0 2.4
    endloop
  endfacet
  facet normal 0 0 1
    outer loop
      vertex 2.60842 0.0256653 2.4
      vertex 3.04125 2.7 2.4
      vertex 2.7 2.7 2.4
    endloop
  endfacet
  facet normal 0 0 1
    outer loop
      vertex 3.04125 2.7 2.4
      vertex 2.60842 0.0256653 2.4
      vertex 3 0 2.4
    endloop
  endfacet
  facet normal 0 0 1
    outer loop
      vertex 4.2 5.9 2.4
      vertex 0 3 2.4
      vertex 2.7 3.04125 2.4
    endloop
  endfacet
  facet normal -0 0 1
    outer loop
      vertex 1.85195 64.5716 2.4
      vertex 2.7 62.1 2.4
      vertex 2.22354 64.6978 2.4
    endloop
  endfacet
  facet normal 0 -0 1
    outer loop
      vertex 0.0256653 2.60842 2.4
      vertex 2.7 3.04125 2.4
      vertex 0 3 2.4
    endloop
  endfacet
  facet normal -0 0 1
    outer loop
      vertex 1.5 64.3981 2.4
      vertex 2.7 62.1 2.4
      vertex 1.85195 64.5716 2.4
    endloop
  endfacet
  facet normal 0 0 1
    outer loop
      vertex 2.7 3.04125 2.4
      vertex 0.0256653 2.60842 2.4
      vertex 2.7 2.7 2.4
    endloop
  endfacet
  facet normal -0 0 1
    outer loop
      vertex 1.17372 64.1801 2.4
      vertex 2.7 62.1 2.4
      vertex 1.5 64.3981 2.4
    endloop
  endfacet
  facet normal 0 0 1
    outer loop
      vertex 2.7 2.7 2.4
      vertex 2.22354 0.102222 2.4
      vertex 2.60842 0.0256653 2.4
    endloop
  endfacet
  facet normal -0 0 1
    outer loop
      vertex 0.878679 63.9213 2.4
      vertex 2.7 62.1 2.4
      vertex 1.17372 64.1801 2.4
    endloop
  endfacet
  facet normal 0 0 1
    outer loop
      vertex 2.7 2.7 2.4
      vertex 1.85195 0.228361 2.4
      vertex 2.22354 0.102222 2.4
    endloop
  endfacet
  facet normal -0 0 1
    outer loop
      vertex 0.61994 63.6263 2.4
      vertex 2.7 62.1 2.4
      vertex 0.878679 63.9213 2.4
    endloop
  endfacet
  facet normal 0 0 1
    outer loop
      vertex 2.7 2.7 2.4
      vertex 1.5 0.401923 2.4
      vertex 1.85195 0.228361 2.4
    endloop
  endfacet
  facet normal -0 0 1
    outer loop
      vertex 0.401923 63.3 2.4
      vertex 2.7 62.1 2.4
      vertex 0.61994 63.6263 2.4
    endloop
  endfacet
  facet normal 0 0 1
    outer loop
      vertex 2.7 2.7 2.4
      vertex 1.17372 0.61994 2.4
      vertex 1.5 0.401923 2.4
    endloop
  endfacet
  facet normal -0 0 1
    outer loop
      vertex 0.228361 62.9481 2.4
      vertex 2.7 62.1 2.4
      vertex 0.401923 63.3 2.4
    endloop
  endfacet
  facet normal 0 0 1
    outer loop
      vertex 2.7 2.7 2.4
      vertex 0.878679 0.878679 2.4
      vertex 1.17372 0.61994 2.4
    endloop
  endfacet
  facet normal -0 0 1
    outer loop
      vertex 0.102222 62.5765 2.4
      vertex 2.7 62.1 2.4
      vertex 0.228361 62.9481 2.4
    endloop
  endfacet
  facet normal 0 0 1
    outer loop
      vertex 2.7 2.7 2.4
      vertex 0.61994 1.17372 2.4
      vertex 0.878679 0.878679 2.4
    endloop
  endfacet
  facet normal -0 0 1
    outer loop
      vertex 0.0256653 62.1916 2.4
      vertex 2.7 62.1 2.4
      vertex 0.102222 62.5765 2.4
    endloop
  endfacet
  facet normal 0 0 1
    outer loop
      vertex 2.7 2.7 2.4
      vertex 0.401923 1.5 2.4
      vertex 0.61994 1.17372 2.4
    endloop
  endfacet
  facet normal 0 0 1
    outer loop
      vertex 2.7 61.7588 2.4
      vertex 0.0256653 62.1916 2.4
      vertex 0 61.8 2.4
    endloop
  endfacet
  facet normal 0 0 1
    outer loop
      vertex 2.7 2.7 2.4
      vertex 0.228361 1.85195 2.4
      vertex 0.401923 1.5 2.4
    endloop
  endfacet
  facet normal 0 0 1
    outer loop
      vertex 2.7 2.7 2.4
      vertex 0.102222 2.22354 2.4
      vertex 0.228361 1.85195 2.4
    endloop
  endfacet
  facet normal 0 0 1
    outer loop
      vertex 2.7 2.7 2.4
      vertex 0.0256653 2.60842 2.4
      vertex 0.102222 2.22354 2.4
    endloop
  endfacet
  facet normal 1 -0 0
    outer loop
      vertex 70.3 60.5 5.39
      vertex 70.3 62.1 2.4
      vertex 70.3 62.1 5.39
    endloop
  endfacet
  facet normal 1 0 0
    outer loop
      vertex 70.3 62.1 2.4
      vertex 70.3 60.5 5.39
      vertex 70.3 60.5 2.4
    endloop
  endfacet
  facet normal 1 -0 0
    outer loop
      vertex 70.3 2.7 5.39
      vertex 70.3 4.3 2.4
      vertex 70.3 4.3 5.39
    endloop
  endfacet
  facet normal 1 0 0
    outer loop
      vertex 70.3 4.3 2.4
      vertex 70.3 2.7 5.39
      vertex 70.3 2.7 2.4
    endloop
  endfacet
  facet normal 0.831501 0.555523 0
    outer loop
      vertex 216.798 63.3 2.4
      vertex 216.58 63.6263 0
      vertex 216.58 63.6263 2.4
    endloop
  endfacet
  facet normal 0.831501 0.555523 0
    outer loop
      vertex 216.58 63.6263 0
      vertex 216.798 63.3 2.4
      vertex 216.798 63.3 0
    endloop
  endfacet
  facet normal 0.442237 -0.896898 0
    outer loop
      vertex 215.348 0.228361 0
      vertex 215.7 0.401923 2.4
      vertex 215.348 0.228361 2.4
    endloop
  endfacet
  facet normal 0.442237 -0.896898 0
    outer loop
      vertex 215.7 0.401923 2.4
      vertex 215.348 0.228361 0
      vertex 215.7 0.401923 0
    endloop
  endfacet
  facet normal 0.555877 0.831265 -0
    outer loop
      vertex 216.026 64.1801 0
      vertex 215.7 64.3981 2.4
      vertex 216.026 64.1801 2.4
    endloop
  endfacet
  facet normal 0.555877 0.831265 0
    outer loop
      vertex 215.7 64.3981 2.4
      vertex 216.026 64.1801 0
      vertex 215.7 64.3981 0
    endloop
  endfacet
  facet normal 0.321124 -0.947037 0
    outer loop
      vertex 214.976 0.102222 0
      vertex 215.348 0.228361 2.4
      vertex 214.976 0.102222 2.4
    endloop
  endfacet
  facet normal 0.321124 -0.947037 0
    outer loop
      vertex 215.348 0.228361 2.4
      vertex 214.976 0.102222 0
      vertex 215.348 0.228361 0
    endloop
  endfacet
  facet normal -0.0654026 -0.997859 0
    outer loop
      vertex 2.60842 0.0256653 0
      vertex 3 0 2.4
      vertex 2.60842 0.0256653 2.4
    endloop
  endfacet
  facet normal -0.0654026 -0.997859 -0
    outer loop
      vertex 3 0 2.4
      vertex 2.60842 0.0256653 0
      vertex 3 0 0
    endloop
  endfacet
  facet normal 0.0653328 -0.997864 0
    outer loop
      vertex 214.2 0 0
      vertex 214.592 0.0256653 2.4
      vertex 214.2 0 2.4
    endloop
  endfacet
  facet normal 0.0653328 -0.997864 0
    outer loop
      vertex 214.592 0.0256653 2.4
      vertex 214.2 0 0
      vertex 214.592 0.0256653 0
    endloop
  endfacet
  facet normal 0 -1 0
    outer loop
      vertex 3 0 0
      vertex 214.2 0 2.4
      vertex 3 0 2.4
    endloop
  endfacet
  facet normal 0 -1 -0
    outer loop
      vertex 214.2 0 2.4
      vertex 3 0 0
      vertex 214.2 0 0
    endloop
  endfacet
  facet normal 0.751471 0.659766 0
    outer loop
      vertex 216.58 63.6263 2.4
      vertex 216.321 63.9213 0
      vertex 216.321 63.9213 2.4
    endloop
  endfacet
  facet normal 0.751471 0.659766 0
    outer loop
      vertex 216.321 63.9213 0
      vertex 216.58 63.6263 2.4
      vertex 216.58 63.6263 0
    endloop
  endfacet
  facet normal -0.321582 0.946882 0
    outer loop
      vertex 2.22354 64.6978 0
      vertex 1.85195 64.5716 2.4
      vertex 2.22354 64.6978 2.4
    endloop
  endfacet
  facet normal -0.321582 0.946882 0
    outer loop
      vertex 1.85195 64.5716 2.4
      vertex 2.22354 64.6978 0
      vertex 1.85195 64.5716 0
    endloop
  endfacet
  facet normal -0.321442 -0.946929 0
    outer loop
      vertex 1.85195 0.228361 0
      vertex 2.22354 0.102222 2.4
      vertex 1.85195 0.228361 2.4
    endloop
  endfacet
  facet normal -0.321442 -0.946929 -0
    outer loop
      vertex 2.22354 0.102222 2.4
      vertex 1.85195 0.228361 0
      vertex 2.22354 0.102222 0
    endloop
  endfacet
  facet normal 0.659478 0.751724 -0
    outer loop
      vertex 216.321 63.9213 0
      vertex 216.026 64.1801 2.4
      vertex 216.321 63.9213 2.4
    endloop
  endfacet
  facet normal 0.659478 0.751724 0
    outer loop
      vertex 216.026 64.1801 2.4
      vertex 216.321 63.9213 0
      vertex 216.026 64.1801 0
    endloop
  endfacet
  facet normal 0.0654208 0.997858 -0
    outer loop
      vertex 214.592 64.7743 0
      vertex 214.2 64.8 2.4
      vertex 214.592 64.7743 2.4
    endloop
  endfacet
  facet normal 0.0654208 0.997858 0
    outer loop
      vertex 214.2 64.8 2.4
      vertex 214.592 64.7743 0
      vertex 214.2 64.8 0
    endloop
  endfacet
  facet normal 1 -0 0
    outer loop
      vertex 217.2 3 2.4
      vertex 217.2 61.8 0
      vertex 217.2 61.8 2.4
    endloop
  endfacet
  facet normal 1 0 0
    outer loop
      vertex 217.2 61.8 0
      vertex 217.2 3 2.4
      vertex 217.2 3 0
    endloop
  endfacet
  facet normal 0.555906 -0.831245 0
    outer loop
      vertex 215.7 0.401923 0
      vertex 216.026 0.61994 2.4
      vertex 215.7 0.401923 2.4
    endloop
  endfacet
  facet normal 0.555906 -0.831245 0
    outer loop
      vertex 216.026 0.61994 2.4
      vertex 215.7 0.401923 0
      vertex 216.026 0.61994 0
    endloop
  endfacet
  facet normal 0.997803 -0.0662518 0
    outer loop
      vertex 217.174 2.60842 2.4
      vertex 217.2 3 0
      vertex 217.2 3 2.4
    endloop
  endfacet
  facet normal 0.997803 -0.0662518 0
    outer loop
      vertex 217.2 3 0
      vertex 217.174 2.60842 2.4
      vertex 217.174 2.60842 0
    endloop
  endfacet
  facet normal -0.555547 0.831485 0
    outer loop
      vertex 1.5 64.3981 0
      vertex 1.17372 64.1801 2.4
      vertex 1.5 64.3981 2.4
    endloop
  endfacet
  facet normal -0.555547 0.831485 0
    outer loop
      vertex 1.17372 64.1801 2.4
      vertex 1.5 64.3981 0
      vertex 1.17372 64.1801 0
    endloop
  endfacet
  facet normal 0 1 -0
    outer loop
      vertex 214.2 64.8 0
      vertex 3 64.8 2.4
      vertex 214.2 64.8 2.4
    endloop
  endfacet
  facet normal 0 1 0
    outer loop
      vertex 3 64.8 2.4
      vertex 214.2 64.8 0
      vertex 3 64.8 0
    endloop
  endfacet
  facet normal -0.896873 -0.442288 0
    outer loop
      vertex 0.401923 1.5 0
      vertex 0.228361 1.85195 2.4
      vertex 0.228361 1.85195 0
    endloop
  endfacet
  facet normal -0.896873 -0.442288 0
    outer loop
      vertex 0.228361 1.85195 2.4
      vertex 0.401923 1.5 0
      vertex 0.401923 1.5 2.4
    endloop
  endfacet
  facet normal -0.442288 -0.896873 0
    outer loop
      vertex 1.5 0.401923 0
      vertex 1.85195 0.228361 2.4
      vertex 1.5 0.401923 2.4
    endloop
  endfacet
  facet normal -0.442288 -0.896873 -0
    outer loop
      vertex 1.85195 0.228361 2.4
      vertex 1.5 0.401923 0
      vertex 1.85195 0.228361 0
    endloop
  endfacet
  facet normal 0.195519 -0.9807 0
    outer loop
      vertex 214.592 0.0256653 0
      vertex 214.976 0.102222 2.4
      vertex 214.592 0.0256653 2.4
    endloop
  endfacet
  facet normal 0.195519 -0.9807 0
    outer loop
      vertex 214.976 0.102222 2.4
      vertex 214.592 0.0256653 0
      vertex 214.976 0.102222 0
    endloop
  endfacet
  facet normal -0.195089 -0.980786 0
    outer loop
      vertex 2.22354 0.102222 0
      vertex 2.60842 0.0256653 2.4
      vertex 2.22354 0.102222 2.4
    endloop
  endfacet
  facet normal -0.195089 -0.980786 -0
    outer loop
      vertex 2.60842 0.0256653 2.4
      vertex 2.22354 0.102222 0
      vertex 2.60842 0.0256653 0
    endloop
  endfacet
  facet normal 0.44211 0.896961 -0
    outer loop
      vertex 215.7 64.3981 0
      vertex 215.348 64.5716 2.4
      vertex 215.7 64.3981 2.4
    endloop
  endfacet
  facet normal 0.44211 0.896961 0
    outer loop
      vertex 215.348 64.5716 2.4
      vertex 215.7 64.3981 0
      vertex 215.348 64.5716 0
    endloop
  endfacet
  facet normal -0.0654906 0.997853 0
    outer loop
      vertex 3 64.8 0
      vertex 2.60842 64.7743 2.4
      vertex 3 64.8 2.4
    endloop
  endfacet
  facet normal -0.0654906 0.997853 0
    outer loop
      vertex 2.60842 64.7743 2.4
      vertex 3 64.8 0
      vertex 2.60842 64.7743 0
    endloop
  endfacet
  facet normal -0.946929 -0.321442 0
    outer loop
      vertex 0.228361 1.85195 0
      vertex 0.102222 2.22354 2.4
      vertex 0.102222 2.22354 0
    endloop
  endfacet
  facet normal -0.946929 -0.321442 0
    outer loop
      vertex 0.102222 2.22354 2.4
      vertex 0.228361 1.85195 0
      vertex 0.228361 1.85195 2.4
    endloop
  endfacet
  facet normal 0.831485 -0.555547 0
    outer loop
      vertex 216.58 1.17372 2.4
      vertex 216.798 1.5 0
      vertex 216.798 1.5 2.4
    endloop
  endfacet
  facet normal 0.831485 -0.555547 0
    outer loop
      vertex 216.798 1.5 0
      vertex 216.58 1.17372 2.4
      vertex 216.58 1.17372 0
    endloop
  endfacet
  facet normal 0.65939 -0.751801 0
    outer loop
      vertex 216.026 0.61994 0
      vertex 216.321 0.878679 2.4
      vertex 216.026 0.61994 2.4
    endloop
  endfacet
  facet normal 0.65939 -0.751801 0
    outer loop
      vertex 216.321 0.878679 2.4
      vertex 216.026 0.61994 0
      vertex 216.321 0.878679 0
    endloop
  endfacet
  facet normal -0.659426 0.751769 0
    outer loop
      vertex 1.17372 64.1801 0
      vertex 0.878679 63.9213 2.4
      vertex 1.17372 64.1801 2.4
    endloop
  endfacet
  facet normal -0.659426 0.751769 0
    outer loop
      vertex 0.878679 63.9213 2.4
      vertex 1.17372 64.1801 0
      vertex 0.878679 63.9213 0
    endloop
  endfacet
  facet normal -0.997859 0.0653993 0
    outer loop
      vertex 0 61.8 0
      vertex 0.0256653 62.1916 2.4
      vertex 0.0256653 62.1916 0
    endloop
  endfacet
  facet normal -0.997859 0.0653993 0
    outer loop
      vertex 0.0256653 62.1916 2.4
      vertex 0 61.8 0
      vertex 0 61.8 2.4
    endloop
  endfacet
  facet normal -1 0 0
    outer loop
      vertex 0 3 0
      vertex 0 61.8 2.4
      vertex 0 61.8 0
    endloop
  endfacet
  facet normal -1 -0 0
    outer loop
      vertex 0 61.8 2.4
      vertex 0 3 0
      vertex 0 3 2.4
    endloop
  endfacet
  facet normal 0.981056 -0.193723 0
    outer loop
      vertex 217.098 2.22354 2.4
      vertex 217.174 2.60842 0
      vertex 217.174 2.60842 2.4
    endloop
  endfacet
  facet normal 0.981056 -0.193723 0
    outer loop
      vertex 217.174 2.60842 0
      vertex 217.098 2.22354 2.4
      vertex 217.098 2.22354 0
    endloop
  endfacet
  facet normal -0.751801 0.65939 0
    outer loop
      vertex 0.61994 63.6263 0
      vertex 0.878679 63.9213 2.4
      vertex 0.878679 63.9213 0
    endloop
  endfacet
  facet normal -0.751801 0.65939 0
    outer loop
      vertex 0.878679 63.9213 2.4
      vertex 0.61994 63.6263 0
      vertex 0.61994 63.6263 2.4
    endloop
  endfacet
  facet normal -0.997859 -0.0654026 0
    outer loop
      vertex 0.0256653 2.60842 0
      vertex 0 3 2.4
      vertex 0 3 0
    endloop
  endfacet
  facet normal -0.997859 -0.0654026 0
    outer loop
      vertex 0 3 2.4
      vertex 0.0256653 2.60842 0
      vertex 0.0256653 2.60842 2.4
    endloop
  endfacet
  facet normal 0.751516 -0.659714 0
    outer loop
      vertex 216.321 0.878679 2.4
      vertex 216.58 1.17372 0
      vertex 216.58 1.17372 2.4
    endloop
  endfacet
  facet normal 0.751516 -0.659714 0
    outer loop
      vertex 216.58 1.17372 0
      vertex 216.321 0.878679 2.4
      vertex 216.321 0.878679 0
    endloop
  endfacet
  facet normal -0.19495 0.980813 0
    outer loop
      vertex 2.60842 64.7743 0
      vertex 2.22354 64.6978 2.4
      vertex 2.60842 64.7743 2.4
    endloop
  endfacet
  facet normal -0.19495 0.980813 0
    outer loop
      vertex 2.22354 64.6978 2.4
      vertex 2.60842 64.7743 0
      vertex 2.22354 64.6978 0
    endloop
  endfacet
  facet normal 0 0 -1
    outer loop
      vertex 8.41141 6.57293 0
      vertex 26.757 28.6725 0
      vertex 8.4604 6.32661 0
    endloop
  endfacet
  facet normal 0 0 -1
    outer loop
      vertex 22.3248 36.3163 0
      vertex 8.48357 58.6494 0
      vertex 8.5 58.9 0
    endloop
  endfacet
  facet normal -0 0 -1
    outer loop
      vertex 26.757 28.6725 0
      vertex 8.41141 6.57293 0
      vertex 25.1349 28.6725 0
    endloop
  endfacet
  facet normal 0 0 -1
    outer loop
      vertex 22.3248 36.3163 0
      vertex 8.47776 58.5606 0
      vertex 8.48357 58.6494 0
    endloop
  endfacet
  facet normal 0 0 -1
    outer loop
      vertex 8.33068 6.81075 0
      vertex 25.1349 28.6725 0
      vertex 8.41141 6.57293 0
    endloop
  endfacet
  facet normal 0 0 -1
    outer loop
      vertex 22.3248 36.3163 0
      vertex 8.4604 58.4734 0
      vertex 8.47776 58.5606 0
    endloop
  endfacet
  facet normal 0 0 -1
    outer loop
      vertex 8.30209 6.89498 0
      vertex 25.1349 28.6725 0
      vertex 8.33068 6.81075 0
    endloop
  endfacet
  facet normal 0 0 -1
    outer loop
      vertex 22.3248 36.3163 0
      vertex 8.41141 58.2271 0
      vertex 8.4604 58.4734 0
    endloop
  endfacet
  facet normal 0 0 -1
    outer loop
      vertex 8.19101 7.12022 0
      vertex 25.1349 28.6725 0
      vertex 8.30209 6.89498 0
    endloop
  endfacet
  facet normal 0 0 -1
    outer loop
      vertex 22.3248 36.3163 0
      vertex 8.33068 57.9893 0
      vertex 8.41141 58.2271 0
    endloop
  endfacet
  facet normal 0 0 -1
    outer loop
      vertex 8.15167 7.2 0
      vertex 25.1349 28.6725 0
      vertex 8.19101 7.12022 0
    endloop
  endfacet
  facet normal 0 0 -1
    outer loop
      vertex 22.3248 36.3163 0
      vertex 8.30209 57.905 0
      vertex 8.33068 57.9893 0
    endloop
  endfacet
  facet normal 0 0 -1
    outer loop
      vertex 8.10225 7.27396 0
      vertex 25.1349 28.6725 0
      vertex 8.15167 7.2 0
    endloop
  endfacet
  facet normal 0 0 -1
    outer loop
      vertex 22.3248 36.3163 0
      vertex 8.19101 57.6798 0
      vertex 8.30209 57.905 0
    endloop
  endfacet
  facet normal 0 0 -1
    outer loop
      vertex 7.96272 7.48278 0
      vertex 25.1349 28.6725 0
      vertex 8.10225 7.27396 0
    endloop
  endfacet
  facet normal 0 0 -1
    outer loop
      vertex 22.3248 36.3163 0
      vertex 8.15167 57.6 0
      vertex 8.19101 57.6798 0
    endloop
  endfacet
  facet normal 0 0 -1
    outer loop
      vertex 7.79712 7.6716 0
      vertex 25.1349 28.6725 0
      vertex 7.96272 7.48278 0
    endloop
  endfacet
  facet normal 0 0 -1
    outer loop
      vertex 22.3248 36.3163 0
      vertex 8.10225 57.526 0
      vertex 8.15167 57.6 0
    endloop
  endfacet
  facet normal 0 0 -1
    outer loop
      vertex 7.73848 7.73848 0
      vertex 25.1349 28.6725 0
      vertex 7.79712 7.6716 0
    endloop
  endfacet
  facet normal 0 0 -1
    outer loop
      vertex 22.3248 36.3163 0
      vertex 7.96272 57.3172 0
      vertex 8.10225 57.526 0
    endloop
  endfacet
  facet normal 0 0 -1
    outer loop
      vertex 7.6716 7.79712 0
      vertex 25.1349 28.6725 0
      vertex 7.73848 7.73848 0
    endloop
  endfacet
  facet normal 0 0 -1
    outer loop
      vertex 22.3248 36.3163 0
      vertex 7.79712 57.1284 0
      vertex 7.96272 57.3172 0
    endloop
  endfacet
  facet normal 0 0 -1
    outer loop
      vertex 7.48278 7.96272 0
      vertex 25.1349 28.6725 0
      vertex 7.6716 7.79712 0
    endloop
  endfacet
  facet normal 0 0 -1
    outer loop
      vertex 22.3248 36.3163 0
      vertex 7.73848 57.0615 0
      vertex 7.79712 57.1284 0
    endloop
  endfacet
  facet normal 0 0 -1
    outer loop
      vertex 7.27396 8.10225 0
      vertex 25.1349 28.6725 0
      vertex 7.48278 7.96272 0
    endloop
  endfacet
  facet normal 0 0 -1
    outer loop
      vertex 22.3248 36.3163 0
      vertex 7.6716 57.0029 0
      vertex 7.73848 57.0615 0
    endloop
  endfacet
  facet normal 0 0 -1
    outer loop
      vertex 7.2 8.15167 0
      vertex 25.1349 28.6725 0
      vertex 7.27396 8.10225 0
    endloop
  endfacet
  facet normal 0 0 -1
    outer loop
      vertex 22.3248 36.3163 0
      vertex 7.48278 56.8373 0
      vertex 7.6716 57.0029 0
    endloop
  endfacet
  facet normal 0 0 -1
    outer loop
      vertex 7.12022 8.19101 0
      vertex 25.1349 28.6725 0
      vertex 7.2 8.15167 0
    endloop
  endfacet
  facet normal 0 0 -1
    outer loop
      vertex 22.3248 36.3163 0
      vertex 7.27396 56.6978 0
      vertex 7.48278 56.8373 0
    endloop
  endfacet
  facet normal 0 0 -1
    outer loop
      vertex 6.89498 8.30209 0
      vertex 25.1349 28.6725 0
      vertex 7.12022 8.19101 0
    endloop
  endfacet
  facet normal 0 0 -1
    outer loop
      vertex 22.3248 36.3163 0
      vertex 7.2 56.6483 0
      vertex 7.27396 56.6978 0
    endloop
  endfacet
  facet normal 0 0 -1
    outer loop
      vertex 6.81075 8.33068 0
      vertex 25.1349 28.6725 0
      vertex 6.89498 8.30209 0
    endloop
  endfacet
  facet normal 0 0 -1
    outer loop
      vertex 22.3248 36.3163 0
      vertex 7.12022 56.609 0
      vertex 7.2 56.6483 0
    endloop
  endfacet
  facet normal 0 0 -1
    outer loop
      vertex 6.57293 8.41141 0
      vertex 25.1349 28.6725 0
      vertex 6.81075 8.33068 0
    endloop
  endfacet
  facet normal 0 0 -1
    outer loop
      vertex 22.3248 36.3163 0
      vertex 6.89498 56.4979 0
      vertex 7.12022 56.609 0
    endloop
  endfacet
  facet normal 0 0 -1
    outer loop
      vertex 6.32661 8.4604 0
      vertex 25.1349 28.6725 0
      vertex 6.57293 8.41141 0
    endloop
  endfacet
  facet normal 0 0 -1
    outer loop
      vertex 22.3248 36.3163 0
      vertex 6.81075 56.4693 0
      vertex 6.89498 56.4979 0
    endloop
  endfacet
  facet normal 0 0 -1
    outer loop
      vertex 6.23937 8.47776 0
      vertex 25.1349 28.6725 0
      vertex 6.32661 8.4604 0
    endloop
  endfacet
  facet normal 0 0 -1
    outer loop
      vertex 22.3248 36.3163 0
      vertex 6.57293 56.3886 0
      vertex 6.81075 56.4693 0
    endloop
  endfacet
  facet normal -0 0 -1
    outer loop
      vertex 25.1349 28.6725 0
      vertex 6.23937 8.47776 0
      vertex 22.3248 36.3163 0
    endloop
  endfacet
  facet normal 0 0 -1
    outer loop
      vertex 22.3248 36.3163 0
      vertex 6.32661 56.3396 0
      vertex 6.57293 56.3886 0
    endloop
  endfacet
  facet normal 0 0 -1
    outer loop
      vertex 6.15061 8.48357 0
      vertex 22.3248 36.3163 0
      vertex 6.23937 8.47776 0
    endloop
  endfacet
  facet normal 0 0 -1
    outer loop
      vertex 22.3248 36.3163 0
      vertex 6.23937 56.3222 0
      vertex 6.32661 56.3396 0
    endloop
  endfacet
  facet normal 0 0 -1
    outer loop
      vertex 5.9 8.5 0
      vertex 22.3248 36.3163 0
      vertex 6.15061 8.48357 0
    endloop
  endfacet
  facet normal 0 0 -1
    outer loop
      vertex 22.3248 36.3163 0
      vertex 6.15061 56.3164 0
      vertex 6.23937 56.3222 0
    endloop
  endfacet
  facet normal 0 0 -1
    outer loop
      vertex 5.64939 8.48357 0
      vertex 22.3248 36.3163 0
      vertex 5.9 8.5 0
    endloop
  endfacet
  facet normal 0 0 -1
    outer loop
      vertex 22.3248 36.3163 0
      vertex 5.9 56.3 0
      vertex 6.15061 56.3164 0
    endloop
  endfacet
  facet normal 0 0 -1
    outer loop
      vertex 5.56063 8.47776 0
      vertex 22.3248 36.3163 0
      vertex 5.64939 8.48357 0
    endloop
  endfacet
  facet normal 0 0 -1
    outer loop
      vertex 22.3248 36.3163 0
      vertex 5.64939 56.3164 0
      vertex 5.9 56.3 0
    endloop
  endfacet
  facet normal 0 0 -1
    outer loop
      vertex 5.47339 8.4604 0
      vertex 22.3248 36.3163 0
      vertex 5.56063 8.47776 0
    endloop
  endfacet
  facet normal 0 0 -1
    outer loop
      vertex 22.3248 36.3163 0
      vertex 5.56063 56.3222 0
      vertex 5.64939 56.3164 0
    endloop
  endfacet
  facet normal 0 0 -1
    outer loop
      vertex 5.22707 8.41141 0
      vertex 22.3248 36.3163 0
      vertex 5.47339 8.4604 0
    endloop
  endfacet
  facet normal 0 0 -1
    outer loop
      vertex 22.3248 36.3163 0
      vertex 5.47339 56.3396 0
      vertex 5.56063 56.3222 0
    endloop
  endfacet
  facet normal 0 0 -1
    outer loop
      vertex 5.22707 56.3886 0
      vertex 22.3248 36.3163 0
      vertex 5.22707 8.41141 0
    endloop
  endfacet
  facet normal 0 0 -1
    outer loop
      vertex 22.3248 36.3163 0
      vertex 5.22707 56.3886 0
      vertex 5.47339 56.3396 0
    endloop
  endfacet
  facet normal 0 0 -1
    outer loop
      vertex 4.98925 8.33068 0
      vertex 5.22707 56.3886 0
      vertex 5.22707 8.41141 0
    endloop
  endfacet
  facet normal 0 0 -1
    outer loop
      vertex 4.98925 8.33068 0
      vertex 4.98925 56.4693 0
      vertex 5.22707 56.3886 0
    endloop
  endfacet
  facet normal 0 0 -1
    outer loop
      vertex 4.90502 8.30209 0
      vertex 4.98925 56.4693 0
      vertex 4.98925 8.33068 0
    endloop
  endfacet
  facet normal 0 0 -1
    outer loop
      vertex 4.90502 8.30209 0
      vertex 4.90502 56.4979 0
      vertex 4.98925 56.4693 0
    endloop
  endfacet
  facet normal 0 0 -1
    outer loop
      vertex 4.67978 8.19101 0
      vertex 4.90502 56.4979 0
      vertex 4.90502 8.30209 0
    endloop
  endfacet
  facet normal 0 0 -1
    outer loop
      vertex 4.67978 8.19101 0
      vertex 4.67978 56.609 0
      vertex 4.90502 56.4979 0
    endloop
  endfacet
  facet normal 0 0 -1
    outer loop
      vertex 4.6 8.15167 0
      vertex 4.67978 56.609 0
      vertex 4.67978 8.19101 0
    endloop
  endfacet
  facet normal 0 0 -1
    outer loop
      vertex 4.6 8.15167 0
      vertex 4.6 56.6483 0
      vertex 4.67978 56.609 0
    endloop
  endfacet
  facet normal 0 0 -1
    outer loop
      vertex 4.52604 8.10225 0
      vertex 4.6 56.6483 0
      vertex 4.6 8.15167 0
    endloop
  endfacet
  facet normal 0 0 -1
    outer loop
      vertex 4.52604 8.10225 0
      vertex 4.52604 56.6978 0
      vertex 4.6 56.6483 0
    endloop
  endfacet
  facet normal 0 0 -1
    outer loop
      vertex 4.31722 7.96272 0
      vertex 4.52604 56.6978 0
      vertex 4.52604 8.10225 0
    endloop
  endfacet
  facet normal 0 0 -1
    outer loop
      vertex 4.31722 7.96272 0
      vertex 4.31722 56.8373 0
      vertex 4.52604 56.6978 0
    endloop
  endfacet
  facet normal 0 0 -1
    outer loop
      vertex 4.1284 7.79712 0
      vertex 4.31722 56.8373 0
      vertex 4.31722 7.96272 0
    endloop
  endfacet
  facet normal 0 0 -1
    outer loop
      vertex 4.1284 7.79712 0
      vertex 4.1284 57.0029 0
      vertex 4.31722 56.8373 0
    endloop
  endfacet
  facet normal 0 0 -1
    outer loop
      vertex 4.06152 7.73848 0
      vertex 4.1284 57.0029 0
      vertex 4.1284 7.79712 0
    endloop
  endfacet
  facet normal 0 0 -1
    outer loop
      vertex 4.06152 7.73848 0
      vertex 4.06152 57.0615 0
      vertex 4.1284 57.0029 0
    endloop
  endfacet
  facet normal 0 0 -1
    outer loop
      vertex 4.00288 7.6716 0
      vertex 4.06152 57.0615 0
      vertex 4.06152 7.73848 0
    endloop
  endfacet
  facet normal 0 0 -1
    outer loop
      vertex 4.00288 7.6716 0
      vertex 4.00288 57.1284 0
      vertex 4.06152 57.0615 0
    endloop
  endfacet
  facet normal 0 0 -1
    outer loop
      vertex 3.83728 7.48278 0
      vertex 4.00288 57.1284 0
      vertex 4.00288 7.6716 0
    endloop
  endfacet
  facet normal 0 0 -1
    outer loop
      vertex 3.83728 7.48278 0
      vertex 3.83728 57.3172 0
      vertex 4.00288 57.1284 0
    endloop
  endfacet
  facet normal 0 0 -1
    outer loop
      vertex 0 3 0
      vertex 3.83728 7.48278 0
      vertex 3.69775 7.27396 0
    endloop
  endfacet
  facet normal -0 0 -1
    outer loop
      vertex 3.83728 7.48278 0
      vertex 0 3 0
      vertex 3.83728 57.3172 0
    endloop
  endfacet
  facet normal 0 0 -1
    outer loop
      vertex 0 3 0
      vertex 3.69775 7.27396 0
      vertex 3.64833 7.2 0
    endloop
  endfacet
  facet normal 0 0 -1
    outer loop
      vertex 0 61.8 0
      vertex 3.83728 57.3172 0
      vertex 0 3 0
    endloop
  endfacet
  facet normal 0 0 -1
    outer loop
      vertex 0 3 0
      vertex 3.64833 7.2 0
      vertex 3.60899 7.12022 0
    endloop
  endfacet
  facet normal 0 0 -1
    outer loop
      vertex 3.83728 57.3172 0
      vertex 0 61.8 0
      vertex 3.69775 57.526 0
    endloop
  endfacet
  facet normal 0 0 -1
    outer loop
      vertex 0 3 0
      vertex 3.60899 7.12022 0
      vertex 3.49791 6.89498 0
    endloop
  endfacet
  facet normal 0 0 -1
    outer loop
      vertex 3.69775 57.526 0
      vertex 0 61.8 0
      vertex 3.64833 57.6 0
    endloop
  endfacet
  facet normal 0 0 -1
    outer loop
      vertex 0 3 0
      vertex 3.49791 6.89498 0
      vertex 3.46932 6.81075 0
    endloop
  endfacet
  facet normal 0 0 -1
    outer loop
      vertex 3.64833 57.6 0
      vertex 0 61.8 0
      vertex 3.60899 57.6798 0
    endloop
  endfacet
  facet normal 0 0 -1
    outer loop
      vertex 0 3 0
      vertex 3.46932 6.81075 0
      vertex 3.38859 6.57293 0
    endloop
  endfacet
  facet normal 0 0 -1
    outer loop
      vertex 3.60899 57.6798 0
      vertex 0 61.8 0
      vertex 3.49791 57.905 0
    endloop
  endfacet
  facet normal 0 0 -1
    outer loop
      vertex 0 3 0
      vertex 3.38859 6.57293 0
      vertex 3.3396 6.32661 0
    endloop
  endfacet
  facet normal 0 0 -1
    outer loop
      vertex 3.49791 57.905 0
      vertex 0 61.8 0
      vertex 3.46932 57.9893 0
    endloop
  endfacet
  facet normal 0 0 -1
    outer loop
      vertex 0 3 0
      vertex 3.3396 6.32661 0
      vertex 3.32224 6.23937 0
    endloop
  endfacet
  facet normal 0 0 -1
    outer loop
      vertex 3.46932 57.9893 0
      vertex 0 61.8 0
      vertex 3.38859 58.2271 0
    endloop
  endfacet
  facet normal 0 0 -1
    outer loop
      vertex 0 3 0
      vertex 3.32224 6.23937 0
      vertex 3.31643 6.15061 0
    endloop
  endfacet
  facet normal 0 0 -1
    outer loop
      vertex 3.38859 58.2271 0
      vertex 0 61.8 0
      vertex 3.3396 58.4734 0
    endloop
  endfacet
  facet normal 0 0 -1
    outer loop
      vertex 0 3 0
      vertex 3.31643 6.15061 0
      vertex 3.3 5.9 0
    endloop
  endfacet
  facet normal 0 0 -1
    outer loop
      vertex 3.3396 58.4734 0
      vertex 0 61.8 0
      vertex 3.32224 58.5606 0
    endloop
  endfacet
  facet normal 0 0 -1
    outer loop
      vertex 40.7939 32.5839 0
      vertex 40.5752 32.6553 0
      vertex 40.7939 32.6056 0
    endloop
  endfacet
  facet normal 0 0 -1
    outer loop
      vertex 40.551 32.5469 0
      vertex 40.5752 32.6553 0
      vertex 40.7939 32.5839 0
    endloop
  endfacet
  facet normal 0 0 -1
    outer loop
      vertex 40.551 32.5469 0
      vertex 40.3716 32.7177 0
      vertex 40.5752 32.6553 0
    endloop
  endfacet
  facet normal 0 0 -1
    outer loop
      vertex 40.3247 32.4947 0
      vertex 40.3716 32.7177 0
      vertex 40.551 32.5469 0
    endloop
  endfacet
  facet normal 0 0 -1
    outer loop
      vertex 40.3247 32.4947 0
      vertex 40.1833 32.7926 0
      vertex 40.3716 32.7177 0
    endloop
  endfacet
  facet normal 0 0 -1
    outer loop
      vertex 40.1148 32.4273 0
      vertex 40.1833 32.7926 0
      vertex 40.3247 32.4947 0
    endloop
  endfacet
  facet normal 0 0 -1
    outer loop
      vertex 40.1148 32.4273 0
      vertex 40.0101 32.8802 0
      vertex 40.1833 32.7926 0
    endloop
  endfacet
  facet normal 0 0 -1
    outer loop
      vertex 39.9215 32.3448 0
      vertex 40.0101 32.8802 0
      vertex 40.1148 32.4273 0
    endloop
  endfacet
  facet normal 0 0 -1
    outer loop
      vertex 39.9215 32.3448 0
      vertex 39.852 32.9804 0
      vertex 40.0101 32.8802 0
    endloop
  endfacet
  facet normal 0 0 -1
    outer loop
      vertex 39.7447 32.247 0
      vertex 39.852 32.9804 0
      vertex 39.9215 32.3448 0
    endloop
  endfacet
  facet normal 0 0 -1
    outer loop
      vertex 39.7447 32.247 0
      vertex 39.7092 33.0932 0
      vertex 39.852 32.9804 0
    endloop
  endfacet
  facet normal 0 0 -1
    outer loop
      vertex 39.5843 32.1342 0
      vertex 39.7092 33.0932 0
      vertex 39.7447 32.247 0
    endloop
  endfacet
  facet normal 0 0 -1
    outer loop
      vertex 39.5843 32.1342 0
      vertex 39.5815 33.2187 0
      vertex 39.7092 33.0932 0
    endloop
  endfacet
  facet normal 0 0 -1
    outer loop
      vertex 38.2693 32.4971 0
      vertex 39.5815 33.2187 0
      vertex 39.5843 32.1342 0
    endloop
  endfacet
  facet normal 0 0 -1
    outer loop
      vertex 38.2693 32.4971 0
      vertex 39.5843 32.1342 0
      vertex 39.4404 32.0061 0
    endloop
  endfacet
  facet normal 0 0 -1
    outer loop
      vertex 38.2634 32.879 0
      vertex 39.5815 33.2187 0
      vertex 38.2693 32.4971 0
    endloop
  endfacet
  facet normal 0 0 -1
    outer loop
      vertex 38.2693 32.4971 0
      vertex 39.4404 32.0061 0
      vertex 39.3145 31.8651 0
    endloop
  endfacet
  facet normal -0 0 -1
    outer loop
      vertex 39.5815 33.2187 0
      vertex 38.2634 32.879 0
      vertex 39.4699 33.3556 0
    endloop
  endfacet
  facet normal 0 0 -1
    outer loop
      vertex 38.2458 33.2402 0
      vertex 39.3755 33.503 0
      vertex 38.2634 32.879 0
    endloop
  endfacet
  facet normal 0 0 -1
    outer loop
      vertex 38.2693 32.4971 0
      vertex 39.3145 31.8651 0
      vertex 39.2079 31.7134 0
    endloop
  endfacet
  facet normal -0 0 -1
    outer loop
      vertex 39.3755 33.503 0
      vertex 38.2458 33.2402 0
      vertex 39.2983 33.6607 0
    endloop
  endfacet
  facet normal 0 0 -1
    outer loop
      vertex 38.2165 33.5809 0
      vertex 39.2983 33.6607 0
      vertex 38.2458 33.2402 0
    endloop
  endfacet
  facet normal -0 0 -1
    outer loop
      vertex 39.2983 33.6607 0
      vertex 38.2165 33.5809 0
      vertex 39.2382 33.8289 0
    endloop
  endfacet
  facet normal 0 0 -1
    outer loop
      vertex 38.2693 32.4971 0
      vertex 39.2079 31.7134 0
      vertex 39.1207 31.5509 0
    endloop
  endfacet
  facet normal -0 0 -1
    outer loop
      vertex 45.4375 33.1883 0
      vertex 42.5245 31.9383 0
      vertex 45.3746 33.3109 0
    endloop
  endfacet
  facet normal 0 0 -1
    outer loop
      vertex 42.5245 33.1699 0
      vertex 45.3746 33.3109 0
      vertex 42.5245 31.9383 0
    endloop
  endfacet
  facet normal 0 0 -1
    outer loop
      vertex 41.9928 31.9383 0
      vertex 42.9367 30.8859 0
      vertex 42.8753 30.5938 0
    endloop
  endfacet
  facet normal -0 0 -1
    outer loop
      vertex 45.3746 33.3109 0
      vertex 42.5245 33.1699 0
      vertex 44.3581 34.3254 0
    endloop
  endfacet
  facet normal 0 0 -1
    outer loop
      vertex 42.0254 33.1699 0
      vertex 42.8337 34.2168 0
      vertex 42.5245 33.1699 0
    endloop
  endfacet
  facet normal 0 0 -1
    outer loop
      vertex 41.7924 31.9328 0
      vertex 42.8753 30.5938 0
      vertex 42.7747 30.3465 0
    endloop
  endfacet
  facet normal 0 0 -1
    outer loop
      vertex 44.3581 34.3254 0
      vertex 42.5245 33.1699 0
      vertex 42.8337 34.2168 0
    endloop
  endfacet
  facet normal -0 0 -1
    outer loop
      vertex 42.8337 34.2168 0
      vertex 41.8445 33.1753 0
      vertex 42.8163 34.3488 0
    endloop
  endfacet
  facet normal 0 0 -1
    outer loop
      vertex 41.6769 33.1918 0
      vertex 42.8163 34.3488 0
      vertex 41.8445 33.1753 0
    endloop
  endfacet
  facet normal 0 0 -1
    outer loop
      vertex 42.2376 29.8746 0
      vertex 42.7747 30.3465 0
      vertex 42.6348 30.1443 0
    endloop
  endfacet
  facet normal 0 0 -1
    outer loop
      vertex 41.8445 33.1753 0
      vertex 42.8337 34.2168 0
      vertex 42.0254 33.1699 0
    endloop
  endfacet
  facet normal -0 0 -1
    outer loop
      vertex 42.8163 34.3488 0
      vertex 41.6769 33.1918 0
      vertex 42.7887 34.4719 0
    endloop
  endfacet
  facet normal 0 0 -1
    outer loop
      vertex 42.2376 29.8746 0
      vertex 42.6348 30.1443 0
      vertex 42.4558 29.9869 0
    endloop
  endfacet
  facet normal -0 0 -1
    outer loop
      vertex 42.7747 30.3465 0
      vertex 42.2376 29.8746 0
      vertex 41.7924 31.9328 0
    endloop
  endfacet
  facet normal 0 0 -1
    outer loop
      vertex 42.9367 30.8859 0
      vertex 41.9928 31.9383 0
      vertex 42.5245 31.9383 0
    endloop
  endfacet
  facet normal 0 0 -1
    outer loop
      vertex 41.7924 31.9328 0
      vertex 42.2376 29.8746 0
      vertex 41.9802 29.8071 0
    endloop
  endfacet
  facet normal 0 0 -1
    outer loop
      vertex 42.8753 30.5938 0
      vertex 41.7924 31.9328 0
      vertex 41.9928 31.9383 0
    endloop
  endfacet
  facet normal 0 0 -1
    outer loop
      vertex 41.6067 31.9162 0
      vertex 41.9802 29.8071 0
      vertex 41.6836 29.7847 0
    endloop
  endfacet
  facet normal 0 0 -1
    outer loop
      vertex 41.9802 29.8071 0
      vertex 41.6067 31.9162 0
      vertex 41.7924 31.9328 0
    endloop
  endfacet
  facet normal 0 0 -1
    outer loop
      vertex 41.4355 31.8885 0
      vertex 41.6836 29.7847 0
      vertex 41.5321 29.7902 0
    endloop
  endfacet
  facet normal 0 0 -1
    outer loop
      vertex 41.6836 29.7847 0
      vertex 41.4355 31.8885 0
      vertex 41.6067 31.9162 0
    endloop
  endfacet
  facet normal 0 0 -1
    outer loop
      vertex 41.2789 31.8498 0
      vertex 41.5321 29.7902 0
      vertex 41.3905 29.8068 0
    endloop
  endfacet
  facet normal 0 0 -1
    outer loop
      vertex 41.5321 29.7902 0
      vertex 41.2789 31.8498 0
      vertex 41.4355 31.8885 0
    endloop
  endfacet
  facet normal 0 0 -1
    outer loop
      vertex 40.5343 30.7322 0
      vertex 41.3905 29.8068 0
      vertex 41.2588 29.8345 0
    endloop
  endfacet
  facet normal 0 0 -1
    outer loop
      vertex 40.5529 30.5901 0
      vertex 41.2588 29.8345 0
      vertex 41.1372 29.8732 0
    endloop
  endfacet
  facet normal 0 0 -1
    outer loop
      vertex 41.3905 29.8068 0
      vertex 40.5343 30.7322 0
      vertex 41.2789 31.8498 0
    endloop
  endfacet
  facet normal 0 0 -1
    outer loop
      vertex 40.5839 30.4598 0
      vertex 41.1372 29.8732 0
      vertex 41.0255 29.923 0
    endloop
  endfacet
  facet normal 0 0 -1
    outer loop
      vertex 40.5281 30.8859 0
      vertex 41.2789 31.8498 0
      vertex 40.5343 30.7322 0
    endloop
  endfacet
  facet normal 0 0 -1
    outer loop
      vertex 40.5839 30.4598 0
      vertex 41.0255 29.923 0
      vertex 40.9237 29.9839 0
    endloop
  endfacet
  facet normal 0 0 -1
    outer loop
      vertex 41.2789 31.8498 0
      vertex 40.5281 30.8859 0
      vertex 41.137 31.7999 0
    endloop
  endfacet
  facet normal 0 0 -1
    outer loop
      vertex 40.6273 30.3412 0
      vertex 40.9237 29.9839 0
      vertex 40.8319 30.0559 0
    endloop
  endfacet
  facet normal 0 0 -1
    outer loop
      vertex 41.137 31.7999 0
      vertex 40.5281 30.8859 0
      vertex 41.0097 31.739 0
    endloop
  endfacet
  facet normal 0 0 -1
    outer loop
      vertex 40.6273 30.3412 0
      vertex 40.8319 30.0559 0
      vertex 40.7513 30.1392 0
    endloop
  endfacet
  facet normal 0 -0 -1
    outer loop
      vertex 40.5356 31.0268 0
      vertex 41.0097 31.739 0
      vertex 40.5281 30.8859 0
    endloop
  endfacet
  facet normal 0 0 -1
    outer loop
      vertex 40.6273 30.3412 0
      vertex 40.7513 30.1392 0
      vertex 40.6831 30.2344 0
    endloop
  endfacet
  facet normal 0 0 -1
    outer loop
      vertex 41.0097 31.739 0
      vertex 40.5356 31.0268 0
      vertex 40.897 31.6671 0
    endloop
  endfacet
  facet normal 0 0 -1
    outer loop
      vertex 40.9237 29.9839 0
      vertex 40.6273 30.3412 0
      vertex 40.5839 30.4598 0
    endloop
  endfacet
  facet normal 0 -0 -1
    outer loop
      vertex 40.5582 31.1578 0
      vertex 40.897 31.6671 0
      vertex 40.5356 31.0268 0
    endloop
  endfacet
  facet normal 0 0 -1
    outer loop
      vertex 41.1372 29.8732 0
      vertex 40.5839 30.4598 0
      vertex 40.5529 30.5901 0
    endloop
  endfacet
  facet normal 0 0 -1
    outer loop
      vertex 40.897 31.6671 0
      vertex 40.5582 31.1578 0
      vertex 40.7991 31.5847 0
    endloop
  endfacet
  facet normal 0 0 -1
    outer loop
      vertex 41.2588 29.8345 0
      vertex 40.5529 30.5901 0
      vertex 40.5343 30.7322 0
    endloop
  endfacet
  facet normal 0 0 -1
    outer loop
      vertex 40.7991 31.5847 0
      vertex 40.5582 31.1578 0
      vertex 40.7163 31.4926 0
    endloop
  endfacet
  facet normal 0 0 -1
    outer loop
      vertex 40.7163 31.4926 0
      vertex 40.5582 31.1578 0
      vertex 40.6486 31.3908 0
    endloop
  endfacet
  facet normal 0 0 -1
    outer loop
      vertex 40.6486 31.3908 0
      vertex 40.5582 31.1578 0
      vertex 40.5959 31.2792 0
    endloop
  endfacet
  facet normal 0 0 -1
    outer loop
      vertex 48.5917 29.9257 0
      vertex 48.4918 30.1237 0
      vertex 48.545 30.0256 0
    endloop
  endfacet
  facet normal 0 0 -1
    outer loop
      vertex 48.5917 29.9257 0
      vertex 48.4321 30.22 0
      vertex 48.4918 30.1237 0
    endloop
  endfacet
  facet normal 0 0 -1
    outer loop
      vertex 48.5917 29.9257 0
      vertex 48.3658 30.3145 0
      vertex 48.4321 30.22 0
    endloop
  endfacet
  facet normal 0 0 -1
    outer loop
      vertex 48.5917 29.9257 0
      vertex 48.293 30.4073 0
      vertex 48.3658 30.3145 0
    endloop
  endfacet
  facet normal 0 0 -1
    outer loop
      vertex 45.0437 29.9257 0
      vertex 48.293 30.4073 0
      vertex 48.5917 29.9257 0
    endloop
  endfacet
  facet normal -0 0 -1
    outer loop
      vertex 48.293 30.4073 0
      vertex 45.0437 29.9257 0
      vertex 48.2137 30.4983 0
    endloop
  endfacet
  facet normal -0 0 -1
    outer loop
      vertex 48.2137 30.4983 0
      vertex 45.0437 29.9257 0
      vertex 48.1278 30.5875 0
    endloop
  endfacet
  facet normal -0 0 -1
    outer loop
      vertex 48.1278 30.5875 0
      vertex 45.0437 29.9257 0
      vertex 48.0373 30.6758 0
    endloop
  endfacet
  facet normal -0 0 -1
    outer loop
      vertex 48.0373 30.6758 0
      vertex 45.0437 29.9257 0
      vertex 47.944 30.7638 0
    endloop
  endfacet
  facet normal -0 0 -1
    outer loop
      vertex 47.944 30.7638 0
      vertex 45.0437 29.9257 0
      vertex 47.848 30.8516 0
    endloop
  endfacet
  facet normal -0 0 -1
    outer loop
      vertex 47.848 30.8516 0
      vertex 45.0437 29.9257 0
      vertex 47.7492 30.9391 0
    endloop
  endfacet
  facet normal -0 0 -1
    outer loop
      vertex 47.7492 30.9391 0
      vertex 45.0437 29.9257 0
      vertex 47.6476 31.0265 0
    endloop
  endfacet
  facet normal -0 0 -1
    outer loop
      vertex 47.6476 31.0265 0
      vertex 45.0437 29.9257 0
      vertex 47.5433 31.1136 0
    endloop
  endfacet
  facet normal -0 0 -1
    outer loop
      vertex 47.5433 31.1136 0
      vertex 45.0437 29.9257 0
      vertex 47.4362 31.2005 0
    endloop
  endfacet
  facet normal -0 0 -1
    outer loop
      vertex 47.4362 31.2005 0
      vertex 45.0437 29.9257 0
      vertex 47.3272 31.2876 0
    endloop
  endfacet
  facet normal -0 0 -1
    outer loop
      vertex 47.3272 31.2876 0
      vertex 45.0437 29.9257 0
      vertex 47.2172 31.3754 0
    endloop
  endfacet
  facet normal -0 0 -1
    outer loop
      vertex 47.2172 31.3754 0
      vertex 45.0437 29.9257 0
      vertex 47.1062 31.4639 0
    endloop
  endfacet
  facet normal -0 0 -1
    outer loop
      vertex 47.1062 31.4639 0
      vertex 45.0437 29.9257 0
      vertex 46.9942 31.5531 0
    endloop
  endfacet
  facet normal -0 0 -1
    outer loop
      vertex 46.9942 31.5531 0
      vertex 45.0437 29.9257 0
      vertex 46.8812 31.6428 0
    endloop
  endfacet
  facet normal -0 0 -1
    outer loop
      vertex 46.8812 31.6428 0
      vertex 45.0437 29.9257 0
      vertex 46.7672 31.7333 0
    endloop
  endfacet
  facet normal -0 0 -1
    outer loop
      vertex 46.7672 31.7333 0
      vertex 45.0437 29.9257 0
      vertex 46.6522 31.8244 0
    endloop
  endfacet
  facet normal -0 0 -1
    outer loop
      vertex 46.6522 31.8244 0
      vertex 45.0437 29.9257 0
      vertex 46.5383 31.9168 0
    endloop
  endfacet
  facet normal 0 0 -1
    outer loop
      vertex 44.4883 30.7503 0
      vertex 46.5383 31.9168 0
      vertex 45.0437 29.9257 0
    endloop
  endfacet
  facet normal -0 0 -1
    outer loop
      vertex 46.5383 31.9168 0
      vertex 44.4883 30.7503 0
      vertex 46.4273 32.0111 0
    endloop
  endfacet
  facet normal 0 0 -1
    outer loop
      vertex 45.2019 33.8405 0
      vertex 44.3581 34.3254 0
      vertex 45.1803 33.9835 0
    endloop
  endfacet
  facet normal 0 0 -1
    outer loop
      vertex 45.2321 33.7018 0
      vertex 44.3581 34.3254 0
      vertex 45.2019 33.8405 0
    endloop
  endfacet
  facet normal 0 0 -1
    outer loop
      vertex 45.271 33.5673 0
      vertex 44.3581 34.3254 0
      vertex 45.2321 33.7018 0
    endloop
  endfacet
  facet normal 0 0 -1
    outer loop
      vertex 45.3185 33.437 0
      vertex 44.3581 34.3254 0
      vertex 45.271 33.5673 0
    endloop
  endfacet
  facet normal 0 0 -1
    outer loop
      vertex 45.3746 33.3109 0
      vertex 44.3581 34.3254 0
      vertex 45.3185 33.437 0
    endloop
  endfacet
  facet normal -0 0 -1
    outer loop
      vertex 45.5053 33.0684 0
      vertex 42.5245 31.9383 0
      vertex 45.4375 33.1883 0
    endloop
  endfacet
  facet normal 0 0 -1
    outer loop
      vertex 42.5245 31.9383 0
      vertex 44.4883 30.7503 0
      vertex 42.9367 30.8859 0
    endloop
  endfacet
  facet normal 0 0 -1
    outer loop
      vertex 42.5245 31.9383 0
      vertex 45.5053 33.0684 0
      vertex 44.4883 30.7503 0
    endloop
  endfacet
  facet normal -0 0 -1
    outer loop
      vertex 45.5779 32.9513 0
      vertex 44.4883 30.7503 0
      vertex 45.5053 33.0684 0
    endloop
  endfacet
  facet normal -0 0 -1
    outer loop
      vertex 45.6554 32.837 0
      vertex 44.4883 30.7503 0
      vertex 45.5779 32.9513 0
    endloop
  endfacet
  facet normal -0 0 -1
    outer loop
      vertex 45.7378 32.7255 0
      vertex 44.4883 30.7503 0
      vertex 45.6554 32.837 0
    endloop
  endfacet
  facet normal -0 0 -1
    outer loop
      vertex 45.825 32.6167 0
      vertex 44.4883 30.7503 0
      vertex 45.7378 32.7255 0
    endloop
  endfacet
  facet normal -0 0 -1
    outer loop
      vertex 45.9171 32.5107 0
      vertex 44.4883 30.7503 0
      vertex 45.825 32.6167 0
    endloop
  endfacet
  facet normal -0 0 -1
    outer loop
      vertex 46.0132 32.407 0
      vertex 44.4883 30.7503 0
      vertex 45.9171 32.5107 0
    endloop
  endfacet
  facet normal -0 0 -1
    outer loop
      vertex 46.1122 32.3052 0
      vertex 44.4883 30.7503 0
      vertex 46.0132 32.407 0
    endloop
  endfacet
  facet normal -0 0 -1
    outer loop
      vertex 46.2142 32.2053 0
      vertex 44.4883 30.7503 0
      vertex 46.1122 32.3052 0
    endloop
  endfacet
  facet normal -0 0 -1
    outer loop
      vertex 46.3193 32.1072 0
      vertex 44.4883 30.7503 0
      vertex 46.2142 32.2053 0
    endloop
  endfacet
  facet normal -0 0 -1
    outer loop
      vertex 46.4273 32.0111 0
      vertex 44.4883 30.7503 0
      vertex 46.3193 32.1072 0
    endloop
  endfacet
  facet normal 0 0 -1
    outer loop
      vertex 50.3023 29.9172 0
      vertex 50.3277 34.2494 0
      vertex 50.3927 29.7304 0
    endloop
  endfacet
  facet normal 0 0 -1
    outer loop
      vertex 50.2017 30.1028 0
      vertex 50.3277 34.2494 0
      vertex 50.3023 29.9172 0
    endloop
  endfacet
  facet normal 0 0 -1
    outer loop
      vertex 50.0907 30.2871 0
      vertex 50.3277 34.2494 0
      vertex 50.2017 30.1028 0
    endloop
  endfacet
  facet normal 0 0 -1
    outer loop
      vertex 49.9694 30.4699 0
      vertex 50.3277 34.2494 0
      vertex 50.0907 30.2871 0
    endloop
  endfacet
  facet normal 0 0 -1
    outer loop
      vertex 49.8378 30.6515 0
      vertex 50.3277 34.2494 0
      vertex 49.9694 30.4699 0
    endloop
  endfacet
  facet normal 0 0 -1
    outer loop
      vertex 49.6959 30.8318 0
      vertex 50.3277 34.2494 0
      vertex 49.8378 30.6515 0
    endloop
  endfacet
  facet normal 0 0 -1
    outer loop
      vertex 49.5438 31.0107 0
      vertex 50.3277 34.2494 0
      vertex 49.6959 30.8318 0
    endloop
  endfacet
  facet normal 0 0 -1
    outer loop
      vertex 49.3806 31.19 0
      vertex 50.3277 34.2494 0
      vertex 49.5438 31.0107 0
    endloop
  endfacet
  facet normal 0 0 -1
    outer loop
      vertex 49.2059 31.3716 0
      vertex 50.3277 34.2494 0
      vertex 49.3806 31.19 0
    endloop
  endfacet
  facet normal 0 0 -1
    outer loop
      vertex 49.0195 31.5554 0
      vertex 50.3277 34.2494 0
      vertex 49.2059 31.3716 0
    endloop
  endfacet
  facet normal 0 0 -1
    outer loop
      vertex 48.8215 31.7414 0
      vertex 50.3277 34.2494 0
      vertex 49.0195 31.5554 0
    endloop
  endfacet
  facet normal 0 0 -1
    outer loop
      vertex 48.6118 31.9296 0
      vertex 50.3277 34.2494 0
      vertex 48.8215 31.7414 0
    endloop
  endfacet
  facet normal 0 0 -1
    outer loop
      vertex 50.3277 34.2494 0
      vertex 48.6118 31.9296 0
      vertex 48.7924 34.1626 0
    endloop
  endfacet
  facet normal 0 0 -1
    outer loop
      vertex 48.3906 32.12 0
      vertex 48.7924 34.1626 0
      vertex 48.6118 31.9296 0
    endloop
  endfacet
  facet normal 0 0 -1
    outer loop
      vertex 48.1577 32.3127 0
      vertex 48.7924 34.1626 0
      vertex 48.3906 32.12 0
    endloop
  endfacet
  facet normal 0 0 -1
    outer loop
      vertex 47.9381 32.494 0
      vertex 48.7924 34.1626 0
      vertex 48.1577 32.3127 0
    endloop
  endfacet
  facet normal 0 0 -1
    outer loop
      vertex 47.738 32.6661 0
      vertex 48.7924 34.1626 0
      vertex 47.9381 32.494 0
    endloop
  endfacet
  facet normal 0 0 -1
    outer loop
      vertex 47.5576 32.8288 0
      vertex 48.7924 34.1626 0
      vertex 47.738 32.6661 0
    endloop
  endfacet
  facet normal 0 0 -1
    outer loop
      vertex 47.3968 32.9823 0
      vertex 48.7924 34.1626 0
      vertex 47.5576 32.8288 0
    endloop
  endfacet
  facet normal 0 0 -1
    outer loop
      vertex 47.2556 33.1264 0
      vertex 48.7924 34.1626 0
      vertex 47.3968 32.9823 0
    endloop
  endfacet
  facet normal 0 0 -1
    outer loop
      vertex 47.134 33.2613 0
      vertex 48.7924 34.1626 0
      vertex 47.2556 33.1264 0
    endloop
  endfacet
  facet normal 0 0 -1
    outer loop
      vertex 47.032 33.3868 0
      vertex 48.7924 34.1626 0
      vertex 47.134 33.2613 0
    endloop
  endfacet
  facet normal 0 0 -1
    outer loop
      vertex 46.9464 33.5074 0
      vertex 48.7924 34.1626 0
      vertex 47.032 33.3868 0
    endloop
  endfacet
  facet normal -0 0 -1
    outer loop
      vertex 48.7924 34.1626 0
      vertex 46.9464 33.5074 0
      vertex 48.767 34.3076 0
    endloop
  endfacet
  facet normal 0 0 -1
    outer loop
      vertex 46.8739 33.6273 0
      vertex 48.767 34.3076 0
      vertex 46.9464 33.5074 0
    endloop
  endfacet
  facet normal -0 0 -1
    outer loop
      vertex 48.767 34.3076 0
      vertex 46.8739 33.6273 0
      vertex 48.7341 34.4418 0
    endloop
  endfacet
  facet normal 0 0 -1
    outer loop
      vertex 46.8146 33.7465 0
      vertex 48.7341 34.4418 0
      vertex 46.8739 33.6273 0
    endloop
  endfacet
  facet normal 0 0 -1
    outer loop
      vertex 46.7685 33.8651 0
      vertex 48.7341 34.4418 0
      vertex 46.8146 33.7465 0
    endloop
  endfacet
  facet normal -0 0 -1
    outer loop
      vertex 48.7341 34.4418 0
      vertex 46.7685 33.8651 0
      vertex 48.6939 34.5653 0
    endloop
  endfacet
  facet normal 0 -0 -1
    outer loop
      vertex 47.8476 35.2097 0
      vertex 48.6939 34.5653 0
      vertex 46.7685 33.8651 0
    endloop
  endfacet
  facet normal -0 -0 -1
    outer loop
      vertex 47.973 35.1936 0
      vertex 48.6462 34.6781 0
      vertex 47.8476 35.2097 0
    endloop
  endfacet
  facet normal 0 0 -1
    outer loop
      vertex 48.6462 34.6781 0
      vertex 47.973 35.1936 0
      vertex 48.5911 34.7801 0
    endloop
  endfacet
  facet normal 0 0 -1
    outer loop
      vertex 48.5286 34.8714 0
      vertex 48.089 35.1667 0
      vertex 48.4587 34.9519 0
    endloop
  endfacet
  facet normal 0 0 -1
    outer loop
      vertex 48.4587 34.9519 0
      vertex 48.089 35.1667 0
      vertex 48.3804 35.0217 0
    endloop
  endfacet
  facet normal 0 0 -1
    outer loop
      vertex 48.2927 35.0808 0
      vertex 48.089 35.1667 0
      vertex 48.1955 35.1291 0
    endloop
  endfacet
  facet normal 0 0 -1
    outer loop
      vertex 48.3804 35.0217 0
      vertex 48.089 35.1667 0
      vertex 48.2927 35.0808 0
    endloop
  endfacet
  facet normal -0 -0 -1
    outer loop
      vertex 48.089 35.1667 0
      vertex 48.5911 34.7801 0
      vertex 47.973 35.1936 0
    endloop
  endfacet
  facet normal 0 0 -1
    outer loop
      vertex 48.5911 34.7801 0
      vertex 48.089 35.1667 0
      vertex 48.5286 34.8714 0
    endloop
  endfacet
  facet normal 0 0 -1
    outer loop
      vertex 48.6939 34.5653 0
      vertex 47.8476 35.2097 0
      vertex 48.6462 34.6781 0
    endloop
  endfacet
  facet normal -0 0 -1
    outer loop
      vertex 47.8476 35.2097 0
      vertex 46.7685 33.8651 0
      vertex 47.7128 35.215 0
    endloop
  endfacet
  facet normal 0 0 -1
    outer loop
      vertex 46.7356 33.983 0
      vertex 47.7128 35.215 0
      vertex 46.7685 33.8651 0
    endloop
  endfacet
  facet normal 0 0 -1
    outer loop
      vertex 46.7092 34.2168 0
      vertex 47.7128 35.215 0
      vertex 46.7356 33.983 0
    endloop
  endfacet
  facet normal 0 0 -1
    outer loop
      vertex 47.4465 35.1947 0
      vertex 46.7297 34.4817 0
      vertex 47.2212 35.1336 0
    endloop
  endfacet
  facet normal 0 -0 -1
    outer loop
      vertex 46.7911 34.7057 0
      vertex 47.2212 35.1336 0
      vertex 46.7297 34.4817 0
    endloop
  endfacet
  facet normal 0 -0 -1
    outer loop
      vertex 46.7297 34.4817 0
      vertex 47.4465 35.1947 0
      vertex 46.7092 34.2168 0
    endloop
  endfacet
  facet normal 0 0 -1
    outer loop
      vertex 47.7128 35.215 0
      vertex 46.7092 34.2168 0
      vertex 47.4465 35.1947 0
    endloop
  endfacet
  facet normal 0 0 -1
    outer loop
      vertex 47.0369 35.0317 0
      vertex 46.7911 34.7057 0
      vertex 46.8935 34.8891 0
    endloop
  endfacet
  facet normal 0 0 -1
    outer loop
      vertex 46.7092 34.2168 0
      vertex 46.7356 33.983 0
      vertex 46.7158 34.1002 0
    endloop
  endfacet
  facet normal 0 0 -1
    outer loop
      vertex 47.2212 35.1336 0
      vertex 46.7911 34.7057 0
      vertex 47.0369 35.0317 0
    endloop
  endfacet
  facet normal 0 0 -1
    outer loop
      vertex 146.021 36.4117 0
      vertex 146.784 36.5988 0
      vertex 146.45 28.6811 0
    endloop
  endfacet
  facet normal 0 0 -1
    outer loop
      vertex 146.45 28.6811 0
      vertex 146.784 36.5988 0
      vertex 152.985 28.6811 0
    endloop
  endfacet
  facet normal 0 0 -1
    outer loop
      vertex 155.654 28.502 0
      vertex 149.453 36.3872 0
      vertex 155.035 36.3872 0
    endloop
  endfacet
  facet normal 0 0 -1
    outer loop
      vertex 213.86 6.32661 0
      vertex 217.2 3 0
      vertex 213.878 6.23937 0
    endloop
  endfacet
  facet normal 0 0 -1
    outer loop
      vertex 217.2 61.8 0
      vertex 213.884 58.6494 0
      vertex 213.9 58.9 0
    endloop
  endfacet
  facet normal 0 0 -1
    outer loop
      vertex 213.811 6.57293 0
      vertex 217.2 3 0
      vertex 213.86 6.32661 0
    endloop
  endfacet
  facet normal 0 0 -1
    outer loop
      vertex 217.2 61.8 0
      vertex 213.878 58.5606 0
      vertex 213.884 58.6494 0
    endloop
  endfacet
  facet normal 0 0 -1
    outer loop
      vertex 213.731 6.81075 0
      vertex 217.2 3 0
      vertex 213.811 6.57293 0
    endloop
  endfacet
  facet normal 0 0 -1
    outer loop
      vertex 217.2 61.8 0
      vertex 213.86 58.4734 0
      vertex 213.878 58.5606 0
    endloop
  endfacet
  facet normal 0 0 -1
    outer loop
      vertex 213.702 6.89498 0
      vertex 217.2 3 0
      vertex 213.731 6.81075 0
    endloop
  endfacet
  facet normal 0 0 -1
    outer loop
      vertex 217.2 61.8 0
      vertex 213.811 58.2271 0
      vertex 213.86 58.4734 0
    endloop
  endfacet
  facet normal 0 0 -1
    outer loop
      vertex 213.591 7.12022 0
      vertex 217.2 3 0
      vertex 213.702 6.89498 0
    endloop
  endfacet
  facet normal 0 0 -1
    outer loop
      vertex 217.2 61.8 0
      vertex 213.731 57.9893 0
      vertex 213.811 58.2271 0
    endloop
  endfacet
  facet normal 0 0 -1
    outer loop
      vertex 213.552 7.2 0
      vertex 217.2 3 0
      vertex 213.591 7.12022 0
    endloop
  endfacet
  facet normal 0 0 -1
    outer loop
      vertex 217.2 61.8 0
      vertex 213.702 57.905 0
      vertex 213.731 57.9893 0
    endloop
  endfacet
  facet normal 0 0 -1
    outer loop
      vertex 213.502 7.27396 0
      vertex 217.2 3 0
      vertex 213.552 7.2 0
    endloop
  endfacet
  facet normal 0 0 -1
    outer loop
      vertex 217.2 61.8 0
      vertex 213.591 57.6798 0
      vertex 213.702 57.905 0
    endloop
  endfacet
  facet normal 0 0 -1
    outer loop
      vertex 213.363 7.48278 0
      vertex 217.2 3 0
      vertex 213.502 7.27396 0
    endloop
  endfacet
  facet normal 0 0 -1
    outer loop
      vertex 217.2 61.8 0
      vertex 213.552 57.6 0
      vertex 213.591 57.6798 0
    endloop
  endfacet
  facet normal 0 0 -1
    outer loop
      vertex 217.2 3 0
      vertex 213.363 7.48278 0
      vertex 217.2 61.8 0
    endloop
  endfacet
  facet normal 0 0 -1
    outer loop
      vertex 217.2 61.8 0
      vertex 213.502 57.526 0
      vertex 213.552 57.6 0
    endloop
  endfacet
  facet normal 0 0 -1
    outer loop
      vertex 213.363 57.3172 0
      vertex 217.2 61.8 0
      vertex 213.363 7.48278 0
    endloop
  endfacet
  facet normal 0 0 -1
    outer loop
      vertex 217.2 61.8 0
      vertex 213.363 57.3172 0
      vertex 213.502 57.526 0
    endloop
  endfacet
  facet normal 0 0 -1
    outer loop
      vertex 213.197 7.6716 0
      vertex 213.363 57.3172 0
      vertex 213.363 7.48278 0
    endloop
  endfacet
  facet normal 0 0 -1
    outer loop
      vertex 213.197 7.6716 0
      vertex 213.197 57.1284 0
      vertex 213.363 57.3172 0
    endloop
  endfacet
  facet normal 0 0 -1
    outer loop
      vertex 213.138 7.73848 0
      vertex 213.197 57.1284 0
      vertex 213.197 7.6716 0
    endloop
  endfacet
  facet normal 0 0 -1
    outer loop
      vertex 213.138 7.73848 0
      vertex 213.138 57.0615 0
      vertex 213.197 57.1284 0
    endloop
  endfacet
  facet normal 0 0 -1
    outer loop
      vertex 213.072 7.79712 0
      vertex 213.138 57.0615 0
      vertex 213.138 7.73848 0
    endloop
  endfacet
  facet normal 0 0 -1
    outer loop
      vertex 213.072 7.79712 0
      vertex 213.072 57.0029 0
      vertex 213.138 57.0615 0
    endloop
  endfacet
  facet normal 0 0 -1
    outer loop
      vertex 212.883 7.96272 0
      vertex 213.072 57.0029 0
      vertex 213.072 7.79712 0
    endloop
  endfacet
  facet normal 0 0 -1
    outer loop
      vertex 212.883 7.96272 0
      vertex 212.883 56.8373 0
      vertex 213.072 57.0029 0
    endloop
  endfacet
  facet normal 0 0 -1
    outer loop
      vertex 212.674 8.10225 0
      vertex 212.883 56.8373 0
      vertex 212.883 7.96272 0
    endloop
  endfacet
  facet normal 0 0 -1
    outer loop
      vertex 212.674 8.10225 0
      vertex 212.674 56.6978 0
      vertex 212.883 56.8373 0
    endloop
  endfacet
  facet normal 0 0 -1
    outer loop
      vertex 212.6 8.15167 0
      vertex 212.674 56.6978 0
      vertex 212.674 8.10225 0
    endloop
  endfacet
  facet normal 0 0 -1
    outer loop
      vertex 212.6 8.15167 0
      vertex 212.6 56.6483 0
      vertex 212.674 56.6978 0
    endloop
  endfacet
  facet normal 0 0 -1
    outer loop
      vertex 212.52 8.19101 0
      vertex 212.6 56.6483 0
      vertex 212.6 8.15167 0
    endloop
  endfacet
  facet normal 0 0 -1
    outer loop
      vertex 212.52 8.19101 0
      vertex 212.52 56.609 0
      vertex 212.6 56.6483 0
    endloop
  endfacet
  facet normal 0 0 -1
    outer loop
      vertex 212.295 8.30209 0
      vertex 212.52 56.609 0
      vertex 212.52 8.19101 0
    endloop
  endfacet
  facet normal 0 0 -1
    outer loop
      vertex 212.295 8.30209 0
      vertex 212.295 56.4979 0
      vertex 212.52 56.609 0
    endloop
  endfacet
  facet normal 0 0 -1
    outer loop
      vertex 212.211 8.33068 0
      vertex 212.295 56.4979 0
      vertex 212.295 8.30209 0
    endloop
  endfacet
  facet normal 0 0 -1
    outer loop
      vertex 212.211 8.33068 0
      vertex 212.211 56.4693 0
      vertex 212.295 56.4979 0
    endloop
  endfacet
  facet normal 0 0 -1
    outer loop
      vertex 211.973 8.41141 0
      vertex 212.211 56.4693 0
      vertex 212.211 8.33068 0
    endloop
  endfacet
  facet normal 0 0 -1
    outer loop
      vertex 211.973 8.41141 0
      vertex 211.973 56.3886 0
      vertex 212.211 56.4693 0
    endloop
  endfacet
  facet normal 0 0 -1
    outer loop
      vertex 211.727 8.4604 0
      vertex 211.973 56.3886 0
      vertex 211.973 8.41141 0
    endloop
  endfacet
  facet normal 0 0 -1
    outer loop
      vertex 211.727 8.4604 0
      vertex 211.727 56.3396 0
      vertex 211.973 56.3886 0
    endloop
  endfacet
  facet normal 0 0 -1
    outer loop
      vertex 211.639 8.47776 0
      vertex 211.727 56.3396 0
      vertex 211.727 8.4604 0
    endloop
  endfacet
  facet normal 0 0 -1
    outer loop
      vertex 211.639 8.47776 0
      vertex 211.639 56.3222 0
      vertex 211.727 56.3396 0
    endloop
  endfacet
  facet normal 0 0 -1
    outer loop
      vertex 211.551 8.48357 0
      vertex 211.639 56.3222 0
      vertex 211.639 8.47776 0
    endloop
  endfacet
  facet normal 0 0 -1
    outer loop
      vertex 211.551 8.48357 0
      vertex 211.551 56.3164 0
      vertex 211.639 56.3222 0
    endloop
  endfacet
  facet normal 0 0 -1
    outer loop
      vertex 211.3 8.5 0
      vertex 211.551 56.3164 0
      vertex 211.551 8.48357 0
    endloop
  endfacet
  facet normal 0 0 -1
    outer loop
      vertex 211.3 8.5 0
      vertex 211.3 56.3 0
      vertex 211.551 56.3164 0
    endloop
  endfacet
  facet normal 0 0 -1
    outer loop
      vertex 211.049 8.48357 0
      vertex 211.3 56.3 0
      vertex 211.3 8.5 0
    endloop
  endfacet
  facet normal 0 0 -1
    outer loop
      vertex 211.049 8.48357 0
      vertex 211.049 56.3164 0
      vertex 211.3 56.3 0
    endloop
  endfacet
  facet normal 0 0 -1
    outer loop
      vertex 210.961 8.47776 0
      vertex 211.049 56.3164 0
      vertex 211.049 8.48357 0
    endloop
  endfacet
  facet normal 0 0 -1
    outer loop
      vertex 210.961 8.47776 0
      vertex 210.961 56.3222 0
      vertex 211.049 56.3164 0
    endloop
  endfacet
  facet normal 0 0 -1
    outer loop
      vertex 210.873 8.4604 0
      vertex 210.961 56.3222 0
      vertex 210.961 8.47776 0
    endloop
  endfacet
  facet normal 0 0 -1
    outer loop
      vertex 210.873 8.4604 0
      vertex 210.873 56.3396 0
      vertex 210.961 56.3222 0
    endloop
  endfacet
  facet normal 0 0 -1
    outer loop
      vertex 210.627 8.41141 0
      vertex 210.873 56.3396 0
      vertex 210.873 8.4604 0
    endloop
  endfacet
  facet normal 0 0 -1
    outer loop
      vertex 210.627 8.41141 0
      vertex 210.627 56.3886 0
      vertex 210.873 56.3396 0
    endloop
  endfacet
  facet normal 0 0 -1
    outer loop
      vertex 210.389 8.33068 0
      vertex 210.627 56.3886 0
      vertex 210.627 8.41141 0
    endloop
  endfacet
  facet normal 0 0 -1
    outer loop
      vertex 210.389 8.33068 0
      vertex 210.389 56.4693 0
      vertex 210.627 56.3886 0
    endloop
  endfacet
  facet normal 0 0 -1
    outer loop
      vertex 210.305 8.30209 0
      vertex 210.389 56.4693 0
      vertex 210.389 8.33068 0
    endloop
  endfacet
  facet normal 0 0 -1
    outer loop
      vertex 210.305 8.30209 0
      vertex 210.305 56.4979 0
      vertex 210.389 56.4693 0
    endloop
  endfacet
  facet normal 0 0 -1
    outer loop
      vertex 210.08 8.19101 0
      vertex 210.305 56.4979 0
      vertex 210.305 8.30209 0
    endloop
  endfacet
  facet normal 0 0 -1
    outer loop
      vertex 210.08 8.19101 0
      vertex 210.08 56.609 0
      vertex 210.305 56.4979 0
    endloop
  endfacet
  facet normal 0 0 -1
    outer loop
      vertex 210 8.15167 0
      vertex 210.08 56.609 0
      vertex 210.08 8.19101 0
    endloop
  endfacet
  facet normal 0 0 -1
    outer loop
      vertex 210 8.15167 0
      vertex 210 56.6483 0
      vertex 210.08 56.609 0
    endloop
  endfacet
  facet normal 0 0 -1
    outer loop
      vertex 166.892 38.267 0
      vertex 210 8.15167 0
      vertex 209.926 8.10225 0
    endloop
  endfacet
  facet normal 0 0 -1
    outer loop
      vertex 210 8.15167 0
      vertex 166.892 38.267 0
      vertex 210 56.6483 0
    endloop
  endfacet
  facet normal 0 0 -1
    outer loop
      vertex 166.892 38.267 0
      vertex 209.926 8.10225 0
      vertex 209.717 7.96272 0
    endloop
  endfacet
  facet normal -0 0 -1
    outer loop
      vertex 210 56.6483 0
      vertex 166.892 38.267 0
      vertex 209.926 56.6978 0
    endloop
  endfacet
  facet normal 0 0 -1
    outer loop
      vertex 166.892 38.267 0
      vertex 209.717 7.96272 0
      vertex 209.528 7.79712 0
    endloop
  endfacet
  facet normal -0 0 -1
    outer loop
      vertex 209.926 56.6978 0
      vertex 166.892 38.267 0
      vertex 209.717 56.8373 0
    endloop
  endfacet
  facet normal 0 0 -1
    outer loop
      vertex 166.892 38.267 0
      vertex 209.528 7.79712 0
      vertex 209.462 7.73848 0
    endloop
  endfacet
  facet normal -0 0 -1
    outer loop
      vertex 209.717 56.8373 0
      vertex 166.892 38.267 0
      vertex 209.528 57.0029 0
    endloop
  endfacet
  facet normal 0 0 -1
    outer loop
      vertex 166.892 38.267 0
      vertex 209.462 7.73848 0
      vertex 209.403 7.6716 0
    endloop
  endfacet
  facet normal -0 0 -1
    outer loop
      vertex 209.528 57.0029 0
      vertex 166.892 38.267 0
      vertex 209.462 57.0615 0
    endloop
  endfacet
  facet normal 0 0 -1
    outer loop
      vertex 166.892 38.267 0
      vertex 209.403 7.6716 0
      vertex 209.237 7.48278 0
    endloop
  endfacet
  facet normal -0 0 -1
    outer loop
      vertex 209.462 57.0615 0
      vertex 166.892 38.267 0
      vertex 209.403 57.1284 0
    endloop
  endfacet
  facet normal 0 0 -1
    outer loop
      vertex 162.653 26.8013 0
      vertex 209.237 7.48278 0
      vertex 209.098 7.27396 0
    endloop
  endfacet
  facet normal -0 0 -1
    outer loop
      vertex 209.403 57.1284 0
      vertex 166.892 38.267 0
      vertex 209.237 57.3172 0
    endloop
  endfacet
  facet normal 0 0 -1
    outer loop
      vertex 162.653 26.8013 0
      vertex 209.098 7.27396 0
      vertex 209.048 7.2 0
    endloop
  endfacet
  facet normal -0 0 -1
    outer loop
      vertex 209.237 57.3172 0
      vertex 166.892 38.267 0
      vertex 209.098 57.526 0
    endloop
  endfacet
  facet normal 0 0 -1
    outer loop
      vertex 162.653 26.8013 0
      vertex 209.048 7.2 0
      vertex 209.009 7.12022 0
    endloop
  endfacet
  facet normal -0 0 -1
    outer loop
      vertex 209.098 57.526 0
      vertex 166.892 38.267 0
      vertex 209.048 57.6 0
    endloop
  endfacet
  facet normal 0 0 -1
    outer loop
      vertex 162.653 26.8013 0
      vertex 209.009 7.12022 0
      vertex 208.898 6.89498 0
    endloop
  endfacet
  facet normal -0 0 -1
    outer loop
      vertex 209.048 57.6 0
      vertex 166.892 38.267 0
      vertex 209.009 57.6798 0
    endloop
  endfacet
  facet normal 0 0 -1
    outer loop
      vertex 162.653 26.8013 0
      vertex 208.898 6.89498 0
      vertex 208.869 6.81075 0
    endloop
  endfacet
  facet normal -0 0 -1
    outer loop
      vertex 209.009 57.6798 0
      vertex 166.892 38.267 0
      vertex 208.898 57.905 0
    endloop
  endfacet
  facet normal 0 0 -1
    outer loop
      vertex 162.653 26.8013 0
      vertex 208.869 6.81075 0
      vertex 208.789 6.57293 0
    endloop
  endfacet
  facet normal -0 0 -1
    outer loop
      vertex 208.898 57.905 0
      vertex 166.892 38.267 0
      vertex 208.869 57.9893 0
    endloop
  endfacet
  facet normal 0 0 -1
    outer loop
      vertex 162.653 26.8013 0
      vertex 208.789 6.57293 0
      vertex 208.74 6.32661 0
    endloop
  endfacet
  facet normal -0 0 -1
    outer loop
      vertex 208.869 57.9893 0
      vertex 166.892 38.267 0
      vertex 208.789 58.2271 0
    endloop
  endfacet
  facet normal 0 0 -1
    outer loop
      vertex 162.653 26.8013 0
      vertex 208.74 6.32661 0
      vertex 208.722 6.23937 0
    endloop
  endfacet
  facet normal -0 0 -1
    outer loop
      vertex 208.789 58.2271 0
      vertex 166.892 38.267 0
      vertex 208.74 58.4734 0
    endloop
  endfacet
  facet normal 0 0 -1
    outer loop
      vertex 162.653 26.8013 0
      vertex 208.722 6.23937 0
      vertex 208.716 6.15061 0
    endloop
  endfacet
  facet normal -0 0 -1
    outer loop
      vertex 208.74 58.4734 0
      vertex 166.892 38.267 0
      vertex 208.722 58.5606 0
    endloop
  endfacet
  facet normal 0 0 -1
    outer loop
      vertex 162.653 26.8013 0
      vertex 208.716 6.15061 0
      vertex 208.7 5.9 0
    endloop
  endfacet
  facet normal -0 0 -1
    outer loop
      vertex 208.722 58.5606 0
      vertex 166.892 38.267 0
      vertex 208.716 58.6494 0
    endloop
  endfacet
  facet normal 0 0 -1
    outer loop
      vertex 213.363 4.31722 0
      vertex 217.2 3 0
      vertex 217.174 2.60842 0
    endloop
  endfacet
  facet normal 0 0 -1
    outer loop
      vertex 213.884 6.15061 0
      vertex 217.2 3 0
      vertex 213.9 5.9 0
    endloop
  endfacet
  facet normal 0 0 -1
    outer loop
      vertex 213.363 4.31722 0
      vertex 217.174 2.60842 0
      vertex 217.098 2.22354 0
    endloop
  endfacet
  facet normal 0 0 -1
    outer loop
      vertex 213.878 6.23937 0
      vertex 217.2 3 0
      vertex 213.884 6.15061 0
    endloop
  endfacet
  facet normal 0 0 -1
    outer loop
      vertex 213.363 4.31722 0
      vertex 217.098 2.22354 0
      vertex 216.972 1.85195 0
    endloop
  endfacet
  facet normal 0 0 -1
    outer loop
      vertex 213.884 59.1506 0
      vertex 217.2 61.8 0
      vertex 213.9 58.9 0
    endloop
  endfacet
  facet normal 0 0 -1
    outer loop
      vertex 213.197 4.1284 0
      vertex 216.972 1.85195 0
      vertex 216.798 1.5 0
    endloop
  endfacet
  facet normal 0 0 -1
    outer loop
      vertex 213.878 59.2394 0
      vertex 217.2 61.8 0
      vertex 213.884 59.1506 0
    endloop
  endfacet
  facet normal 0 0 -1
    outer loop
      vertex 213.138 4.06152 0
      vertex 216.798 1.5 0
      vertex 216.58 1.17372 0
    endloop
  endfacet
  facet normal 0 0 -1
    outer loop
      vertex 213.86 59.3266 0
      vertex 217.2 61.8 0
      vertex 213.878 59.2394 0
    endloop
  endfacet
  facet normal 0 0 -1
    outer loop
      vertex 213.138 4.06152 0
      vertex 216.58 1.17372 0
      vertex 216.321 0.878679 0
    endloop
  endfacet
  facet normal 0 0 -1
    outer loop
      vertex 213.811 59.5729 0
      vertex 217.2 61.8 0
      vertex 213.86 59.3266 0
    endloop
  endfacet
  facet normal 0 0 -1
    outer loop
      vertex 213.138 4.06152 0
      vertex 216.321 0.878679 0
      vertex 216.026 0.61994 0
    endloop
  endfacet
  facet normal 0 0 -1
    outer loop
      vertex 213.731 59.8107 0
      vertex 217.2 61.8 0
      vertex 213.811 59.5729 0
    endloop
  endfacet
  facet normal 0 0 -1
    outer loop
      vertex 213.138 4.06152 0
      vertex 216.026 0.61994 0
      vertex 215.7 0.401923 0
    endloop
  endfacet
  facet normal 0 0 -1
    outer loop
      vertex 213.702 59.895 0
      vertex 217.2 61.8 0
      vertex 213.731 59.8107 0
    endloop
  endfacet
  facet normal 0 0 -1
    outer loop
      vertex 213.072 4.00288 0
      vertex 215.7 0.401923 0
      vertex 215.348 0.228361 0
    endloop
  endfacet
  facet normal 0 0 -1
    outer loop
      vertex 213.591 60.1202 0
      vertex 217.2 61.8 0
      vertex 213.702 59.895 0
    endloop
  endfacet
  facet normal 0 0 -1
    outer loop
      vertex 213.072 4.00288 0
      vertex 215.348 0.228361 0
      vertex 214.976 0.102222 0
    endloop
  endfacet
  facet normal 0 0 -1
    outer loop
      vertex 213.552 60.2 0
      vertex 217.2 61.8 0
      vertex 213.591 60.1202 0
    endloop
  endfacet
  facet normal 0 0 -1
    outer loop
      vertex 212.883 3.83728 0
      vertex 214.976 0.102222 0
      vertex 214.592 0.0256653 0
    endloop
  endfacet
  facet normal 0 0 -1
    outer loop
      vertex 213.502 60.274 0
      vertex 217.2 61.8 0
      vertex 213.552 60.2 0
    endloop
  endfacet
  facet normal 0 0 -1
    outer loop
      vertex 212.883 3.83728 0
      vertex 214.592 0.0256653 0
      vertex 214.2 0 0
    endloop
  endfacet
  facet normal 0 0 -1
    outer loop
      vertex 213.363 60.4828 0
      vertex 217.2 61.8 0
      vertex 213.502 60.274 0
    endloop
  endfacet
  facet normal -0 0 -1
    outer loop
      vertex 217.2 61.8 0
      vertex 213.363 60.4828 0
      vertex 217.174 62.1916 0
    endloop
  endfacet
  facet normal 0 0 -1
    outer loop
      vertex 217.2 3 0
      vertex 213.884 5.64939 0
      vertex 213.9 5.9 0
    endloop
  endfacet
  facet normal 0 0 -1
    outer loop
      vertex 217.2 3 0
      vertex 213.878 5.56063 0
      vertex 213.884 5.64939 0
    endloop
  endfacet
  facet normal 0 0 -1
    outer loop
      vertex 217.2 3 0
      vertex 213.86 5.47339 0
      vertex 213.878 5.56063 0
    endloop
  endfacet
  facet normal 0 0 -1
    outer loop
      vertex 217.2 3 0
      vertex 213.811 5.22707 0
      vertex 213.86 5.47339 0
    endloop
  endfacet
  facet normal 0 0 -1
    outer loop
      vertex 217.2 3 0
      vertex 213.731 4.98925 0
      vertex 213.811 5.22707 0
    endloop
  endfacet
  facet normal 0 0 -1
    outer loop
      vertex 217.2 3 0
      vertex 213.702 4.90502 0
      vertex 213.731 4.98925 0
    endloop
  endfacet
  facet normal 0 0 -1
    outer loop
      vertex 217.2 3 0
      vertex 213.591 4.67978 0
      vertex 213.702 4.90502 0
    endloop
  endfacet
  facet normal 0 0 -1
    outer loop
      vertex 217.2 3 0
      vertex 213.552 4.6 0
      vertex 213.591 4.67978 0
    endloop
  endfacet
  facet normal 0 0 -1
    outer loop
      vertex 217.2 3 0
      vertex 213.502 4.52604 0
      vertex 213.552 4.6 0
    endloop
  endfacet
  facet normal 0 0 -1
    outer loop
      vertex 217.2 3 0
      vertex 213.363 4.31722 0
      vertex 213.502 4.52604 0
    endloop
  endfacet
  facet normal 0 0 -1
    outer loop
      vertex 216.972 1.85195 0
      vertex 213.197 4.1284 0
      vertex 213.363 4.31722 0
    endloop
  endfacet
  facet normal 0 0 -1
    outer loop
      vertex 216.798 1.5 0
      vertex 213.138 4.06152 0
      vertex 213.197 4.1284 0
    endloop
  endfacet
  facet normal 0 0 -1
    outer loop
      vertex 215.7 0.401923 0
      vertex 213.072 4.00288 0
      vertex 213.138 4.06152 0
    endloop
  endfacet
  facet normal 0 0 -1
    outer loop
      vertex 214.976 0.102222 0
      vertex 212.883 3.83728 0
      vertex 213.072 4.00288 0
    endloop
  endfacet
  facet normal 0 0 -1
    outer loop
      vertex 214.2 0 0
      vertex 212.674 3.69775 0
      vertex 212.883 3.83728 0
    endloop
  endfacet
  facet normal 0 0 -1
    outer loop
      vertex 214.2 0 0
      vertex 212.6 3.64833 0
      vertex 212.674 3.69775 0
    endloop
  endfacet
  facet normal 0 0 -1
    outer loop
      vertex 214.2 0 0
      vertex 212.52 3.60899 0
      vertex 212.6 3.64833 0
    endloop
  endfacet
  facet normal 0 0 -1
    outer loop
      vertex 214.2 0 0
      vertex 212.295 3.49791 0
      vertex 212.52 3.60899 0
    endloop
  endfacet
  facet normal 0 0 -1
    outer loop
      vertex 214.2 0 0
      vertex 212.211 3.46932 0
      vertex 212.295 3.49791 0
    endloop
  endfacet
  facet normal 0 0 -1
    outer loop
      vertex 214.2 0 0
      vertex 211.973 3.38859 0
      vertex 212.211 3.46932 0
    endloop
  endfacet
  facet normal 0 0 -1
    outer loop
      vertex 214.2 0 0
      vertex 211.727 3.3396 0
      vertex 211.973 3.38859 0
    endloop
  endfacet
  facet normal 0 0 -1
    outer loop
      vertex 214.2 0 0
      vertex 211.639 3.32224 0
      vertex 211.727 3.3396 0
    endloop
  endfacet
  facet normal 0 0 -1
    outer loop
      vertex 214.2 0 0
      vertex 211.551 3.31643 0
      vertex 211.639 3.32224 0
    endloop
  endfacet
  facet normal 0 0 -1
    outer loop
      vertex 214.2 0 0
      vertex 211.3 3.3 0
      vertex 211.551 3.31643 0
    endloop
  endfacet
  facet normal 0 0 -1
    outer loop
      vertex 214.2 0 0
      vertex 211.049 3.31643 0
      vertex 211.3 3.3 0
    endloop
  endfacet
  facet normal 0 0 -1
    outer loop
      vertex 214.2 0 0
      vertex 210.961 3.32224 0
      vertex 211.049 3.31643 0
    endloop
  endfacet
  facet normal 0 0 -1
    outer loop
      vertex 214.2 0 0
      vertex 210.873 3.3396 0
      vertex 210.961 3.32224 0
    endloop
  endfacet
  facet normal 0 0 -1
    outer loop
      vertex 214.2 0 0
      vertex 210.627 3.38859 0
      vertex 210.873 3.3396 0
    endloop
  endfacet
  facet normal 0 0 -1
    outer loop
      vertex 214.2 0 0
      vertex 210.389 3.46932 0
      vertex 210.627 3.38859 0
    endloop
  endfacet
  facet normal 0 0 -1
    outer loop
      vertex 214.2 0 0
      vertex 210.305 3.49791 0
      vertex 210.389 3.46932 0
    endloop
  endfacet
  facet normal 0 0 -1
    outer loop
      vertex 214.2 0 0
      vertex 210.08 3.60899 0
      vertex 210.305 3.49791 0
    endloop
  endfacet
  facet normal 0 0 -1
    outer loop
      vertex 214.2 0 0
      vertex 210 3.64833 0
      vertex 210.08 3.60899 0
    endloop
  endfacet
  facet normal 0 0 -1
    outer loop
      vertex 214.2 0 0
      vertex 209.926 3.69775 0
      vertex 210 3.64833 0
    endloop
  endfacet
  facet normal 0 0 -1
    outer loop
      vertex 214.2 0 0
      vertex 209.717 3.83728 0
      vertex 209.926 3.69775 0
    endloop
  endfacet
  facet normal 0 0 1
    outer loop
      vertex 209.717 3.83728 0
      vertex 209.462 4.06152 0
      vertex 209.528 4.00288 0
    endloop
  endfacet
  facet normal 0 0 1
    outer loop
      vertex 209.462 4.06152 0
      vertex 209.237 4.31722 0
      vertex 209.403 4.1284 0
    endloop
  endfacet
  facet normal 0 0 1
    outer loop
      vertex 208.722 5.56063 0
      vertex 208.7 5.9 0
      vertex 208.716 5.64939 0
    endloop
  endfacet
  facet normal -0 0 -1
    outer loop
      vertex 208.716 58.6494 0
      vertex 166.892 38.267 0
      vertex 208.7 58.9 0
    endloop
  endfacet
  facet normal 0 0 -1
    outer loop
      vertex 162.653 26.8013 0
      vertex 208.7 5.9 0
      vertex 208.722 5.56063 0
    endloop
  endfacet
  facet normal 0 0 -1
    outer loop
      vertex 162.653 26.8013 0
      vertex 208.722 5.56063 0
      vertex 208.74 5.47339 0
    endloop
  endfacet
  facet normal 0 0 -1
    outer loop
      vertex 162.653 26.8013 0
      vertex 208.74 5.47339 0
      vertex 208.789 5.22707 0
    endloop
  endfacet
  facet normal 0 0 -1
    outer loop
      vertex 162.653 26.8013 0
      vertex 208.789 5.22707 0
      vertex 208.869 4.98925 0
    endloop
  endfacet
  facet normal 0 0 -1
    outer loop
      vertex 162.653 26.8013 0
      vertex 208.869 4.98925 0
      vertex 208.898 4.90502 0
    endloop
  endfacet
  facet normal 0 0 -1
    outer loop
      vertex 162.653 26.8013 0
      vertex 208.898 4.90502 0
      vertex 209.009 4.67978 0
    endloop
  endfacet
  facet normal 0 0 -1
    outer loop
      vertex 162.653 26.8013 0
      vertex 209.009 4.67978 0
      vertex 209.048 4.6 0
    endloop
  endfacet
  facet normal 0 0 -1
    outer loop
      vertex 162.653 26.8013 0
      vertex 209.048 4.6 0
      vertex 209.098 4.52604 0
    endloop
  endfacet
  facet normal 0 0 -1
    outer loop
      vertex 162.653 26.8013 0
      vertex 209.098 4.52604 0
      vertex 209.237 4.31722 0
    endloop
  endfacet
  facet normal 0 0 -1
    outer loop
      vertex 160.219 26.8013 0
      vertex 209.237 4.31722 0
      vertex 209.462 4.06152 0
    endloop
  endfacet
  facet normal 0 0 -1
    outer loop
      vertex 146.45 26.8013 0
      vertex 209.462 4.06152 0
      vertex 209.717 3.83728 0
    endloop
  endfacet
  facet normal 0 0 -1
    outer loop
      vertex 146.45 26.8013 0
      vertex 209.717 3.83728 0
      vertex 214.2 0 0
    endloop
  endfacet
  facet normal 0 0 -1
    outer loop
      vertex 209.237 7.48278 0
      vertex 162.653 26.8013 0
      vertex 166.892 38.267 0
    endloop
  endfacet
  facet normal 0 0 -1
    outer loop
      vertex 209.237 4.31722 0
      vertex 160.219 26.8013 0
      vertex 162.653 26.8013 0
    endloop
  endfacet
  facet normal 0 0 -1
    outer loop
      vertex 155.654 28.502 0
      vertex 160.219 26.8013 0
      vertex 155.654 26.8013 0
    endloop
  endfacet
  facet normal 0 0 -1
    outer loop
      vertex 209.462 4.06152 0
      vertex 155.654 26.8013 0
      vertex 160.219 26.8013 0
    endloop
  endfacet
  facet normal 0 0 -1
    outer loop
      vertex 209.462 4.06152 0
      vertex 146.45 26.8013 0
      vertex 155.654 26.8013 0
    endloop
  endfacet
  facet normal 0 0 -1
    outer loop
      vertex 142.318 26.8013 0
      vertex 146.45 28.6811 0
      vertex 146.45 26.8013 0
    endloop
  endfacet
  facet normal 0 0 -1
    outer loop
      vertex 142.318 36.4117 0
      vertex 146.45 28.6811 0
      vertex 142.318 26.8013 0
    endloop
  endfacet
  facet normal 0 0 -1
    outer loop
      vertex 214.2 0 0
      vertex 142.318 26.8013 0
      vertex 146.45 26.8013 0
    endloop
  endfacet
  facet normal 0 0 -1
    outer loop
      vertex 214.2 0 0
      vertex 139.918 26.8013 0
      vertex 142.318 26.8013 0
    endloop
  endfacet
  facet normal 0 0 -1
    outer loop
      vertex 139.918 26.8013 0
      vertex 136.207 36.4117 0
      vertex 139.918 36.4117 0
    endloop
  endfacet
  facet normal 0 0 -1
    outer loop
      vertex 127.75 38.267 0
      vertex 136.207 36.4117 0
      vertex 131.933 26.8013 0
    endloop
  endfacet
  facet normal 0 0 -1
    outer loop
      vertex 139.918 26.8013 0
      vertex 131.933 26.8013 0
      vertex 136.207 36.4117 0
    endloop
  endfacet
  facet normal 0 0 -1
    outer loop
      vertex 214.2 0 0
      vertex 131.933 26.8013 0
      vertex 139.918 26.8013 0
    endloop
  endfacet
  facet normal 0 0 -1
    outer loop
      vertex 214.2 0 0
      vertex 129.532 26.8013 0
      vertex 131.933 26.8013 0
    endloop
  endfacet
  facet normal 0 0 -1
    outer loop
      vertex 129.532 26.8013 0
      vertex 124.145 29.7308 0
      vertex 128.515 29.7308 0
    endloop
  endfacet
  facet normal 0 0 -1
    outer loop
      vertex 129.532 26.8013 0
      vertex 123.128 26.8013 0
      vertex 124.145 29.7308 0
    endloop
  endfacet
  facet normal 0 0 -1
    outer loop
      vertex 214.2 0 0
      vertex 123.128 26.8013 0
      vertex 129.532 26.8013 0
    endloop
  endfacet
  facet normal 0 0 -1
    outer loop
      vertex 214.2 0 0
      vertex 120.752 26.8013 0
      vertex 123.128 26.8013 0
    endloop
  endfacet
  facet normal 0 0 -1
    outer loop
      vertex 3 0 0
      vertex 120.752 26.8013 0
      vertex 214.2 0 0
    endloop
  endfacet
  facet normal 0 -0 -1
    outer loop
      vertex 7.48278 3.83728 0
      vertex 120.752 26.8013 0
      vertex 3 0 0
    endloop
  endfacet
  facet normal 0 0 -1
    outer loop
      vertex 44.1491 29.6927 0
      vertex 45.0437 29.9257 0
      vertex 45.0437 28.6725 0
    endloop
  endfacet
  facet normal 0 0 -1
    outer loop
      vertex 45.0437 29.9257 0
      vertex 44.4404 30.4552 0
      vertex 44.4883 30.7503 0
    endloop
  endfacet
  facet normal 0 0 -1
    outer loop
      vertex 45.0437 29.9257 0
      vertex 44.3679 30.1805 0
      vertex 44.4404 30.4552 0
    endloop
  endfacet
  facet normal 0 0 -1
    outer loop
      vertex 45.0437 29.9257 0
      vertex 44.2708 29.9264 0
      vertex 44.3679 30.1805 0
    endloop
  endfacet
  facet normal -0 0 -1
    outer loop
      vertex 45.0437 29.9257 0
      vertex 44.1491 29.6927 0
      vertex 44.2708 29.9264 0
    endloop
  endfacet
  facet normal 0 0 -1
    outer loop
      vertex 45.0437 28.6725 0
      vertex 44.0028 29.4795 0
      vertex 44.1491 29.6927 0
    endloop
  endfacet
  facet normal 0 0 -1
    outer loop
      vertex 45.0437 28.6725 0
      vertex 43.832 29.2868 0
      vertex 44.0028 29.4795 0
    endloop
  endfacet
  facet normal 0 0 -1
    outer loop
      vertex 45.0437 28.6725 0
      vertex 43.6366 29.1146 0
      vertex 43.832 29.2868 0
    endloop
  endfacet
  facet normal 0 0 -1
    outer loop
      vertex 45.0437 28.6725 0
      vertex 43.4186 28.9642 0
      vertex 43.6366 29.1146 0
    endloop
  endfacet
  facet normal 0 0 -1
    outer loop
      vertex 45.0437 28.6725 0
      vertex 43.18 28.8369 0
      vertex 43.4186 28.9642 0
    endloop
  endfacet
  facet normal 0 -0 -1
    outer loop
      vertex 7.79712 4.1284 0
      vertex 50.3927 28.6725 0
      vertex 7.73848 4.06152 0
    endloop
  endfacet
  facet normal 0 -0 -1
    outer loop
      vertex 7.96272 4.31722 0
      vertex 50.3927 28.6725 0
      vertex 7.79712 4.1284 0
    endloop
  endfacet
  facet normal 0 0 -1
    outer loop
      vertex 45.0437 28.6725 0
      vertex 42.9208 28.7328 0
      vertex 43.18 28.8369 0
    endloop
  endfacet
  facet normal 0 -0 -1
    outer loop
      vertex 8.10225 4.52604 0
      vertex 50.3927 28.6725 0
      vertex 7.96272 4.31722 0
    endloop
  endfacet
  facet normal 0 -0 -1
    outer loop
      vertex 8.15167 4.6 0
      vertex 50.3927 28.6725 0
      vertex 8.10225 4.52604 0
    endloop
  endfacet
  facet normal -0 0 -1
    outer loop
      vertex 45.0437 28.6725 0
      vertex 42.641 28.6518 0
      vertex 42.9208 28.7328 0
    endloop
  endfacet
  facet normal -0 0 -1
    outer loop
      vertex 50.3927 28.6725 0
      vertex 8.15167 4.6 0
      vertex 45.0437 28.6725 0
    endloop
  endfacet
  facet normal 0 -0 -1
    outer loop
      vertex 8.19101 4.67978 0
      vertex 45.0437 28.6725 0
      vertex 8.15167 4.6 0
    endloop
  endfacet
  facet normal 0 0 -1
    outer loop
      vertex 38.0549 30.5707 0
      vertex 38.9657 30.7937 0
      vertex 38.9801 30.4968 0
    endloop
  endfacet
  facet normal 0 0 -1
    outer loop
      vertex 38.0549 30.5707 0
      vertex 38.9801 30.4968 0
      vertex 39.0233 30.2198 0
    endloop
  endfacet
  facet normal 0 0 -1
    outer loop
      vertex 37.787 29.8483 0
      vertex 39.0233 30.2198 0
      vertex 39.0953 29.9627 0
    endloop
  endfacet
  facet normal 0 0 -1
    outer loop
      vertex 38.9657 30.7937 0
      vertex 38.2157 31.4537 0
      vertex 38.2693 32.4971 0
    endloop
  endfacet
  facet normal 0 0 -1
    outer loop
      vertex 37.787 29.8483 0
      vertex 39.0953 29.9627 0
      vertex 39.196 29.7255 0
    endloop
  endfacet
  facet normal -0 0 -1
    outer loop
      vertex 38.9657 30.7937 0
      vertex 38.0549 30.5707 0
      vertex 38.2157 31.4537 0
    endloop
  endfacet
  facet normal 0 0 -1
    outer loop
      vertex 37.787 29.8483 0
      vertex 39.196 29.7255 0
      vertex 39.3256 29.5083 0
    endloop
  endfacet
  facet normal 0 0 -1
    outer loop
      vertex 37.4119 29.2864 0
      vertex 39.3256 29.5083 0
      vertex 39.4839 29.311 0
    endloop
  endfacet
  facet normal 0 0 -1
    outer loop
      vertex 37.4119 29.2864 0
      vertex 39.4839 29.311 0
      vertex 39.671 29.1336 0
    endloop
  endfacet
  facet normal -0 0 -1
    outer loop
      vertex 39.0233 30.2198 0
      vertex 37.787 29.8483 0
      vertex 38.0549 30.5707 0
    endloop
  endfacet
  facet normal 0 0 -1
    outer loop
      vertex 36.9296 28.8851 0
      vertex 39.671 29.1336 0
      vertex 39.8847 28.9782 0
    endloop
  endfacet
  facet normal 0 0 -1
    outer loop
      vertex 36.9296 28.8851 0
      vertex 39.8847 28.9782 0
      vertex 40.1227 28.8466 0
    endloop
  endfacet
  facet normal -0 0 -1
    outer loop
      vertex 39.3256 29.5083 0
      vertex 37.4119 29.2864 0
      vertex 37.787 29.8483 0
    endloop
  endfacet
  facet normal 0 0 -1
    outer loop
      vertex 36.9296 28.8851 0
      vertex 40.1227 28.8466 0
      vertex 40.3851 28.739 0
    endloop
  endfacet
  facet normal 0 0 -1
    outer loop
      vertex 36.3402 28.6443 0
      vertex 40.3851 28.739 0
      vertex 40.6718 28.6553 0
    endloop
  endfacet
  facet normal -0 0 -1
    outer loop
      vertex 39.671 29.1336 0
      vertex 36.9296 28.8851 0
      vertex 37.4119 29.2864 0
    endloop
  endfacet
  facet normal 0 0 -1
    outer loop
      vertex 36.3402 28.6443 0
      vertex 40.6718 28.6553 0
      vertex 40.9829 28.5955 0
    endloop
  endfacet
  facet normal 0 0 -1
    outer loop
      vertex 45.0437 28.6725 0
      vertex 42.3407 28.594 0
      vertex 42.641 28.6518 0
    endloop
  endfacet
  facet normal 0 0 -1
    outer loop
      vertex 45.0437 28.6725 0
      vertex 8.30209 4.90502 0
      vertex 42.0197 28.5593 0
    endloop
  endfacet
  facet normal 0 0 -1
    outer loop
      vertex 42.0197 28.5593 0
      vertex 8.30209 4.90502 0
      vertex 41.6782 28.5477 0
    endloop
  endfacet
  facet normal 0 -0 -1
    outer loop
      vertex 8.33068 4.98925 0
      vertex 41.6782 28.5477 0
      vertex 8.30209 4.90502 0
    endloop
  endfacet
  facet normal 0 0 -1
    outer loop
      vertex 26.757 28.6725 0
      vertex 32.9854 32.4971 0
      vertex 32.9989 31.963 0
    endloop
  endfacet
  facet normal 0 0 -1
    outer loop
      vertex 26.757 28.6725 0
      vertex 32.9989 31.963 0
      vertex 33.0396 31.4671 0
    endloop
  endfacet
  facet normal 0 0 -1
    outer loop
      vertex 26.757 28.6725 0
      vertex 33.0396 31.4671 0
      vertex 33.1074 31.0095 0
    endloop
  endfacet
  facet normal 0 0 -1
    outer loop
      vertex 26.757 28.6725 0
      vertex 33.1074 31.0095 0
      vertex 33.2024 30.5902 0
    endloop
  endfacet
  facet normal 0 0 -1
    outer loop
      vertex 26.757 28.6725 0
      vertex 33.2024 30.5902 0
      vertex 33.3244 30.2092 0
    endloop
  endfacet
  facet normal 0 0 -1
    outer loop
      vertex 26.757 28.6725 0
      vertex 33.3244 30.2092 0
      vertex 33.4736 29.8666 0
    endloop
  endfacet
  facet normal 0 0 -1
    outer loop
      vertex 26.757 28.6725 0
      vertex 33.4736 29.8666 0
      vertex 33.6499 29.5622 0
    endloop
  endfacet
  facet normal -0 0 -1
    outer loop
      vertex 32.9854 32.4971 0
      vertex 26.757 28.6725 0
      vertex 29.5835 36.3163 0
    endloop
  endfacet
  facet normal -0 0 -1
    outer loop
      vertex 33.8534 29.2974 0
      vertex 26.757 28.6725 0
      vertex 33.6499 29.5622 0
    endloop
  endfacet
  facet normal -0 0 -1
    outer loop
      vertex 34.0839 29.0733 0
      vertex 26.757 28.6725 0
      vertex 33.8534 29.2974 0
    endloop
  endfacet
  facet normal -0 0 -1
    outer loop
      vertex 34.3416 28.89 0
      vertex 26.757 28.6725 0
      vertex 34.0839 29.0733 0
    endloop
  endfacet
  facet normal -0 0 -1
    outer loop
      vertex 34.6264 28.7474 0
      vertex 26.757 28.6725 0
      vertex 34.3416 28.89 0
    endloop
  endfacet
  facet normal 0 0 -1
    outer loop
      vertex 34.9383 28.6455 0
      vertex 26.757 28.6725 0
      vertex 34.6264 28.7474 0
    endloop
  endfacet
  facet normal 0 0 -1
    outer loop
      vertex 8.5 5.9 0
      vertex 34.9383 28.6455 0
      vertex 35.2774 28.5844 0
    endloop
  endfacet
  facet normal -0 0 -1
    outer loop
      vertex 40.3851 28.739 0
      vertex 36.3402 28.6443 0
      vertex 36.9296 28.8851 0
    endloop
  endfacet
  facet normal 0 -0 -1
    outer loop
      vertex 35.6436 28.564 0
      vertex 41.3184 28.5597 0
      vertex 8.41141 5.22707 0
    endloop
  endfacet
  facet normal 0 0 -1
    outer loop
      vertex 8.47776 6.23937 0
      vertex 26.757 28.6725 0
      vertex 8.48357 6.15061 0
    endloop
  endfacet
  facet normal 0 0 -1
    outer loop
      vertex 41.3184 28.5597 0
      vertex 35.6436 28.564 0
      vertex 40.9829 28.5955 0
    endloop
  endfacet
  facet normal 0 0 -1
    outer loop
      vertex 8.48357 6.15061 0
      vertex 26.757 28.6725 0
      vertex 8.5 5.9 0
    endloop
  endfacet
  facet normal -0 0 -1
    outer loop
      vertex 34.9383 28.6455 0
      vertex 8.5 5.9 0
      vertex 26.757 28.6725 0
    endloop
  endfacet
  facet normal 0 -0 -1
    outer loop
      vertex 8.5 5.9 0
      vertex 35.2774 28.5844 0
      vertex 8.48357 5.64939 0
    endloop
  endfacet
  facet normal 0 -0 -1
    outer loop
      vertex 8.48357 5.64939 0
      vertex 35.2774 28.5844 0
      vertex 8.47776 5.56063 0
    endloop
  endfacet
  facet normal -0 0 -1
    outer loop
      vertex 35.6436 28.564 0
      vertex 8.47776 5.56063 0
      vertex 35.2774 28.5844 0
    endloop
  endfacet
  facet normal 0 -0 -1
    outer loop
      vertex 8.47776 5.56063 0
      vertex 35.6436 28.564 0
      vertex 8.4604 5.47339 0
    endloop
  endfacet
  facet normal 0 -0 -1
    outer loop
      vertex 8.4604 5.47339 0
      vertex 35.6436 28.564 0
      vertex 8.41141 5.22707 0
    endloop
  endfacet
  facet normal -0 0 -1
    outer loop
      vertex 40.9829 28.5955 0
      vertex 35.6436 28.564 0
      vertex 36.3402 28.6443 0
    endloop
  endfacet
  facet normal -0 0 -1
    outer loop
      vertex 41.6782 28.5477 0
      vertex 8.41141 5.22707 0
      vertex 41.3184 28.5597 0
    endloop
  endfacet
  facet normal 0 -0 -1
    outer loop
      vertex 8.41141 5.22707 0
      vertex 41.6782 28.5477 0
      vertex 8.33068 4.98925 0
    endloop
  endfacet
  facet normal 0 -0 -1
    outer loop
      vertex 8.30209 4.90502 0
      vertex 45.0437 28.6725 0
      vertex 8.19101 4.67978 0
    endloop
  endfacet
  facet normal 0 0 -1
    outer loop
      vertex 45.0437 28.6725 0
      vertex 42.0197 28.5593 0
      vertex 42.3407 28.594 0
    endloop
  endfacet
  facet normal -0 0 -1
    outer loop
      vertex 120.752 26.8013 0
      vertex 7.73848 4.06152 0
      vertex 50.3927 28.6725 0
    endloop
  endfacet
  facet normal 0 -0 -1
    outer loop
      vertex 7.73848 4.06152 0
      vertex 120.752 26.8013 0
      vertex 7.6716 4.00288 0
    endloop
  endfacet
  facet normal 0 -0 -1
    outer loop
      vertex 7.6716 4.00288 0
      vertex 120.752 26.8013 0
      vertex 7.48278 3.83728 0
    endloop
  endfacet
  facet normal 0 0 -1
    outer loop
      vertex 7.48278 3.83728 0
      vertex 3 0 0
      vertex 7.27396 3.69775 0
    endloop
  endfacet
  facet normal 0 0 -1
    outer loop
      vertex 7.27396 3.69775 0
      vertex 3 0 0
      vertex 7.2 3.64833 0
    endloop
  endfacet
  facet normal 0 0 -1
    outer loop
      vertex 7.2 3.64833 0
      vertex 3 0 0
      vertex 7.12022 3.60899 0
    endloop
  endfacet
  facet normal 0 0 -1
    outer loop
      vertex 7.12022 3.60899 0
      vertex 3 0 0
      vertex 6.89498 3.49791 0
    endloop
  endfacet
  facet normal 0 0 -1
    outer loop
      vertex 6.89498 3.49791 0
      vertex 3 0 0
      vertex 6.81075 3.46932 0
    endloop
  endfacet
  facet normal 0 0 -1
    outer loop
      vertex 6.81075 3.46932 0
      vertex 3 0 0
      vertex 6.57293 3.38859 0
    endloop
  endfacet
  facet normal 0 0 -1
    outer loop
      vertex 6.57293 3.38859 0
      vertex 3 0 0
      vertex 6.32661 3.3396 0
    endloop
  endfacet
  facet normal 0 0 -1
    outer loop
      vertex 6.32661 3.3396 0
      vertex 3 0 0
      vertex 6.23937 3.32224 0
    endloop
  endfacet
  facet normal 0 0 -1
    outer loop
      vertex 6.23937 3.32224 0
      vertex 3 0 0
      vertex 6.15061 3.31643 0
    endloop
  endfacet
  facet normal 0 0 -1
    outer loop
      vertex 3 0 0
      vertex 4.52604 3.69775 0
      vertex 4.6 3.64833 0
    endloop
  endfacet
  facet normal 0 0 -1
    outer loop
      vertex 1.85195 0.228361 0
      vertex 4.1284 4.00288 0
      vertex 4.31722 3.83728 0
    endloop
  endfacet
  facet normal 0 0 -1
    outer loop
      vertex 0.401923 1.5 0
      vertex 4.00288 4.1284 0
      vertex 4.06152 4.06152 0
    endloop
  endfacet
  facet normal 0 0 -1
    outer loop
      vertex 0 3 0
      vertex 3.69775 4.52604 0
      vertex 3.83728 4.31722 0
    endloop
  endfacet
  facet normal 0 0 -1
    outer loop
      vertex 0.102222 2.22354 0
      vertex 3.83728 4.31722 0
      vertex 0.228361 1.85195 0
    endloop
  endfacet
  facet normal -0 0 -1
    outer loop
      vertex 4.00288 4.1284 0
      vertex 0.228361 1.85195 0
      vertex 3.83728 4.31722 0
    endloop
  endfacet
  facet normal 0 0 -1
    outer loop
      vertex 4.00288 4.1284 0
      vertex 0.401923 1.5 0
      vertex 0.228361 1.85195 0
    endloop
  endfacet
  facet normal 0 0 -1
    outer loop
      vertex 0.401923 1.5 0
      vertex 4.06152 4.06152 0
      vertex 0.61994 1.17372 0
    endloop
  endfacet
  facet normal 0 0 -1
    outer loop
      vertex 0.61994 1.17372 0
      vertex 4.06152 4.06152 0
      vertex 0.878679 0.878679 0
    endloop
  endfacet
  facet normal 0 0 -1
    outer loop
      vertex 0.878679 0.878679 0
      vertex 4.06152 4.06152 0
      vertex 1.17372 0.61994 0
    endloop
  endfacet
  facet normal 0 0 -1
    outer loop
      vertex 1.17372 0.61994 0
      vertex 4.06152 4.06152 0
      vertex 1.5 0.401923 0
    endloop
  endfacet
  facet normal -0 0 -1
    outer loop
      vertex 4.1284 4.00288 0
      vertex 1.5 0.401923 0
      vertex 4.06152 4.06152 0
    endloop
  endfacet
  facet normal 0 0 -1
    outer loop
      vertex 1.5 0.401923 0
      vertex 4.1284 4.00288 0
      vertex 1.85195 0.228361 0
    endloop
  endfacet
  facet normal 0 0 -1
    outer loop
      vertex 1.85195 0.228361 0
      vertex 4.31722 3.83728 0
      vertex 2.22354 0.102222 0
    endloop
  endfacet
  facet normal 0 0 -1
    outer loop
      vertex 2.22354 0.102222 0
      vertex 4.31722 3.83728 0
      vertex 2.60842 0.0256653 0
    endloop
  endfacet
  facet normal 0 0 -1
    outer loop
      vertex 2.60842 0.0256653 0
      vertex 4.31722 3.83728 0
      vertex 3 0 0
    endloop
  endfacet
  facet normal -0 0 -1
    outer loop
      vertex 4.52604 3.69775 0
      vertex 3 0 0
      vertex 4.31722 3.83728 0
    endloop
  endfacet
  facet normal -0 0 -1
    outer loop
      vertex 4.67978 3.60899 0
      vertex 3 0 0
      vertex 4.6 3.64833 0
    endloop
  endfacet
  facet normal -0 0 -1
    outer loop
      vertex 4.90502 3.49791 0
      vertex 3 0 0
      vertex 4.67978 3.60899 0
    endloop
  endfacet
  facet normal -0 0 -1
    outer loop
      vertex 4.98925 3.46932 0
      vertex 3 0 0
      vertex 4.90502 3.49791 0
    endloop
  endfacet
  facet normal -0 0 -1
    outer loop
      vertex 5.22707 3.38859 0
      vertex 3 0 0
      vertex 4.98925 3.46932 0
    endloop
  endfacet
  facet normal -0 0 -1
    outer loop
      vertex 5.47339 3.3396 0
      vertex 3 0 0
      vertex 5.22707 3.38859 0
    endloop
  endfacet
  facet normal -0 0 -1
    outer loop
      vertex 5.56063 3.32224 0
      vertex 3 0 0
      vertex 5.47339 3.3396 0
    endloop
  endfacet
  facet normal -0 0 -1
    outer loop
      vertex 5.64939 3.31643 0
      vertex 3 0 0
      vertex 5.56063 3.32224 0
    endloop
  endfacet
  facet normal -0 0 -1
    outer loop
      vertex 5.9 3.3 0
      vertex 3 0 0
      vertex 5.64939 3.31643 0
    endloop
  endfacet
  facet normal 0 0 -1
    outer loop
      vertex 6.15061 3.31643 0
      vertex 3 0 0
      vertex 5.9 3.3 0
    endloop
  endfacet
  facet normal -0 0 -1
    outer loop
      vertex 217.174 62.1916 0
      vertex 213.363 60.4828 0
      vertex 217.098 62.5765 0
    endloop
  endfacet
  facet normal -0 0 -1
    outer loop
      vertex 217.098 62.5765 0
      vertex 213.363 60.4828 0
      vertex 216.972 62.9481 0
    endloop
  endfacet
  facet normal 0 0 -1
    outer loop
      vertex 213.197 60.6716 0
      vertex 216.972 62.9481 0
      vertex 213.363 60.4828 0
    endloop
  endfacet
  facet normal -0 0 -1
    outer loop
      vertex 216.972 62.9481 0
      vertex 213.197 60.6716 0
      vertex 216.798 63.3 0
    endloop
  endfacet
  facet normal 0 0 -1
    outer loop
      vertex 213.138 60.7385 0
      vertex 216.798 63.3 0
      vertex 213.197 60.6716 0
    endloop
  endfacet
  facet normal -0 0 -1
    outer loop
      vertex 216.798 63.3 0
      vertex 213.138 60.7385 0
      vertex 216.58 63.6263 0
    endloop
  endfacet
  facet normal -0 0 -1
    outer loop
      vertex 216.58 63.6263 0
      vertex 213.138 60.7385 0
      vertex 216.321 63.9213 0
    endloop
  endfacet
  facet normal -0 0 -1
    outer loop
      vertex 216.321 63.9213 0
      vertex 213.138 60.7385 0
      vertex 216.026 64.1801 0
    endloop
  endfacet
  facet normal -0 0 -1
    outer loop
      vertex 216.026 64.1801 0
      vertex 213.138 60.7385 0
      vertex 215.7 64.3981 0
    endloop
  endfacet
  facet normal 0 0 -1
    outer loop
      vertex 213.072 60.7971 0
      vertex 215.7 64.3981 0
      vertex 213.138 60.7385 0
    endloop
  endfacet
  facet normal -0 0 -1
    outer loop
      vertex 215.7 64.3981 0
      vertex 213.072 60.7971 0
      vertex 215.348 64.5716 0
    endloop
  endfacet
  facet normal -0 0 -1
    outer loop
      vertex 215.348 64.5716 0
      vertex 213.072 60.7971 0
      vertex 214.976 64.6978 0
    endloop
  endfacet
  facet normal 0 0 -1
    outer loop
      vertex 212.883 60.9627 0
      vertex 214.976 64.6978 0
      vertex 213.072 60.7971 0
    endloop
  endfacet
  facet normal -0 0 -1
    outer loop
      vertex 214.976 64.6978 0
      vertex 212.883 60.9627 0
      vertex 214.592 64.7743 0
    endloop
  endfacet
  facet normal -0 0 -1
    outer loop
      vertex 214.592 64.7743 0
      vertex 212.883 60.9627 0
      vertex 214.2 64.8 0
    endloop
  endfacet
  facet normal 0 0 -1
    outer loop
      vertex 212.674 61.1022 0
      vertex 214.2 64.8 0
      vertex 212.883 60.9627 0
    endloop
  endfacet
  facet normal 0 0 -1
    outer loop
      vertex 212.6 61.1517 0
      vertex 214.2 64.8 0
      vertex 212.674 61.1022 0
    endloop
  endfacet
  facet normal 0 0 -1
    outer loop
      vertex 212.52 61.191 0
      vertex 214.2 64.8 0
      vertex 212.6 61.1517 0
    endloop
  endfacet
  facet normal 0 0 -1
    outer loop
      vertex 212.295 61.3021 0
      vertex 214.2 64.8 0
      vertex 212.52 61.191 0
    endloop
  endfacet
  facet normal 0 0 -1
    outer loop
      vertex 212.211 61.3307 0
      vertex 214.2 64.8 0
      vertex 212.295 61.3021 0
    endloop
  endfacet
  facet normal 0 0 -1
    outer loop
      vertex 211.973 61.4114 0
      vertex 214.2 64.8 0
      vertex 212.211 61.3307 0
    endloop
  endfacet
  facet normal 0 0 -1
    outer loop
      vertex 211.727 61.4604 0
      vertex 214.2 64.8 0
      vertex 211.973 61.4114 0
    endloop
  endfacet
  facet normal 0 0 -1
    outer loop
      vertex 211.639 61.4778 0
      vertex 214.2 64.8 0
      vertex 211.727 61.4604 0
    endloop
  endfacet
  facet normal 0 0 -1
    outer loop
      vertex 211.551 61.4836 0
      vertex 214.2 64.8 0
      vertex 211.639 61.4778 0
    endloop
  endfacet
  facet normal 0 0 -1
    outer loop
      vertex 211.3 61.5 0
      vertex 214.2 64.8 0
      vertex 211.551 61.4836 0
    endloop
  endfacet
  facet normal 0 0 -1
    outer loop
      vertex 211.049 61.4836 0
      vertex 214.2 64.8 0
      vertex 211.3 61.5 0
    endloop
  endfacet
  facet normal 0 0 -1
    outer loop
      vertex 210.961 61.4778 0
      vertex 214.2 64.8 0
      vertex 211.049 61.4836 0
    endloop
  endfacet
  facet normal 0 0 -1
    outer loop
      vertex 210.873 61.4604 0
      vertex 214.2 64.8 0
      vertex 210.961 61.4778 0
    endloop
  endfacet
  facet normal 0 0 -1
    outer loop
      vertex 210.627 61.4114 0
      vertex 214.2 64.8 0
      vertex 210.873 61.4604 0
    endloop
  endfacet
  facet normal 0 0 -1
    outer loop
      vertex 210.389 61.3307 0
      vertex 214.2 64.8 0
      vertex 210.627 61.4114 0
    endloop
  endfacet
  facet normal 0 0 -1
    outer loop
      vertex 210.305 61.3021 0
      vertex 214.2 64.8 0
      vertex 210.389 61.3307 0
    endloop
  endfacet
  facet normal 0 0 -1
    outer loop
      vertex 210.08 61.191 0
      vertex 214.2 64.8 0
      vertex 210.305 61.3021 0
    endloop
  endfacet
  facet normal 0 0 -1
    outer loop
      vertex 210 61.1517 0
      vertex 214.2 64.8 0
      vertex 210.08 61.191 0
    endloop
  endfacet
  facet normal 0 0 -1
    outer loop
      vertex 209.926 61.1022 0
      vertex 214.2 64.8 0
      vertex 210 61.1517 0
    endloop
  endfacet
  facet normal 0 0 -1
    outer loop
      vertex 209.717 60.9627 0
      vertex 214.2 64.8 0
      vertex 209.926 61.1022 0
    endloop
  endfacet
  facet normal 0 0 1
    outer loop
      vertex 209.462 60.7385 0
      vertex 209.717 60.9627 0
      vertex 209.528 60.7971 0
    endloop
  endfacet
  facet normal 0 0 1
    outer loop
      vertex 209.237 60.4828 0
      vertex 209.462 60.7385 0
      vertex 209.403 60.6716 0
    endloop
  endfacet
  facet normal 0 0 1
    outer loop
      vertex 208.7 58.9 0
      vertex 208.722 59.2394 0
      vertex 208.716 59.1506 0
    endloop
  endfacet
  facet normal 0 0 -1
    outer loop
      vertex 166.892 38.267 0
      vertex 208.722 59.2394 0
      vertex 208.7 58.9 0
    endloop
  endfacet
  facet normal 0 0 -1
    outer loop
      vertex 166.892 38.267 0
      vertex 208.74 59.3266 0
      vertex 208.722 59.2394 0
    endloop
  endfacet
  facet normal 0 0 -1
    outer loop
      vertex 166.892 38.267 0
      vertex 208.789 59.5729 0
      vertex 208.74 59.3266 0
    endloop
  endfacet
  facet normal 0 0 -1
    outer loop
      vertex 166.892 38.267 0
      vertex 208.869 59.8107 0
      vertex 208.789 59.5729 0
    endloop
  endfacet
  facet normal 0 0 -1
    outer loop
      vertex 166.892 38.267 0
      vertex 208.898 59.895 0
      vertex 208.869 59.8107 0
    endloop
  endfacet
  facet normal 0 0 -1
    outer loop
      vertex 166.892 38.267 0
      vertex 209.009 60.1202 0
      vertex 208.898 59.895 0
    endloop
  endfacet
  facet normal 0 0 -1
    outer loop
      vertex 166.892 38.267 0
      vertex 209.048 60.2 0
      vertex 209.009 60.1202 0
    endloop
  endfacet
  facet normal 0 0 -1
    outer loop
      vertex 166.892 38.267 0
      vertex 209.098 60.274 0
      vertex 209.048 60.2 0
    endloop
  endfacet
  facet normal 0 0 -1
    outer loop
      vertex 166.892 38.267 0
      vertex 209.237 60.4828 0
      vertex 209.098 60.274 0
    endloop
  endfacet
  facet normal 0 0 -1
    outer loop
      vertex 164.386 38.267 0
      vertex 209.237 60.4828 0
      vertex 166.892 38.267 0
    endloop
  endfacet
  facet normal 0 0 -1
    outer loop
      vertex 158.486 38.267 0
      vertex 209.237 60.4828 0
      vertex 164.386 38.267 0
    endloop
  endfacet
  facet normal -0 0 -1
    outer loop
      vertex 209.237 60.4828 0
      vertex 158.486 38.267 0
      vertex 209.462 60.7385 0
    endloop
  endfacet
  facet normal 0 0 -1
    outer loop
      vertex 156.004 38.267 0
      vertex 209.462 60.7385 0
      vertex 158.486 38.267 0
    endloop
  endfacet
  facet normal 0 0 -1
    outer loop
      vertex 161.253 29.4378 0
      vertex 161.53 29.1368 0
      vertex 161.424 28.7379 0
    endloop
  endfacet
  facet normal 0 0 -1
    outer loop
      vertex 161.253 29.4378 0
      vertex 161.629 29.5059 0
      vertex 161.53 29.1368 0
    endloop
  endfacet
  facet normal 0 0 -1
    outer loop
      vertex 161.253 29.4378 0
      vertex 161.722 29.845 0
      vertex 161.629 29.5059 0
    endloop
  endfacet
  facet normal 0 0 -1
    outer loop
      vertex 160.838 30.9026 0
      vertex 161.722 29.845 0
      vertex 161.253 29.4378 0
    endloop
  endfacet
  facet normal 0 0 -1
    outer loop
      vertex 161.722 29.845 0
      vertex 160.838 30.9026 0
      vertex 161.808 30.1543 0
    endloop
  endfacet
  facet normal 0 0 -1
    outer loop
      vertex 161.808 30.1543 0
      vertex 160.838 30.9026 0
      vertex 161.887 30.4336 0
    endloop
  endfacet
  facet normal 0 0 -1
    outer loop
      vertex 161.887 30.4336 0
      vertex 160.838 30.9026 0
      vertex 161.96 30.6831 0
    endloop
  endfacet
  facet normal 0 0 -1
    outer loop
      vertex 161.96 30.6831 0
      vertex 160.838 30.9026 0
      vertex 162.026 30.9026 0
    endloop
  endfacet
  facet normal 0 0 -1
    outer loop
      vertex 162.026 30.9026 0
      vertex 160.838 30.9026 0
      vertex 164.386 38.267 0
    endloop
  endfacet
  facet normal 0 0 -1
    outer loop
      vertex 158.486 38.267 0
      vertex 164.386 38.267 0
      vertex 160.838 30.9026 0
    endloop
  endfacet
  facet normal 0 0 -1
    outer loop
      vertex 155.035 38.267 0
      vertex 209.462 60.7385 0
      vertex 156.004 38.267 0
    endloop
  endfacet
  facet normal 0 0 -1
    outer loop
      vertex 146.784 38.267 0
      vertex 209.462 60.7385 0
      vertex 155.035 38.267 0
    endloop
  endfacet
  facet normal 0 0 -1
    outer loop
      vertex 155.035 36.3872 0
      vertex 160.219 26.8013 0
      vertex 155.654 28.502 0
    endloop
  endfacet
  facet normal 0 0 -1
    outer loop
      vertex 160.219 26.8013 0
      vertex 155.035 36.3872 0
      vertex 156.004 38.267 0
    endloop
  endfacet
  facet normal 0 0 -1
    outer loop
      vertex 155.035 38.267 0
      vertex 156.004 38.267 0
      vertex 155.035 36.3872 0
    endloop
  endfacet
  facet normal -0 0 -1
    outer loop
      vertex 209.462 60.7385 0
      vertex 146.784 38.267 0
      vertex 209.717 60.9627 0
    endloop
  endfacet
  facet normal -0 0 -1
    outer loop
      vertex 209.717 60.9627 0
      vertex 146.784 38.267 0
      vertex 214.2 64.8 0
    endloop
  endfacet
  facet normal 0 0 -1
    outer loop
      vertex 146.021 38.267 0
      vertex 146.784 36.5988 0
      vertex 146.021 36.4117 0
    endloop
  endfacet
  facet normal 0 0 -1
    outer loop
      vertex 146.784 36.5988 0
      vertex 146.021 38.267 0
      vertex 146.784 38.267 0
    endloop
  endfacet
  facet normal 0 0 -1
    outer loop
      vertex 146.021 38.267 0
      vertex 214.2 64.8 0
      vertex 146.784 38.267 0
    endloop
  endfacet
  facet normal 0 0 -1
    outer loop
      vertex 136.207 38.267 0
      vertex 214.2 64.8 0
      vertex 146.021 38.267 0
    endloop
  endfacet
  facet normal 0 0 -1
    outer loop
      vertex 136.207 36.4117 0
      vertex 127.75 38.267 0
      vertex 136.207 38.267 0
    endloop
  endfacet
  facet normal 0 0 -1
    outer loop
      vertex 127.75 38.267 0
      vertex 214.2 64.8 0
      vertex 136.207 38.267 0
    endloop
  endfacet
  facet normal 0 0 -1
    outer loop
      vertex 124.918 38.267 0
      vertex 214.2 64.8 0
      vertex 127.75 38.267 0
    endloop
  endfacet
  facet normal 0 0 -1
    outer loop
      vertex 50.3927 29.7304 0
      vertex 120.752 26.8013 0
      vertex 50.3927 28.6725 0
    endloop
  endfacet
  facet normal 0 0 -1
    outer loop
      vertex 50.3277 34.2494 0
      vertex 120.752 26.8013 0
      vertex 50.3927 29.7304 0
    endloop
  endfacet
  facet normal 0 0 -1
    outer loop
      vertex 50.2796 34.5429 0
      vertex 120.752 26.8013 0
      vertex 50.3277 34.2494 0
    endloop
  endfacet
  facet normal 0 0 -1
    outer loop
      vertex 50.2096 34.8158 0
      vertex 120.752 26.8013 0
      vertex 50.2796 34.5429 0
    endloop
  endfacet
  facet normal 0 0 -1
    outer loop
      vertex 120.752 26.8013 0
      vertex 50.2096 34.8158 0
      vertex 124.918 38.267 0
    endloop
  endfacet
  facet normal 0 0 -1
    outer loop
      vertex 50.1179 35.0681 0
      vertex 124.918 38.267 0
      vertex 50.2096 34.8158 0
    endloop
  endfacet
  facet normal 0 0 -1
    outer loop
      vertex 50.0044 35.2999 0
      vertex 124.918 38.267 0
      vertex 50.1179 35.0681 0
    endloop
  endfacet
  facet normal 0 0 -1
    outer loop
      vertex 49.869 35.511 0
      vertex 124.918 38.267 0
      vertex 50.0044 35.2999 0
    endloop
  endfacet
  facet normal 0 0 -1
    outer loop
      vertex 49.7118 35.7015 0
      vertex 124.918 38.267 0
      vertex 49.869 35.511 0
    endloop
  endfacet
  facet normal 0 0 -1
    outer loop
      vertex 49.5329 35.8715 0
      vertex 124.918 38.267 0
      vertex 49.7118 35.7015 0
    endloop
  endfacet
  facet normal 0 0 -1
    outer loop
      vertex 49.3332 36.0197 0
      vertex 124.918 38.267 0
      vertex 49.5329 35.8715 0
    endloop
  endfacet
  facet normal 0 0 -1
    outer loop
      vertex 49.1139 36.1451 0
      vertex 124.918 38.267 0
      vertex 49.3332 36.0197 0
    endloop
  endfacet
  facet normal 0 0 -1
    outer loop
      vertex 48.8751 36.2478 0
      vertex 124.918 38.267 0
      vertex 49.1139 36.1451 0
    endloop
  endfacet
  facet normal 0 0 -1
    outer loop
      vertex 7.73848 60.7385 0
      vertex 124.918 38.267 0
      vertex 48.8751 36.2478 0
    endloop
  endfacet
  facet normal 0 0 -1
    outer loop
      vertex 7.73848 60.7385 0
      vertex 48.8751 36.2478 0
      vertex 48.6166 36.3276 0
    endloop
  endfacet
  facet normal 0 0 -1
    outer loop
      vertex 7.96272 60.4828 0
      vertex 48.6166 36.3276 0
      vertex 48.3386 36.3846 0
    endloop
  endfacet
  facet normal 0 0 -1
    outer loop
      vertex 7.96272 60.4828 0
      vertex 48.3386 36.3846 0
      vertex 48.0409 36.4188 0
    endloop
  endfacet
  facet normal 0 0 -1
    outer loop
      vertex 8.15167 60.2 0
      vertex 48.0409 36.4188 0
      vertex 47.7237 36.4303 0
    endloop
  endfacet
  facet normal 0 0 -1
    outer loop
      vertex 8.15167 60.2 0
      vertex 47.7237 36.4303 0
      vertex 47.382 36.4187 0
    endloop
  endfacet
  facet normal 0 0 -1
    outer loop
      vertex 42.0244 36.4188 0
      vertex 47.382 36.4187 0
      vertex 47.0638 36.3842 0
    endloop
  endfacet
  facet normal 0 0 -1
    outer loop
      vertex 45.1803 33.9835 0
      vertex 44.3581 34.3254 0
      vertex 45.1674 34.1306 0
    endloop
  endfacet
  facet normal 0 0 -1
    outer loop
      vertex 45.1674 34.1306 0
      vertex 44.3581 34.3254 0
      vertex 45.163 34.2819 0
    endloop
  endfacet
  facet normal 0 0 -1
    outer loop
      vertex 45.163 34.2819 0
      vertex 44.3581 34.3254 0
      vertex 45.1766 34.564 0
    endloop
  endfacet
  facet normal 0 0 -1
    outer loop
      vertex 44.3122 34.5987 0
      vertex 45.1766 34.564 0
      vertex 44.3581 34.3254 0
    endloop
  endfacet
  facet normal 0 0 -1
    outer loop
      vertex 45.1766 34.564 0
      vertex 44.3122 34.5987 0
      vertex 45.2171 34.8275 0
    endloop
  endfacet
  facet normal 0 0 -1
    outer loop
      vertex 44.2425 34.8546 0
      vertex 45.2171 34.8275 0
      vertex 44.3122 34.5987 0
    endloop
  endfacet
  facet normal 0 0 -1
    outer loop
      vertex 45.2171 34.8275 0
      vertex 44.2425 34.8546 0
      vertex 45.2846 35.0724 0
    endloop
  endfacet
  facet normal 0 0 -1
    outer loop
      vertex 44.1492 35.0929 0
      vertex 45.2846 35.0724 0
      vertex 44.2425 34.8546 0
    endloop
  endfacet
  facet normal 0 0 -1
    outer loop
      vertex 45.2846 35.0724 0
      vertex 44.1492 35.0929 0
      vertex 45.3792 35.2987 0
    endloop
  endfacet
  facet normal 0 0 -1
    outer loop
      vertex 44.0322 35.3138 0
      vertex 45.3792 35.2987 0
      vertex 44.1492 35.0929 0
    endloop
  endfacet
  facet normal 0 0 -1
    outer loop
      vertex 45.3792 35.2987 0
      vertex 44.0322 35.3138 0
      vertex 45.5007 35.5064 0
    endloop
  endfacet
  facet normal 0 0 -1
    outer loop
      vertex 43.8915 35.5172 0
      vertex 45.5007 35.5064 0
      vertex 44.0322 35.3138 0
    endloop
  endfacet
  facet normal 0 0 -1
    outer loop
      vertex 45.5007 35.5064 0
      vertex 43.8915 35.5172 0
      vertex 45.6493 35.6955 0
    endloop
  endfacet
  facet normal 0 0 -1
    outer loop
      vertex 43.7271 35.7031 0
      vertex 45.6493 35.6955 0
      vertex 43.8915 35.5172 0
    endloop
  endfacet
  facet normal 0 0 -1
    outer loop
      vertex 45.6493 35.6955 0
      vertex 43.7271 35.7031 0
      vertex 45.8249 35.866 0
    endloop
  endfacet
  facet normal 0 0 -1
    outer loop
      vertex 43.539 35.8715 0
      vertex 45.8249 35.866 0
      vertex 43.7271 35.7031 0
    endloop
  endfacet
  facet normal 0 0 -1
    outer loop
      vertex 45.8249 35.866 0
      vertex 43.539 35.8715 0
      vertex 46.0257 36.0157 0
    endloop
  endfacet
  facet normal 0 0 -1
    outer loop
      vertex 43.3303 36.0197 0
      vertex 46.0257 36.0157 0
      vertex 43.539 35.8715 0
    endloop
  endfacet
  facet normal 0 0 -1
    outer loop
      vertex 46.0257 36.0157 0
      vertex 43.3303 36.0197 0
      vertex 46.25 36.1424 0
    endloop
  endfacet
  facet normal 0 0 -1
    outer loop
      vertex 43.1041 36.1451 0
      vertex 46.25 36.1424 0
      vertex 43.3303 36.0197 0
    endloop
  endfacet
  facet normal 0 0 -1
    outer loop
      vertex 46.25 36.1424 0
      vertex 43.1041 36.1451 0
      vertex 46.4978 36.246 0
    endloop
  endfacet
  facet normal 0 0 -1
    outer loop
      vertex 42.8604 36.2478 0
      vertex 46.4978 36.246 0
      vertex 43.1041 36.1451 0
    endloop
  endfacet
  facet normal 0 0 -1
    outer loop
      vertex 46.4978 36.246 0
      vertex 42.8604 36.2478 0
      vertex 46.7691 36.3266 0
    endloop
  endfacet
  facet normal 0 0 -1
    outer loop
      vertex 42.5992 36.3276 0
      vertex 46.7691 36.3266 0
      vertex 42.8604 36.2478 0
    endloop
  endfacet
  facet normal 0 0 -1
    outer loop
      vertex 46.7691 36.3266 0
      vertex 42.5992 36.3276 0
      vertex 47.0638 36.3842 0
    endloop
  endfacet
  facet normal 0 0 -1
    outer loop
      vertex 42.3206 36.3846 0
      vertex 47.0638 36.3842 0
      vertex 42.5992 36.3276 0
    endloop
  endfacet
  facet normal 0 0 -1
    outer loop
      vertex 42.0244 36.4188 0
      vertex 47.0638 36.3842 0
      vertex 42.3206 36.3846 0
    endloop
  endfacet
  facet normal 0 0 -1
    outer loop
      vertex 47.382 36.4187 0
      vertex 42.0244 36.4188 0
      vertex 8.30209 59.895 0
    endloop
  endfacet
  facet normal 0 0 -1
    outer loop
      vertex 8.30209 59.895 0
      vertex 42.0244 36.4188 0
      vertex 41.7107 36.4303 0
    endloop
  endfacet
  facet normal 0 0 -1
    outer loop
      vertex 8.41141 59.5729 0
      vertex 41.7107 36.4303 0
      vertex 41.3789 36.4192 0
    endloop
  endfacet
  facet normal 0 0 -1
    outer loop
      vertex 35.8623 36.4218 0
      vertex 41.3789 36.4192 0
      vertex 41.0684 36.3862 0
    endloop
  endfacet
  facet normal 0 0 -1
    outer loop
      vertex 38.2693 32.4971 0
      vertex 39.1207 31.5509 0
      vertex 39.0529 31.3778 0
    endloop
  endfacet
  facet normal 0 0 -1
    outer loop
      vertex 38.2693 32.4971 0
      vertex 39.0529 31.3778 0
      vertex 39.0045 31.1938 0
    endloop
  endfacet
  facet normal 0 0 -1
    outer loop
      vertex 38.2693 32.4971 0
      vertex 39.0045 31.1938 0
      vertex 38.9754 30.9991 0
    endloop
  endfacet
  facet normal -0 0 -1
    outer loop
      vertex 39.4699 33.3556 0
      vertex 38.2634 32.879 0
      vertex 39.3755 33.503 0
    endloop
  endfacet
  facet normal 0 0 -1
    outer loop
      vertex 38.2693 32.4971 0
      vertex 38.9754 30.9991 0
      vertex 38.9657 30.7937 0
    endloop
  endfacet
  facet normal -0 0 -1
    outer loop
      vertex 39.2382 33.8289 0
      vertex 38.2165 33.5809 0
      vertex 39.1953 34.0075 0
    endloop
  endfacet
  facet normal 0 0 -1
    outer loop
      vertex 38.1754 33.9009 0
      vertex 39.1953 34.0075 0
      vertex 38.2165 33.5809 0
    endloop
  endfacet
  facet normal -0 0 -1
    outer loop
      vertex 39.1953 34.0075 0
      vertex 38.1754 33.9009 0
      vertex 39.1696 34.1965 0
    endloop
  endfacet
  facet normal 0 0 -1
    outer loop
      vertex 38.1226 34.2004 0
      vertex 39.1696 34.1965 0
      vertex 38.1754 33.9009 0
    endloop
  endfacet
  facet normal 0 0 -1
    outer loop
      vertex 39.1696 34.1965 0
      vertex 38.1226 34.2004 0
      vertex 39.161 34.3959 0
    endloop
  endfacet
  facet normal 0 0 -1
    outer loop
      vertex 38.058 34.4793 0
      vertex 39.161 34.3959 0
      vertex 38.1226 34.2004 0
    endloop
  endfacet
  facet normal 0 0 -1
    outer loop
      vertex 39.161 34.3959 0
      vertex 38.058 34.4793 0
      vertex 39.1748 34.6602 0
    endloop
  endfacet
  facet normal 0 0 -1
    outer loop
      vertex 37.9817 34.7376 0
      vertex 39.1748 34.6602 0
      vertex 38.058 34.4793 0
    endloop
  endfacet
  facet normal 0 0 -1
    outer loop
      vertex 39.1748 34.6602 0
      vertex 37.9817 34.7376 0
      vertex 39.2161 34.9076 0
    endloop
  endfacet
  facet normal 0 0 -1
    outer loop
      vertex 37.8937 34.9763 0
      vertex 39.2161 34.9076 0
      vertex 37.9817 34.7376 0
    endloop
  endfacet
  facet normal 0 0 -1
    outer loop
      vertex 39.2161 34.9076 0
      vertex 37.8937 34.9763 0
      vertex 39.2851 35.138 0
    endloop
  endfacet
  facet normal 0 0 -1
    outer loop
      vertex 37.794 35.1964 0
      vertex 39.2851 35.138 0
      vertex 37.8937 34.9763 0
    endloop
  endfacet
  facet normal 0 0 -1
    outer loop
      vertex 39.2851 35.138 0
      vertex 37.794 35.1964 0
      vertex 39.3815 35.3515 0
    endloop
  endfacet
  facet normal 0 0 -1
    outer loop
      vertex 37.6825 35.3979 0
      vertex 39.3815 35.3515 0
      vertex 37.794 35.1964 0
    endloop
  endfacet
  facet normal 0 0 -1
    outer loop
      vertex 39.3815 35.3515 0
      vertex 37.6825 35.3979 0
      vertex 39.5056 35.5481 0
    endloop
  endfacet
  facet normal 0 0 -1
    outer loop
      vertex 37.5593 35.5808 0
      vertex 39.5056 35.5481 0
      vertex 37.6825 35.3979 0
    endloop
  endfacet
  facet normal 0 0 -1
    outer loop
      vertex 39.5056 35.5481 0
      vertex 37.5593 35.5808 0
      vertex 39.6572 35.7277 0
    endloop
  endfacet
  facet normal 0 0 -1
    outer loop
      vertex 37.4243 35.7451 0
      vertex 39.6572 35.7277 0
      vertex 37.5593 35.5808 0
    endloop
  endfacet
  facet normal 0 0 -1
    outer loop
      vertex 37.2776 35.8908 0
      vertex 39.6572 35.7277 0
      vertex 37.4243 35.7451 0
    endloop
  endfacet
  facet normal 0 0 -1
    outer loop
      vertex 39.6572 35.7277 0
      vertex 37.2776 35.8908 0
      vertex 39.8364 35.8904 0
    endloop
  endfacet
  facet normal 0 0 -1
    outer loop
      vertex 37.1192 36.0179 0
      vertex 39.8364 35.8904 0
      vertex 37.2776 35.8908 0
    endloop
  endfacet
  facet normal 0 0 -1
    outer loop
      vertex 39.8364 35.8904 0
      vertex 37.1192 36.0179 0
      vertex 40.0401 36.0336 0
    endloop
  endfacet
  facet normal 0 0 -1
    outer loop
      vertex 36.9473 36.1273 0
      vertex 40.0401 36.0336 0
      vertex 37.1192 36.0179 0
    endloop
  endfacet
  facet normal 0 0 -1
    outer loop
      vertex 40.0401 36.0336 0
      vertex 36.9473 36.1273 0
      vertex 40.2651 36.1548 0
    endloop
  endfacet
  facet normal 0 0 -1
    outer loop
      vertex 36.7605 36.2199 0
      vertex 40.2651 36.1548 0
      vertex 36.9473 36.1273 0
    endloop
  endfacet
  facet normal 0 0 -1
    outer loop
      vertex 40.2651 36.1548 0
      vertex 36.7605 36.2199 0
      vertex 40.5115 36.254 0
    endloop
  endfacet
  facet normal 0 0 -1
    outer loop
      vertex 36.5585 36.2956 0
      vertex 40.5115 36.254 0
      vertex 36.7605 36.2199 0
    endloop
  endfacet
  facet normal 0 0 -1
    outer loop
      vertex 40.5115 36.254 0
      vertex 36.5585 36.2956 0
      vertex 40.7792 36.3311 0
    endloop
  endfacet
  facet normal 0 0 -1
    outer loop
      vertex 36.3415 36.3545 0
      vertex 40.7792 36.3311 0
      vertex 36.5585 36.2956 0
    endloop
  endfacet
  facet normal 0 0 -1
    outer loop
      vertex 40.7792 36.3311 0
      vertex 36.3415 36.3545 0
      vertex 41.0684 36.3862 0
    endloop
  endfacet
  facet normal 0 0 -1
    outer loop
      vertex 36.1095 36.3966 0
      vertex 41.0684 36.3862 0
      vertex 36.3415 36.3545 0
    endloop
  endfacet
  facet normal 0 0 -1
    outer loop
      vertex 35.8623 36.4218 0
      vertex 41.0684 36.3862 0
      vertex 36.1095 36.3966 0
    endloop
  endfacet
  facet normal 0 0 -1
    outer loop
      vertex 41.3789 36.4192 0
      vertex 35.8623 36.4218 0
      vertex 8.41141 59.5729 0
    endloop
  endfacet
  facet normal 0 0 -1
    outer loop
      vertex 8.41141 59.5729 0
      vertex 35.8623 36.4218 0
      vertex 35.6002 36.4303 0
    endloop
  endfacet
  facet normal 0 0 -1
    outer loop
      vertex 8.47776 59.2394 0
      vertex 35.6002 36.4303 0
      vertex 35.2275 36.4102 0
    endloop
  endfacet
  facet normal 0 0 -1
    outer loop
      vertex 29.5835 36.3163 0
      vertex 32.9982 33.0396 0
      vertex 32.9854 32.4971 0
    endloop
  endfacet
  facet normal 0 0 -1
    outer loop
      vertex 29.5835 36.3163 0
      vertex 33.0367 33.5418 0
      vertex 32.9982 33.0396 0
    endloop
  endfacet
  facet normal 0 0 -1
    outer loop
      vertex 29.5835 36.3163 0
      vertex 33.1009 34.0037 0
      vertex 33.0367 33.5418 0
    endloop
  endfacet
  facet normal 0 0 -1
    outer loop
      vertex 29.5835 36.3163 0
      vertex 33.1908 34.4253 0
      vertex 33.1009 34.0037 0
    endloop
  endfacet
  facet normal 0 0 -1
    outer loop
      vertex 29.5835 36.3163 0
      vertex 33.3064 34.8066 0
      vertex 33.1908 34.4253 0
    endloop
  endfacet
  facet normal 0 0 -1
    outer loop
      vertex 29.5835 36.3163 0
      vertex 33.4477 35.1476 0
      vertex 33.3064 34.8066 0
    endloop
  endfacet
  facet normal 0 0 -1
    outer loop
      vertex 29.5835 36.3163 0
      vertex 33.6146 35.4483 0
      vertex 33.4477 35.1476 0
    endloop
  endfacet
  facet normal 0 0 -1
    outer loop
      vertex 29.5835 36.3163 0
      vertex 33.8093 35.7088 0
      vertex 33.6146 35.4483 0
    endloop
  endfacet
  facet normal 0 0 -1
    outer loop
      vertex 29.5835 36.3163 0
      vertex 34.0336 35.9293 0
      vertex 33.8093 35.7088 0
    endloop
  endfacet
  facet normal 0 0 -1
    outer loop
      vertex 29.5835 36.3163 0
      vertex 34.2875 36.1096 0
      vertex 34.0336 35.9293 0
    endloop
  endfacet
  facet normal 0 0 -1
    outer loop
      vertex 29.5835 36.3163 0
      vertex 34.5712 36.2499 0
      vertex 34.2875 36.1096 0
    endloop
  endfacet
  facet normal 0 0 -1
    outer loop
      vertex 29.5835 36.3163 0
      vertex 34.8845 36.3501 0
      vertex 34.5712 36.2499 0
    endloop
  endfacet
  facet normal 0 0 -1
    outer loop
      vertex 29.5835 36.3163 0
      vertex 35.2275 36.4102 0
      vertex 34.8845 36.3501 0
    endloop
  endfacet
  facet normal 0 0 -1
    outer loop
      vertex 8.5 58.9 0
      vertex 35.2275 36.4102 0
      vertex 29.5835 36.3163 0
    endloop
  endfacet
  facet normal 0 0 -1
    outer loop
      vertex 8.5 58.9 0
      vertex 29.5835 36.3163 0
      vertex 27.9125 36.3163 0
    endloop
  endfacet
  facet normal 0 0 -1
    outer loop
      vertex 25.824 30.4302 0
      vertex 26.0085 30.2296 0
      vertex 25.9379 29.9636 0
    endloop
  endfacet
  facet normal 0 0 -1
    outer loop
      vertex 25.824 30.4302 0
      vertex 26.0747 30.4756 0
      vertex 26.0085 30.2296 0
    endloop
  endfacet
  facet normal 0 0 -1
    outer loop
      vertex 25.824 30.4302 0
      vertex 26.1365 30.7017 0
      vertex 26.0747 30.4756 0
    endloop
  endfacet
  facet normal 0 0 -1
    outer loop
      vertex 25.5473 31.4067 0
      vertex 26.1365 30.7017 0
      vertex 25.824 30.4302 0
    endloop
  endfacet
  facet normal 0 0 -1
    outer loop
      vertex 26.1365 30.7017 0
      vertex 25.5473 31.4067 0
      vertex 26.1939 30.9078 0
    endloop
  endfacet
  facet normal 0 0 -1
    outer loop
      vertex 26.1939 30.9078 0
      vertex 25.5473 31.4067 0
      vertex 26.2468 31.0941 0
    endloop
  endfacet
  facet normal 0 0 -1
    outer loop
      vertex 26.2468 31.0941 0
      vertex 25.5473 31.4067 0
      vertex 26.2953 31.2604 0
    endloop
  endfacet
  facet normal 0 0 -1
    outer loop
      vertex 26.2953 31.2604 0
      vertex 25.5473 31.4067 0
      vertex 26.3393 31.4067 0
    endloop
  endfacet
  facet normal 0 0 -1
    outer loop
      vertex 26.3393 31.4067 0
      vertex 25.5473 31.4067 0
      vertex 27.9125 36.3163 0
    endloop
  endfacet
  facet normal 0 0 -1
    outer loop
      vertex 23.9794 36.3163 0
      vertex 27.9125 36.3163 0
      vertex 25.5473 31.4067 0
    endloop
  endfacet
  facet normal 0 0 -1
    outer loop
      vertex 8.5 58.9 0
      vertex 27.9125 36.3163 0
      vertex 23.9794 36.3163 0
    endloop
  endfacet
  facet normal 0 0 -1
    outer loop
      vertex 8.5 58.9 0
      vertex 23.9794 36.3163 0
      vertex 22.3248 36.3163 0
    endloop
  endfacet
  facet normal 0 0 -1
    outer loop
      vertex 8.4604 6.32661 0
      vertex 26.757 28.6725 0
      vertex 8.47776 6.23937 0
    endloop
  endfacet
  facet normal 0 0 -1
    outer loop
      vertex 35.2275 36.4102 0
      vertex 8.5 58.9 0
      vertex 8.48357 59.1506 0
    endloop
  endfacet
  facet normal 0 0 -1
    outer loop
      vertex 35.2275 36.4102 0
      vertex 8.48357 59.1506 0
      vertex 8.47776 59.2394 0
    endloop
  endfacet
  facet normal 0 0 -1
    outer loop
      vertex 35.6002 36.4303 0
      vertex 8.47776 59.2394 0
      vertex 8.4604 59.3266 0
    endloop
  endfacet
  facet normal 0 0 -1
    outer loop
      vertex 35.6002 36.4303 0
      vertex 8.4604 59.3266 0
      vertex 8.41141 59.5729 0
    endloop
  endfacet
  facet normal 0 0 -1
    outer loop
      vertex 41.7107 36.4303 0
      vertex 8.41141 59.5729 0
      vertex 8.33068 59.8107 0
    endloop
  endfacet
  facet normal 0 0 -1
    outer loop
      vertex 41.7107 36.4303 0
      vertex 8.33068 59.8107 0
      vertex 8.30209 59.895 0
    endloop
  endfacet
  facet normal 0 0 -1
    outer loop
      vertex 47.382 36.4187 0
      vertex 8.30209 59.895 0
      vertex 8.19101 60.1202 0
    endloop
  endfacet
  facet normal 0 0 -1
    outer loop
      vertex 47.382 36.4187 0
      vertex 8.19101 60.1202 0
      vertex 8.15167 60.2 0
    endloop
  endfacet
  facet normal 0 0 -1
    outer loop
      vertex 48.0409 36.4188 0
      vertex 8.15167 60.2 0
      vertex 8.10225 60.274 0
    endloop
  endfacet
  facet normal 0 0 -1
    outer loop
      vertex 48.0409 36.4188 0
      vertex 8.10225 60.274 0
      vertex 7.96272 60.4828 0
    endloop
  endfacet
  facet normal 0 0 -1
    outer loop
      vertex 48.6166 36.3276 0
      vertex 7.96272 60.4828 0
      vertex 7.79712 60.6716 0
    endloop
  endfacet
  facet normal 0 0 -1
    outer loop
      vertex 48.6166 36.3276 0
      vertex 7.79712 60.6716 0
      vertex 7.73848 60.7385 0
    endloop
  endfacet
  facet normal 0 0 -1
    outer loop
      vertex 124.918 38.267 0
      vertex 7.73848 60.7385 0
      vertex 7.6716 60.7971 0
    endloop
  endfacet
  facet normal 0 0 -1
    outer loop
      vertex 124.918 38.267 0
      vertex 7.6716 60.7971 0
      vertex 7.48278 60.9627 0
    endloop
  endfacet
  facet normal 0 0 -1
    outer loop
      vertex 3 64.8 0
      vertex 124.918 38.267 0
      vertex 7.48278 60.9627 0
    endloop
  endfacet
  facet normal 0 0 -1
    outer loop
      vertex 3 64.8 0
      vertex 7.48278 60.9627 0
      vertex 7.27396 61.1022 0
    endloop
  endfacet
  facet normal 0 0 -1
    outer loop
      vertex 3 64.8 0
      vertex 7.27396 61.1022 0
      vertex 7.2 61.1517 0
    endloop
  endfacet
  facet normal 0 0 -1
    outer loop
      vertex 3 64.8 0
      vertex 7.2 61.1517 0
      vertex 7.12022 61.191 0
    endloop
  endfacet
  facet normal 0 0 -1
    outer loop
      vertex 3 64.8 0
      vertex 7.12022 61.191 0
      vertex 6.89498 61.3021 0
    endloop
  endfacet
  facet normal 0 0 -1
    outer loop
      vertex 3 64.8 0
      vertex 6.89498 61.3021 0
      vertex 6.81075 61.3307 0
    endloop
  endfacet
  facet normal 0 0 -1
    outer loop
      vertex 3 64.8 0
      vertex 6.81075 61.3307 0
      vertex 6.57293 61.4114 0
    endloop
  endfacet
  facet normal 0 0 -1
    outer loop
      vertex 3 64.8 0
      vertex 6.57293 61.4114 0
      vertex 6.32661 61.4604 0
    endloop
  endfacet
  facet normal 0 0 -1
    outer loop
      vertex 3 64.8 0
      vertex 6.32661 61.4604 0
      vertex 6.23937 61.4778 0
    endloop
  endfacet
  facet normal 0 0 -1
    outer loop
      vertex 3 64.8 0
      vertex 6.23937 61.4778 0
      vertex 6.15061 61.4836 0
    endloop
  endfacet
  facet normal 0 0 -1
    outer loop
      vertex 3 64.8 0
      vertex 6.15061 61.4836 0
      vertex 5.9 61.5 0
    endloop
  endfacet
  facet normal 0 0 -1
    outer loop
      vertex 3 64.8 0
      vertex 5.64939 61.4836 0
      vertex 5.56063 61.4778 0
    endloop
  endfacet
  facet normal 0 0 -1
    outer loop
      vertex 3 64.8 0
      vertex 5.47339 61.4604 0
      vertex 5.22707 61.4114 0
    endloop
  endfacet
  facet normal 0 0 -1
    outer loop
      vertex 3 64.8 0
      vertex 4.98925 61.3307 0
      vertex 4.90502 61.3021 0
    endloop
  endfacet
  facet normal 0 0 -1
    outer loop
      vertex 1.5 64.3981 0
      vertex 4.1284 60.7971 0
      vertex 4.06152 60.7385 0
    endloop
  endfacet
  facet normal 0 0 -1
    outer loop
      vertex 0.228361 62.9481 0
      vertex 4.00288 60.6716 0
      vertex 3.83728 60.4828 0
    endloop
  endfacet
  facet normal 0 0 -1
    outer loop
      vertex 0 61.8 0
      vertex 3.69775 60.274 0
      vertex 3.64833 60.2 0
    endloop
  endfacet
  facet normal 0 0 -1
    outer loop
      vertex 0 61.8 0
      vertex 3.60899 60.1202 0
      vertex 3.49791 59.895 0
    endloop
  endfacet
  facet normal 0 0 -1
    outer loop
      vertex 0 61.8 0
      vertex 3.46932 59.8107 0
      vertex 3.38859 59.5729 0
    endloop
  endfacet
  facet normal 0 0 -1
    outer loop
      vertex 0 61.8 0
      vertex 3.3396 59.3266 0
      vertex 3.32224 59.2394 0
    endloop
  endfacet
  facet normal 0 0 -1
    outer loop
      vertex 124.918 38.267 0
      vertex 3 64.8 0
      vertex 214.2 64.8 0
    endloop
  endfacet
  facet normal 0 0 -1
    outer loop
      vertex 5.64939 61.4836 0
      vertex 3 64.8 0
      vertex 5.9 61.5 0
    endloop
  endfacet
  facet normal 0 0 -1
    outer loop
      vertex 5.47339 61.4604 0
      vertex 3 64.8 0
      vertex 5.56063 61.4778 0
    endloop
  endfacet
  facet normal 0 0 -1
    outer loop
      vertex 4.98925 61.3307 0
      vertex 3 64.8 0
      vertex 5.22707 61.4114 0
    endloop
  endfacet
  facet normal 0 0 -1
    outer loop
      vertex 4.67978 61.191 0
      vertex 3 64.8 0
      vertex 4.90502 61.3021 0
    endloop
  endfacet
  facet normal 0 0 -1
    outer loop
      vertex 4.6 61.1517 0
      vertex 3 64.8 0
      vertex 4.67978 61.191 0
    endloop
  endfacet
  facet normal 0 0 -1
    outer loop
      vertex 4.52604 61.1022 0
      vertex 3 64.8 0
      vertex 4.6 61.1517 0
    endloop
  endfacet
  facet normal 0 0 -1
    outer loop
      vertex 4.31722 60.9627 0
      vertex 3 64.8 0
      vertex 4.52604 61.1022 0
    endloop
  endfacet
  facet normal 0 0 -1
    outer loop
      vertex 4.1284 60.7971 0
      vertex 1.85195 64.5716 0
      vertex 4.31722 60.9627 0
    endloop
  endfacet
  facet normal 0 -0 -1
    outer loop
      vertex 0.401923 63.3 0
      vertex 4.00288 60.6716 0
      vertex 0.228361 62.9481 0
    endloop
  endfacet
  facet normal 0 0 -1
    outer loop
      vertex 3.69775 60.274 0
      vertex 0 61.8 0
      vertex 3.83728 60.4828 0
    endloop
  endfacet
  facet normal 0 0 -1
    outer loop
      vertex 3.60899 60.1202 0
      vertex 0 61.8 0
      vertex 3.64833 60.2 0
    endloop
  endfacet
  facet normal 0 0 -1
    outer loop
      vertex 3.46932 59.8107 0
      vertex 0 61.8 0
      vertex 3.49791 59.895 0
    endloop
  endfacet
  facet normal 0 0 -1
    outer loop
      vertex 3.3396 59.3266 0
      vertex 0 61.8 0
      vertex 3.38859 59.5729 0
    endloop
  endfacet
  facet normal 0 0 -1
    outer loop
      vertex 0 61.8 0
      vertex 3.32224 59.2394 0
      vertex 3.31643 59.1506 0
    endloop
  endfacet
  facet normal 0 0 -1
    outer loop
      vertex 0 61.8 0
      vertex 3.31643 59.1506 0
      vertex 3.3 58.9 0
    endloop
  endfacet
  facet normal 0 0 -1
    outer loop
      vertex 3.32224 58.5606 0
      vertex 0 61.8 0
      vertex 3.31643 58.6494 0
    endloop
  endfacet
  facet normal 0 0 -1
    outer loop
      vertex 0.0256653 2.60842 0
      vertex 3.83728 4.31722 0
      vertex 0.102222 2.22354 0
    endloop
  endfacet
  facet normal 0 0 -1
    outer loop
      vertex 3.31643 58.6494 0
      vertex 0 61.8 0
      vertex 3.3 58.9 0
    endloop
  endfacet
  facet normal 0 0 -1
    outer loop
      vertex 0 3 0
      vertex 3.83728 4.31722 0
      vertex 0.0256653 2.60842 0
    endloop
  endfacet
  facet normal 0 0 -1
    outer loop
      vertex 3.83728 60.4828 0
      vertex 0 61.8 0
      vertex 0.0256653 62.1916 0
    endloop
  endfacet
  facet normal -0 0 -1
    outer loop
      vertex 3.69775 4.52604 0
      vertex 0 3 0
      vertex 3.64833 4.6 0
    endloop
  endfacet
  facet normal 0 0 -1
    outer loop
      vertex 4.31722 60.9627 0
      vertex 2.60842 64.7743 0
      vertex 3 64.8 0
    endloop
  endfacet
  facet normal -0 0 -1
    outer loop
      vertex 3.31643 5.64939 0
      vertex 0 3 0
      vertex 3.3 5.9 0
    endloop
  endfacet
  facet normal 0 0 -1
    outer loop
      vertex 4.31722 60.9627 0
      vertex 2.22354 64.6978 0
      vertex 2.60842 64.7743 0
    endloop
  endfacet
  facet normal -0 0 -1
    outer loop
      vertex 3.64833 4.6 0
      vertex 0 3 0
      vertex 3.60899 4.67978 0
    endloop
  endfacet
  facet normal 0 0 -1
    outer loop
      vertex 4.31722 60.9627 0
      vertex 1.85195 64.5716 0
      vertex 2.22354 64.6978 0
    endloop
  endfacet
  facet normal -0 0 -1
    outer loop
      vertex 3.60899 4.67978 0
      vertex 0 3 0
      vertex 3.49791 4.90502 0
    endloop
  endfacet
  facet normal 0 0 -1
    outer loop
      vertex 4.1284 60.7971 0
      vertex 1.5 64.3981 0
      vertex 1.85195 64.5716 0
    endloop
  endfacet
  facet normal -0 0 -1
    outer loop
      vertex 3.49791 4.90502 0
      vertex 0 3 0
      vertex 3.46932 4.98925 0
    endloop
  endfacet
  facet normal 0 0 -1
    outer loop
      vertex 4.06152 60.7385 0
      vertex 1.17372 64.1801 0
      vertex 1.5 64.3981 0
    endloop
  endfacet
  facet normal -0 0 -1
    outer loop
      vertex 3.46932 4.98925 0
      vertex 0 3 0
      vertex 3.38859 5.22707 0
    endloop
  endfacet
  facet normal 0 0 -1
    outer loop
      vertex 4.06152 60.7385 0
      vertex 0.878679 63.9213 0
      vertex 1.17372 64.1801 0
    endloop
  endfacet
  facet normal -0 0 -1
    outer loop
      vertex 3.38859 5.22707 0
      vertex 0 3 0
      vertex 3.3396 5.47339 0
    endloop
  endfacet
  facet normal 0 0 -1
    outer loop
      vertex 4.06152 60.7385 0
      vertex 0.61994 63.6263 0
      vertex 0.878679 63.9213 0
    endloop
  endfacet
  facet normal -0 0 -1
    outer loop
      vertex 3.3396 5.47339 0
      vertex 0 3 0
      vertex 3.32224 5.56063 0
    endloop
  endfacet
  facet normal 0 0 -1
    outer loop
      vertex 4.06152 60.7385 0
      vertex 0.401923 63.3 0
      vertex 0.61994 63.6263 0
    endloop
  endfacet
  facet normal -0 0 -1
    outer loop
      vertex 3.32224 5.56063 0
      vertex 0 3 0
      vertex 3.31643 5.64939 0
    endloop
  endfacet
  facet normal 0 0 -1
    outer loop
      vertex 4.00288 60.6716 0
      vertex 0.401923 63.3 0
      vertex 4.06152 60.7385 0
    endloop
  endfacet
  facet normal 0 0 -1
    outer loop
      vertex 3.83728 60.4828 0
      vertex 0.102222 62.5765 0
      vertex 0.228361 62.9481 0
    endloop
  endfacet
  facet normal 0 0 -1
    outer loop
      vertex 3.83728 60.4828 0
      vertex 0.0256653 62.1916 0
      vertex 0.102222 62.5765 0
    endloop
  endfacet
  facet normal 0 0 -1
    outer loop
      vertex 146.45 28.6811 0
      vertex 142.318 36.4117 0
      vertex 146.021 36.4117 0
    endloop
  endfacet
  facet normal 0 -0 -1
    outer loop
      vertex 41.9927 35.1938 0
      vertex 42.7887 34.4719 0
      vertex 41.6769 33.1918 0
    endloop
  endfacet
  facet normal 0 0 -1
    outer loop
      vertex 42.7887 34.4719 0
      vertex 41.9927 35.1938 0
      vertex 42.7512 34.5862 0
    endloop
  endfacet
  facet normal 0 0 -1
    outer loop
      vertex 42.7512 34.5862 0
      vertex 42.1091 35.1672 0
      vertex 42.7035 34.6916 0
    endloop
  endfacet
  facet normal -0 -0 -1
    outer loop
      vertex 42.2179 35.13 0
      vertex 42.7035 34.6916 0
      vertex 42.1091 35.1672 0
    endloop
  endfacet
  facet normal 0 0 -1
    outer loop
      vertex 42.6458 34.7881 0
      vertex 42.5001 34.9547 0
      vertex 42.578 34.8758 0
    endloop
  endfacet
  facet normal 0 0 -1
    outer loop
      vertex 42.6458 34.7881 0
      vertex 42.4135 35.0237 0
      vertex 42.5001 34.9547 0
    endloop
  endfacet
  facet normal 0 0 -1
    outer loop
      vertex 42.6458 34.7881 0
      vertex 42.3194 35.0822 0
      vertex 42.4135 35.0237 0
    endloop
  endfacet
  facet normal 0 0 -1
    outer loop
      vertex 42.6458 34.7881 0
      vertex 42.2179 35.13 0
      vertex 42.3194 35.0822 0
    endloop
  endfacet
  facet normal 0 0 -1
    outer loop
      vertex 42.7035 34.6916 0
      vertex 42.2179 35.13 0
      vertex 42.6458 34.7881 0
    endloop
  endfacet
  facet normal 0 0 -1
    outer loop
      vertex 42.7512 34.5862 0
      vertex 41.9927 35.1938 0
      vertex 42.1091 35.1672 0
    endloop
  endfacet
  facet normal -0 0 -1
    outer loop
      vertex 41.9927 35.1938 0
      vertex 41.6769 33.1918 0
      vertex 41.869 35.2097 0
    endloop
  endfacet
  facet normal 0 0 -1
    outer loop
      vertex 41.5225 33.2192 0
      vertex 41.869 35.2097 0
      vertex 41.6769 33.1918 0
    endloop
  endfacet
  facet normal -0 0 -1
    outer loop
      vertex 41.869 35.2097 0
      vertex 41.5225 33.2192 0
      vertex 41.7379 35.215 0
    endloop
  endfacet
  facet normal 0 0 -1
    outer loop
      vertex 41.7379 35.215 0
      vertex 41.5225 33.2192 0
      vertex 41.5986 35.2096 0
    endloop
  endfacet
  facet normal 0 0 -1
    outer loop
      vertex 41.3815 33.2575 0
      vertex 41.5986 35.2096 0
      vertex 41.5225 33.2192 0
    endloop
  endfacet
  facet normal 0 0 -1
    outer loop
      vertex 40.7071 34.206 0
      vertex 41.5986 35.2096 0
      vertex 41.3815 33.2575 0
    endloop
  endfacet
  facet normal 0 -0 -1
    outer loop
      vertex 40.7124 34.3367 0
      vertex 41.5986 35.2096 0
      vertex 40.7071 34.206 0
    endloop
  endfacet
  facet normal 0 0 -1
    outer loop
      vertex 40.7138 34.0681 0
      vertex 41.3815 33.2575 0
      vertex 41.2537 33.3068 0
    endloop
  endfacet
  facet normal 0 0 -1
    outer loop
      vertex 41.5986 35.2096 0
      vertex 40.7124 34.3367 0
      vertex 41.4693 35.1931 0
    endloop
  endfacet
  facet normal 0 0 -1
    outer loop
      vertex 41.4693 35.1931 0
      vertex 40.7286 34.4591 0
      vertex 41.3497 35.1657 0
    endloop
  endfacet
  facet normal 0 0 -1
    outer loop
      vertex 40.7138 34.0681 0
      vertex 41.2537 33.3068 0
      vertex 41.1392 33.3671 0
    endloop
  endfacet
  facet normal 0 -0 -1
    outer loop
      vertex 40.7554 34.5732 0
      vertex 41.3497 35.1657 0
      vertex 40.7286 34.4591 0
    endloop
  endfacet
  facet normal 0 0 -1
    outer loop
      vertex 40.7341 33.9396 0
      vertex 41.1392 33.3671 0
      vertex 41.038 33.4383 0
    endloop
  endfacet
  facet normal 0 0 -1
    outer loop
      vertex 41.3497 35.1657 0
      vertex 40.7554 34.5732 0
      vertex 41.2401 35.1274 0
    endloop
  endfacet
  facet normal 0 0 -1
    outer loop
      vertex 40.7341 33.9396 0
      vertex 41.038 33.4383 0
      vertex 40.9502 33.5198 0
    endloop
  endfacet
  facet normal 0 0 -1
    outer loop
      vertex 41.2401 35.1274 0
      vertex 40.7554 34.5732 0
      vertex 41.1403 35.078 0
    endloop
  endfacet
  facet normal 0 0 -1
    outer loop
      vertex 40.7341 33.9396 0
      vertex 40.9502 33.5198 0
      vertex 40.8759 33.6106 0
    endloop
  endfacet
  facet normal 0 0 -1
    outer loop
      vertex 41.1403 35.078 0
      vertex 40.7554 34.5732 0
      vertex 41.0503 35.0177 0
    endloop
  endfacet
  facet normal 0 0 -1
    outer loop
      vertex 40.7341 33.9396 0
      vertex 40.8759 33.6106 0
      vertex 40.8151 33.7109 0
    endloop
  endfacet
  facet normal 0 0 -1
    outer loop
      vertex 41.0503 35.0177 0
      vertex 40.7554 34.5732 0
      vertex 40.9702 34.9465 0
    endloop
  endfacet
  facet normal 0 0 -1
    outer loop
      vertex 40.7341 33.9396 0
      vertex 40.8151 33.7109 0
      vertex 40.7679 33.8205 0
    endloop
  endfacet
  facet normal 0 0 -1
    outer loop
      vertex 40.9702 34.9465 0
      vertex 40.7554 34.5732 0
      vertex 40.9004 34.8656 0
    endloop
  endfacet
  facet normal 0 0 -1
    outer loop
      vertex 41.1392 33.3671 0
      vertex 40.7341 33.9396 0
      vertex 40.7138 34.0681 0
    endloop
  endfacet
  facet normal 0 0 -1
    outer loop
      vertex 40.9004 34.8656 0
      vertex 40.7554 34.5732 0
      vertex 40.793 34.6789 0
    endloop
  endfacet
  facet normal 0 0 -1
    outer loop
      vertex 41.3815 33.2575 0
      vertex 40.7138 34.0681 0
      vertex 40.7071 34.206 0
    endloop
  endfacet
  facet normal 0 0 -1
    outer loop
      vertex 40.9004 34.8656 0
      vertex 40.793 34.6789 0
      vertex 40.8413 34.7764 0
    endloop
  endfacet
  facet normal 0 -0 -1
    outer loop
      vertex 40.7286 34.4591 0
      vertex 41.4693 35.1931 0
      vertex 40.7124 34.3367 0
    endloop
  endfacet
  facet normal -0 0 -1
    outer loop
      vertex 126.383 36.3222 0
      vertex 126.163 35.9396 0
      vertex 126.334 36.5012 0
    endloop
  endfacet
  facet normal -0 0 -1
    outer loop
      vertex 126.407 36.2368 0
      vertex 126.163 35.9396 0
      vertex 126.383 36.3222 0
    endloop
  endfacet
  facet normal -0 0 -1
    outer loop
      vertex 126.432 36.1481 0
      vertex 126.163 35.9396 0
      vertex 126.407 36.2368 0
    endloop
  endfacet
  facet normal -0 0 -1
    outer loop
      vertex 126.459 36.0561 0
      vertex 126.163 35.9396 0
      vertex 126.432 36.1481 0
    endloop
  endfacet
  facet normal -0 0 -1
    outer loop
      vertex 126.487 35.9607 0
      vertex 126.163 35.9396 0
      vertex 126.459 36.0561 0
    endloop
  endfacet
  facet normal 0 0 -1
    outer loop
      vertex 126.516 35.8621 0
      vertex 126.163 35.9396 0
      vertex 126.487 35.9607 0
    endloop
  endfacet
  facet normal 0 0 -1
    outer loop
      vertex 126.547 35.7601 0
      vertex 126.163 35.9396 0
      vertex 126.516 35.8621 0
    endloop
  endfacet
  facet normal 0 0 -1
    outer loop
      vertex 126.578 35.6548 0
      vertex 126.163 35.9396 0
      vertex 126.547 35.7601 0
    endloop
  endfacet
  facet normal 0 0 -1
    outer loop
      vertex 126.635 35.4791 0
      vertex 126.163 35.9396 0
      vertex 126.578 35.6548 0
    endloop
  endfacet
  facet normal 0 0 -1
    outer loop
      vertex 125.814 34.833 0
      vertex 126.635 35.4791 0
      vertex 126.739 35.1659 0
    endloop
  endfacet
  facet normal 0 0 -1
    outer loop
      vertex 125.814 34.833 0
      vertex 126.739 35.1659 0
      vertex 126.891 34.7152 0
    endloop
  endfacet
  facet normal 0 0 -1
    outer loop
      vertex 125.814 34.833 0
      vertex 126.891 34.7152 0
      vertex 127.091 34.127 0
    endloop
  endfacet
  facet normal 0 0 -1
    outer loop
      vertex 125.814 34.833 0
      vertex 127.091 34.127 0
      vertex 127.339 33.4013 0
    endloop
  endfacet
  facet normal 0 0 -1
    outer loop
      vertex 124.682 31.5373 0
      vertex 127.339 33.4013 0
      vertex 127.635 32.538 0
    endloop
  endfacet
  facet normal 0 0 -1
    outer loop
      vertex 124.682 31.5373 0
      vertex 127.635 32.538 0
      vertex 127.978 31.5373 0
    endloop
  endfacet
  facet normal -0 0 -1
    outer loop
      vertex 126.635 35.4791 0
      vertex 125.814 34.833 0
      vertex 126.163 35.9396 0
    endloop
  endfacet
  facet normal -0 0 -1
    outer loop
      vertex 127.339 33.4013 0
      vertex 124.682 31.5373 0
      vertex 125.814 34.833 0
    endloop
  endfacet
  facet normal 0 0 -1
    outer loop
      vertex 34.5152 32.4971 0
      vertex 36.7449 32.4971 0
      vertex 36.7427 32.2073 0
    endloop
  endfacet
  facet normal 0 0 -1
    outer loop
      vertex 36.7449 32.4971 0
      vertex 34.5152 32.4971 0
      vertex 36.7428 32.7897 0
    endloop
  endfacet
  facet normal 0 0 -1
    outer loop
      vertex 34.5238 31.952 0
      vertex 36.7427 32.2073 0
      vertex 36.7362 31.9363 0
    endloop
  endfacet
  facet normal 0 -0 -1
    outer loop
      vertex 34.5173 32.7897 0
      vertex 36.7428 32.7897 0
      vertex 34.5152 32.4971 0
    endloop
  endfacet
  facet normal 0 0 -1
    outer loop
      vertex 34.5346 31.7053 0
      vertex 36.7362 31.9363 0
      vertex 36.7254 31.6839 0
    endloop
  endfacet
  facet normal 0 0 -1
    outer loop
      vertex 36.7428 32.7897 0
      vertex 34.5173 32.7897 0
      vertex 36.7367 33.0629 0
    endloop
  endfacet
  facet normal 0 0 -1
    outer loop
      vertex 34.5498 31.4759 0
      vertex 36.7254 31.6839 0
      vertex 36.7103 31.4502 0
    endloop
  endfacet
  facet normal 0 -0 -1
    outer loop
      vertex 34.5236 33.0631 0
      vertex 36.7367 33.0629 0
      vertex 34.5173 32.7897 0
    endloop
  endfacet
  facet normal 0 0 -1
    outer loop
      vertex 34.5692 31.2638 0
      vertex 36.7103 31.4502 0
      vertex 36.6909 31.2353 0
    endloop
  endfacet
  facet normal 0 0 -1
    outer loop
      vertex 36.7367 33.0629 0
      vertex 34.5236 33.0631 0
      vertex 36.7264 33.3167 0
    endloop
  endfacet
  facet normal 0 0 -1
    outer loop
      vertex 34.593 31.0689 0
      vertex 36.6909 31.2353 0
      vertex 36.6672 31.039 0
    endloop
  endfacet
  facet normal 0 -0 -1
    outer loop
      vertex 34.5341 33.3172 0
      vertex 36.7264 33.3167 0
      vertex 34.5236 33.0631 0
    endloop
  endfacet
  facet normal 0 0 -1
    outer loop
      vertex 34.621 30.8913 0
      vertex 36.6672 31.039 0
      vertex 36.6391 30.8615 0
    endloop
  endfacet
  facet normal 0 0 -1
    outer loop
      vertex 36.7264 33.3167 0
      vertex 34.5341 33.3172 0
      vertex 36.7121 33.5511 0
    endloop
  endfacet
  facet normal 0 0 -1
    outer loop
      vertex 34.6539 30.729 0
      vertex 36.6391 30.8615 0
      vertex 36.6063 30.7001 0
    endloop
  endfacet
  facet normal 0 -0 -1
    outer loop
      vertex 34.5489 33.552 0
      vertex 36.7121 33.5511 0
      vertex 34.5341 33.3172 0
    endloop
  endfacet
  facet normal 0 0 -1
    outer loop
      vertex 34.6921 30.5798 0
      vertex 36.6063 30.7001 0
      vertex 36.5685 30.5524 0
    endloop
  endfacet
  facet normal 0 0 -1
    outer loop
      vertex 36.7121 33.5511 0
      vertex 34.5489 33.552 0
      vertex 36.6937 33.7662 0
    endloop
  endfacet
  facet normal 0 0 -1
    outer loop
      vertex 34.7356 30.4438 0
      vertex 36.5685 30.5524 0
      vertex 36.5255 30.4182 0
    endloop
  endfacet
  facet normal 0 -0 -1
    outer loop
      vertex 34.5678 33.7676 0
      vertex 36.6937 33.7662 0
      vertex 34.5489 33.552 0
    endloop
  endfacet
  facet normal 0 0 -1
    outer loop
      vertex 34.7844 30.3209 0
      vertex 36.5255 30.4182 0
      vertex 36.4774 30.2977 0
    endloop
  endfacet
  facet normal 0 0 -1
    outer loop
      vertex 36.6937 33.7662 0
      vertex 34.5678 33.7676 0
      vertex 36.6712 33.9619 0
    endloop
  endfacet
  facet normal 0 0 -1
    outer loop
      vertex 35.754 29.7681 0
      vertex 36.4774 30.2977 0
      vertex 36.4243 30.1908 0
    endloop
  endfacet
  facet normal 0 -0 -1
    outer loop
      vertex 34.591 33.9639 0
      vertex 36.6712 33.9619 0
      vertex 34.5678 33.7676 0
    endloop
  endfacet
  facet normal 0 0 -1
    outer loop
      vertex 35.8668 29.7837 0
      vertex 36.4243 30.1908 0
      vertex 36.3661 30.0975 0
    endloop
  endfacet
  facet normal 0 0 -1
    outer loop
      vertex 36.6712 33.9619 0
      vertex 34.591 33.9639 0
      vertex 36.6445 34.1382 0
    endloop
  endfacet
  facet normal 0 0 -1
    outer loop
      vertex 35.971 29.8097 0
      vertex 36.3661 30.0975 0
      vertex 36.3027 30.0179 0
    endloop
  endfacet
  facet normal 0 -0 -1
    outer loop
      vertex 34.6183 34.1409 0
      vertex 36.6445 34.1382 0
      vertex 34.591 33.9639 0
    endloop
  endfacet
  facet normal 0 0 -1
    outer loop
      vertex 35.971 29.8097 0
      vertex 36.3027 30.0179 0
      vertex 36.2326 29.9502 0
    endloop
  endfacet
  facet normal 0 0 -1
    outer loop
      vertex 36.6445 34.1382 0
      vertex 34.6183 34.1409 0
      vertex 36.6131 34.2982 0
    endloop
  endfacet
  facet normal 0 0 -1
    outer loop
      vertex 35.971 29.8097 0
      vertex 36.2326 29.9502 0
      vertex 36.1539 29.893 0
    endloop
  endfacet
  facet normal 0 0 -1
    outer loop
      vertex 35.971 29.8097 0
      vertex 36.1539 29.893 0
      vertex 36.0667 29.8462 0
    endloop
  endfacet
  facet normal 0 -0 -1
    outer loop
      vertex 34.6503 34.3016 0
      vertex 36.6131 34.2982 0
      vertex 34.6183 34.1409 0
    endloop
  endfacet
  facet normal 0 0 -1
    outer loop
      vertex 36.3661 30.0975 0
      vertex 35.971 29.8097 0
      vertex 35.8668 29.7837 0
    endloop
  endfacet
  facet normal 0 0 -1
    outer loop
      vertex 36.6131 34.2982 0
      vertex 34.6503 34.3016 0
      vertex 36.5761 34.4449 0
    endloop
  endfacet
  facet normal 0 0 -1
    outer loop
      vertex 36.4243 30.1908 0
      vertex 35.8668 29.7837 0
      vertex 35.754 29.7681 0
    endloop
  endfacet
  facet normal 0 -0 -1
    outer loop
      vertex 34.6874 34.4487 0
      vertex 36.5761 34.4449 0
      vertex 34.6503 34.3016 0
    endloop
  endfacet
  facet normal 0 0 -1
    outer loop
      vertex 36.4774 30.2977 0
      vertex 35.754 29.7681 0
      vertex 35.6327 29.7629 0
    endloop
  endfacet
  facet normal 0 0 -1
    outer loop
      vertex 36.5761 34.4449 0
      vertex 34.6874 34.4487 0
      vertex 36.5336 34.5783 0
    endloop
  endfacet
  facet normal -0 0 -1
    outer loop
      vertex 36.4774 30.2977 0
      vertex 35.6327 29.7629 0
      vertex 34.7844 30.3209 0
    endloop
  endfacet
  facet normal 0 -0 -1
    outer loop
      vertex 34.7296 34.5823 0
      vertex 36.5336 34.5783 0
      vertex 34.6874 34.4487 0
    endloop
  endfacet
  facet normal 0 0 -1
    outer loop
      vertex 34.7844 30.3209 0
      vertex 35.6327 29.7629 0
      vertex 35.5128 29.7684 0
    endloop
  endfacet
  facet normal 0 0 -1
    outer loop
      vertex 36.5336 34.5783 0
      vertex 34.7296 34.5823 0
      vertex 36.4855 34.6984 0
    endloop
  endfacet
  facet normal 0 0 -1
    outer loop
      vertex 34.8386 30.2113 0
      vertex 35.5128 29.7684 0
      vertex 35.4009 29.7848 0
    endloop
  endfacet
  facet normal 0 -0 -1
    outer loop
      vertex 35.7382 35.2315 0
      vertex 36.4855 34.6984 0
      vertex 34.7296 34.5823 0
    endloop
  endfacet
  facet normal 0 0 -1
    outer loop
      vertex 34.898 30.1148 0
      vertex 35.4009 29.7848 0
      vertex 35.2971 29.8122 0
    endloop
  endfacet
  facet normal 0 0 -1
    outer loop
      vertex 36.4855 34.6984 0
      vertex 35.7382 35.2315 0
      vertex 36.4319 34.8052 0
    endloop
  endfacet
  facet normal 0 0 -1
    outer loop
      vertex 34.898 30.1148 0
      vertex 35.2971 29.8122 0
      vertex 35.2014 29.8506 0
    endloop
  endfacet
  facet normal -0 -0 -1
    outer loop
      vertex 35.8562 35.2157 0
      vertex 36.4319 34.8052 0
      vertex 35.7382 35.2315 0
    endloop
  endfacet
  facet normal 0 0 -1
    outer loop
      vertex 34.898 30.1148 0
      vertex 35.2014 29.8506 0
      vertex 35.1138 29.8999 0
    endloop
  endfacet
  facet normal 0 0 -1
    outer loop
      vertex 36.4319 34.8052 0
      vertex 35.8562 35.2157 0
      vertex 36.3728 34.8988 0
    endloop
  endfacet
  facet normal 0 0 -1
    outer loop
      vertex 34.898 30.1148 0
      vertex 35.1138 29.8999 0
      vertex 35.0342 29.9602 0
    endloop
  endfacet
  facet normal -0 -0 -1
    outer loop
      vertex 35.9649 35.1894 0
      vertex 36.3728 34.8988 0
      vertex 35.8562 35.2157 0
    endloop
  endfacet
  facet normal 0 0 -1
    outer loop
      vertex 34.898 30.1148 0
      vertex 35.0342 29.9602 0
      vertex 34.9628 30.0315 0
    endloop
  endfacet
  facet normal 0 0 -1
    outer loop
      vertex 36.1549 35.1053 0
      vertex 35.9649 35.1894 0
      vertex 36.0645 35.1526 0
    endloop
  endfacet
  facet normal 0 0 -1
    outer loop
      vertex 35.4009 29.7848 0
      vertex 34.898 30.1148 0
      vertex 34.8386 30.2113 0
    endloop
  endfacet
  facet normal 0 0 -1
    outer loop
      vertex 36.2361 35.0474 0
      vertex 35.9649 35.1894 0
      vertex 36.1549 35.1053 0
    endloop
  endfacet
  facet normal 0 0 -1
    outer loop
      vertex 35.5128 29.7684 0
      vertex 34.8386 30.2113 0
      vertex 34.7844 30.3209 0
    endloop
  endfacet
  facet normal 0 0 -1
    outer loop
      vertex 36.3082 34.9791 0
      vertex 35.9649 35.1894 0
      vertex 36.2361 35.0474 0
    endloop
  endfacet
  facet normal -0 0 -1
    outer loop
      vertex 36.5255 30.4182 0
      vertex 34.7844 30.3209 0
      vertex 34.7356 30.4438 0
    endloop
  endfacet
  facet normal 0 0 -1
    outer loop
      vertex 36.3728 34.8988 0
      vertex 35.9649 35.1894 0
      vertex 36.3082 34.9791 0
    endloop
  endfacet
  facet normal -0 0 -1
    outer loop
      vertex 36.5685 30.5524 0
      vertex 34.7356 30.4438 0
      vertex 34.6921 30.5798 0
    endloop
  endfacet
  facet normal -0 0 -1
    outer loop
      vertex 35.7382 35.2315 0
      vertex 34.7296 34.5823 0
      vertex 35.611 35.2367 0
    endloop
  endfacet
  facet normal -0 0 -1
    outer loop
      vertex 36.6063 30.7001 0
      vertex 34.6921 30.5798 0
      vertex 34.6539 30.729 0
    endloop
  endfacet
  facet normal 0 0 -1
    outer loop
      vertex 36.7427 32.2073 0
      vertex 34.5174 32.2159 0
      vertex 34.5152 32.4971 0
    endloop
  endfacet
  facet normal -0 0 -1
    outer loop
      vertex 36.6391 30.8615 0
      vertex 34.6539 30.729 0
      vertex 34.621 30.8913 0
    endloop
  endfacet
  facet normal 0 -0 -1
    outer loop
      vertex 34.7768 34.7024 0
      vertex 35.611 35.2367 0
      vertex 34.7296 34.5823 0
    endloop
  endfacet
  facet normal -0 0 -1
    outer loop
      vertex 36.6672 31.039 0
      vertex 34.621 30.8913 0
      vertex 34.593 31.0689 0
    endloop
  endfacet
  facet normal 0 0 -1
    outer loop
      vertex 35.611 35.2367 0
      vertex 34.7768 34.7024 0
      vertex 35.4912 35.2315 0
    endloop
  endfacet
  facet normal -0 0 -1
    outer loop
      vertex 36.6909 31.2353 0
      vertex 34.593 31.0689 0
      vertex 34.5692 31.2638 0
    endloop
  endfacet
  facet normal -0 0 -1
    outer loop
      vertex 36.7427 32.2073 0
      vertex 34.5238 31.952 0
      vertex 34.5174 32.2159 0
    endloop
  endfacet
  facet normal -0 0 -1
    outer loop
      vertex 36.7103 31.4502 0
      vertex 34.5692 31.2638 0
      vertex 34.5498 31.4759 0
    endloop
  endfacet
  facet normal -0 0 -1
    outer loop
      vertex 36.7254 31.6839 0
      vertex 34.5498 31.4759 0
      vertex 34.5346 31.7053 0
    endloop
  endfacet
  facet normal -0 0 -1
    outer loop
      vertex 36.7362 31.9363 0
      vertex 34.5346 31.7053 0
      vertex 34.5238 31.952 0
    endloop
  endfacet
  facet normal 0 0 -1
    outer loop
      vertex 35.1824 35.1535 0
      vertex 34.8867 34.9022 0
      vertex 35.0962 35.1067 0
    endloop
  endfacet
  facet normal 0 0 -1
    outer loop
      vertex 35.4912 35.2315 0
      vertex 34.8292 34.8091 0
      vertex 35.3799 35.2159 0
    endloop
  endfacet
  facet normal 0 0 -1
    outer loop
      vertex 35.0962 35.1067 0
      vertex 34.8867 34.9022 0
      vertex 35.0185 35.0494 0
    endloop
  endfacet
  facet normal 0 0 -1
    outer loop
      vertex 35.2769 35.1899 0
      vertex 34.8867 34.9022 0
      vertex 35.1824 35.1535 0
    endloop
  endfacet
  facet normal 0 0 -1
    outer loop
      vertex 35.0185 35.0494 0
      vertex 34.8867 34.9022 0
      vertex 34.9492 34.9818 0
    endloop
  endfacet
  facet normal 0 0 -1
    outer loop
      vertex 35.3799 35.2159 0
      vertex 34.8292 34.8091 0
      vertex 35.2769 35.1899 0
    endloop
  endfacet
  facet normal 0 -0 -1
    outer loop
      vertex 34.8867 34.9022 0
      vertex 35.2769 35.1899 0
      vertex 34.8292 34.8091 0
    endloop
  endfacet
  facet normal 0 -0 -1
    outer loop
      vertex 34.8292 34.8091 0
      vertex 35.4912 35.2315 0
      vertex 34.7768 34.7024 0
    endloop
  endfacet
  facet normal -0.555577 -0.831465 0
    outer loop
      vertex 1.17372 0.61994 0
      vertex 1.5 0.401923 2.4
      vertex 1.17372 0.61994 2.4
    endloop
  endfacet
  facet normal -0.555577 -0.831465 -0
    outer loop
      vertex 1.5 0.401923 2.4
      vertex 1.17372 0.61994 0
      vertex 1.5 0.401923 0
    endloop
  endfacet
  facet normal -0.831465 -0.555577 0
    outer loop
      vertex 0.61994 1.17372 0
      vertex 0.401923 1.5 2.4
      vertex 0.401923 1.5 0
    endloop
  endfacet
  facet normal -0.831465 -0.555577 0
    outer loop
      vertex 0.401923 1.5 2.4
      vertex 0.61994 1.17372 0
      vertex 0.61994 1.17372 2.4
    endloop
  endfacet
  facet normal -0.751846 -0.659339 0
    outer loop
      vertex 0.878679 0.878679 0
      vertex 0.61994 1.17372 2.4
      vertex 0.61994 1.17372 0
    endloop
  endfacet
  facet normal -0.751846 -0.659339 0
    outer loop
      vertex 0.61994 1.17372 2.4
      vertex 0.878679 0.878679 0
      vertex 0.878679 0.878679 2.4
    endloop
  endfacet
  facet normal -0.659339 -0.751846 0
    outer loop
      vertex 0.878679 0.878679 0
      vertex 1.17372 0.61994 2.4
      vertex 0.878679 0.878679 2.4
    endloop
  endfacet
  facet normal -0.659339 -0.751846 -0
    outer loop
      vertex 1.17372 0.61994 2.4
      vertex 0.878679 0.878679 0
      vertex 1.17372 0.61994 0
    endloop
  endfacet
  facet normal -0.44216 0.896936 0
    outer loop
      vertex 1.85195 64.5716 0
      vertex 1.5 64.3981 2.4
      vertex 1.85195 64.5716 2.4
    endloop
  endfacet
  facet normal -0.44216 0.896936 0
    outer loop
      vertex 1.5 64.3981 2.4
      vertex 1.85195 64.5716 0
      vertex 1.5 64.3981 0
    endloop
  endfacet
  facet normal 0.981058 0.193714 0
    outer loop
      vertex 217.174 62.1916 2.4
      vertex 217.098 62.5765 0
      vertex 217.098 62.5765 2.4
    endloop
  endfacet
  facet normal 0.981058 0.193714 0
    outer loop
      vertex 217.098 62.5765 0
      vertex 217.174 62.1916 2.4
      vertex 217.174 62.1916 0
    endloop
  endfacet
  facet normal 0.321264 0.94699 -0
    outer loop
      vertex 215.348 64.5716 0
      vertex 214.976 64.6978 2.4
      vertex 215.348 64.5716 2.4
    endloop
  endfacet
  facet normal 0.321264 0.94699 0
    outer loop
      vertex 214.976 64.6978 2.4
      vertex 215.348 64.5716 0
      vertex 214.976 64.6978 0
    endloop
  endfacet
  facet normal -0.831481 0.555553 0
    outer loop
      vertex 0.401923 63.3 0
      vertex 0.61994 63.6263 2.4
      vertex 0.61994 63.6263 0
    endloop
  endfacet
  facet normal -0.831481 0.555553 0
    outer loop
      vertex 0.61994 63.6263 2.4
      vertex 0.401923 63.3 0
      vertex 0.401923 63.3 2.4
    endloop
  endfacet
  facet normal 0.997803 0.0662484 0
    outer loop
      vertex 217.2 61.8 2.4
      vertex 217.174 62.1916 0
      vertex 217.174 62.1916 2.4
    endloop
  endfacet
  facet normal 0.997803 0.0662484 0
    outer loop
      vertex 217.174 62.1916 0
      vertex 217.2 61.8 2.4
      vertex 217.2 61.8 0
    endloop
  endfacet
  facet normal -0.946932 0.321434 0
    outer loop
      vertex 0.102222 62.5765 0
      vertex 0.228361 62.9481 2.4
      vertex 0.228361 62.9481 0
    endloop
  endfacet
  facet normal -0.946932 0.321434 0
    outer loop
      vertex 0.228361 62.9481 2.4
      vertex 0.102222 62.5765 0
      vertex 0.102222 62.5765 2.4
    endloop
  endfacet
  facet normal -0.980788 0.195079 0
    outer loop
      vertex 0.0256653 62.1916 0
      vertex 0.102222 62.5765 2.4
      vertex 0.102222 62.5765 0
    endloop
  endfacet
  facet normal -0.980788 0.195079 0
    outer loop
      vertex 0.102222 62.5765 2.4
      vertex 0.0256653 62.1916 0
      vertex 0.0256653 62.1916 2.4
    endloop
  endfacet
  facet normal -0.980786 -0.195089 0
    outer loop
      vertex 0.102222 2.22354 0
      vertex 0.0256653 2.60842 2.4
      vertex 0.0256653 2.60842 0
    endloop
  endfacet
  facet normal -0.980786 -0.195089 0
    outer loop
      vertex 0.0256653 2.60842 2.4
      vertex 0.102222 2.22354 0
      vertex 0.102222 2.22354 2.4
    endloop
  endfacet
  facet normal 0.89643 -0.443185 0
    outer loop
      vertex 216.798 1.5 2.4
      vertex 216.972 1.85195 0
      vertex 216.972 1.85195 2.4
    endloop
  endfacet
  facet normal 0.89643 -0.443185 0
    outer loop
      vertex 216.972 1.85195 0
      vertex 216.798 1.5 2.4
      vertex 216.798 1.5 0
    endloop
  endfacet
  facet normal 0.195379 0.980728 -0
    outer loop
      vertex 214.976 64.6978 0
      vertex 214.592 64.7743 2.4
      vertex 214.976 64.6978 2.4
    endloop
  endfacet
  facet normal 0.195379 0.980728 0
    outer loop
      vertex 214.592 64.7743 2.4
      vertex 214.976 64.6978 0
      vertex 214.592 64.7743 0
    endloop
  endfacet
  facet normal 0.94704 0.321117 0
    outer loop
      vertex 217.098 62.5765 2.4
      vertex 216.972 62.9481 0
      vertex 216.972 62.9481 2.4
    endloop
  endfacet
  facet normal 0.94704 0.321117 0
    outer loop
      vertex 216.972 62.9481 0
      vertex 217.098 62.5765 2.4
      vertex 217.098 62.5765 0
    endloop
  endfacet
  facet normal -0.896848 0.442338 0
    outer loop
      vertex 0.228361 62.9481 0
      vertex 0.401923 63.3 2.4
      vertex 0.401923 63.3 0
    endloop
  endfacet
  facet normal -0.896848 0.442338 0
    outer loop
      vertex 0.401923 63.3 2.4
      vertex 0.228361 62.9481 0
      vertex 0.228361 62.9481 2.4
    endloop
  endfacet
  facet normal 0.947037 -0.321125 0
    outer loop
      vertex 216.972 1.85195 2.4
      vertex 217.098 2.22354 0
      vertex 217.098 2.22354 2.4
    endloop
  endfacet
  facet normal 0.947037 -0.321125 0
    outer loop
      vertex 217.098 2.22354 0
      vertex 216.972 1.85195 2.4
      vertex 216.972 1.85195 0
    endloop
  endfacet
  facet normal 0.896405 0.443235 0
    outer loop
      vertex 216.972 62.9481 2.4
      vertex 216.798 63.3 0
      vertex 216.798 63.3 2.4
    endloop
  endfacet
  facet normal 0.896405 0.443235 0
    outer loop
      vertex 216.798 63.3 0
      vertex 216.972 62.9481 2.4
      vertex 216.972 62.9481 0
    endloop
  endfacet
  facet normal 1 0 0
    outer loop
      vertex 123.8 62.1 9.19
      vertex 123.8 60.5 5.39
      vertex 123.8 62.1 5.39
    endloop
  endfacet
  facet normal 1 0 0
    outer loop
      vertex 123.8 60.5 5.39
      vertex 123.8 4.3 5.39
      vertex 123.8 60.5 2.4
    endloop
  endfacet
  facet normal 1 0 0
    outer loop
      vertex 123.8 62.1 9.19
      vertex 123.8 4.3 5.39
      vertex 123.8 60.5 5.39
    endloop
  endfacet
  facet normal 1 -0 0
    outer loop
      vertex 123.8 2.7 9.19
      vertex 123.8 4.3 5.39
      vertex 123.8 62.1 9.19
    endloop
  endfacet
  facet normal 1 0 0
    outer loop
      vertex 123.8 4.3 5.39
      vertex 123.8 2.7 9.19
      vertex 123.8 2.7 5.39
    endloop
  endfacet
  facet normal 1 0 0
    outer loop
      vertex 123.8 60.5 2.4
      vertex 123.8 4.3 5.39
      vertex 123.8 4.3 2.4
    endloop
  endfacet
  facet normal -0 0 1
    outer loop
      vertex 113.8 62.1 9.19
      vertex 123.8 2.7 9.19
      vertex 123.8 62.1 9.19
    endloop
  endfacet
  facet normal 0 0 1
    outer loop
      vertex 123.8 2.7 9.19
      vertex 113.8 62.1 9.19
      vertex 113.8 2.7 9.19
    endloop
  endfacet
  facet normal -1 0 0
    outer loop
      vertex 113.8 60.5 2.4
      vertex 113.8 4.3 2.4
      vertex 113.8 60.5 5.39
    endloop
  endfacet
  facet normal -1 0 0
    outer loop
      vertex 113.8 60.5 5.39
      vertex 113.8 62.1 9.19
      vertex 113.8 62.1 5.39
    endloop
  endfacet
  facet normal -1 0 0
    outer loop
      vertex 113.8 4.3 5.39
      vertex 113.8 60.5 5.39
      vertex 113.8 4.3 2.4
    endloop
  endfacet
  facet normal -1 0 0
    outer loop
      vertex 113.8 60.5 5.39
      vertex 113.8 4.3 5.39
      vertex 113.8 62.1 9.19
    endloop
  endfacet
  facet normal -1 0 0
    outer loop
      vertex 113.8 2.7 9.19
      vertex 113.8 4.3 5.39
      vertex 113.8 2.7 5.39
    endloop
  endfacet
  facet normal -1 0 0
    outer loop
      vertex 113.8 4.3 5.39
      vertex 113.8 2.7 9.19
      vertex 113.8 62.1 9.19
    endloop
  endfacet
  facet normal -0.980779 -0.195122 0
    outer loop
      vertex 7.58546 6.12189 1.5
      vertex 7.54207 6.33999 2.4
      vertex 7.54207 6.33999 1.5
    endloop
  endfacet
  facet normal -0.980779 -0.195122 0
    outer loop
      vertex 7.54207 6.33999 2.4
      vertex 7.58546 6.12189 1.5
      vertex 7.58546 6.12189 2.4
    endloop
  endfacet
  facet normal -0.99786 -0.0653877 0
    outer loop
      vertex 7.6 5.9 1.5
      vertex 7.58546 6.12189 2.4
      vertex 7.58546 6.12189 1.5
    endloop
  endfacet
  facet normal -0.99786 -0.0653877 0
    outer loop
      vertex 7.58546 6.12189 2.4
      vertex 7.6 5.9 1.5
      vertex 7.6 5.9 2.4
    endloop
  endfacet
  facet normal -0.0653877 0.99786 0
    outer loop
      vertex 6.12189 4.21454 1.5
      vertex 5.9 4.2 2.4
      vertex 6.12189 4.21454 2.4
    endloop
  endfacet
  facet normal -0.0653877 0.99786 0
    outer loop
      vertex 5.9 4.2 2.4
      vertex 6.12189 4.21454 1.5
      vertex 5.9 4.2 1.5
    endloop
  endfacet
  facet normal 0.659342 -0.751844 0
    outer loop
      vertex 4.69792 7.10208 1.5
      vertex 4.86511 7.2487 2.4
      vertex 4.69792 7.10208 2.4
    endloop
  endfacet
  facet normal 0.659342 -0.751844 0
    outer loop
      vertex 4.86511 7.2487 2.4
      vertex 4.69792 7.10208 1.5
      vertex 4.86511 7.2487 1.5
    endloop
  endfacet
  facet normal 0.831469 0.555572 0
    outer loop
      vertex 4.5513 4.86511 2.4
      vertex 4.42776 5.05 1.5
      vertex 4.42776 5.05 2.4
    endloop
  endfacet
  facet normal 0.831469 0.555572 0
    outer loop
      vertex 4.42776 5.05 1.5
      vertex 4.5513 4.86511 2.4
      vertex 4.5513 4.86511 1.5
    endloop
  endfacet
  facet normal 0.195122 0.980779 -0
    outer loop
      vertex 5.67811 4.21454 1.5
      vertex 5.46001 4.25793 2.4
      vertex 5.67811 4.21454 2.4
    endloop
  endfacet
  facet normal 0.195122 0.980779 0
    outer loop
      vertex 5.46001 4.25793 2.4
      vertex 5.67811 4.21454 1.5
      vertex 5.46001 4.25793 1.5
    endloop
  endfacet
  facet normal -0.659342 -0.751844 0
    outer loop
      vertex 6.93489 7.2487 1.5
      vertex 7.10208 7.10208 2.4
      vertex 6.93489 7.2487 2.4
    endloop
  endfacet
  facet normal -0.659342 -0.751844 -0
    outer loop
      vertex 7.10208 7.10208 2.4
      vertex 6.93489 7.2487 1.5
      vertex 7.10208 7.10208 1.5
    endloop
  endfacet
  facet normal -0.946929 0.321444 0
    outer loop
      vertex 7.47059 5.24944 1.5
      vertex 7.54207 5.46001 2.4
      vertex 7.54207 5.46001 1.5
    endloop
  endfacet
  facet normal -0.946929 0.321444 0
    outer loop
      vertex 7.54207 5.46001 2.4
      vertex 7.47059 5.24944 1.5
      vertex 7.47059 5.24944 2.4
    endloop
  endfacet
  facet normal -0.751844 0.659342 0
    outer loop
      vertex 7.10208 4.69792 1.5
      vertex 7.2487 4.86511 2.4
      vertex 7.2487 4.86511 1.5
    endloop
  endfacet
  facet normal -0.751844 0.659342 0
    outer loop
      vertex 7.2487 4.86511 2.4
      vertex 7.10208 4.69792 1.5
      vertex 7.10208 4.69792 2.4
    endloop
  endfacet
  facet normal -0.751844 -0.659342 0
    outer loop
      vertex 7.2487 6.93489 1.5
      vertex 7.10208 7.10208 2.4
      vertex 7.10208 7.10208 1.5
    endloop
  endfacet
  facet normal -0.751844 -0.659342 0
    outer loop
      vertex 7.10208 7.10208 2.4
      vertex 7.2487 6.93489 1.5
      vertex 7.2487 6.93489 2.4
    endloop
  endfacet
  facet normal 0.946929 0.321444 0
    outer loop
      vertex 4.32941 5.24944 2.4
      vertex 4.25793 5.46001 1.5
      vertex 4.25793 5.46001 2.4
    endloop
  endfacet
  facet normal 0.946929 0.321444 0
    outer loop
      vertex 4.25793 5.46001 1.5
      vertex 4.32941 5.24944 2.4
      vertex 4.32941 5.24944 1.5
    endloop
  endfacet
  facet normal -0.321444 0.946929 0
    outer loop
      vertex 6.55056 4.32941 1.5
      vertex 6.33999 4.25793 2.4
      vertex 6.55056 4.32941 2.4
    endloop
  endfacet
  facet normal -0.321444 0.946929 0
    outer loop
      vertex 6.33999 4.25793 2.4
      vertex 6.55056 4.32941 1.5
      vertex 6.33999 4.25793 1.5
    endloop
  endfacet
  facet normal 0.0653877 0.99786 -0
    outer loop
      vertex 5.9 4.2 1.5
      vertex 5.67811 4.21454 2.4
      vertex 5.9 4.2 2.4
    endloop
  endfacet
  facet normal 0.0653877 0.99786 0
    outer loop
      vertex 5.67811 4.21454 2.4
      vertex 5.9 4.2 1.5
      vertex 5.67811 4.21454 1.5
    endloop
  endfacet
  facet normal 0.321444 -0.946929 0
    outer loop
      vertex 5.24944 7.47059 1.5
      vertex 5.46001 7.54207 2.4
      vertex 5.24944 7.47059 2.4
    endloop
  endfacet
  facet normal 0.321444 -0.946929 0
    outer loop
      vertex 5.46001 7.54207 2.4
      vertex 5.24944 7.47059 1.5
      vertex 5.46001 7.54207 1.5
    endloop
  endfacet
  facet normal -0.946929 -0.321444 0
    outer loop
      vertex 7.54207 6.33999 1.5
      vertex 7.47059 6.55056 2.4
      vertex 7.47059 6.55056 1.5
    endloop
  endfacet
  facet normal -0.946929 -0.321444 0
    outer loop
      vertex 7.47059 6.55056 2.4
      vertex 7.54207 6.33999 1.5
      vertex 7.54207 6.33999 2.4
    endloop
  endfacet
  facet normal 0.751844 -0.659342 0
    outer loop
      vertex 4.5513 6.93489 2.4
      vertex 4.69792 7.10208 1.5
      vertex 4.69792 7.10208 2.4
    endloop
  endfacet
  facet normal 0.751844 -0.659342 0
    outer loop
      vertex 4.69792 7.10208 1.5
      vertex 4.5513 6.93489 2.4
      vertex 4.5513 6.93489 1.5
    endloop
  endfacet
  facet normal 0.442278 0.896878 -0
    outer loop
      vertex 5.24944 4.32941 1.5
      vertex 5.05 4.42776 2.4
      vertex 5.24944 4.32941 2.4
    endloop
  endfacet
  facet normal 0.442278 0.896878 0
    outer loop
      vertex 5.05 4.42776 2.4
      vertex 5.24944 4.32941 1.5
      vertex 5.05 4.42776 1.5
    endloop
  endfacet
  facet normal 0.0653877 -0.99786 0
    outer loop
      vertex 5.67811 7.58546 1.5
      vertex 5.9 7.6 2.4
      vertex 5.67811 7.58546 2.4
    endloop
  endfacet
  facet normal 0.0653877 -0.99786 0
    outer loop
      vertex 5.9 7.6 2.4
      vertex 5.67811 7.58546 1.5
      vertex 5.9 7.6 1.5
    endloop
  endfacet
  facet normal -0.896878 0.442278 0
    outer loop
      vertex 7.37224 5.05 1.5
      vertex 7.47059 5.24944 2.4
      vertex 7.47059 5.24944 1.5
    endloop
  endfacet
  facet normal -0.896878 0.442278 0
    outer loop
      vertex 7.47059 5.24944 2.4
      vertex 7.37224 5.05 1.5
      vertex 7.37224 5.05 2.4
    endloop
  endfacet
  facet normal -0.555572 0.831469 0
    outer loop
      vertex 6.93489 4.5513 1.5
      vertex 6.75 4.42776 2.4
      vertex 6.93489 4.5513 2.4
    endloop
  endfacet
  facet normal -0.555572 0.831469 0
    outer loop
      vertex 6.75 4.42776 2.4
      vertex 6.93489 4.5513 1.5
      vertex 6.75 4.42776 1.5
    endloop
  endfacet
  facet normal 0.980779 0.195122 0
    outer loop
      vertex 4.25793 5.46001 2.4
      vertex 4.21454 5.67811 1.5
      vertex 4.21454 5.67811 2.4
    endloop
  endfacet
  facet normal 0.980779 0.195122 0
    outer loop
      vertex 4.21454 5.67811 1.5
      vertex 4.25793 5.46001 2.4
      vertex 4.25793 5.46001 1.5
    endloop
  endfacet
  facet normal -0.195122 -0.980779 0
    outer loop
      vertex 6.12189 7.58546 1.5
      vertex 6.33999 7.54207 2.4
      vertex 6.12189 7.58546 2.4
    endloop
  endfacet
  facet normal -0.195122 -0.980779 -0
    outer loop
      vertex 6.33999 7.54207 2.4
      vertex 6.12189 7.58546 1.5
      vertex 6.33999 7.54207 1.5
    endloop
  endfacet
  facet normal -0.831469 -0.555572 0
    outer loop
      vertex 7.37224 6.75 1.5
      vertex 7.2487 6.93489 2.4
      vertex 7.2487 6.93489 1.5
    endloop
  endfacet
  facet normal -0.831469 -0.555572 0
    outer loop
      vertex 7.2487 6.93489 2.4
      vertex 7.37224 6.75 1.5
      vertex 7.37224 6.75 2.4
    endloop
  endfacet
  facet normal -0.99786 0.0653877 0
    outer loop
      vertex 7.58546 5.67811 1.5
      vertex 7.6 5.9 2.4
      vertex 7.6 5.9 1.5
    endloop
  endfacet
  facet normal -0.99786 0.0653877 0
    outer loop
      vertex 7.6 5.9 2.4
      vertex 7.58546 5.67811 1.5
      vertex 7.58546 5.67811 2.4
    endloop
  endfacet
  facet normal -0.321444 -0.946929 0
    outer loop
      vertex 6.33999 7.54207 1.5
      vertex 6.55056 7.47059 2.4
      vertex 6.33999 7.54207 2.4
    endloop
  endfacet
  facet normal -0.321444 -0.946929 -0
    outer loop
      vertex 6.55056 7.47059 2.4
      vertex 6.33999 7.54207 1.5
      vertex 6.55056 7.47059 1.5
    endloop
  endfacet
  facet normal -0.555572 -0.831469 0
    outer loop
      vertex 6.75 7.37224 1.5
      vertex 6.93489 7.2487 2.4
      vertex 6.75 7.37224 2.4
    endloop
  endfacet
  facet normal -0.555572 -0.831469 -0
    outer loop
      vertex 6.93489 7.2487 2.4
      vertex 6.75 7.37224 1.5
      vertex 6.93489 7.2487 1.5
    endloop
  endfacet
  facet normal 0.195122 -0.980779 0
    outer loop
      vertex 5.46001 7.54207 1.5
      vertex 5.67811 7.58546 2.4
      vertex 5.46001 7.54207 2.4
    endloop
  endfacet
  facet normal 0.195122 -0.980779 0
    outer loop
      vertex 5.67811 7.58546 2.4
      vertex 5.46001 7.54207 1.5
      vertex 5.67811 7.58546 1.5
    endloop
  endfacet
  facet normal -0.659342 0.751844 0
    outer loop
      vertex 7.10208 4.69792 1.5
      vertex 6.93489 4.5513 2.4
      vertex 7.10208 4.69792 2.4
    endloop
  endfacet
  facet normal -0.659342 0.751844 0
    outer loop
      vertex 6.93489 4.5513 2.4
      vertex 7.10208 4.69792 1.5
      vertex 6.93489 4.5513 1.5
    endloop
  endfacet
  facet normal 0.896878 -0.442278 0
    outer loop
      vertex 4.32941 6.55056 2.4
      vertex 4.42776 6.75 1.5
      vertex 4.42776 6.75 2.4
    endloop
  endfacet
  facet normal 0.896878 -0.442278 0
    outer loop
      vertex 4.42776 6.75 1.5
      vertex 4.32941 6.55056 2.4
      vertex 4.32941 6.55056 1.5
    endloop
  endfacet
  facet normal -0.980779 0.195122 0
    outer loop
      vertex 7.54207 5.46001 1.5
      vertex 7.58546 5.67811 2.4
      vertex 7.58546 5.67811 1.5
    endloop
  endfacet
  facet normal -0.980779 0.195122 0
    outer loop
      vertex 7.58546 5.67811 2.4
      vertex 7.54207 5.46001 1.5
      vertex 7.54207 5.46001 2.4
    endloop
  endfacet
  facet normal -0.195122 0.980779 0
    outer loop
      vertex 6.33999 4.25793 1.5
      vertex 6.12189 4.21454 2.4
      vertex 6.33999 4.25793 2.4
    endloop
  endfacet
  facet normal -0.195122 0.980779 0
    outer loop
      vertex 6.12189 4.21454 2.4
      vertex 6.33999 4.25793 1.5
      vertex 6.12189 4.21454 1.5
    endloop
  endfacet
  facet normal 0.659342 0.751844 -0
    outer loop
      vertex 4.86511 4.5513 1.5
      vertex 4.69792 4.69792 2.4
      vertex 4.86511 4.5513 2.4
    endloop
  endfacet
  facet normal 0.659342 0.751844 0
    outer loop
      vertex 4.69792 4.69792 2.4
      vertex 4.86511 4.5513 1.5
      vertex 4.69792 4.69792 1.5
    endloop
  endfacet
  facet normal 0.751844 0.659342 0
    outer loop
      vertex 4.69792 4.69792 2.4
      vertex 4.5513 4.86511 1.5
      vertex 4.5513 4.86511 2.4
    endloop
  endfacet
  facet normal 0.751844 0.659342 0
    outer loop
      vertex 4.5513 4.86511 1.5
      vertex 4.69792 4.69792 2.4
      vertex 4.69792 4.69792 1.5
    endloop
  endfacet
  facet normal -0.0653877 -0.99786 0
    outer loop
      vertex 5.9 7.6 1.5
      vertex 6.12189 7.58546 2.4
      vertex 5.9 7.6 2.4
    endloop
  endfacet
  facet normal -0.0653877 -0.99786 -0
    outer loop
      vertex 6.12189 7.58546 2.4
      vertex 5.9 7.6 1.5
      vertex 6.12189 7.58546 1.5
    endloop
  endfacet
  facet normal -0.442278 -0.896878 0
    outer loop
      vertex 6.55056 7.47059 1.5
      vertex 6.75 7.37224 2.4
      vertex 6.55056 7.47059 2.4
    endloop
  endfacet
  facet normal -0.442278 -0.896878 -0
    outer loop
      vertex 6.75 7.37224 2.4
      vertex 6.55056 7.47059 1.5
      vertex 6.75 7.37224 1.5
    endloop
  endfacet
  facet normal -0.831469 0.555572 0
    outer loop
      vertex 7.2487 4.86511 1.5
      vertex 7.37224 5.05 2.4
      vertex 7.37224 5.05 1.5
    endloop
  endfacet
  facet normal -0.831469 0.555572 0
    outer loop
      vertex 7.37224 5.05 2.4
      vertex 7.2487 4.86511 1.5
      vertex 7.2487 4.86511 2.4
    endloop
  endfacet
  facet normal 0.99786 0.0653877 0
    outer loop
      vertex 4.21454 5.67811 2.4
      vertex 4.2 5.9 1.5
      vertex 4.2 5.9 2.4
    endloop
  endfacet
  facet normal 0.99786 0.0653877 0
    outer loop
      vertex 4.2 5.9 1.5
      vertex 4.21454 5.67811 2.4
      vertex 4.21454 5.67811 1.5
    endloop
  endfacet
  facet normal -0.442278 0.896878 0
    outer loop
      vertex 6.75 4.42776 1.5
      vertex 6.55056 4.32941 2.4
      vertex 6.75 4.42776 2.4
    endloop
  endfacet
  facet normal -0.442278 0.896878 0
    outer loop
      vertex 6.55056 4.32941 2.4
      vertex 6.75 4.42776 1.5
      vertex 6.55056 4.32941 1.5
    endloop
  endfacet
  facet normal 0.980779 -0.195122 0
    outer loop
      vertex 4.21454 6.12189 2.4
      vertex 4.25793 6.33999 1.5
      vertex 4.25793 6.33999 2.4
    endloop
  endfacet
  facet normal 0.980779 -0.195122 0
    outer loop
      vertex 4.25793 6.33999 1.5
      vertex 4.21454 6.12189 2.4
      vertex 4.21454 6.12189 1.5
    endloop
  endfacet
  facet normal 0.896878 0.442278 0
    outer loop
      vertex 4.42776 5.05 2.4
      vertex 4.32941 5.24944 1.5
      vertex 4.32941 5.24944 2.4
    endloop
  endfacet
  facet normal 0.896878 0.442278 0
    outer loop
      vertex 4.32941 5.24944 1.5
      vertex 4.42776 5.05 2.4
      vertex 4.42776 5.05 1.5
    endloop
  endfacet
  facet normal 0.946929 -0.321444 0
    outer loop
      vertex 4.25793 6.33999 2.4
      vertex 4.32941 6.55056 1.5
      vertex 4.32941 6.55056 2.4
    endloop
  endfacet
  facet normal 0.946929 -0.321444 0
    outer loop
      vertex 4.32941 6.55056 1.5
      vertex 4.25793 6.33999 2.4
      vertex 4.25793 6.33999 1.5
    endloop
  endfacet
  facet normal 0.555572 -0.831469 0
    outer loop
      vertex 4.86511 7.2487 1.5
      vertex 5.05 7.37224 2.4
      vertex 4.86511 7.2487 2.4
    endloop
  endfacet
  facet normal 0.555572 -0.831469 0
    outer loop
      vertex 5.05 7.37224 2.4
      vertex 4.86511 7.2487 1.5
      vertex 5.05 7.37224 1.5
    endloop
  endfacet
  facet normal -0.896878 -0.442278 0
    outer loop
      vertex 7.47059 6.55056 1.5
      vertex 7.37224 6.75 2.4
      vertex 7.37224 6.75 1.5
    endloop
  endfacet
  facet normal -0.896878 -0.442278 0
    outer loop
      vertex 7.37224 6.75 2.4
      vertex 7.47059 6.55056 1.5
      vertex 7.47059 6.55056 2.4
    endloop
  endfacet
  facet normal 0.99786 -0.0653877 0
    outer loop
      vertex 4.2 5.9 2.4
      vertex 4.21454 6.12189 1.5
      vertex 4.21454 6.12189 2.4
    endloop
  endfacet
  facet normal 0.99786 -0.0653877 0
    outer loop
      vertex 4.21454 6.12189 1.5
      vertex 4.2 5.9 2.4
      vertex 4.2 5.9 1.5
    endloop
  endfacet
  facet normal 0.321444 0.946929 -0
    outer loop
      vertex 5.46001 4.25793 1.5
      vertex 5.24944 4.32941 2.4
      vertex 5.46001 4.25793 2.4
    endloop
  endfacet
  facet normal 0.321444 0.946929 0
    outer loop
      vertex 5.24944 4.32941 2.4
      vertex 5.46001 4.25793 1.5
      vertex 5.24944 4.32941 1.5
    endloop
  endfacet
  facet normal 0.442278 -0.896878 0
    outer loop
      vertex 5.05 7.37224 1.5
      vertex 5.24944 7.47059 2.4
      vertex 5.05 7.37224 2.4
    endloop
  endfacet
  facet normal 0.442278 -0.896878 0
    outer loop
      vertex 5.24944 7.47059 2.4
      vertex 5.05 7.37224 1.5
      vertex 5.24944 7.47059 1.5
    endloop
  endfacet
  facet normal 0.831469 -0.555572 0
    outer loop
      vertex 4.42776 6.75 2.4
      vertex 4.5513 6.93489 1.5
      vertex 4.5513 6.93489 2.4
    endloop
  endfacet
  facet normal 0.831469 -0.555572 0
    outer loop
      vertex 4.5513 6.93489 1.5
      vertex 4.42776 6.75 2.4
      vertex 4.42776 6.75 1.5
    endloop
  endfacet
  facet normal 0.555572 0.831469 -0
    outer loop
      vertex 5.05 4.42776 1.5
      vertex 4.86511 4.5513 2.4
      vertex 5.05 4.42776 2.4
    endloop
  endfacet
  facet normal 0.555572 0.831469 0
    outer loop
      vertex 4.86511 4.5513 2.4
      vertex 5.05 4.42776 1.5
      vertex 4.86511 4.5513 1.5
    endloop
  endfacet
  facet normal -0.856141 -0.0561286 -0.513685
    outer loop
      vertex 8.48357 6.15061 0
      vertex 8.5 5.9 0
      vertex 7.6 5.9 1.5
    endloop
  endfacet
  facet normal -0.645067 0.565702 -0.513684
    outer loop
      vertex 7.79712 4.1284 0
      vertex 7.10208 4.69792 1.5
      vertex 7.2487 4.86511 1.5
    endloop
  endfacet
  facet normal -0.645121 0.565638 -0.513685
    outer loop
      vertex 7.10208 4.69792 1.5
      vertex 7.79712 4.1284 0
      vertex 7.73848 4.06152 0
    endloop
  endfacet
  facet normal 0.645046 -0.565722 -0.513686
    outer loop
      vertex 4.00288 7.6716 0
      vertex 4.5513 6.93489 1.5
      vertex 3.83728 7.48278 0
    endloop
  endfacet
  facet normal -0.167363 -0.841496 -0.513688
    outer loop
      vertex 6.57293 8.41141 0
      vertex 6.33999 7.54207 1.5
      vertex 6.32661 8.4604 0
    endloop
  endfacet
  facet normal 0.769509 -0.379449 -0.513687
    outer loop
      vertex 4.42776 6.75 1.5
      vertex 3.60899 7.12022 0
      vertex 3.64833 7.2 0
    endloop
  endfacet
  facet normal 0.769501 -0.379465 -0.513687
    outer loop
      vertex 3.60899 7.12022 0
      vertex 4.42776 6.75 1.5
      vertex 4.32941 6.55056 1.5
    endloop
  endfacet
  facet normal 0.645067 0.565702 -0.513684
    outer loop
      vertex 4.69792 4.69792 1.5
      vertex 4.00288 4.1284 0
      vertex 4.5513 4.86511 1.5
    endloop
  endfacet
  facet normal 0.645121 0.565638 -0.513685
    outer loop
      vertex 4.00288 4.1284 0
      vertex 4.69792 4.69792 1.5
      vertex 4.06152 4.06152 0
    endloop
  endfacet
  facet normal 0.812443 -0.275791 -0.513688
    outer loop
      vertex 3.46932 6.81075 0
      vertex 4.25793 6.33999 1.5
      vertex 3.38859 6.57293 0
    endloop
  endfacet
  facet normal -0.713381 -0.476669 -0.513687
    outer loop
      vertex 7.96272 7.48278 0
      vertex 8.10225 7.27396 0
      vertex 7.2487 6.93489 1.5
    endloop
  endfacet
  facet normal 0.565638 -0.645121 -0.513685
    outer loop
      vertex 4.1284 7.79712 0
      vertex 4.69792 7.10208 1.5
      vertex 4.06152 7.73848 0
    endloop
  endfacet
  facet normal 0.565702 -0.645067 -0.513684
    outer loop
      vertex 4.69792 7.10208 1.5
      vertex 4.1284 7.79712 0
      vertex 4.86511 7.2487 1.5
    endloop
  endfacet
  facet normal -0.645046 0.565722 -0.513686
    outer loop
      vertex 7.96272 4.31722 0
      vertex 7.79712 4.1284 0
      vertex 7.2487 4.86511 1.5
    endloop
  endfacet
  facet normal 0.812443 0.275791 -0.513688
    outer loop
      vertex 4.25793 5.46001 1.5
      vertex 3.46932 4.98925 0
      vertex 3.38859 5.22707 0
    endloop
  endfacet
  facet normal -0.713381 0.476669 -0.513687
    outer loop
      vertex 8.10225 4.52604 0
      vertex 7.96272 4.31722 0
      vertex 7.2487 4.86511 1.5
    endloop
  endfacet
  facet normal 0.565722 0.645046 -0.513686
    outer loop
      vertex 4.86511 4.5513 1.5
      vertex 4.31722 3.83728 0
      vertex 4.1284 4.00288 0
    endloop
  endfacet
  facet normal -0.379449 0.769509 -0.513687
    outer loop
      vertex 7.12022 3.60899 0
      vertex 6.75 4.42776 1.5
      vertex 7.2 3.64833 0
    endloop
  endfacet
  facet normal -0.379465 0.769501 -0.513687
    outer loop
      vertex 6.75 4.42776 1.5
      vertex 7.12022 3.60899 0
      vertex 6.55056 4.32941 1.5
    endloop
  endfacet
  facet normal -0.476669 -0.713381 -0.513687
    outer loop
      vertex 7.27396 8.10225 0
      vertex 7.48278 7.96272 0
      vertex 6.93489 7.2487 1.5
    endloop
  endfacet
  facet normal 0.167363 -0.841496 -0.513688
    outer loop
      vertex 5.47339 8.4604 0
      vertex 5.46001 7.54207 1.5
      vertex 5.22707 8.41141 0
    endloop
  endfacet
  facet normal -0.841496 -0.167363 -0.513688
    outer loop
      vertex 8.41141 6.57293 0
      vertex 8.4604 6.32661 0
      vertex 7.54207 6.33999 1.5
    endloop
  endfacet
  facet normal -0.0561286 -0.856141 -0.513685
    outer loop
      vertex 5.9 8.5 0
      vertex 6.15061 8.48357 0
      vertex 5.9 7.6 1.5
    endloop
  endfacet
  facet normal -0.76949 -0.379484 -0.513689
    outer loop
      vertex 8.19101 7.12022 0
      vertex 8.30209 6.89498 0
      vertex 7.47059 6.55056 1.5
    endloop
  endfacet
  facet normal -0.476669 0.713381 -0.513687
    outer loop
      vertex 7.48278 3.83728 0
      vertex 7.27396 3.69775 0
      vertex 6.93489 4.5513 1.5
    endloop
  endfacet
  facet normal 0.856141 0.0561286 -0.513685
    outer loop
      vertex 4.2 5.9 1.5
      vertex 3.31643 5.64939 0
      vertex 3.3 5.9 0
    endloop
  endfacet
  facet normal -0.379484 -0.76949 -0.513689
    outer loop
      vertex 6.89498 8.30209 0
      vertex 7.12022 8.19101 0
      vertex 6.55056 7.47059 1.5
    endloop
  endfacet
  facet normal -0.275791 -0.812443 -0.513688
    outer loop
      vertex 6.57293 8.41141 0
      vertex 6.81075 8.33068 0
      vertex 6.33999 7.54207 1.5
    endloop
  endfacet
  facet normal 0.841496 -0.167363 -0.513688
    outer loop
      vertex 3.38859 6.57293 0
      vertex 4.25793 6.33999 1.5
      vertex 3.3396 6.32661 0
    endloop
  endfacet
  facet normal -0.76949 0.379484 -0.513689
    outer loop
      vertex 8.30209 4.90502 0
      vertex 8.19101 4.67978 0
      vertex 7.47059 5.24944 1.5
    endloop
  endfacet
  facet normal 0.645121 -0.565638 -0.513685
    outer loop
      vertex 4.69792 7.10208 1.5
      vertex 4.00288 7.6716 0
      vertex 4.06152 7.73848 0
    endloop
  endfacet
  facet normal 0.645067 -0.565702 -0.513684
    outer loop
      vertex 4.00288 7.6716 0
      vertex 4.69792 7.10208 1.5
      vertex 4.5513 6.93489 1.5
    endloop
  endfacet
  facet normal -0.769509 -0.379449 -0.513687
    outer loop
      vertex 8.19101 7.12022 0
      vertex 7.37224 6.75 1.5
      vertex 8.15167 7.2 0
    endloop
  endfacet
  facet normal -0.769501 -0.379465 -0.513687
    outer loop
      vertex 7.37224 6.75 1.5
      vertex 8.19101 7.12022 0
      vertex 7.47059 6.55056 1.5
    endloop
  endfacet
  facet normal 0.476668 0.713381 -0.513688
    outer loop
      vertex 4.6 3.64833 0
      vertex 4.86511 4.5513 1.5
      vertex 5.05 4.42776 1.5
    endloop
  endfacet
  facet normal 0.476677 0.713376 -0.513686
    outer loop
      vertex 4.86511 4.5513 1.5
      vertex 4.6 3.64833 0
      vertex 4.52604 3.69775 0
    endloop
  endfacet
  facet normal 0.275791 -0.812443 -0.513688
    outer loop
      vertex 5.22707 8.41141 0
      vertex 5.46001 7.54207 1.5
      vertex 4.98925 8.33068 0
    endloop
  endfacet
  facet normal -0.713381 0.476668 -0.513688
    outer loop
      vertex 8.15167 4.6 0
      vertex 7.2487 4.86511 1.5
      vertex 7.37224 5.05 1.5
    endloop
  endfacet
  facet normal -0.713376 0.476677 -0.513686
    outer loop
      vertex 7.2487 4.86511 1.5
      vertex 8.15167 4.6 0
      vertex 8.10225 4.52604 0
    endloop
  endfacet
  facet normal 0.841488 0.16741 -0.513685
    outer loop
      vertex 4.25793 5.46001 1.5
      vertex 3.32224 5.56063 0
      vertex 4.21454 5.67811 1.5
    endloop
  endfacet
  facet normal 0.841484 0.167448 -0.513679
    outer loop
      vertex 3.32224 5.56063 0
      vertex 4.25793 5.46001 1.5
      vertex 3.3396 5.47339 0
    endloop
  endfacet
  facet normal 0.713381 0.476669 -0.513687
    outer loop
      vertex 4.5513 4.86511 1.5
      vertex 3.83728 4.31722 0
      vertex 3.69775 4.52604 0
    endloop
  endfacet
  facet normal -0.565722 0.645046 -0.513686
    outer loop
      vertex 7.6716 4.00288 0
      vertex 7.48278 3.83728 0
      vertex 6.93489 4.5513 1.5
    endloop
  endfacet
  facet normal 0.565722 -0.645046 -0.513686
    outer loop
      vertex 4.31722 7.96272 0
      vertex 4.86511 7.2487 1.5
      vertex 4.1284 7.79712 0
    endloop
  endfacet
  facet normal -0.645121 -0.565638 -0.513685
    outer loop
      vertex 7.79712 7.6716 0
      vertex 7.10208 7.10208 1.5
      vertex 7.73848 7.73848 0
    endloop
  endfacet
  facet normal -0.645067 -0.565702 -0.513684
    outer loop
      vertex 7.10208 7.10208 1.5
      vertex 7.79712 7.6716 0
      vertex 7.2487 6.93489 1.5
    endloop
  endfacet
  facet normal 0.645046 0.565722 -0.513686
    outer loop
      vertex 4.5513 4.86511 1.5
      vertex 4.00288 4.1284 0
      vertex 3.83728 4.31722 0
    endloop
  endfacet
  facet normal -0.856141 0.0561286 -0.513685
    outer loop
      vertex 8.5 5.9 0
      vertex 8.48357 5.64939 0
      vertex 7.6 5.9 1.5
    endloop
  endfacet
  facet normal 0.0561286 0.856141 -0.513685
    outer loop
      vertex 5.9 4.2 1.5
      vertex 5.9 3.3 0
      vertex 5.64939 3.31643 0
    endloop
  endfacet
  facet normal 0.856141 -0.0561286 -0.513685
    outer loop
      vertex 3.31643 6.15061 0
      vertex 4.2 5.9 1.5
      vertex 3.3 5.9 0
    endloop
  endfacet
  facet normal 0.167363 0.841496 -0.513688
    outer loop
      vertex 5.46001 4.25793 1.5
      vertex 5.47339 3.3396 0
      vertex 5.22707 3.38859 0
    endloop
  endfacet
  facet normal -0.16741 -0.841488 -0.513685
    outer loop
      vertex 6.23937 8.47776 0
      vertex 6.33999 7.54207 1.5
      vertex 6.12189 7.58546 1.5
    endloop
  endfacet
  facet normal -0.167448 -0.841484 -0.513679
    outer loop
      vertex 6.33999 7.54207 1.5
      vertex 6.23937 8.47776 0
      vertex 6.32661 8.4604 0
    endloop
  endfacet
  facet normal -0.275768 0.812451 -0.513689
    outer loop
      vertex 6.81075 3.46932 0
      vertex 6.55056 4.32941 1.5
      vertex 6.89498 3.49791 0
    endloop
  endfacet
  facet normal -0.275792 0.812443 -0.513688
    outer loop
      vertex 6.55056 4.32941 1.5
      vertex 6.81075 3.46932 0
      vertex 6.33999 4.25793 1.5
    endloop
  endfacet
  facet normal 0.841484 -0.167448 -0.513679
    outer loop
      vertex 4.25793 6.33999 1.5
      vertex 3.32224 6.23937 0
      vertex 3.3396 6.32661 0
    endloop
  endfacet
  facet normal 0.841488 -0.16741 -0.513685
    outer loop
      vertex 3.32224 6.23937 0
      vertex 4.25793 6.33999 1.5
      vertex 4.21454 6.12189 1.5
    endloop
  endfacet
  facet normal -0.812443 0.275791 -0.513688
    outer loop
      vertex 8.41141 5.22707 0
      vertex 8.33068 4.98925 0
      vertex 7.54207 5.46001 1.5
    endloop
  endfacet
  facet normal 0.713381 -0.476669 -0.513687
    outer loop
      vertex 3.83728 7.48278 0
      vertex 4.5513 6.93489 1.5
      vertex 3.69775 7.27396 0
    endloop
  endfacet
  facet normal -0.841496 0.167363 -0.513688
    outer loop
      vertex 8.4604 5.47339 0
      vertex 8.41141 5.22707 0
      vertex 7.54207 5.46001 1.5
    endloop
  endfacet
  facet normal -0.812451 -0.275768 -0.513689
    outer loop
      vertex 8.33068 6.81075 0
      vertex 7.47059 6.55056 1.5
      vertex 8.30209 6.89498 0
    endloop
  endfacet
  facet normal -0.812443 -0.275792 -0.513688
    outer loop
      vertex 7.47059 6.55056 1.5
      vertex 8.33068 6.81075 0
      vertex 7.54207 6.33999 1.5
    endloop
  endfacet
  facet normal 0.76949 -0.379484 -0.513689
    outer loop
      vertex 3.60899 7.12022 0
      vertex 4.32941 6.55056 1.5
      vertex 3.49791 6.89498 0
    endloop
  endfacet
  facet normal 0.769501 0.379465 -0.513687
    outer loop
      vertex 4.42776 5.05 1.5
      vertex 3.60899 4.67978 0
      vertex 4.32941 5.24944 1.5
    endloop
  endfacet
  facet normal 0.769509 0.379449 -0.513687
    outer loop
      vertex 3.60899 4.67978 0
      vertex 4.42776 5.05 1.5
      vertex 3.64833 4.6 0
    endloop
  endfacet
  facet normal 0.0561286 -0.856141 -0.513685
    outer loop
      vertex 5.9 8.5 0
      vertex 5.9 7.6 1.5
      vertex 5.64939 8.48357 0
    endloop
  endfacet
  facet normal -0.275792 -0.812443 -0.513688
    outer loop
      vertex 6.81075 8.33068 0
      vertex 6.55056 7.47059 1.5
      vertex 6.33999 7.54207 1.5
    endloop
  endfacet
  facet normal -0.275768 -0.812451 -0.513689
    outer loop
      vertex 6.55056 7.47059 1.5
      vertex 6.81075 8.33068 0
      vertex 6.89498 8.30209 0
    endloop
  endfacet
  facet normal 0.0560412 -0.856148 -0.513683
    outer loop
      vertex 5.64939 8.48357 0
      vertex 5.67811 7.58546 1.5
      vertex 5.56063 8.47776 0
    endloop
  endfacet
  facet normal 0.0561014 -0.856144 -0.513682
    outer loop
      vertex 5.67811 7.58546 1.5
      vertex 5.64939 8.48357 0
      vertex 5.9 7.6 1.5
    endloop
  endfacet
  facet normal -0.167448 0.841484 -0.513679
    outer loop
      vertex 6.23937 3.32224 0
      vertex 6.33999 4.25793 1.5
      vertex 6.32661 3.3396 0
    endloop
  endfacet
  facet normal -0.16741 0.841488 -0.513685
    outer loop
      vertex 6.33999 4.25793 1.5
      vertex 6.23937 3.32224 0
      vertex 6.12189 4.21454 1.5
    endloop
  endfacet
  facet normal 0.812451 -0.275768 -0.513689
    outer loop
      vertex 4.32941 6.55056 1.5
      vertex 3.46932 6.81075 0
      vertex 3.49791 6.89498 0
    endloop
  endfacet
  facet normal 0.812443 -0.275792 -0.513688
    outer loop
      vertex 3.46932 6.81075 0
      vertex 4.32941 6.55056 1.5
      vertex 4.25793 6.33999 1.5
    endloop
  endfacet
  facet normal -0.565722 -0.645046 -0.513686
    outer loop
      vertex 7.48278 7.96272 0
      vertex 7.6716 7.79712 0
      vertex 6.93489 7.2487 1.5
    endloop
  endfacet
  facet normal -0.645046 -0.565722 -0.513686
    outer loop
      vertex 7.79712 7.6716 0
      vertex 7.96272 7.48278 0
      vertex 7.2487 6.93489 1.5
    endloop
  endfacet
  facet normal -0.565638 0.645121 -0.513685
    outer loop
      vertex 7.6716 4.00288 0
      vertex 7.10208 4.69792 1.5
      vertex 7.73848 4.06152 0
    endloop
  endfacet
  facet normal -0.565702 0.645067 -0.513684
    outer loop
      vertex 7.10208 4.69792 1.5
      vertex 7.6716 4.00288 0
      vertex 6.93489 4.5513 1.5
    endloop
  endfacet
  facet normal 0.856148 -0.0560412 -0.513683
    outer loop
      vertex 4.21454 6.12189 1.5
      vertex 3.31643 6.15061 0
      vertex 3.32224 6.23937 0
    endloop
  endfacet
  facet normal 0.856144 -0.0561014 -0.513682
    outer loop
      vertex 3.31643 6.15061 0
      vertex 4.21454 6.12189 1.5
      vertex 4.2 5.9 1.5
    endloop
  endfacet
  facet normal 0.379484 0.76949 -0.513689
    outer loop
      vertex 5.24944 4.32941 1.5
      vertex 4.90502 3.49791 0
      vertex 4.67978 3.60899 0
    endloop
  endfacet
  facet normal -0.769501 0.379465 -0.513687
    outer loop
      vertex 8.19101 4.67978 0
      vertex 7.37224 5.05 1.5
      vertex 7.47059 5.24944 1.5
    endloop
  endfacet
  facet normal -0.769509 0.379449 -0.513687
    outer loop
      vertex 7.37224 5.05 1.5
      vertex 8.19101 4.67978 0
      vertex 8.15167 4.6 0
    endloop
  endfacet
  facet normal -0.379484 0.76949 -0.513689
    outer loop
      vertex 7.12022 3.60899 0
      vertex 6.89498 3.49791 0
      vertex 6.55056 4.32941 1.5
    endloop
  endfacet
  facet normal 0.379465 0.769501 -0.513687
    outer loop
      vertex 4.67978 3.60899 0
      vertex 5.05 4.42776 1.5
      vertex 5.24944 4.32941 1.5
    endloop
  endfacet
  facet normal 0.379449 0.769509 -0.513687
    outer loop
      vertex 5.05 4.42776 1.5
      vertex 4.67978 3.60899 0
      vertex 4.6 3.64833 0
    endloop
  endfacet
  facet normal -0.713376 -0.476677 -0.513686
    outer loop
      vertex 8.15167 7.2 0
      vertex 7.2487 6.93489 1.5
      vertex 8.10225 7.27396 0
    endloop
  endfacet
  facet normal -0.713381 -0.476668 -0.513688
    outer loop
      vertex 7.2487 6.93489 1.5
      vertex 8.15167 7.2 0
      vertex 7.37224 6.75 1.5
    endloop
  endfacet
  facet normal -0.0561286 0.856141 -0.513685
    outer loop
      vertex 5.9 4.2 1.5
      vertex 6.15061 3.31643 0
      vertex 5.9 3.3 0
    endloop
  endfacet
  facet normal -0.841484 -0.167448 -0.513679
    outer loop
      vertex 8.47776 6.23937 0
      vertex 7.54207 6.33999 1.5
      vertex 8.4604 6.32661 0
    endloop
  endfacet
  facet normal -0.841488 -0.16741 -0.513685
    outer loop
      vertex 7.54207 6.33999 1.5
      vertex 8.47776 6.23937 0
      vertex 7.58546 6.12189 1.5
    endloop
  endfacet
  facet normal -0.812443 -0.275791 -0.513688
    outer loop
      vertex 8.33068 6.81075 0
      vertex 8.41141 6.57293 0
      vertex 7.54207 6.33999 1.5
    endloop
  endfacet
  facet normal 0.275768 -0.812451 -0.513689
    outer loop
      vertex 4.98925 8.33068 0
      vertex 5.24944 7.47059 1.5
      vertex 4.90502 8.30209 0
    endloop
  endfacet
  facet normal 0.275792 -0.812443 -0.513688
    outer loop
      vertex 5.24944 7.47059 1.5
      vertex 4.98925 8.33068 0
      vertex 5.46001 7.54207 1.5
    endloop
  endfacet
  facet normal -0.379465 -0.769501 -0.513687
    outer loop
      vertex 7.12022 8.19101 0
      vertex 6.75 7.37224 1.5
      vertex 6.55056 7.47059 1.5
    endloop
  endfacet
  facet normal -0.379449 -0.769509 -0.513687
    outer loop
      vertex 6.75 7.37224 1.5
      vertex 7.12022 8.19101 0
      vertex 7.2 8.15167 0
    endloop
  endfacet
  facet normal -0.812443 0.275792 -0.513688
    outer loop
      vertex 8.33068 4.98925 0
      vertex 7.47059 5.24944 1.5
      vertex 7.54207 5.46001 1.5
    endloop
  endfacet
  facet normal -0.812451 0.275768 -0.513689
    outer loop
      vertex 7.47059 5.24944 1.5
      vertex 8.33068 4.98925 0
      vertex 8.30209 4.90502 0
    endloop
  endfacet
  facet normal 0.476669 0.713381 -0.513687
    outer loop
      vertex 4.86511 4.5513 1.5
      vertex 4.52604 3.69775 0
      vertex 4.31722 3.83728 0
    endloop
  endfacet
  facet normal -0.841484 0.167448 -0.513679
    outer loop
      vertex 7.54207 5.46001 1.5
      vertex 8.47776 5.56063 0
      vertex 8.4604 5.47339 0
    endloop
  endfacet
  facet normal -0.841488 0.16741 -0.513685
    outer loop
      vertex 8.47776 5.56063 0
      vertex 7.54207 5.46001 1.5
      vertex 7.58546 5.67811 1.5
    endloop
  endfacet
  facet normal -0.856144 0.0561014 -0.513682
    outer loop
      vertex 8.48357 5.64939 0
      vertex 7.58546 5.67811 1.5
      vertex 7.6 5.9 1.5
    endloop
  endfacet
  facet normal -0.856148 0.0560412 -0.513683
    outer loop
      vertex 7.58546 5.67811 1.5
      vertex 8.48357 5.64939 0
      vertex 8.47776 5.56063 0
    endloop
  endfacet
  facet normal 0.275792 0.812443 -0.513688
    outer loop
      vertex 4.98925 3.46932 0
      vertex 5.24944 4.32941 1.5
      vertex 5.46001 4.25793 1.5
    endloop
  endfacet
  facet normal 0.275768 0.812451 -0.513689
    outer loop
      vertex 5.24944 4.32941 1.5
      vertex 4.98925 3.46932 0
      vertex 4.90502 3.49791 0
    endloop
  endfacet
  facet normal -0.167363 0.841496 -0.513688
    outer loop
      vertex 6.33999 4.25793 1.5
      vertex 6.57293 3.38859 0
      vertex 6.32661 3.3396 0
    endloop
  endfacet
  facet normal 0.713376 -0.476677 -0.513686
    outer loop
      vertex 4.5513 6.93489 1.5
      vertex 3.64833 7.2 0
      vertex 3.69775 7.27396 0
    endloop
  endfacet
  facet normal 0.713381 -0.476668 -0.513688
    outer loop
      vertex 3.64833 7.2 0
      vertex 4.5513 6.93489 1.5
      vertex 4.42776 6.75 1.5
    endloop
  endfacet
  facet normal -0.0561014 -0.856144 -0.513682
    outer loop
      vertex 6.15061 8.48357 0
      vertex 6.12189 7.58546 1.5
      vertex 5.9 7.6 1.5
    endloop
  endfacet
  facet normal -0.0560412 -0.856148 -0.513683
    outer loop
      vertex 6.12189 7.58546 1.5
      vertex 6.15061 8.48357 0
      vertex 6.23937 8.47776 0
    endloop
  endfacet
  facet normal 0.476669 -0.713381 -0.513687
    outer loop
      vertex 4.52604 8.10225 0
      vertex 4.86511 7.2487 1.5
      vertex 4.31722 7.96272 0
    endloop
  endfacet
  facet normal 0.379484 -0.76949 -0.513689
    outer loop
      vertex 4.90502 8.30209 0
      vertex 5.24944 7.47059 1.5
      vertex 4.67978 8.19101 0
    endloop
  endfacet
  facet normal 0.76949 0.379484 -0.513689
    outer loop
      vertex 4.32941 5.24944 1.5
      vertex 3.60899 4.67978 0
      vertex 3.49791 4.90502 0
    endloop
  endfacet
  facet normal -0.565702 -0.645067 -0.513684
    outer loop
      vertex 7.6716 7.79712 0
      vertex 7.10208 7.10208 1.5
      vertex 6.93489 7.2487 1.5
    endloop
  endfacet
  facet normal -0.565638 -0.645121 -0.513685
    outer loop
      vertex 7.10208 7.10208 1.5
      vertex 7.6716 7.79712 0
      vertex 7.73848 7.73848 0
    endloop
  endfacet
  facet normal 0.565702 0.645067 -0.513684
    outer loop
      vertex 4.1284 4.00288 0
      vertex 4.69792 4.69792 1.5
      vertex 4.86511 4.5513 1.5
    endloop
  endfacet
  facet normal 0.565638 0.645121 -0.513685
    outer loop
      vertex 4.69792 4.69792 1.5
      vertex 4.1284 4.00288 0
      vertex 4.06152 4.06152 0
    endloop
  endfacet
  facet normal 0.476677 -0.713376 -0.513686
    outer loop
      vertex 4.6 8.15167 0
      vertex 4.86511 7.2487 1.5
      vertex 4.52604 8.10225 0
    endloop
  endfacet
  facet normal 0.476668 -0.713381 -0.513688
    outer loop
      vertex 4.86511 7.2487 1.5
      vertex 4.6 8.15167 0
      vertex 5.05 7.37224 1.5
    endloop
  endfacet
  facet normal 0.275791 0.812443 -0.513688
    outer loop
      vertex 5.46001 4.25793 1.5
      vertex 5.22707 3.38859 0
      vertex 4.98925 3.46932 0
    endloop
  endfacet
  facet normal -0.275791 0.812443 -0.513688
    outer loop
      vertex 6.81075 3.46932 0
      vertex 6.57293 3.38859 0
      vertex 6.33999 4.25793 1.5
    endloop
  endfacet
  facet normal -0.476668 -0.713381 -0.513688
    outer loop
      vertex 7.2 8.15167 0
      vertex 6.93489 7.2487 1.5
      vertex 6.75 7.37224 1.5
    endloop
  endfacet
  facet normal -0.476677 -0.713376 -0.513686
    outer loop
      vertex 6.93489 7.2487 1.5
      vertex 7.2 8.15167 0
      vertex 7.27396 8.10225 0
    endloop
  endfacet
  facet normal 0.167448 -0.841484 -0.513679
    outer loop
      vertex 5.56063 8.47776 0
      vertex 5.46001 7.54207 1.5
      vertex 5.47339 8.4604 0
    endloop
  endfacet
  facet normal 0.16741 -0.841488 -0.513685
    outer loop
      vertex 5.46001 7.54207 1.5
      vertex 5.56063 8.47776 0
      vertex 5.67811 7.58546 1.5
    endloop
  endfacet
  facet normal 0.16741 0.841488 -0.513685
    outer loop
      vertex 5.56063 3.32224 0
      vertex 5.46001 4.25793 1.5
      vertex 5.67811 4.21454 1.5
    endloop
  endfacet
  facet normal 0.167448 0.841484 -0.513679
    outer loop
      vertex 5.46001 4.25793 1.5
      vertex 5.56063 3.32224 0
      vertex 5.47339 3.3396 0
    endloop
  endfacet
  facet normal -0.856148 -0.0560412 -0.513683
    outer loop
      vertex 8.48357 6.15061 0
      vertex 7.58546 6.12189 1.5
      vertex 8.47776 6.23937 0
    endloop
  endfacet
  facet normal -0.856144 -0.0561014 -0.513682
    outer loop
      vertex 7.58546 6.12189 1.5
      vertex 8.48357 6.15061 0
      vertex 7.6 5.9 1.5
    endloop
  endfacet
  facet normal 0.841496 0.167363 -0.513688
    outer loop
      vertex 4.25793 5.46001 1.5
      vertex 3.38859 5.22707 0
      vertex 3.3396 5.47339 0
    endloop
  endfacet
  facet normal 0.0561014 0.856144 -0.513682
    outer loop
      vertex 5.64939 3.31643 0
      vertex 5.67811 4.21454 1.5
      vertex 5.9 4.2 1.5
    endloop
  endfacet
  facet normal 0.0560412 0.856148 -0.513683
    outer loop
      vertex 5.67811 4.21454 1.5
      vertex 5.64939 3.31643 0
      vertex 5.56063 3.32224 0
    endloop
  endfacet
  facet normal 0.812443 0.275792 -0.513688
    outer loop
      vertex 4.32941 5.24944 1.5
      vertex 3.46932 4.98925 0
      vertex 4.25793 5.46001 1.5
    endloop
  endfacet
  facet normal 0.812451 0.275768 -0.513689
    outer loop
      vertex 3.46932 4.98925 0
      vertex 4.32941 5.24944 1.5
      vertex 3.49791 4.90502 0
    endloop
  endfacet
  facet normal 0.856144 0.0561014 -0.513682
    outer loop
      vertex 4.21454 5.67811 1.5
      vertex 3.31643 5.64939 0
      vertex 4.2 5.9 1.5
    endloop
  endfacet
  facet normal 0.856148 0.0560412 -0.513683
    outer loop
      vertex 3.31643 5.64939 0
      vertex 4.21454 5.67811 1.5
      vertex 3.32224 5.56063 0
    endloop
  endfacet
  facet normal -0.0560412 0.856148 -0.513683
    outer loop
      vertex 6.15061 3.31643 0
      vertex 6.12189 4.21454 1.5
      vertex 6.23937 3.32224 0
    endloop
  endfacet
  facet normal -0.0561014 0.856144 -0.513682
    outer loop
      vertex 6.12189 4.21454 1.5
      vertex 6.15061 3.31643 0
      vertex 5.9 4.2 1.5
    endloop
  endfacet
  facet normal 0.713381 0.476668 -0.513688
    outer loop
      vertex 4.5513 4.86511 1.5
      vertex 3.64833 4.6 0
      vertex 4.42776 5.05 1.5
    endloop
  endfacet
  facet normal 0.713376 0.476677 -0.513686
    outer loop
      vertex 3.64833 4.6 0
      vertex 4.5513 4.86511 1.5
      vertex 3.69775 4.52604 0
    endloop
  endfacet
  facet normal -0.476677 0.713376 -0.513686
    outer loop
      vertex 7.2 3.64833 0
      vertex 6.93489 4.5513 1.5
      vertex 7.27396 3.69775 0
    endloop
  endfacet
  facet normal -0.476668 0.713381 -0.513688
    outer loop
      vertex 6.93489 4.5513 1.5
      vertex 7.2 3.64833 0
      vertex 6.75 4.42776 1.5
    endloop
  endfacet
  facet normal 0.379449 -0.769509 -0.513687
    outer loop
      vertex 4.67978 8.19101 0
      vertex 5.05 7.37224 1.5
      vertex 4.6 8.15167 0
    endloop
  endfacet
  facet normal 0.379465 -0.769501 -0.513687
    outer loop
      vertex 5.05 7.37224 1.5
      vertex 4.67978 8.19101 0
      vertex 5.24944 7.47059 1.5
    endloop
  endfacet
  facet normal -0.980779 -0.195122 0
    outer loop
      vertex 7.58546 59.1219 1.5
      vertex 7.54207 59.34 2.4
      vertex 7.54207 59.34 1.5
    endloop
  endfacet
  facet normal -0.980779 -0.195122 0
    outer loop
      vertex 7.54207 59.34 2.4
      vertex 7.58546 59.1219 1.5
      vertex 7.58546 59.1219 2.4
    endloop
  endfacet
  facet normal -0.99786 -0.0653848 0
    outer loop
      vertex 7.6 58.9 1.5
      vertex 7.58546 59.1219 2.4
      vertex 7.58546 59.1219 1.5
    endloop
  endfacet
  facet normal -0.99786 -0.0653848 0
    outer loop
      vertex 7.58546 59.1219 2.4
      vertex 7.6 58.9 1.5
      vertex 7.6 58.9 2.4
    endloop
  endfacet
  facet normal -0.0652086 0.997872 0
    outer loop
      vertex 6.12189 57.2145 1.5
      vertex 5.9 57.2 2.4
      vertex 6.12189 57.2145 2.4
    endloop
  endfacet
  facet normal -0.0652086 0.997872 0
    outer loop
      vertex 5.9 57.2 2.4
      vertex 6.12189 57.2145 1.5
      vertex 5.9 57.2 1.5
    endloop
  endfacet
  facet normal 0.659291 -0.751888 0
    outer loop
      vertex 4.69792 60.1021 1.5
      vertex 4.86511 60.2487 2.4
      vertex 4.69792 60.1021 2.4
    endloop
  endfacet
  facet normal 0.659291 -0.751888 0
    outer loop
      vertex 4.86511 60.2487 2.4
      vertex 4.69792 60.1021 1.5
      vertex 4.86511 60.2487 1.5
    endloop
  endfacet
  facet normal 0.831483 0.555551 0
    outer loop
      vertex 4.5513 57.8651 2.4
      vertex 4.42776 58.05 1.5
      vertex 4.42776 58.05 2.4
    endloop
  endfacet
  facet normal 0.831483 0.555551 0
    outer loop
      vertex 4.42776 58.05 1.5
      vertex 4.5513 57.8651 2.4
      vertex 4.5513 57.8651 1.5
    endloop
  endfacet
  facet normal 0.195165 0.98077 -0
    outer loop
      vertex 5.67811 57.2145 1.5
      vertex 5.46001 57.2579 2.4
      vertex 5.67811 57.2145 2.4
    endloop
  endfacet
  facet normal 0.195165 0.98077 0
    outer loop
      vertex 5.46001 57.2579 2.4
      vertex 5.67811 57.2145 1.5
      vertex 5.46001 57.2579 1.5
    endloop
  endfacet
  facet normal -0.659291 -0.751888 0
    outer loop
      vertex 6.93489 60.2487 1.5
      vertex 7.10208 60.1021 2.4
      vertex 6.93489 60.2487 2.4
    endloop
  endfacet
  facet normal -0.659291 -0.751888 -0
    outer loop
      vertex 7.10208 60.1021 2.4
      vertex 6.93489 60.2487 1.5
      vertex 7.10208 60.1021 1.5
    endloop
  endfacet
  facet normal -0.946943 0.321403 0
    outer loop
      vertex 7.47059 58.2494 1.5
      vertex 7.54207 58.46 2.4
      vertex 7.54207 58.46 1.5
    endloop
  endfacet
  facet normal -0.946943 0.321403 0
    outer loop
      vertex 7.54207 58.46 2.4
      vertex 7.47059 58.2494 1.5
      vertex 7.47059 58.2494 2.4
    endloop
  endfacet
  facet normal -0.751863 0.659319 0
    outer loop
      vertex 7.10208 57.6979 1.5
      vertex 7.2487 57.8651 2.4
      vertex 7.2487 57.8651 1.5
    endloop
  endfacet
  facet normal -0.751863 0.659319 0
    outer loop
      vertex 7.2487 57.8651 2.4
      vertex 7.10208 57.6979 1.5
      vertex 7.10208 57.6979 2.4
    endloop
  endfacet
  facet normal -0.751863 -0.659319 0
    outer loop
      vertex 7.2487 59.9349 1.5
      vertex 7.10208 60.1021 2.4
      vertex 7.10208 60.1021 1.5
    endloop
  endfacet
  facet normal -0.751863 -0.659319 0
    outer loop
      vertex 7.10208 60.1021 2.4
      vertex 7.2487 59.9349 1.5
      vertex 7.2487 59.9349 2.4
    endloop
  endfacet
  facet normal 0.946943 0.321403 0
    outer loop
      vertex 4.32941 58.2494 2.4
      vertex 4.25793 58.46 1.5
      vertex 4.25793 58.46 2.4
    endloop
  endfacet
  facet normal 0.946943 0.321403 0
    outer loop
      vertex 4.25793 58.46 1.5
      vertex 4.32941 58.2494 2.4
      vertex 4.32941 58.2494 1.5
    endloop
  endfacet
  facet normal -0.321525 0.946901 0
    outer loop
      vertex 6.55056 57.3294 1.5
      vertex 6.33999 57.2579 2.4
      vertex 6.55056 57.3294 2.4
    endloop
  endfacet
  facet normal -0.321525 0.946901 0
    outer loop
      vertex 6.33999 57.2579 2.4
      vertex 6.55056 57.3294 1.5
      vertex 6.33999 57.2579 1.5
    endloop
  endfacet
  facet normal 0.0652086 0.997872 -0
    outer loop
      vertex 5.9 57.2 1.5
      vertex 5.67811 57.2145 2.4
      vertex 5.9 57.2 2.4
    endloop
  endfacet
  facet normal 0.0652086 0.997872 0
    outer loop
      vertex 5.67811 57.2145 2.4
      vertex 5.9 57.2 1.5
      vertex 5.67811 57.2145 1.5
    endloop
  endfacet
  facet normal 0.321525 -0.946901 0
    outer loop
      vertex 5.24944 60.4706 1.5
      vertex 5.46001 60.5421 2.4
      vertex 5.24944 60.4706 2.4
    endloop
  endfacet
  facet normal 0.321525 -0.946901 0
    outer loop
      vertex 5.46001 60.5421 2.4
      vertex 5.24944 60.4706 1.5
      vertex 5.46001 60.5421 1.5
    endloop
  endfacet
  facet normal -0.946943 -0.321403 0
    outer loop
      vertex 7.54207 59.34 1.5
      vertex 7.47059 59.5506 2.4
      vertex 7.47059 59.5506 1.5
    endloop
  endfacet
  facet normal -0.946943 -0.321403 0
    outer loop
      vertex 7.47059 59.5506 2.4
      vertex 7.54207 59.34 1.5
      vertex 7.54207 59.34 2.4
    endloop
  endfacet
  facet normal 0.751863 -0.659319 0
    outer loop
      vertex 4.5513 59.9349 2.4
      vertex 4.69792 60.1021 1.5
      vertex 4.69792 60.1021 2.4
    endloop
  endfacet
  facet normal 0.751863 -0.659319 0
    outer loop
      vertex 4.69792 60.1021 1.5
      vertex 4.5513 59.9349 2.4
      vertex 4.5513 59.9349 1.5
    endloop
  endfacet
  facet normal 0.442459 0.896789 -0
    outer loop
      vertex 5.24944 57.3294 1.5
      vertex 5.05 57.4278 2.4
      vertex 5.24944 57.3294 2.4
    endloop
  endfacet
  facet normal 0.442459 0.896789 0
    outer loop
      vertex 5.05 57.4278 2.4
      vertex 5.24944 57.3294 1.5
      vertex 5.05 57.4278 1.5
    endloop
  endfacet
  facet normal 0.0652086 -0.997872 0
    outer loop
      vertex 5.67811 60.5855 1.5
      vertex 5.9 60.6 2.4
      vertex 5.67811 60.5855 2.4
    endloop
  endfacet
  facet normal 0.0652086 -0.997872 0
    outer loop
      vertex 5.9 60.6 2.4
      vertex 5.67811 60.5855 1.5
      vertex 5.9 60.6 1.5
    endloop
  endfacet
  facet normal -0.896843 0.442349 0
    outer loop
      vertex 7.37224 58.05 1.5
      vertex 7.47059 58.2494 2.4
      vertex 7.47059 58.2494 1.5
    endloop
  endfacet
  facet normal -0.896843 0.442349 0
    outer loop
      vertex 7.47059 58.2494 2.4
      vertex 7.37224 58.05 1.5
      vertex 7.37224 58.05 2.4
    endloop
  endfacet
  facet normal -0.555447 0.831552 0
    outer loop
      vertex 6.93489 57.5513 1.5
      vertex 6.75 57.4278 2.4
      vertex 6.93489 57.5513 2.4
    endloop
  endfacet
  facet normal -0.555447 0.831552 0
    outer loop
      vertex 6.75 57.4278 2.4
      vertex 6.93489 57.5513 1.5
      vertex 6.75 57.4278 1.5
    endloop
  endfacet
  facet normal 0.980779 0.195122 0
    outer loop
      vertex 4.25793 58.46 2.4
      vertex 4.21454 58.6781 1.5
      vertex 4.21454 58.6781 2.4
    endloop
  endfacet
  facet normal 0.980779 0.195122 0
    outer loop
      vertex 4.21454 58.6781 1.5
      vertex 4.25793 58.46 2.4
      vertex 4.25793 58.46 1.5
    endloop
  endfacet
  facet normal -0.195165 -0.98077 0
    outer loop
      vertex 6.12189 60.5855 1.5
      vertex 6.33999 60.5421 2.4
      vertex 6.12189 60.5855 2.4
    endloop
  endfacet
  facet normal -0.195165 -0.98077 -0
    outer loop
      vertex 6.33999 60.5421 2.4
      vertex 6.12189 60.5855 1.5
      vertex 6.33999 60.5421 1.5
    endloop
  endfacet
  facet normal -0.831483 -0.555551 0
    outer loop
      vertex 7.37224 59.75 1.5
      vertex 7.2487 59.9349 2.4
      vertex 7.2487 59.9349 1.5
    endloop
  endfacet
  facet normal -0.831483 -0.555551 0
    outer loop
      vertex 7.2487 59.9349 2.4
      vertex 7.37224 59.75 1.5
      vertex 7.37224 59.75 2.4
    endloop
  endfacet
  facet normal -0.99786 0.0653848 0
    outer loop
      vertex 7.58546 58.6781 1.5
      vertex 7.6 58.9 2.4
      vertex 7.6 58.9 1.5
    endloop
  endfacet
  facet normal -0.99786 0.0653848 0
    outer loop
      vertex 7.6 58.9 2.4
      vertex 7.58546 58.6781 1.5
      vertex 7.58546 58.6781 2.4
    endloop
  endfacet
  facet normal -0.321525 -0.946901 0
    outer loop
      vertex 6.33999 60.5421 1.5
      vertex 6.55056 60.4706 2.4
      vertex 6.33999 60.5421 2.4
    endloop
  endfacet
  facet normal -0.321525 -0.946901 -0
    outer loop
      vertex 6.55056 60.4706 2.4
      vertex 6.33999 60.5421 1.5
      vertex 6.55056 60.4706 1.5
    endloop
  endfacet
  facet normal -0.555447 -0.831552 0
    outer loop
      vertex 6.75 60.3722 1.5
      vertex 6.93489 60.2487 2.4
      vertex 6.75 60.3722 2.4
    endloop
  endfacet
  facet normal -0.555447 -0.831552 -0
    outer loop
      vertex 6.93489 60.2487 2.4
      vertex 6.75 60.3722 1.5
      vertex 6.93489 60.2487 1.5
    endloop
  endfacet
  facet normal 0.195165 -0.98077 0
    outer loop
      vertex 5.46001 60.5421 1.5
      vertex 5.67811 60.5855 2.4
      vertex 5.46001 60.5421 2.4
    endloop
  endfacet
  facet normal 0.195165 -0.98077 0
    outer loop
      vertex 5.67811 60.5855 2.4
      vertex 5.46001 60.5421 1.5
      vertex 5.67811 60.5855 1.5
    endloop
  endfacet
  facet normal -0.659291 0.751888 0
    outer loop
      vertex 7.10208 57.6979 1.5
      vertex 6.93489 57.5513 2.4
      vertex 7.10208 57.6979 2.4
    endloop
  endfacet
  facet normal -0.659291 0.751888 0
    outer loop
      vertex 6.93489 57.5513 2.4
      vertex 7.10208 57.6979 1.5
      vertex 6.93489 57.5513 1.5
    endloop
  endfacet
  facet normal 0.896843 -0.442349 0
    outer loop
      vertex 4.32941 59.5506 2.4
      vertex 4.42776 59.75 1.5
      vertex 4.42776 59.75 2.4
    endloop
  endfacet
  facet normal 0.896843 -0.442349 0
    outer loop
      vertex 4.42776 59.75 1.5
      vertex 4.32941 59.5506 2.4
      vertex 4.32941 59.5506 1.5
    endloop
  endfacet
  facet normal -0.980779 0.195122 0
    outer loop
      vertex 7.54207 58.46 1.5
      vertex 7.58546 58.6781 2.4
      vertex 7.58546 58.6781 1.5
    endloop
  endfacet
  facet normal -0.980779 0.195122 0
    outer loop
      vertex 7.58546 58.6781 2.4
      vertex 7.54207 58.46 1.5
      vertex 7.54207 58.46 2.4
    endloop
  endfacet
  facet normal -0.195165 0.98077 0
    outer loop
      vertex 6.33999 57.2579 1.5
      vertex 6.12189 57.2145 2.4
      vertex 6.33999 57.2579 2.4
    endloop
  endfacet
  facet normal -0.195165 0.98077 0
    outer loop
      vertex 6.12189 57.2145 2.4
      vertex 6.33999 57.2579 1.5
      vertex 6.12189 57.2145 1.5
    endloop
  endfacet
  facet normal 0.659291 0.751888 -0
    outer loop
      vertex 4.86511 57.5513 1.5
      vertex 4.69792 57.6979 2.4
      vertex 4.86511 57.5513 2.4
    endloop
  endfacet
  facet normal 0.659291 0.751888 0
    outer loop
      vertex 4.69792 57.6979 2.4
      vertex 4.86511 57.5513 1.5
      vertex 4.69792 57.6979 1.5
    endloop
  endfacet
  facet normal 0.751863 0.659319 0
    outer loop
      vertex 4.69792 57.6979 2.4
      vertex 4.5513 57.8651 1.5
      vertex 4.5513 57.8651 2.4
    endloop
  endfacet
  facet normal 0.751863 0.659319 0
    outer loop
      vertex 4.5513 57.8651 1.5
      vertex 4.69792 57.6979 2.4
      vertex 4.69792 57.6979 1.5
    endloop
  endfacet
  facet normal -0.0652086 -0.997872 0
    outer loop
      vertex 5.9 60.6 1.5
      vertex 6.12189 60.5855 2.4
      vertex 5.9 60.6 2.4
    endloop
  endfacet
  facet normal -0.0652086 -0.997872 -0
    outer loop
      vertex 6.12189 60.5855 2.4
      vertex 5.9 60.6 1.5
      vertex 6.12189 60.5855 1.5
    endloop
  endfacet
  facet normal -0.442459 -0.896789 0
    outer loop
      vertex 6.55056 60.4706 1.5
      vertex 6.75 60.3722 2.4
      vertex 6.55056 60.4706 2.4
    endloop
  endfacet
  facet normal -0.442459 -0.896789 -0
    outer loop
      vertex 6.75 60.3722 2.4
      vertex 6.55056 60.4706 1.5
      vertex 6.75 60.3722 1.5
    endloop
  endfacet
  facet normal -0.831483 0.555551 0
    outer loop
      vertex 7.2487 57.8651 1.5
      vertex 7.37224 58.05 2.4
      vertex 7.37224 58.05 1.5
    endloop
  endfacet
  facet normal -0.831483 0.555551 0
    outer loop
      vertex 7.37224 58.05 2.4
      vertex 7.2487 57.8651 1.5
      vertex 7.2487 57.8651 2.4
    endloop
  endfacet
  facet normal 0.99786 0.0653848 0
    outer loop
      vertex 4.21454 58.6781 2.4
      vertex 4.2 58.9 1.5
      vertex 4.2 58.9 2.4
    endloop
  endfacet
  facet normal 0.99786 0.0653848 0
    outer loop
      vertex 4.2 58.9 1.5
      vertex 4.21454 58.6781 2.4
      vertex 4.21454 58.6781 1.5
    endloop
  endfacet
  facet normal -0.442459 0.896789 0
    outer loop
      vertex 6.75 57.4278 1.5
      vertex 6.55056 57.3294 2.4
      vertex 6.75 57.4278 2.4
    endloop
  endfacet
  facet normal -0.442459 0.896789 0
    outer loop
      vertex 6.55056 57.3294 2.4
      vertex 6.75 57.4278 1.5
      vertex 6.55056 57.3294 1.5
    endloop
  endfacet
  facet normal 0.980779 -0.195122 0
    outer loop
      vertex 4.21454 59.1219 2.4
      vertex 4.25793 59.34 1.5
      vertex 4.25793 59.34 2.4
    endloop
  endfacet
  facet normal 0.980779 -0.195122 0
    outer loop
      vertex 4.25793 59.34 1.5
      vertex 4.21454 59.1219 2.4
      vertex 4.21454 59.1219 1.5
    endloop
  endfacet
  facet normal 0.896843 0.442349 0
    outer loop
      vertex 4.42776 58.05 2.4
      vertex 4.32941 58.2494 1.5
      vertex 4.32941 58.2494 2.4
    endloop
  endfacet
  facet normal 0.896843 0.442349 0
    outer loop
      vertex 4.32941 58.2494 1.5
      vertex 4.42776 58.05 2.4
      vertex 4.42776 58.05 1.5
    endloop
  endfacet
  facet normal 0.946943 -0.321403 0
    outer loop
      vertex 4.25793 59.34 2.4
      vertex 4.32941 59.5506 1.5
      vertex 4.32941 59.5506 2.4
    endloop
  endfacet
  facet normal 0.946943 -0.321403 0
    outer loop
      vertex 4.32941 59.5506 1.5
      vertex 4.25793 59.34 2.4
      vertex 4.25793 59.34 1.5
    endloop
  endfacet
  facet normal 0.555447 -0.831552 0
    outer loop
      vertex 4.86511 60.2487 1.5
      vertex 5.05 60.3722 2.4
      vertex 4.86511 60.2487 2.4
    endloop
  endfacet
  facet normal 0.555447 -0.831552 0
    outer loop
      vertex 5.05 60.3722 2.4
      vertex 4.86511 60.2487 1.5
      vertex 5.05 60.3722 1.5
    endloop
  endfacet
  facet normal -0.896843 -0.442349 0
    outer loop
      vertex 7.47059 59.5506 1.5
      vertex 7.37224 59.75 2.4
      vertex 7.37224 59.75 1.5
    endloop
  endfacet
  facet normal -0.896843 -0.442349 0
    outer loop
      vertex 7.37224 59.75 2.4
      vertex 7.47059 59.5506 1.5
      vertex 7.47059 59.5506 2.4
    endloop
  endfacet
  facet normal 0.99786 -0.0653848 0
    outer loop
      vertex 4.2 58.9 2.4
      vertex 4.21454 59.1219 1.5
      vertex 4.21454 59.1219 2.4
    endloop
  endfacet
  facet normal 0.99786 -0.0653848 0
    outer loop
      vertex 4.21454 59.1219 1.5
      vertex 4.2 58.9 2.4
      vertex 4.2 58.9 1.5
    endloop
  endfacet
  facet normal 0.321525 0.946901 -0
    outer loop
      vertex 5.46001 57.2579 1.5
      vertex 5.24944 57.3294 2.4
      vertex 5.46001 57.2579 2.4
    endloop
  endfacet
  facet normal 0.321525 0.946901 0
    outer loop
      vertex 5.24944 57.3294 2.4
      vertex 5.46001 57.2579 1.5
      vertex 5.24944 57.3294 1.5
    endloop
  endfacet
  facet normal 0.442459 -0.896789 0
    outer loop
      vertex 5.05 60.3722 1.5
      vertex 5.24944 60.4706 2.4
      vertex 5.05 60.3722 2.4
    endloop
  endfacet
  facet normal 0.442459 -0.896789 0
    outer loop
      vertex 5.24944 60.4706 2.4
      vertex 5.05 60.3722 1.5
      vertex 5.24944 60.4706 1.5
    endloop
  endfacet
  facet normal 0.831483 -0.555551 0
    outer loop
      vertex 4.42776 59.75 2.4
      vertex 4.5513 59.9349 1.5
      vertex 4.5513 59.9349 2.4
    endloop
  endfacet
  facet normal 0.831483 -0.555551 0
    outer loop
      vertex 4.5513 59.9349 1.5
      vertex 4.42776 59.75 2.4
      vertex 4.42776 59.75 1.5
    endloop
  endfacet
  facet normal 0.555447 0.831552 -0
    outer loop
      vertex 5.05 57.4278 1.5
      vertex 4.86511 57.5513 2.4
      vertex 5.05 57.4278 2.4
    endloop
  endfacet
  facet normal 0.555447 0.831552 0
    outer loop
      vertex 4.86511 57.5513 2.4
      vertex 5.05 57.4278 1.5
      vertex 4.86511 57.5513 1.5
    endloop
  endfacet
  facet normal -0.856141 -0.0561309 -0.513685
    outer loop
      vertex 8.48357 59.1506 0
      vertex 8.5 58.9 0
      vertex 7.6 58.9 1.5
    endloop
  endfacet
  facet normal -0.645086 0.565685 -0.513678
    outer loop
      vertex 7.79712 57.1284 0
      vertex 7.10208 57.6979 1.5
      vertex 7.2487 57.8651 1.5
    endloop
  endfacet
  facet normal -0.645206 0.565544 -0.513681
    outer loop
      vertex 7.10208 57.6979 1.5
      vertex 7.79712 57.1284 0
      vertex 7.73848 57.0615 0
    endloop
  endfacet
  facet normal 0.645016 -0.565755 -0.513688
    outer loop
      vertex 4.00288 60.6716 0
      vertex 4.5513 59.9349 1.5
      vertex 3.83728 60.4828 0
    endloop
  endfacet
  facet normal -0.167398 -0.841498 -0.513672
    outer loop
      vertex 6.57293 61.4114 0
      vertex 6.33999 60.5421 1.5
      vertex 6.32661 61.4604 0
    endloop
  endfacet
  facet normal 0.769548 -0.379374 -0.513685
    outer loop
      vertex 4.42776 59.75 1.5
      vertex 3.60899 60.1202 0
      vertex 3.64833 60.2 0
    endloop
  endfacet
  facet normal 0.769474 -0.379527 -0.513682
    outer loop
      vertex 3.60899 60.1202 0
      vertex 4.42776 59.75 1.5
      vertex 4.32941 59.5506 1.5
    endloop
  endfacet
  facet normal 0.645086 0.565685 -0.513678
    outer loop
      vertex 4.69792 57.6979 1.5
      vertex 4.00288 57.1284 0
      vertex 4.5513 57.8651 1.5
    endloop
  endfacet
  facet normal 0.645206 0.565544 -0.513681
    outer loop
      vertex 4.00288 57.1284 0
      vertex 4.69792 57.6979 1.5
      vertex 4.06152 57.0615 0
    endloop
  endfacet
  facet normal 0.81244 -0.275813 -0.513682
    outer loop
      vertex 3.46932 59.8107 0
      vertex 4.25793 59.34 1.5
      vertex 3.38859 59.5729 0
    endloop
  endfacet
  facet normal -0.713358 -0.476699 -0.51369
    outer loop
      vertex 7.96272 60.4828 0
      vertex 8.10225 60.274 0
      vertex 7.2487 59.9349 1.5
    endloop
  endfacet
  facet normal 0.565423 -0.645316 -0.513676
    outer loop
      vertex 4.1284 60.7971 0
      vertex 4.69792 60.1021 1.5
      vertex 4.06152 60.7385 0
    endloop
  endfacet
  facet normal 0.565663 -0.64511 -0.513672
    outer loop
      vertex 4.69792 60.1021 1.5
      vertex 4.1284 60.7971 0
      vertex 4.86511 60.2487 1.5
    endloop
  endfacet
  facet normal -0.645016 0.565755 -0.513688
    outer loop
      vertex 7.96272 57.3172 0
      vertex 7.79712 57.1284 0
      vertex 7.2487 57.8651 1.5
    endloop
  endfacet
  facet normal 0.81244 0.275813 -0.513682
    outer loop
      vertex 4.25793 58.46 1.5
      vertex 3.46932 57.9893 0
      vertex 3.38859 58.2271 0
    endloop
  endfacet
  facet normal -0.713358 0.476699 -0.51369
    outer loop
      vertex 8.10225 57.526 0
      vertex 7.96272 57.3172 0
      vertex 7.2487 57.8651 1.5
    endloop
  endfacet
  facet normal 0.565725 0.645049 -0.51368
    outer loop
      vertex 4.86511 57.5513 1.5
      vertex 4.31722 56.8373 0
      vertex 4.1284 57.0029 0
    endloop
  endfacet
  facet normal -0.379135 0.769653 -0.513703
    outer loop
      vertex 7.12022 56.609 0
      vertex 6.75 57.4278 1.5
      vertex 7.2 56.6483 0
    endloop
  endfacet
  facet normal -0.379618 0.76942 -0.513696
    outer loop
      vertex 6.75 57.4278 1.5
      vertex 7.12022 56.609 0
      vertex 6.55056 57.3294 1.5
    endloop
  endfacet
  facet normal -0.476601 -0.713433 -0.513677
    outer loop
      vertex 7.27396 61.1022 0
      vertex 7.48278 60.9627 0
      vertex 6.93489 60.2487 1.5
    endloop
  endfacet
  facet normal 0.167398 -0.841498 -0.513672
    outer loop
      vertex 5.47339 61.4604 0
      vertex 5.46001 60.5421 1.5
      vertex 5.22707 61.4114 0
    endloop
  endfacet
  facet normal -0.841495 -0.167376 -0.513685
    outer loop
      vertex 8.41141 59.5729 0
      vertex 8.4604 59.3266 0
      vertex 7.54207 59.34 1.5
    endloop
  endfacet
  facet normal -0.0560265 -0.856146 -0.513688
    outer loop
      vertex 5.9 61.5 0
      vertex 6.15061 61.4836 0
      vertex 5.9 60.6 1.5
    endloop
  endfacet
  facet normal -0.769467 -0.37954 -0.513683
    outer loop
      vertex 8.19101 60.1202 0
      vertex 8.30209 59.895 0
      vertex 7.47059 59.5506 1.5
    endloop
  endfacet
  facet normal -0.476601 0.713433 -0.513677
    outer loop
      vertex 7.48278 56.8373 0
      vertex 7.27396 56.6978 0
      vertex 6.93489 57.5513 1.5
    endloop
  endfacet
  facet normal 0.856141 0.0561309 -0.513685
    outer loop
      vertex 4.2 58.9 1.5
      vertex 3.31643 58.6494 0
      vertex 3.3 58.9 0
    endloop
  endfacet
  facet normal -0.37954 -0.769464 -0.513687
    outer loop
      vertex 6.89498 61.3021 0
      vertex 7.12022 61.191 0
      vertex 6.55056 60.4706 1.5
    endloop
  endfacet
  facet normal -0.275701 -0.812482 -0.513675
    outer loop
      vertex 6.57293 61.4114 0
      vertex 6.81075 61.3307 0
      vertex 6.33999 60.5421 1.5
    endloop
  endfacet
  facet normal 0.841495 -0.167376 -0.513685
    outer loop
      vertex 3.38859 59.5729 0
      vertex 4.25793 59.34 1.5
      vertex 3.3396 59.3266 0
    endloop
  endfacet
  facet normal -0.769467 0.37954 -0.513683
    outer loop
      vertex 8.30209 57.905 0
      vertex 8.19101 57.6798 0
      vertex 7.47059 58.2494 1.5
    endloop
  endfacet
  facet normal 0.645206 -0.565544 -0.513681
    outer loop
      vertex 4.69792 60.1021 1.5
      vertex 4.00288 60.6716 0
      vertex 4.06152 60.7385 0
    endloop
  endfacet
  facet normal 0.645086 -0.565685 -0.513678
    outer loop
      vertex 4.00288 60.6716 0
      vertex 4.69792 60.1021 1.5
      vertex 4.5513 59.9349 1.5
    endloop
  endfacet
  facet normal -0.769548 -0.379374 -0.513685
    outer loop
      vertex 8.19101 60.1202 0
      vertex 7.37224 59.75 1.5
      vertex 8.15167 60.2 0
    endloop
  endfacet
  facet normal -0.769474 -0.379527 -0.513682
    outer loop
      vertex 7.37224 59.75 1.5
      vertex 8.19101 60.1202 0
      vertex 7.47059 59.5506 1.5
    endloop
  endfacet
  facet normal 0.476552 0.713439 -0.513716
    outer loop
      vertex 4.6 56.6483 0
      vertex 4.86511 57.5513 1.5
      vertex 5.05 57.4278 1.5
    endloop
  endfacet
  facet normal 0.477236 0.713058 -0.513608
    outer loop
      vertex 4.86511 57.5513 1.5
      vertex 4.6 56.6483 0
      vertex 4.52604 56.6978 0
    endloop
  endfacet
  facet normal 0.275701 -0.812482 -0.513675
    outer loop
      vertex 5.22707 61.4114 0
      vertex 5.46001 60.5421 1.5
      vertex 4.98925 61.3307 0
    endloop
  endfacet
  facet normal -0.713393 0.47665 -0.513688
    outer loop
      vertex 8.15167 57.6 0
      vertex 7.2487 57.8651 1.5
      vertex 7.37224 58.05 1.5
    endloop
  endfacet
  facet normal -0.713482 0.47649 -0.513713
    outer loop
      vertex 7.2487 57.8651 1.5
      vertex 8.15167 57.6 0
      vertex 8.10225 57.526 0
    endloop
  endfacet
  facet normal 0.841487 0.16741 -0.513686
    outer loop
      vertex 4.25793 58.46 1.5
      vertex 3.32224 58.5606 0
      vertex 4.21454 58.6781 1.5
    endloop
  endfacet
  facet normal 0.841474 0.167523 -0.513671
    outer loop
      vertex 3.32224 58.5606 0
      vertex 4.25793 58.46 1.5
      vertex 3.3396 58.4734 0
    endloop
  endfacet
  facet normal 0.713358 0.476699 -0.51369
    outer loop
      vertex 4.5513 57.8651 1.5
      vertex 3.83728 57.3172 0
      vertex 3.69775 57.526 0
    endloop
  endfacet
  facet normal -0.565725 0.645049 -0.51368
    outer loop
      vertex 7.6716 57.0029 0
      vertex 7.48278 56.8373 0
      vertex 6.93489 57.5513 1.5
    endloop
  endfacet
  facet normal 0.565725 -0.645049 -0.51368
    outer loop
      vertex 4.31722 60.9627 0
      vertex 4.86511 60.2487 1.5
      vertex 4.1284 60.7971 0
    endloop
  endfacet
  facet normal -0.645206 -0.565544 -0.513681
    outer loop
      vertex 7.79712 60.6716 0
      vertex 7.10208 60.1021 1.5
      vertex 7.73848 60.7385 0
    endloop
  endfacet
  facet normal -0.645086 -0.565685 -0.513678
    outer loop
      vertex 7.10208 60.1021 1.5
      vertex 7.79712 60.6716 0
      vertex 7.2487 59.9349 1.5
    endloop
  endfacet
  facet normal 0.645016 0.565755 -0.513688
    outer loop
      vertex 4.5513 57.8651 1.5
      vertex 4.00288 57.1284 0
      vertex 3.83728 57.3172 0
    endloop
  endfacet
  facet normal -0.856141 0.0561309 -0.513685
    outer loop
      vertex 8.5 58.9 0
      vertex 8.48357 58.6494 0
      vertex 7.6 58.9 1.5
    endloop
  endfacet
  facet normal 0.0560265 0.856146 -0.513688
    outer loop
      vertex 5.9 57.2 1.5
      vertex 5.9 56.3 0
      vertex 5.64939 56.3164 0
    endloop
  endfacet
  facet normal 0.856141 -0.0561309 -0.513685
    outer loop
      vertex 3.31643 59.1506 0
      vertex 4.2 58.9 1.5
      vertex 3.3 58.9 0
    endloop
  endfacet
  facet normal 0.167398 0.841498 -0.513672
    outer loop
      vertex 5.46001 57.2579 1.5
      vertex 5.47339 56.3396 0
      vertex 5.22707 56.3886 0
    endloop
  endfacet
  facet normal -0.167447 -0.841481 -0.513684
    outer loop
      vertex 6.23937 61.4778 0
      vertex 6.33999 60.5421 1.5
      vertex 6.12189 60.5855 1.5
    endloop
  endfacet
  facet normal -0.167825 -0.841438 -0.513631
    outer loop
      vertex 6.33999 60.5421 1.5
      vertex 6.23937 61.4778 0
      vertex 6.32661 61.4604 0
    endloop
  endfacet
  facet normal -0.275854 0.81242 -0.513691
    outer loop
      vertex 6.81075 56.4693 0
      vertex 6.55056 57.3294 1.5
      vertex 6.89498 56.4979 0
    endloop
  endfacet
  facet normal -0.27586 0.812418 -0.513691
    outer loop
      vertex 6.55056 57.3294 1.5
      vertex 6.81075 56.4693 0
      vertex 6.33999 57.2579 1.5
    endloop
  endfacet
  facet normal 0.841474 -0.167523 -0.513671
    outer loop
      vertex 4.25793 59.34 1.5
      vertex 3.32224 59.2394 0
      vertex 3.3396 59.3266 0
    endloop
  endfacet
  facet normal 0.841487 -0.16741 -0.513686
    outer loop
      vertex 3.32224 59.2394 0
      vertex 4.25793 59.34 1.5
      vertex 4.21454 59.1219 1.5
    endloop
  endfacet
  facet normal -0.81244 0.275813 -0.513682
    outer loop
      vertex 8.41141 58.2271 0
      vertex 8.33068 57.9893 0
      vertex 7.54207 58.46 1.5
    endloop
  endfacet
  facet normal 0.713358 -0.476699 -0.51369
    outer loop
      vertex 3.83728 60.4828 0
      vertex 4.5513 59.9349 1.5
      vertex 3.69775 60.274 0
    endloop
  endfacet
  facet normal -0.841495 0.167376 -0.513685
    outer loop
      vertex 8.4604 58.4734 0
      vertex 8.41141 58.2271 0
      vertex 7.54207 58.46 1.5
    endloop
  endfacet
  facet normal -0.812525 -0.275565 -0.51368
    outer loop
      vertex 8.33068 59.8107 0
      vertex 7.47059 59.5506 1.5
      vertex 8.30209 59.895 0
    endloop
  endfacet
  facet normal -0.812461 -0.275759 -0.513677
    outer loop
      vertex 7.47059 59.5506 1.5
      vertex 8.33068 59.8107 0
      vertex 7.54207 59.34 1.5
    endloop
  endfacet
  facet normal 0.769467 -0.37954 -0.513683
    outer loop
      vertex 3.60899 60.1202 0
      vertex 4.32941 59.5506 1.5
      vertex 3.49791 59.895 0
    endloop
  endfacet
  facet normal 0.769474 0.379527 -0.513682
    outer loop
      vertex 4.42776 58.05 1.5
      vertex 3.60899 57.6798 0
      vertex 4.32941 58.2494 1.5
    endloop
  endfacet
  facet normal 0.769548 0.379374 -0.513685
    outer loop
      vertex 3.60899 57.6798 0
      vertex 4.42776 58.05 1.5
      vertex 3.64833 57.6 0
    endloop
  endfacet
  facet normal 0.0560265 -0.856146 -0.513688
    outer loop
      vertex 5.9 61.5 0
      vertex 5.9 60.6 1.5
      vertex 5.64939 61.4836 0
    endloop
  endfacet
  facet normal -0.27586 -0.812418 -0.513691
    outer loop
      vertex 6.81075 61.3307 0
      vertex 6.55056 60.4706 1.5
      vertex 6.33999 60.5421 1.5
    endloop
  endfacet
  facet normal -0.275854 -0.81242 -0.513691
    outer loop
      vertex 6.55056 60.4706 1.5
      vertex 6.81075 61.3307 0
      vertex 6.89498 61.3021 0
    endloop
  endfacet
  facet normal 0.0559453 -0.856156 -0.51368
    outer loop
      vertex 5.64939 61.4836 0
      vertex 5.67811 60.5855 1.5
      vertex 5.56063 61.4778 0
    endloop
  endfacet
  facet normal 0.0559478 -0.856156 -0.51368
    outer loop
      vertex 5.67811 60.5855 1.5
      vertex 5.64939 61.4836 0
      vertex 5.9 60.6 1.5
    endloop
  endfacet
  facet normal -0.167825 0.841438 -0.513631
    outer loop
      vertex 6.23937 56.3222 0
      vertex 6.33999 57.2579 1.5
      vertex 6.32661 56.3396 0
    endloop
  endfacet
  facet normal -0.167447 0.841481 -0.513684
    outer loop
      vertex 6.33999 57.2579 1.5
      vertex 6.23937 56.3222 0
      vertex 6.12189 57.2145 1.5
    endloop
  endfacet
  facet normal 0.812525 -0.275565 -0.51368
    outer loop
      vertex 4.32941 59.5506 1.5
      vertex 3.46932 59.8107 0
      vertex 3.49791 59.895 0
    endloop
  endfacet
  facet normal 0.812461 -0.275759 -0.513677
    outer loop
      vertex 3.46932 59.8107 0
      vertex 4.32941 59.5506 1.5
      vertex 4.25793 59.34 1.5
    endloop
  endfacet
  facet normal -0.565725 -0.645049 -0.51368
    outer loop
      vertex 7.48278 60.9627 0
      vertex 7.6716 60.7971 0
      vertex 6.93489 60.2487 1.5
    endloop
  endfacet
  facet normal -0.645016 -0.565755 -0.513688
    outer loop
      vertex 7.79712 60.6716 0
      vertex 7.96272 60.4828 0
      vertex 7.2487 59.9349 1.5
    endloop
  endfacet
  facet normal -0.565423 0.645316 -0.513676
    outer loop
      vertex 7.6716 57.0029 0
      vertex 7.10208 57.6979 1.5
      vertex 7.73848 57.0615 0
    endloop
  endfacet
  facet normal -0.565663 0.64511 -0.513672
    outer loop
      vertex 7.10208 57.6979 1.5
      vertex 7.6716 57.0029 0
      vertex 6.93489 57.5513 1.5
    endloop
  endfacet
  facet normal 0.85615 -0.0560161 -0.513683
    outer loop
      vertex 4.21454 59.1219 1.5
      vertex 3.31643 59.1506 0
      vertex 3.32224 59.2394 0
    endloop
  endfacet
  facet normal 0.856145 -0.0560989 -0.513682
    outer loop
      vertex 3.31643 59.1506 0
      vertex 4.21454 59.1219 1.5
      vertex 4.2 58.9 1.5
    endloop
  endfacet
  facet normal 0.37954 0.769464 -0.513687
    outer loop
      vertex 5.24944 57.3294 1.5
      vertex 4.90502 56.4979 0
      vertex 4.67978 56.609 0
    endloop
  endfacet
  facet normal -0.769474 0.379527 -0.513682
    outer loop
      vertex 8.19101 57.6798 0
      vertex 7.37224 58.05 1.5
      vertex 7.47059 58.2494 1.5
    endloop
  endfacet
  facet normal -0.769548 0.379374 -0.513685
    outer loop
      vertex 7.37224 58.05 1.5
      vertex 8.19101 57.6798 0
      vertex 8.15167 57.6 0
    endloop
  endfacet
  facet normal -0.37954 0.769464 -0.513687
    outer loop
      vertex 7.12022 56.609 0
      vertex 6.89498 56.4979 0
      vertex 6.55056 57.3294 1.5
    endloop
  endfacet
  facet normal 0.379618 0.76942 -0.513696
    outer loop
      vertex 4.67978 56.609 0
      vertex 5.05 57.4278 1.5
      vertex 5.24944 57.3294 1.5
    endloop
  endfacet
  facet normal 0.379135 0.769653 -0.513703
    outer loop
      vertex 5.05 57.4278 1.5
      vertex 4.67978 56.609 0
      vertex 4.6 56.6483 0
    endloop
  endfacet
  facet normal -0.713482 -0.47649 -0.513713
    outer loop
      vertex 8.15167 60.2 0
      vertex 7.2487 59.9349 1.5
      vertex 8.10225 60.274 0
    endloop
  endfacet
  facet normal -0.713393 -0.47665 -0.513688
    outer loop
      vertex 7.2487 59.9349 1.5
      vertex 8.15167 60.2 0
      vertex 7.37224 59.75 1.5
    endloop
  endfacet
  facet normal -0.0560265 0.856146 -0.513688
    outer loop
      vertex 5.9 57.2 1.5
      vertex 6.15061 56.3164 0
      vertex 5.9 56.3 0
    endloop
  endfacet
  facet normal -0.841474 -0.167523 -0.513671
    outer loop
      vertex 8.47776 59.2394 0
      vertex 7.54207 59.34 1.5
      vertex 8.4604 59.3266 0
    endloop
  endfacet
  facet normal -0.841487 -0.16741 -0.513686
    outer loop
      vertex 7.54207 59.34 1.5
      vertex 8.47776 59.2394 0
      vertex 7.58546 59.1219 1.5
    endloop
  endfacet
  facet normal -0.81244 -0.275813 -0.513682
    outer loop
      vertex 8.33068 59.8107 0
      vertex 8.41141 59.5729 0
      vertex 7.54207 59.34 1.5
    endloop
  endfacet
  facet normal 0.275854 -0.81242 -0.513691
    outer loop
      vertex 4.98925 61.3307 0
      vertex 5.24944 60.4706 1.5
      vertex 4.90502 61.3021 0
    endloop
  endfacet
  facet normal 0.27586 -0.812418 -0.513691
    outer loop
      vertex 5.24944 60.4706 1.5
      vertex 4.98925 61.3307 0
      vertex 5.46001 60.5421 1.5
    endloop
  endfacet
  facet normal -0.379618 -0.76942 -0.513696
    outer loop
      vertex 7.12022 61.191 0
      vertex 6.75 60.3722 1.5
      vertex 6.55056 60.4706 1.5
    endloop
  endfacet
  facet normal -0.379135 -0.769653 -0.513703
    outer loop
      vertex 6.75 60.3722 1.5
      vertex 7.12022 61.191 0
      vertex 7.2 61.1517 0
    endloop
  endfacet
  facet normal -0.812461 0.275759 -0.513677
    outer loop
      vertex 8.33068 57.9893 0
      vertex 7.47059 58.2494 1.5
      vertex 7.54207 58.46 1.5
    endloop
  endfacet
  facet normal -0.812525 0.275565 -0.51368
    outer loop
      vertex 7.47059 58.2494 1.5
      vertex 8.33068 57.9893 0
      vertex 8.30209 57.905 0
    endloop
  endfacet
  facet normal 0.476601 0.713433 -0.513677
    outer loop
      vertex 4.86511 57.5513 1.5
      vertex 4.52604 56.6978 0
      vertex 4.31722 56.8373 0
    endloop
  endfacet
  facet normal -0.841474 0.167523 -0.513671
    outer loop
      vertex 7.54207 58.46 1.5
      vertex 8.47776 58.5606 0
      vertex 8.4604 58.4734 0
    endloop
  endfacet
  facet normal -0.841487 0.16741 -0.513686
    outer loop
      vertex 8.47776 58.5606 0
      vertex 7.54207 58.46 1.5
      vertex 7.58546 58.6781 1.5
    endloop
  endfacet
  facet normal -0.856145 0.0560989 -0.513682
    outer loop
      vertex 8.48357 58.6494 0
      vertex 7.58546 58.6781 1.5
      vertex 7.6 58.9 1.5
    endloop
  endfacet
  facet normal -0.85615 0.0560161 -0.513683
    outer loop
      vertex 7.58546 58.6781 1.5
      vertex 8.48357 58.6494 0
      vertex 8.47776 58.5606 0
    endloop
  endfacet
  facet normal 0.27586 0.812418 -0.513691
    outer loop
      vertex 4.98925 56.4693 0
      vertex 5.24944 57.3294 1.5
      vertex 5.46001 57.2579 1.5
    endloop
  endfacet
  facet normal 0.275854 0.81242 -0.513691
    outer loop
      vertex 5.24944 57.3294 1.5
      vertex 4.98925 56.4693 0
      vertex 4.90502 56.4979 0
    endloop
  endfacet
  facet normal -0.167398 0.841498 -0.513672
    outer loop
      vertex 6.33999 57.2579 1.5
      vertex 6.57293 56.3886 0
      vertex 6.32661 56.3396 0
    endloop
  endfacet
  facet normal 0.713482 -0.47649 -0.513713
    outer loop
      vertex 4.5513 59.9349 1.5
      vertex 3.64833 60.2 0
      vertex 3.69775 60.274 0
    endloop
  endfacet
  facet normal 0.713393 -0.47665 -0.513688
    outer loop
      vertex 3.64833 60.2 0
      vertex 4.5513 59.9349 1.5
      vertex 4.42776 59.75 1.5
    endloop
  endfacet
  facet normal -0.0559478 -0.856156 -0.51368
    outer loop
      vertex 6.15061 61.4836 0
      vertex 6.12189 60.5855 1.5
      vertex 5.9 60.6 1.5
    endloop
  endfacet
  facet normal -0.0559453 -0.856156 -0.51368
    outer loop
      vertex 6.12189 60.5855 1.5
      vertex 6.15061 61.4836 0
      vertex 6.23937 61.4778 0
    endloop
  endfacet
  facet normal 0.476601 -0.713433 -0.513677
    outer loop
      vertex 4.52604 61.1022 0
      vertex 4.86511 60.2487 1.5
      vertex 4.31722 60.9627 0
    endloop
  endfacet
  facet normal 0.37954 -0.769464 -0.513687
    outer loop
      vertex 4.90502 61.3021 0
      vertex 5.24944 60.4706 1.5
      vertex 4.67978 61.191 0
    endloop
  endfacet
  facet normal 0.769467 0.37954 -0.513683
    outer loop
      vertex 4.32941 58.2494 1.5
      vertex 3.60899 57.6798 0
      vertex 3.49791 57.905 0
    endloop
  endfacet
  facet normal -0.565663 -0.64511 -0.513672
    outer loop
      vertex 7.6716 60.7971 0
      vertex 7.10208 60.1021 1.5
      vertex 6.93489 60.2487 1.5
    endloop
  endfacet
  facet normal -0.565423 -0.645316 -0.513676
    outer loop
      vertex 7.10208 60.1021 1.5
      vertex 7.6716 60.7971 0
      vertex 7.73848 60.7385 0
    endloop
  endfacet
  facet normal 0.565663 0.64511 -0.513672
    outer loop
      vertex 4.1284 57.0029 0
      vertex 4.69792 57.6979 1.5
      vertex 4.86511 57.5513 1.5
    endloop
  endfacet
  facet normal 0.565423 0.645316 -0.513676
    outer loop
      vertex 4.69792 57.6979 1.5
      vertex 4.1284 57.0029 0
      vertex 4.06152 57.0615 0
    endloop
  endfacet
  facet normal 0.477236 -0.713058 -0.513608
    outer loop
      vertex 4.6 61.1517 0
      vertex 4.86511 60.2487 1.5
      vertex 4.52604 61.1022 0
    endloop
  endfacet
  facet normal 0.476552 -0.713439 -0.513716
    outer loop
      vertex 4.86511 60.2487 1.5
      vertex 4.6 61.1517 0
      vertex 5.05 60.3722 1.5
    endloop
  endfacet
  facet normal 0.275701 0.812482 -0.513675
    outer loop
      vertex 5.46001 57.2579 1.5
      vertex 5.22707 56.3886 0
      vertex 4.98925 56.4693 0
    endloop
  endfacet
  facet normal -0.275701 0.812482 -0.513675
    outer loop
      vertex 6.81075 56.4693 0
      vertex 6.57293 56.3886 0
      vertex 6.33999 57.2579 1.5
    endloop
  endfacet
  facet normal -0.476552 -0.713439 -0.513716
    outer loop
      vertex 7.2 61.1517 0
      vertex 6.93489 60.2487 1.5
      vertex 6.75 60.3722 1.5
    endloop
  endfacet
  facet normal -0.477236 -0.713058 -0.513608
    outer loop
      vertex 6.93489 60.2487 1.5
      vertex 7.2 61.1517 0
      vertex 7.27396 61.1022 0
    endloop
  endfacet
  facet normal 0.167825 -0.841438 -0.513631
    outer loop
      vertex 5.56063 61.4778 0
      vertex 5.46001 60.5421 1.5
      vertex 5.47339 61.4604 0
    endloop
  endfacet
  facet normal 0.167447 -0.841481 -0.513684
    outer loop
      vertex 5.46001 60.5421 1.5
      vertex 5.56063 61.4778 0
      vertex 5.67811 60.5855 1.5
    endloop
  endfacet
  facet normal 0.167447 0.841481 -0.513684
    outer loop
      vertex 5.56063 56.3222 0
      vertex 5.46001 57.2579 1.5
      vertex 5.67811 57.2145 1.5
    endloop
  endfacet
  facet normal 0.167825 0.841438 -0.513631
    outer loop
      vertex 5.46001 57.2579 1.5
      vertex 5.56063 56.3222 0
      vertex 5.47339 56.3396 0
    endloop
  endfacet
  facet normal -0.85615 -0.0560161 -0.513683
    outer loop
      vertex 8.48357 59.1506 0
      vertex 7.58546 59.1219 1.5
      vertex 8.47776 59.2394 0
    endloop
  endfacet
  facet normal -0.856145 -0.0560989 -0.513682
    outer loop
      vertex 7.58546 59.1219 1.5
      vertex 8.48357 59.1506 0
      vertex 7.6 58.9 1.5
    endloop
  endfacet
  facet normal 0.841495 0.167376 -0.513685
    outer loop
      vertex 4.25793 58.46 1.5
      vertex 3.38859 58.2271 0
      vertex 3.3396 58.4734 0
    endloop
  endfacet
  facet normal 0.0559478 0.856156 -0.51368
    outer loop
      vertex 5.64939 56.3164 0
      vertex 5.67811 57.2145 1.5
      vertex 5.9 57.2 1.5
    endloop
  endfacet
  facet normal 0.0559453 0.856156 -0.51368
    outer loop
      vertex 5.67811 57.2145 1.5
      vertex 5.64939 56.3164 0
      vertex 5.56063 56.3222 0
    endloop
  endfacet
  facet normal 0.812461 0.275759 -0.513677
    outer loop
      vertex 4.32941 58.2494 1.5
      vertex 3.46932 57.9893 0
      vertex 4.25793 58.46 1.5
    endloop
  endfacet
  facet normal 0.812525 0.275565 -0.51368
    outer loop
      vertex 3.46932 57.9893 0
      vertex 4.32941 58.2494 1.5
      vertex 3.49791 57.905 0
    endloop
  endfacet
  facet normal 0.856145 0.0560989 -0.513682
    outer loop
      vertex 4.21454 58.6781 1.5
      vertex 3.31643 58.6494 0
      vertex 4.2 58.9 1.5
    endloop
  endfacet
  facet normal 0.85615 0.0560161 -0.513683
    outer loop
      vertex 3.31643 58.6494 0
      vertex 4.21454 58.6781 1.5
      vertex 3.32224 58.5606 0
    endloop
  endfacet
  facet normal -0.0559453 0.856156 -0.51368
    outer loop
      vertex 6.15061 56.3164 0
      vertex 6.12189 57.2145 1.5
      vertex 6.23937 56.3222 0
    endloop
  endfacet
  facet normal -0.0559478 0.856156 -0.51368
    outer loop
      vertex 6.12189 57.2145 1.5
      vertex 6.15061 56.3164 0
      vertex 5.9 57.2 1.5
    endloop
  endfacet
  facet normal 0.713393 0.47665 -0.513688
    outer loop
      vertex 4.5513 57.8651 1.5
      vertex 3.64833 57.6 0
      vertex 4.42776 58.05 1.5
    endloop
  endfacet
  facet normal 0.713482 0.47649 -0.513713
    outer loop
      vertex 3.64833 57.6 0
      vertex 4.5513 57.8651 1.5
      vertex 3.69775 57.526 0
    endloop
  endfacet
  facet normal -0.477236 0.713058 -0.513608
    outer loop
      vertex 7.2 56.6483 0
      vertex 6.93489 57.5513 1.5
      vertex 7.27396 56.6978 0
    endloop
  endfacet
  facet normal -0.476552 0.713439 -0.513716
    outer loop
      vertex 6.93489 57.5513 1.5
      vertex 7.2 56.6483 0
      vertex 6.75 57.4278 1.5
    endloop
  endfacet
  facet normal 0.379135 -0.769653 -0.513703
    outer loop
      vertex 4.67978 61.191 0
      vertex 5.05 60.3722 1.5
      vertex 4.6 61.1517 0
    endloop
  endfacet
  facet normal 0.379618 -0.76942 -0.513696
    outer loop
      vertex 5.05 60.3722 1.5
      vertex 4.67978 61.191 0
      vertex 5.24944 60.4706 1.5
    endloop
  endfacet
  facet normal -0.981113 -0.193434 0
    outer loop
      vertex 212.985 6.12189 1.5
      vertex 212.942 6.33999 2.4
      vertex 212.942 6.33999 1.5
    endloop
  endfacet
  facet normal -0.981113 -0.193434 0
    outer loop
      vertex 212.942 6.33999 2.4
      vertex 212.985 6.12189 1.5
      vertex 212.985 6.12189 2.4
    endloop
  endfacet
  facet normal -0.997723 -0.0674471 0
    outer loop
      vertex 213 5.9 1.5
      vertex 212.985 6.12189 2.4
      vertex 212.985 6.12189 1.5
    endloop
  endfacet
  facet normal -0.997723 -0.0674471 0
    outer loop
      vertex 212.985 6.12189 2.4
      vertex 213 5.9 1.5
      vertex 213 5.9 2.4
    endloop
  endfacet
  facet normal -0.0653555 0.997862 0
    outer loop
      vertex 211.522 4.21454 1.5
      vertex 211.3 4.2 2.4
      vertex 211.522 4.21454 2.4
    endloop
  endfacet
  facet normal -0.0653555 0.997862 0
    outer loop
      vertex 211.3 4.2 2.4
      vertex 211.522 4.21454 1.5
      vertex 211.3 4.2 1.5
    endloop
  endfacet
  facet normal 0.659765 -0.751472 0
    outer loop
      vertex 210.098 7.10208 1.5
      vertex 210.265 7.2487 2.4
      vertex 210.098 7.10208 2.4
    endloop
  endfacet
  facet normal 0.659765 -0.751472 0
    outer loop
      vertex 210.265 7.2487 2.4
      vertex 210.098 7.10208 1.5
      vertex 210.265 7.2487 1.5
    endloop
  endfacet
  facet normal 0.83259 0.553889 0
    outer loop
      vertex 209.951 4.86511 2.4
      vertex 209.828 5.05 1.5
      vertex 209.828 5.05 2.4
    endloop
  endfacet
  facet normal 0.83259 0.553889 0
    outer loop
      vertex 209.828 5.05 1.5
      vertex 209.951 4.86511 2.4
      vertex 209.951 4.86511 1.5
    endloop
  endfacet
  facet normal 0.195208 0.980762 -0
    outer loop
      vertex 211.078 4.21454 1.5
      vertex 210.86 4.25793 2.4
      vertex 211.078 4.21454 2.4
    endloop
  endfacet
  facet normal 0.195208 0.980762 0
    outer loop
      vertex 210.86 4.25793 2.4
      vertex 211.078 4.21454 1.5
      vertex 210.86 4.25793 1.5
    endloop
  endfacet
  facet normal -0.659765 -0.751472 0
    outer loop
      vertex 212.335 7.2487 1.5
      vertex 212.502 7.10208 2.4
      vertex 212.335 7.2487 2.4
    endloop
  endfacet
  facet normal -0.659765 -0.751472 -0
    outer loop
      vertex 212.502 7.10208 2.4
      vertex 212.335 7.2487 1.5
      vertex 212.502 7.10208 1.5
    endloop
  endfacet
  facet normal -0.947584 0.319506 0
    outer loop
      vertex 212.871 5.24944 1.5
      vertex 212.942 5.46001 2.4
      vertex 212.942 5.46001 1.5
    endloop
  endfacet
  facet normal -0.947584 0.319506 0
    outer loop
      vertex 212.942 5.46001 2.4
      vertex 212.871 5.24944 1.5
      vertex 212.871 5.24944 2.4
    endloop
  endfacet
  facet normal -0.750997 0.660306 0
    outer loop
      vertex 212.502 4.69792 1.5
      vertex 212.649 4.86511 2.4
      vertex 212.649 4.86511 1.5
    endloop
  endfacet
  facet normal -0.750997 0.660306 0
    outer loop
      vertex 212.649 4.86511 2.4
      vertex 212.502 4.69792 1.5
      vertex 212.502 4.69792 2.4
    endloop
  endfacet
  facet normal -0.750997 -0.660306 0
    outer loop
      vertex 212.649 6.93489 1.5
      vertex 212.502 7.10208 2.4
      vertex 212.502 7.10208 1.5
    endloop
  endfacet
  facet normal -0.750997 -0.660306 0
    outer loop
      vertex 212.502 7.10208 2.4
      vertex 212.649 6.93489 1.5
      vertex 212.649 6.93489 2.4
    endloop
  endfacet
  facet normal 0.947584 0.319506 0
    outer loop
      vertex 209.729 5.24944 2.4
      vertex 209.658 5.46001 1.5
      vertex 209.658 5.46001 2.4
    endloop
  endfacet
  facet normal 0.947584 0.319506 0
    outer loop
      vertex 209.658 5.46001 1.5
      vertex 209.729 5.24944 2.4
      vertex 209.729 5.24944 1.5
    endloop
  endfacet
  facet normal -0.320856 0.947128 0
    outer loop
      vertex 211.951 4.32941 1.5
      vertex 211.74 4.25793 2.4
      vertex 211.951 4.32941 2.4
    endloop
  endfacet
  facet normal -0.320856 0.947128 0
    outer loop
      vertex 211.74 4.25793 2.4
      vertex 211.951 4.32941 1.5
      vertex 211.74 4.25793 1.5
    endloop
  endfacet
  facet normal 0.0653555 0.997862 -0
    outer loop
      vertex 211.3 4.2 1.5
      vertex 211.078 4.21454 2.4
      vertex 211.3 4.2 2.4
    endloop
  endfacet
  facet normal 0.0653555 0.997862 0
    outer loop
      vertex 211.078 4.21454 2.4
      vertex 211.3 4.2 1.5
      vertex 211.078 4.21454 1.5
    endloop
  endfacet
  facet normal 0.320856 -0.947128 0
    outer loop
      vertex 210.649 7.47059 1.5
      vertex 210.86 7.54207 2.4
      vertex 210.649 7.47059 2.4
    endloop
  endfacet
  facet normal 0.320856 -0.947128 0
    outer loop
      vertex 210.86 7.54207 2.4
      vertex 210.649 7.47059 1.5
      vertex 210.86 7.54207 1.5
    endloop
  endfacet
  facet normal -0.947584 -0.319506 0
    outer loop
      vertex 212.942 6.33999 1.5
      vertex 212.871 6.55056 2.4
      vertex 212.871 6.55056 1.5
    endloop
  endfacet
  facet normal -0.947584 -0.319506 0
    outer loop
      vertex 212.871 6.55056 2.4
      vertex 212.942 6.33999 1.5
      vertex 212.942 6.33999 2.4
    endloop
  endfacet
  facet normal 0.750997 -0.660306 0
    outer loop
      vertex 209.951 6.93489 2.4
      vertex 210.098 7.10208 1.5
      vertex 210.098 7.10208 2.4
    endloop
  endfacet
  facet normal 0.750997 -0.660306 0
    outer loop
      vertex 210.098 7.10208 1.5
      vertex 209.951 6.93489 2.4
      vertex 209.951 6.93489 1.5
    endloop
  endfacet
  facet normal 0.443064 0.89649 -0
    outer loop
      vertex 210.649 4.32941 1.5
      vertex 210.45 4.42776 2.4
      vertex 210.649 4.32941 2.4
    endloop
  endfacet
  facet normal 0.443064 0.89649 0
    outer loop
      vertex 210.45 4.42776 2.4
      vertex 210.649 4.32941 1.5
      vertex 210.45 4.42776 1.5
    endloop
  endfacet
  facet normal 0.0653555 -0.997862 0
    outer loop
      vertex 211.078 7.58546 1.5
      vertex 211.3 7.6 2.4
      vertex 211.078 7.58546 2.4
    endloop
  endfacet
  facet normal 0.0653555 -0.997862 0
    outer loop
      vertex 211.3 7.6 2.4
      vertex 211.078 7.58546 1.5
      vertex 211.3 7.6 1.5
    endloop
  endfacet
  facet normal -0.895717 0.444625 0
    outer loop
      vertex 212.772 5.05 1.5
      vertex 212.871 5.24944 2.4
      vertex 212.871 5.24944 1.5
    endloop
  endfacet
  facet normal -0.895717 0.444625 0
    outer loop
      vertex 212.871 5.24944 2.4
      vertex 212.772 5.05 1.5
      vertex 212.772 5.05 2.4
    endloop
  endfacet
  facet normal -0.555343 0.831621 0
    outer loop
      vertex 212.335 4.5513 1.5
      vertex 212.15 4.42776 2.4
      vertex 212.335 4.5513 2.4
    endloop
  endfacet
  facet normal -0.555343 0.831621 0
    outer loop
      vertex 212.15 4.42776 2.4
      vertex 212.335 4.5513 1.5
      vertex 212.15 4.42776 1.5
    endloop
  endfacet
  facet normal 0.981113 0.193434 0
    outer loop
      vertex 209.658 5.46001 2.4
      vertex 209.615 5.67811 1.5
      vertex 209.615 5.67811 2.4
    endloop
  endfacet
  facet normal 0.981113 0.193434 0
    outer loop
      vertex 209.615 5.67811 1.5
      vertex 209.658 5.46001 2.4
      vertex 209.658 5.46001 1.5
    endloop
  endfacet
  facet normal -0.195208 -0.980762 0
    outer loop
      vertex 211.522 7.58546 1.5
      vertex 211.74 7.54207 2.4
      vertex 211.522 7.58546 2.4
    endloop
  endfacet
  facet normal -0.195208 -0.980762 -0
    outer loop
      vertex 211.74 7.54207 2.4
      vertex 211.522 7.58546 1.5
      vertex 211.74 7.54207 1.5
    endloop
  endfacet
  facet normal -0.83259 -0.553889 0
    outer loop
      vertex 212.772 6.75 1.5
      vertex 212.649 6.93489 2.4
      vertex 212.649 6.93489 1.5
    endloop
  endfacet
  facet normal -0.83259 -0.553889 0
    outer loop
      vertex 212.649 6.93489 2.4
      vertex 212.772 6.75 1.5
      vertex 212.772 6.75 2.4
    endloop
  endfacet
  facet normal -0.997723 0.0674471 0
    outer loop
      vertex 212.985 5.67811 1.5
      vertex 213 5.9 2.4
      vertex 213 5.9 1.5
    endloop
  endfacet
  facet normal -0.997723 0.0674471 0
    outer loop
      vertex 213 5.9 2.4
      vertex 212.985 5.67811 1.5
      vertex 212.985 5.67811 2.4
    endloop
  endfacet
  facet normal -0.320856 -0.947128 0
    outer loop
      vertex 211.74 7.54207 1.5
      vertex 211.951 7.47059 2.4
      vertex 211.74 7.54207 2.4
    endloop
  endfacet
  facet normal -0.320856 -0.947128 -0
    outer loop
      vertex 211.951 7.47059 2.4
      vertex 211.74 7.54207 1.5
      vertex 211.951 7.47059 1.5
    endloop
  endfacet
  facet normal -0.555343 -0.831621 0
    outer loop
      vertex 212.15 7.37224 1.5
      vertex 212.335 7.2487 2.4
      vertex 212.15 7.37224 2.4
    endloop
  endfacet
  facet normal -0.555343 -0.831621 -0
    outer loop
      vertex 212.335 7.2487 2.4
      vertex 212.15 7.37224 1.5
      vertex 212.335 7.2487 1.5
    endloop
  endfacet
  facet normal 0.195208 -0.980762 0
    outer loop
      vertex 210.86 7.54207 1.5
      vertex 211.078 7.58546 2.4
      vertex 210.86 7.54207 2.4
    endloop
  endfacet
  facet normal 0.195208 -0.980762 0
    outer loop
      vertex 211.078 7.58546 2.4
      vertex 210.86 7.54207 1.5
      vertex 211.078 7.58546 1.5
    endloop
  endfacet
  facet normal -0.659765 0.751472 0
    outer loop
      vertex 212.502 4.69792 1.5
      vertex 212.335 4.5513 2.4
      vertex 212.502 4.69792 2.4
    endloop
  endfacet
  facet normal -0.659765 0.751472 0
    outer loop
      vertex 212.335 4.5513 2.4
      vertex 212.502 4.69792 1.5
      vertex 212.335 4.5513 1.5
    endloop
  endfacet
  facet normal 0.895717 -0.444625 0
    outer loop
      vertex 209.729 6.55056 2.4
      vertex 209.828 6.75 1.5
      vertex 209.828 6.75 2.4
    endloop
  endfacet
  facet normal 0.895717 -0.444625 0
    outer loop
      vertex 209.828 6.75 1.5
      vertex 209.729 6.55056 2.4
      vertex 209.729 6.55056 1.5
    endloop
  endfacet
  facet normal -0.981113 0.193434 0
    outer loop
      vertex 212.942 5.46001 1.5
      vertex 212.985 5.67811 2.4
      vertex 212.985 5.67811 1.5
    endloop
  endfacet
  facet normal -0.981113 0.193434 0
    outer loop
      vertex 212.985 5.67811 2.4
      vertex 212.942 5.46001 1.5
      vertex 212.942 5.46001 2.4
    endloop
  endfacet
  facet normal -0.195208 0.980762 0
    outer loop
      vertex 211.74 4.25793 1.5
      vertex 211.522 4.21454 2.4
      vertex 211.74 4.25793 2.4
    endloop
  endfacet
  facet normal -0.195208 0.980762 0
    outer loop
      vertex 211.522 4.21454 2.4
      vertex 211.74 4.25793 1.5
      vertex 211.522 4.21454 1.5
    endloop
  endfacet
  facet normal 0.659765 0.751472 -0
    outer loop
      vertex 210.265 4.5513 1.5
      vertex 210.098 4.69792 2.4
      vertex 210.265 4.5513 2.4
    endloop
  endfacet
  facet normal 0.659765 0.751472 0
    outer loop
      vertex 210.098 4.69792 2.4
      vertex 210.265 4.5513 1.5
      vertex 210.098 4.69792 1.5
    endloop
  endfacet
  facet normal 0.750997 0.660306 0
    outer loop
      vertex 210.098 4.69792 2.4
      vertex 209.951 4.86511 1.5
      vertex 209.951 4.86511 2.4
    endloop
  endfacet
  facet normal 0.750997 0.660306 0
    outer loop
      vertex 209.951 4.86511 1.5
      vertex 210.098 4.69792 2.4
      vertex 210.098 4.69792 1.5
    endloop
  endfacet
  facet normal -0.0653555 -0.997862 0
    outer loop
      vertex 211.3 7.6 1.5
      vertex 211.522 7.58546 2.4
      vertex 211.3 7.6 2.4
    endloop
  endfacet
  facet normal -0.0653555 -0.997862 -0
    outer loop
      vertex 211.522 7.58546 2.4
      vertex 211.3 7.6 1.5
      vertex 211.522 7.58546 1.5
    endloop
  endfacet
  facet normal -0.443064 -0.89649 0
    outer loop
      vertex 211.951 7.47059 1.5
      vertex 212.15 7.37224 2.4
      vertex 211.951 7.47059 2.4
    endloop
  endfacet
  facet normal -0.443064 -0.89649 -0
    outer loop
      vertex 212.15 7.37224 2.4
      vertex 211.951 7.47059 1.5
      vertex 212.15 7.37224 1.5
    endloop
  endfacet
  facet normal -0.83259 0.553889 0
    outer loop
      vertex 212.649 4.86511 1.5
      vertex 212.772 5.05 2.4
      vertex 212.772 5.05 1.5
    endloop
  endfacet
  facet normal -0.83259 0.553889 0
    outer loop
      vertex 212.772 5.05 2.4
      vertex 212.649 4.86511 1.5
      vertex 212.649 4.86511 2.4
    endloop
  endfacet
  facet normal 0.997723 0.0674471 0
    outer loop
      vertex 209.615 5.67811 2.4
      vertex 209.6 5.9 1.5
      vertex 209.6 5.9 2.4
    endloop
  endfacet
  facet normal 0.997723 0.0674471 0
    outer loop
      vertex 209.6 5.9 1.5
      vertex 209.615 5.67811 2.4
      vertex 209.615 5.67811 1.5
    endloop
  endfacet
  facet normal -0.443064 0.89649 0
    outer loop
      vertex 212.15 4.42776 1.5
      vertex 211.951 4.32941 2.4
      vertex 212.15 4.42776 2.4
    endloop
  endfacet
  facet normal -0.443064 0.89649 0
    outer loop
      vertex 211.951 4.32941 2.4
      vertex 212.15 4.42776 1.5
      vertex 211.951 4.32941 1.5
    endloop
  endfacet
  facet normal 0.981113 -0.193434 0
    outer loop
      vertex 209.615 6.12189 2.4
      vertex 209.658 6.33999 1.5
      vertex 209.658 6.33999 2.4
    endloop
  endfacet
  facet normal 0.981113 -0.193434 0
    outer loop
      vertex 209.658 6.33999 1.5
      vertex 209.615 6.12189 2.4
      vertex 209.615 6.12189 1.5
    endloop
  endfacet
  facet normal 0.895717 0.444625 0
    outer loop
      vertex 209.828 5.05 2.4
      vertex 209.729 5.24944 1.5
      vertex 209.729 5.24944 2.4
    endloop
  endfacet
  facet normal 0.895717 0.444625 0
    outer loop
      vertex 209.729 5.24944 1.5
      vertex 209.828 5.05 2.4
      vertex 209.828 5.05 1.5
    endloop
  endfacet
  facet normal 0.947584 -0.319506 0
    outer loop
      vertex 209.658 6.33999 2.4
      vertex 209.729 6.55056 1.5
      vertex 209.729 6.55056 2.4
    endloop
  endfacet
  facet normal 0.947584 -0.319506 0
    outer loop
      vertex 209.729 6.55056 1.5
      vertex 209.658 6.33999 2.4
      vertex 209.658 6.33999 1.5
    endloop
  endfacet
  facet normal 0.555343 -0.831621 0
    outer loop
      vertex 210.265 7.2487 1.5
      vertex 210.45 7.37224 2.4
      vertex 210.265 7.2487 2.4
    endloop
  endfacet
  facet normal 0.555343 -0.831621 0
    outer loop
      vertex 210.45 7.37224 2.4
      vertex 210.265 7.2487 1.5
      vertex 210.45 7.37224 1.5
    endloop
  endfacet
  facet normal -0.895717 -0.444625 0
    outer loop
      vertex 212.871 6.55056 1.5
      vertex 212.772 6.75 2.4
      vertex 212.772 6.75 1.5
    endloop
  endfacet
  facet normal -0.895717 -0.444625 0
    outer loop
      vertex 212.772 6.75 2.4
      vertex 212.871 6.55056 1.5
      vertex 212.871 6.55056 2.4
    endloop
  endfacet
  facet normal 0.997723 -0.0674471 0
    outer loop
      vertex 209.6 5.9 2.4
      vertex 209.615 6.12189 1.5
      vertex 209.615 6.12189 2.4
    endloop
  endfacet
  facet normal 0.997723 -0.0674471 0
    outer loop
      vertex 209.615 6.12189 1.5
      vertex 209.6 5.9 2.4
      vertex 209.6 5.9 1.5
    endloop
  endfacet
  facet normal 0.320856 0.947128 -0
    outer loop
      vertex 210.86 4.25793 1.5
      vertex 210.649 4.32941 2.4
      vertex 210.86 4.25793 2.4
    endloop
  endfacet
  facet normal 0.320856 0.947128 0
    outer loop
      vertex 210.649 4.32941 2.4
      vertex 210.86 4.25793 1.5
      vertex 210.649 4.32941 1.5
    endloop
  endfacet
  facet normal 0.443064 -0.89649 0
    outer loop
      vertex 210.45 7.37224 1.5
      vertex 210.649 7.47059 2.4
      vertex 210.45 7.37224 2.4
    endloop
  endfacet
  facet normal 0.443064 -0.89649 0
    outer loop
      vertex 210.649 7.47059 2.4
      vertex 210.45 7.37224 1.5
      vertex 210.649 7.47059 1.5
    endloop
  endfacet
  facet normal 0.83259 -0.553889 0
    outer loop
      vertex 209.828 6.75 2.4
      vertex 209.951 6.93489 1.5
      vertex 209.951 6.93489 2.4
    endloop
  endfacet
  facet normal 0.83259 -0.553889 0
    outer loop
      vertex 209.951 6.93489 1.5
      vertex 209.828 6.75 2.4
      vertex 209.828 6.75 1.5
    endloop
  endfacet
  facet normal 0.555343 0.831621 -0
    outer loop
      vertex 210.45 4.42776 1.5
      vertex 210.265 4.5513 2.4
      vertex 210.45 4.42776 2.4
    endloop
  endfacet
  facet normal 0.555343 0.831621 0
    outer loop
      vertex 210.265 4.5513 2.4
      vertex 210.45 4.42776 1.5
      vertex 210.265 4.5513 1.5
    endloop
  endfacet
  facet normal -0.856211 -0.0546641 -0.513726
    outer loop
      vertex 213.884 6.15061 0
      vertex 213.9 5.9 0
      vertex 213 5.9 1.5
    endloop
  endfacet
  facet normal -0.644353 0.566541 -0.513654
    outer loop
      vertex 213.197 4.1284 0
      vertex 212.502 4.69792 1.5
      vertex 212.649 4.86511 1.5
    endloop
  endfacet
  facet normal -0.643425 0.567615 -0.513632
    outer loop
      vertex 212.502 4.69792 1.5
      vertex 213.197 4.1284 0
      vertex 213.138 4.06152 0
    endloop
  endfacet
  facet normal 0.644385 -0.566508 -0.51365
    outer loop
      vertex 209.403 7.6716 0
      vertex 209.951 6.93489 1.5
      vertex 209.237 7.48278 0
    endloop
  endfacet
  facet normal -0.167571 -0.841447 -0.513699
    outer loop
      vertex 211.973 8.41141 0
      vertex 211.74 7.54207 1.5
      vertex 211.727 8.4604 0
    endloop
  endfacet
  facet normal 0.770738 -0.376771 -0.513815
    outer loop
      vertex 209.828 6.75 1.5
      vertex 209.009 7.12022 0
      vertex 209.048 7.2 0
    endloop
  endfacet
  facet normal 0.768477 -0.381464 -0.513739
    outer loop
      vertex 209.009 7.12022 0
      vertex 209.828 6.75 1.5
      vertex 209.729 6.55056 1.5
    endloop
  endfacet
  facet normal 0.644353 0.566541 -0.513654
    outer loop
      vertex 210.098 4.69792 1.5
      vertex 209.403 4.1284 0
      vertex 209.951 4.86511 1.5
    endloop
  endfacet
  facet normal 0.643425 0.567615 -0.513632
    outer loop
      vertex 209.403 4.1284 0
      vertex 210.098 4.69792 1.5
      vertex 209.462 4.06152 0
    endloop
  endfacet
  facet normal 0.813239 -0.273565 -0.513619
    outer loop
      vertex 208.869 6.81075 0
      vertex 209.658 6.33999 1.5
      vertex 208.789 6.57293 0
    endloop
  endfacet
  facet normal -0.714243 -0.475432 -0.513636
    outer loop
      vertex 213.363 7.48278 0
      vertex 213.502 7.27396 0
      vertex 212.649 6.93489 1.5
    endloop
  endfacet
  facet normal 0.569848 -0.641371 -0.513728
    outer loop
      vertex 209.528 7.79712 0
      vertex 210.098 7.10208 1.5
      vertex 209.462 7.73848 0
    endloop
  endfacet
  facet normal 0.566015 -0.644691 -0.51381
    outer loop
      vertex 210.098 7.10208 1.5
      vertex 209.528 7.79712 0
      vertex 210.265 7.2487 1.5
    endloop
  endfacet
  facet normal -0.644385 0.566508 -0.51365
    outer loop
      vertex 213.363 4.31722 0
      vertex 213.197 4.1284 0
      vertex 212.649 4.86511 1.5
    endloop
  endfacet
  facet normal 0.813239 0.273565 -0.513619
    outer loop
      vertex 209.658 5.46001 1.5
      vertex 208.869 4.98925 0
      vertex 208.789 5.22707 0
    endloop
  endfacet
  facet normal -0.714243 0.475432 -0.513636
    outer loop
      vertex 213.502 4.52604 0
      vertex 213.363 4.31722 0
      vertex 212.649 4.86511 1.5
    endloop
  endfacet
  facet normal 0.565401 0.645294 -0.513729
    outer loop
      vertex 210.265 4.5513 1.5
      vertex 209.717 3.83728 0
      vertex 209.528 4.00288 0
    endloop
  endfacet
  facet normal -0.378617 0.769937 -0.51366
    outer loop
      vertex 212.52 3.60899 0
      vertex 212.15 4.42776 1.5
      vertex 212.6 3.64833 0
    endloop
  endfacet
  facet normal -0.380153 0.769196 -0.513634
    outer loop
      vertex 212.15 4.42776 1.5
      vertex 212.52 3.60899 0
      vertex 211.951 4.32941 1.5
    endloop
  endfacet
  facet normal -0.47638 -0.713563 -0.513703
    outer loop
      vertex 212.674 8.10225 0
      vertex 212.883 7.96272 0
      vertex 212.335 7.2487 1.5
    endloop
  endfacet
  facet normal 0.167571 -0.841447 -0.513699
    outer loop
      vertex 210.873 8.4604 0
      vertex 210.86 7.54207 1.5
      vertex 210.627 8.41141 0
    endloop
  endfacet
  facet normal -0.841571 -0.167412 -0.513548
    outer loop
      vertex 213.811 6.57293 0
      vertex 213.86 6.32661 0
      vertex 212.942 6.33999 1.5
    endloop
  endfacet
  facet normal -0.0560417 -0.856145 -0.513687
    outer loop
      vertex 211.3 8.5 0
      vertex 211.551 8.48357 0
      vertex 211.3 7.6 1.5
    endloop
  endfacet
  facet normal -0.769696 -0.379312 -0.513507
    outer loop
      vertex 213.591 7.12022 0
      vertex 213.702 6.89498 0
      vertex 212.871 6.55056 1.5
    endloop
  endfacet
  facet normal -0.47638 0.713563 -0.513703
    outer loop
      vertex 212.883 3.83728 0
      vertex 212.674 3.69775 0
      vertex 212.335 4.5513 1.5
    endloop
  endfacet
  facet normal 0.856211 0.0546641 -0.513726
    outer loop
      vertex 209.6 5.9 1.5
      vertex 208.716 5.64939 0
      vertex 208.7 5.9 0
    endloop
  endfacet
  facet normal -0.379833 -0.769378 -0.5136
    outer loop
      vertex 212.295 8.30209 0
      vertex 212.52 8.19101 0
      vertex 211.951 7.47059 1.5
    endloop
  endfacet
  facet normal -0.275601 -0.812499 -0.513702
    outer loop
      vertex 211.973 8.41141 0
      vertex 212.211 8.33068 0
      vertex 211.74 7.54207 1.5
    endloop
  endfacet
  facet normal 0.841571 -0.167412 -0.513548
    outer loop
      vertex 208.789 6.57293 0
      vertex 209.658 6.33999 1.5
      vertex 208.74 6.32661 0
    endloop
  endfacet
  facet normal -0.769696 0.379312 -0.513507
    outer loop
      vertex 213.702 4.90502 0
      vertex 213.591 4.67978 0
      vertex 212.871 5.24944 1.5
    endloop
  endfacet
  facet normal 0.643425 -0.567615 -0.513632
    outer loop
      vertex 210.098 7.10208 1.5
      vertex 209.403 7.6716 0
      vertex 209.462 7.73848 0
    endloop
  endfacet
  facet normal 0.644353 -0.566541 -0.513654
    outer loop
      vertex 209.403 7.6716 0
      vertex 210.098 7.10208 1.5
      vertex 209.951 6.93489 1.5
    endloop
  endfacet
  facet normal -0.770738 -0.376771 -0.513815
    outer loop
      vertex 213.591 7.12022 0
      vertex 212.772 6.75 1.5
      vertex 213.552 7.2 0
    endloop
  endfacet
  facet normal -0.768477 -0.381464 -0.513739
    outer loop
      vertex 212.772 6.75 1.5
      vertex 213.591 7.12022 0
      vertex 212.871 6.55056 1.5
    endloop
  endfacet
  facet normal 0.47647 0.713509 -0.513694
    outer loop
      vertex 210 3.64833 0
      vertex 210.265 4.5513 1.5
      vertex 210.45 4.42776 1.5
    endloop
  endfacet
  facet normal 0.476498 0.713493 -0.51369
    outer loop
      vertex 210.265 4.5513 1.5
      vertex 210 3.64833 0
      vertex 209.926 3.69775 0
    endloop
  endfacet
  facet normal 0.275601 -0.812499 -0.513702
    outer loop
      vertex 210.627 8.41141 0
      vertex 210.86 7.54207 1.5
      vertex 210.389 8.33068 0
    endloop
  endfacet
  facet normal -0.714219 0.475142 -0.513937
    outer loop
      vertex 213.552 4.6 0
      vertex 212.649 4.86511 1.5
      vertex 212.772 5.05 1.5
    endloop
  endfacet
  facet normal -0.711106 0.480737 -0.513051
    outer loop
      vertex 212.649 4.86511 1.5
      vertex 213.552 4.6 0
      vertex 213.502 4.52604 0
    endloop
  endfacet
  facet normal 0.84158 0.165924 -0.514016
    outer loop
      vertex 209.658 5.46001 1.5
      vertex 208.722 5.56063 0
      vertex 209.615 5.67811 1.5
    endloop
  endfacet
  facet normal 0.840703 0.17346 -0.512963
    outer loop
      vertex 208.722 5.56063 0
      vertex 209.658 5.46001 1.5
      vertex 208.74 5.47339 0
    endloop
  endfacet
  facet normal 0.714243 0.475432 -0.513636
    outer loop
      vertex 209.951 4.86511 1.5
      vertex 209.237 4.31722 0
      vertex 209.098 4.52604 0
    endloop
  endfacet
  facet normal -0.565401 0.645294 -0.513729
    outer loop
      vertex 213.072 4.00288 0
      vertex 212.883 3.83728 0
      vertex 212.335 4.5513 1.5
    endloop
  endfacet
  facet normal 0.565401 -0.645294 -0.513729
    outer loop
      vertex 209.717 7.96272 0
      vertex 210.265 7.2487 1.5
      vertex 209.528 7.79712 0
    endloop
  endfacet
  facet normal -0.643425 -0.567615 -0.513632
    outer loop
      vertex 213.197 7.6716 0
      vertex 212.502 7.10208 1.5
      vertex 213.138 7.73848 0
    endloop
  endfacet
  facet normal -0.644353 -0.566541 -0.513654
    outer loop
      vertex 212.502 7.10208 1.5
      vertex 213.197 7.6716 0
      vertex 212.649 6.93489 1.5
    endloop
  endfacet
  facet normal 0.644385 0.566508 -0.51365
    outer loop
      vertex 209.951 4.86511 1.5
      vertex 209.403 4.1284 0
      vertex 209.237 4.31722 0
    endloop
  endfacet
  facet normal -0.856211 0.0546641 -0.513726
    outer loop
      vertex 213.9 5.9 0
      vertex 213.884 5.64939 0
      vertex 213 5.9 1.5
    endloop
  endfacet
  facet normal 0.0560417 0.856145 -0.513687
    outer loop
      vertex 211.3 4.2 1.5
      vertex 211.3 3.3 0
      vertex 211.049 3.31643 0
    endloop
  endfacet
  facet normal 0.856211 -0.0546641 -0.513726
    outer loop
      vertex 208.716 6.15061 0
      vertex 209.6 5.9 1.5
      vertex 208.7 5.9 0
    endloop
  endfacet
  facet normal 0.167571 0.841447 -0.513699
    outer loop
      vertex 210.86 4.25793 1.5
      vertex 210.873 3.3396 0
      vertex 210.627 3.38859 0
    endloop
  endfacet
  facet normal -0.167489 -0.841498 -0.513643
    outer loop
      vertex 211.639 8.47776 0
      vertex 211.74 7.54207 1.5
      vertex 211.522 7.58546 1.5
    endloop
  endfacet
  facet normal -0.166037 -0.841663 -0.513844
    outer loop
      vertex 211.74 7.54207 1.5
      vertex 211.639 8.47776 0
      vertex 211.727 8.4604 0
    endloop
  endfacet
  facet normal -0.276452 0.812241 -0.513652
    outer loop
      vertex 212.211 3.46932 0
      vertex 211.951 4.32941 1.5
      vertex 212.295 3.49791 0
    endloop
  endfacet
  facet normal -0.275291 0.812624 -0.51367
    outer loop
      vertex 211.951 4.32941 1.5
      vertex 212.211 3.46932 0
      vertex 211.74 4.25793 1.5
    endloop
  endfacet
  facet normal 0.840703 -0.17346 -0.512963
    outer loop
      vertex 209.658 6.33999 1.5
      vertex 208.722 6.23937 0
      vertex 208.74 6.32661 0
    endloop
  endfacet
  facet normal 0.84158 -0.165924 -0.514016
    outer loop
      vertex 208.722 6.23937 0
      vertex 209.658 6.33999 1.5
      vertex 209.615 6.12189 1.5
    endloop
  endfacet
  facet normal -0.813239 0.273565 -0.513619
    outer loop
      vertex 213.811 5.22707 0
      vertex 213.731 4.98925 0
      vertex 212.942 5.46001 1.5
    endloop
  endfacet
  facet normal 0.714243 -0.475432 -0.513636
    outer loop
      vertex 209.237 7.48278 0
      vertex 209.951 6.93489 1.5
      vertex 209.098 7.27396 0
    endloop
  endfacet
  facet normal -0.841571 0.167412 -0.513548
    outer loop
      vertex 213.86 5.47339 0
      vertex 213.811 5.22707 0
      vertex 212.942 5.46001 1.5
    endloop
  endfacet
  facet normal -0.811295 -0.279325 -0.513594
    outer loop
      vertex 213.731 6.81075 0
      vertex 212.871 6.55056 1.5
      vertex 213.702 6.89498 0
    endloop
  endfacet
  facet normal -0.813011 -0.274131 -0.513677
    outer loop
      vertex 212.871 6.55056 1.5
      vertex 213.731 6.81075 0
      vertex 212.942 6.33999 1.5
    endloop
  endfacet
  facet normal 0.769696 -0.379312 -0.513507
    outer loop
      vertex 209.009 7.12022 0
      vertex 209.729 6.55056 1.5
      vertex 208.898 6.89498 0
    endloop
  endfacet
  facet normal 0.768477 0.381464 -0.513739
    outer loop
      vertex 209.828 5.05 1.5
      vertex 209.009 4.67978 0
      vertex 209.729 5.24944 1.5
    endloop
  endfacet
  facet normal 0.770738 0.376771 -0.513815
    outer loop
      vertex 209.009 4.67978 0
      vertex 209.828 5.05 1.5
      vertex 209.048 4.6 0
    endloop
  endfacet
  facet normal 0.0560417 -0.856145 -0.513687
    outer loop
      vertex 211.3 8.5 0
      vertex 211.3 7.6 1.5
      vertex 211.049 8.48357 0
    endloop
  endfacet
  facet normal -0.275291 -0.812624 -0.51367
    outer loop
      vertex 212.211 8.33068 0
      vertex 211.951 7.47059 1.5
      vertex 211.74 7.54207 1.5
    endloop
  endfacet
  facet normal -0.276452 -0.812241 -0.513652
    outer loop
      vertex 211.951 7.47059 1.5
      vertex 212.211 8.33068 0
      vertex 212.295 8.30209 0
    endloop
  endfacet
  facet normal 0.0565231 -0.856116 -0.513684
    outer loop
      vertex 211.049 8.48357 0
      vertex 211.078 7.58546 1.5
      vertex 210.961 8.47776 0
    endloop
  endfacet
  facet normal 0.0560734 -0.856141 -0.51369
    outer loop
      vertex 211.078 7.58546 1.5
      vertex 211.049 8.48357 0
      vertex 211.3 7.6 1.5
    endloop
  endfacet
  facet normal -0.166037 0.841663 -0.513844
    outer loop
      vertex 211.639 3.32224 0
      vertex 211.74 4.25793 1.5
      vertex 211.727 3.3396 0
    endloop
  endfacet
  facet normal -0.167489 0.841498 -0.513643
    outer loop
      vertex 211.74 4.25793 1.5
      vertex 211.639 3.32224 0
      vertex 211.522 4.21454 1.5
    endloop
  endfacet
  facet normal 0.811295 -0.279325 -0.513594
    outer loop
      vertex 209.729 6.55056 1.5
      vertex 208.869 6.81075 0
      vertex 208.898 6.89498 0
    endloop
  endfacet
  facet normal 0.813011 -0.274131 -0.513677
    outer loop
      vertex 208.869 6.81075 0
      vertex 209.729 6.55056 1.5
      vertex 209.658 6.33999 1.5
    endloop
  endfacet
  facet normal -0.565401 -0.645294 -0.513729
    outer loop
      vertex 212.883 7.96272 0
      vertex 213.072 7.79712 0
      vertex 212.335 7.2487 1.5
    endloop
  endfacet
  facet normal -0.644385 -0.566508 -0.51365
    outer loop
      vertex 213.197 7.6716 0
      vertex 213.363 7.48278 0
      vertex 212.649 6.93489 1.5
    endloop
  endfacet
  facet normal -0.569848 0.641371 -0.513728
    outer loop
      vertex 213.072 4.00288 0
      vertex 212.502 4.69792 1.5
      vertex 213.138 4.06152 0
    endloop
  endfacet
  facet normal -0.566015 0.644691 -0.51381
    outer loop
      vertex 212.502 4.69792 1.5
      vertex 213.072 4.00288 0
      vertex 212.335 4.5513 1.5
    endloop
  endfacet
  facet normal 0.85582 -0.0578517 -0.514029
    outer loop
      vertex 209.615 6.12189 1.5
      vertex 208.716 6.15061 0
      vertex 208.722 6.23937 0
    endloop
  endfacet
  facet normal 0.85582 -0.0578543 -0.514029
    outer loop
      vertex 208.716 6.15061 0
      vertex 209.615 6.12189 1.5
      vertex 209.6 5.9 1.5
    endloop
  endfacet
  facet normal 0.379833 0.769378 -0.5136
    outer loop
      vertex 210.649 4.32941 1.5
      vertex 210.305 3.49791 0
      vertex 210.08 3.60899 0
    endloop
  endfacet
  facet normal -0.768477 0.381464 -0.513739
    outer loop
      vertex 213.591 4.67978 0
      vertex 212.772 5.05 1.5
      vertex 212.871 5.24944 1.5
    endloop
  endfacet
  facet normal -0.770738 0.376771 -0.513815
    outer loop
      vertex 212.772 5.05 1.5
      vertex 213.591 4.67978 0
      vertex 213.552 4.6 0
    endloop
  endfacet
  facet normal -0.379833 0.769378 -0.5136
    outer loop
      vertex 212.52 3.60899 0
      vertex 212.295 3.49791 0
      vertex 211.951 4.32941 1.5
    endloop
  endfacet
  facet normal 0.380153 0.769196 -0.513634
    outer loop
      vertex 210.08 3.60899 0
      vertex 210.45 4.42776 1.5
      vertex 210.649 4.32941 1.5
    endloop
  endfacet
  facet normal 0.378617 0.769937 -0.51366
    outer loop
      vertex 210.45 4.42776 1.5
      vertex 210.08 3.60899 0
      vertex 210 3.64833 0
    endloop
  endfacet
  facet normal -0.711106 -0.480737 -0.513051
    outer loop
      vertex 213.552 7.2 0
      vertex 212.649 6.93489 1.5
      vertex 213.502 7.27396 0
    endloop
  endfacet
  facet normal -0.714219 -0.475142 -0.513937
    outer loop
      vertex 212.649 6.93489 1.5
      vertex 213.552 7.2 0
      vertex 212.772 6.75 1.5
    endloop
  endfacet
  facet normal -0.0560417 0.856145 -0.513687
    outer loop
      vertex 211.3 4.2 1.5
      vertex 211.551 3.31643 0
      vertex 211.3 3.3 0
    endloop
  endfacet
  facet normal -0.840703 -0.17346 -0.512963
    outer loop
      vertex 213.878 6.23937 0
      vertex 212.942 6.33999 1.5
      vertex 213.86 6.32661 0
    endloop
  endfacet
  facet normal -0.84158 -0.165924 -0.514016
    outer loop
      vertex 212.942 6.33999 1.5
      vertex 213.878 6.23937 0
      vertex 212.985 6.12189 1.5
    endloop
  endfacet
  facet normal -0.813239 -0.273565 -0.513619
    outer loop
      vertex 213.731 6.81075 0
      vertex 213.811 6.57293 0
      vertex 212.942 6.33999 1.5
    endloop
  endfacet
  facet normal 0.276452 -0.812241 -0.513652
    outer loop
      vertex 210.389 8.33068 0
      vertex 210.649 7.47059 1.5
      vertex 210.305 8.30209 0
    endloop
  endfacet
  facet normal 0.275291 -0.812624 -0.51367
    outer loop
      vertex 210.649 7.47059 1.5
      vertex 210.389 8.33068 0
      vertex 210.86 7.54207 1.5
    endloop
  endfacet
  facet normal -0.380153 -0.769196 -0.513634
    outer loop
      vertex 212.52 8.19101 0
      vertex 212.15 7.37224 1.5
      vertex 211.951 7.47059 1.5
    endloop
  endfacet
  facet normal -0.378617 -0.769937 -0.51366
    outer loop
      vertex 212.15 7.37224 1.5
      vertex 212.52 8.19101 0
      vertex 212.6 8.15167 0
    endloop
  endfacet
  facet normal -0.813011 0.274131 -0.513677
    outer loop
      vertex 213.731 4.98925 0
      vertex 212.871 5.24944 1.5
      vertex 212.942 5.46001 1.5
    endloop
  endfacet
  facet normal -0.811295 0.279325 -0.513594
    outer loop
      vertex 212.871 5.24944 1.5
      vertex 213.731 4.98925 0
      vertex 213.702 4.90502 0
    endloop
  endfacet
  facet normal 0.47638 0.713563 -0.513703
    outer loop
      vertex 210.265 4.5513 1.5
      vertex 209.926 3.69775 0
      vertex 209.717 3.83728 0
    endloop
  endfacet
  facet normal -0.840703 0.17346 -0.512963
    outer loop
      vertex 212.942 5.46001 1.5
      vertex 213.878 5.56063 0
      vertex 213.86 5.47339 0
    endloop
  endfacet
  facet normal -0.84158 0.165924 -0.514016
    outer loop
      vertex 213.878 5.56063 0
      vertex 212.942 5.46001 1.5
      vertex 212.985 5.67811 1.5
    endloop
  endfacet
  facet normal -0.85582 0.0578543 -0.514029
    outer loop
      vertex 213.884 5.64939 0
      vertex 212.985 5.67811 1.5
      vertex 213 5.9 1.5
    endloop
  endfacet
  facet normal -0.85582 0.0578517 -0.514029
    outer loop
      vertex 212.985 5.67811 1.5
      vertex 213.884 5.64939 0
      vertex 213.878 5.56063 0
    endloop
  endfacet
  facet normal 0.275291 0.812624 -0.51367
    outer loop
      vertex 210.389 3.46932 0
      vertex 210.649 4.32941 1.5
      vertex 210.86 4.25793 1.5
    endloop
  endfacet
  facet normal 0.276452 0.812241 -0.513652
    outer loop
      vertex 210.649 4.32941 1.5
      vertex 210.389 3.46932 0
      vertex 210.305 3.49791 0
    endloop
  endfacet
  facet normal -0.167571 0.841447 -0.513699
    outer loop
      vertex 211.74 4.25793 1.5
      vertex 211.973 3.38859 0
      vertex 211.727 3.3396 0
    endloop
  endfacet
  facet normal 0.711106 -0.480737 -0.513051
    outer loop
      vertex 209.951 6.93489 1.5
      vertex 209.048 7.2 0
      vertex 209.098 7.27396 0
    endloop
  endfacet
  facet normal 0.714219 -0.475142 -0.513937
    outer loop
      vertex 209.048 7.2 0
      vertex 209.951 6.93489 1.5
      vertex 209.828 6.75 1.5
    endloop
  endfacet
  facet normal -0.0560734 -0.856141 -0.51369
    outer loop
      vertex 211.551 8.48357 0
      vertex 211.522 7.58546 1.5
      vertex 211.3 7.6 1.5
    endloop
  endfacet
  facet normal -0.0565231 -0.856116 -0.513684
    outer loop
      vertex 211.522 7.58546 1.5
      vertex 211.551 8.48357 0
      vertex 211.639 8.47776 0
    endloop
  endfacet
  facet normal 0.47638 -0.713563 -0.513703
    outer loop
      vertex 209.926 8.10225 0
      vertex 210.265 7.2487 1.5
      vertex 209.717 7.96272 0
    endloop
  endfacet
  facet normal 0.379833 -0.769378 -0.5136
    outer loop
      vertex 210.305 8.30209 0
      vertex 210.649 7.47059 1.5
      vertex 210.08 8.19101 0
    endloop
  endfacet
  facet normal 0.769696 0.379312 -0.513507
    outer loop
      vertex 209.729 5.24944 1.5
      vertex 209.009 4.67978 0
      vertex 208.898 4.90502 0
    endloop
  endfacet
  facet normal -0.566015 -0.644691 -0.51381
    outer loop
      vertex 213.072 7.79712 0
      vertex 212.502 7.10208 1.5
      vertex 212.335 7.2487 1.5
    endloop
  endfacet
  facet normal -0.569848 -0.641371 -0.513728
    outer loop
      vertex 212.502 7.10208 1.5
      vertex 213.072 7.79712 0
      vertex 213.138 7.73848 0
    endloop
  endfacet
  facet normal 0.566015 0.644691 -0.51381
    outer loop
      vertex 209.528 4.00288 0
      vertex 210.098 4.69792 1.5
      vertex 210.265 4.5513 1.5
    endloop
  endfacet
  facet normal 0.569848 0.641371 -0.513728
    outer loop
      vertex 210.098 4.69792 1.5
      vertex 209.528 4.00288 0
      vertex 209.462 4.06152 0
    endloop
  endfacet
  facet normal 0.476498 -0.713493 -0.51369
    outer loop
      vertex 210 8.15167 0
      vertex 210.265 7.2487 1.5
      vertex 209.926 8.10225 0
    endloop
  endfacet
  facet normal 0.47647 -0.713509 -0.513694
    outer loop
      vertex 210.265 7.2487 1.5
      vertex 210 8.15167 0
      vertex 210.45 7.37224 1.5
    endloop
  endfacet
  facet normal 0.275601 0.812499 -0.513702
    outer loop
      vertex 210.86 4.25793 1.5
      vertex 210.627 3.38859 0
      vertex 210.389 3.46932 0
    endloop
  endfacet
  facet normal -0.275601 0.812499 -0.513702
    outer loop
      vertex 212.211 3.46932 0
      vertex 211.973 3.38859 0
      vertex 211.74 4.25793 1.5
    endloop
  endfacet
  facet normal -0.47647 -0.713509 -0.513694
    outer loop
      vertex 212.6 8.15167 0
      vertex 212.335 7.2487 1.5
      vertex 212.15 7.37224 1.5
    endloop
  endfacet
  facet normal -0.476498 -0.713493 -0.51369
    outer loop
      vertex 212.335 7.2487 1.5
      vertex 212.6 8.15167 0
      vertex 212.674 8.10225 0
    endloop
  endfacet
  facet normal 0.166037 -0.841663 -0.513844
    outer loop
      vertex 210.961 8.47776 0
      vertex 210.86 7.54207 1.5
      vertex 210.873 8.4604 0
    endloop
  endfacet
  facet normal 0.167489 -0.841498 -0.513643
    outer loop
      vertex 210.86 7.54207 1.5
      vertex 210.961 8.47776 0
      vertex 211.078 7.58546 1.5
    endloop
  endfacet
  facet normal 0.167489 0.841498 -0.513643
    outer loop
      vertex 210.961 3.32224 0
      vertex 210.86 4.25793 1.5
      vertex 211.078 4.21454 1.5
    endloop
  endfacet
  facet normal 0.166037 0.841663 -0.513844
    outer loop
      vertex 210.86 4.25793 1.5
      vertex 210.961 3.32224 0
      vertex 210.873 3.3396 0
    endloop
  endfacet
  facet normal -0.85582 -0.0578517 -0.514029
    outer loop
      vertex 213.884 6.15061 0
      vertex 212.985 6.12189 1.5
      vertex 213.878 6.23937 0
    endloop
  endfacet
  facet normal -0.85582 -0.0578543 -0.514029
    outer loop
      vertex 212.985 6.12189 1.5
      vertex 213.884 6.15061 0
      vertex 213 5.9 1.5
    endloop
  endfacet
  facet normal 0.841571 0.167412 -0.513548
    outer loop
      vertex 209.658 5.46001 1.5
      vertex 208.789 5.22707 0
      vertex 208.74 5.47339 0
    endloop
  endfacet
  facet normal 0.0560734 0.856141 -0.51369
    outer loop
      vertex 211.049 3.31643 0
      vertex 211.078 4.21454 1.5
      vertex 211.3 4.2 1.5
    endloop
  endfacet
  facet normal 0.0565231 0.856116 -0.513684
    outer loop
      vertex 211.078 4.21454 1.5
      vertex 211.049 3.31643 0
      vertex 210.961 3.32224 0
    endloop
  endfacet
  facet normal 0.813011 0.274131 -0.513677
    outer loop
      vertex 209.729 5.24944 1.5
      vertex 208.869 4.98925 0
      vertex 209.658 5.46001 1.5
    endloop
  endfacet
  facet normal 0.811295 0.279325 -0.513594
    outer loop
      vertex 208.869 4.98925 0
      vertex 209.729 5.24944 1.5
      vertex 208.898 4.90502 0
    endloop
  endfacet
  facet normal 0.85582 0.0578543 -0.514029
    outer loop
      vertex 209.615 5.67811 1.5
      vertex 208.716 5.64939 0
      vertex 209.6 5.9 1.5
    endloop
  endfacet
  facet normal 0.85582 0.0578517 -0.514029
    outer loop
      vertex 208.716 5.64939 0
      vertex 209.615 5.67811 1.5
      vertex 208.722 5.56063 0
    endloop
  endfacet
  facet normal -0.0565231 0.856116 -0.513684
    outer loop
      vertex 211.551 3.31643 0
      vertex 211.522 4.21454 1.5
      vertex 211.639 3.32224 0
    endloop
  endfacet
  facet normal -0.0560734 0.856141 -0.51369
    outer loop
      vertex 211.522 4.21454 1.5
      vertex 211.551 3.31643 0
      vertex 211.3 4.2 1.5
    endloop
  endfacet
  facet normal 0.714219 0.475142 -0.513937
    outer loop
      vertex 209.951 4.86511 1.5
      vertex 209.048 4.6 0
      vertex 209.828 5.05 1.5
    endloop
  endfacet
  facet normal 0.711106 0.480737 -0.513051
    outer loop
      vertex 209.048 4.6 0
      vertex 209.951 4.86511 1.5
      vertex 209.098 4.52604 0
    endloop
  endfacet
  facet normal -0.476498 0.713493 -0.51369
    outer loop
      vertex 212.6 3.64833 0
      vertex 212.335 4.5513 1.5
      vertex 212.674 3.69775 0
    endloop
  endfacet
  facet normal -0.47647 0.713509 -0.513694
    outer loop
      vertex 212.335 4.5513 1.5
      vertex 212.6 3.64833 0
      vertex 212.15 4.42776 1.5
    endloop
  endfacet
  facet normal 0.378617 -0.769937 -0.51366
    outer loop
      vertex 210.08 8.19101 0
      vertex 210.45 7.37224 1.5
      vertex 210 8.15167 0
    endloop
  endfacet
  facet normal 0.380153 -0.769196 -0.513634
    outer loop
      vertex 210.45 7.37224 1.5
      vertex 210.08 8.19101 0
      vertex 210.649 7.47059 1.5
    endloop
  endfacet
  facet normal -0.981113 -0.193434 0
    outer loop
      vertex 212.985 59.1219 1.5
      vertex 212.942 59.34 2.4
      vertex 212.942 59.34 1.5
    endloop
  endfacet
  facet normal -0.981113 -0.193434 0
    outer loop
      vertex 212.942 59.34 2.4
      vertex 212.985 59.1219 1.5
      vertex 212.985 59.1219 2.4
    endloop
  endfacet
  facet normal -0.997723 -0.0674441 0
    outer loop
      vertex 213 58.9 1.5
      vertex 212.985 59.1219 2.4
      vertex 212.985 59.1219 1.5
    endloop
  endfacet
  facet normal -0.997723 -0.0674441 0
    outer loop
      vertex 212.985 59.1219 2.4
      vertex 213 58.9 1.5
      vertex 213 58.9 2.4
    endloop
  endfacet
  facet normal -0.0651764 0.997874 0
    outer loop
      vertex 211.522 57.2145 1.5
      vertex 211.3 57.2 2.4
      vertex 211.522 57.2145 2.4
    endloop
  endfacet
  facet normal -0.0651764 0.997874 0
    outer loop
      vertex 211.3 57.2 2.4
      vertex 211.522 57.2145 1.5
      vertex 211.3 57.2 1.5
    endloop
  endfacet
  facet normal 0.659714 -0.751516 0
    outer loop
      vertex 210.098 60.1021 1.5
      vertex 210.265 60.2487 2.4
      vertex 210.098 60.1021 2.4
    endloop
  endfacet
  facet normal 0.659714 -0.751516 0
    outer loop
      vertex 210.265 60.2487 2.4
      vertex 210.098 60.1021 1.5
      vertex 210.265 60.2487 1.5
    endloop
  endfacet
  facet normal 0.832604 0.553869 0
    outer loop
      vertex 209.951 57.8651 2.4
      vertex 209.828 58.05 1.5
      vertex 209.828 58.05 2.4
    endloop
  endfacet
  facet normal 0.832604 0.553869 0
    outer loop
      vertex 209.828 58.05 1.5
      vertex 209.951 57.8651 2.4
      vertex 209.951 57.8651 1.5
    endloop
  endfacet
  facet normal 0.195251 0.980753 -0
    outer loop
      vertex 211.078 57.2145 1.5
      vertex 210.86 57.2579 2.4
      vertex 211.078 57.2145 2.4
    endloop
  endfacet
  facet normal 0.195251 0.980753 0
    outer loop
      vertex 210.86 57.2579 2.4
      vertex 211.078 57.2145 1.5
      vertex 210.86 57.2579 1.5
    endloop
  endfacet
  facet normal -0.659714 -0.751516 0
    outer loop
      vertex 212.335 60.2487 1.5
      vertex 212.502 60.1021 2.4
      vertex 212.335 60.2487 2.4
    endloop
  endfacet
  facet normal -0.659714 -0.751516 -0
    outer loop
      vertex 212.502 60.1021 2.4
      vertex 212.335 60.2487 1.5
      vertex 212.502 60.1021 1.5
    endloop
  endfacet
  facet normal -0.947598 0.319466 0
    outer loop
      vertex 212.871 58.2494 1.5
      vertex 212.942 58.46 2.4
      vertex 212.942 58.46 1.5
    endloop
  endfacet
  facet normal -0.947598 0.319466 0
    outer loop
      vertex 212.942 58.46 2.4
      vertex 212.871 58.2494 1.5
      vertex 212.871 58.2494 2.4
    endloop
  endfacet
  facet normal -0.751016 0.660284 0
    outer loop
      vertex 212.502 57.6979 1.5
      vertex 212.649 57.8651 2.4
      vertex 212.649 57.8651 1.5
    endloop
  endfacet
  facet normal -0.751016 0.660284 0
    outer loop
      vertex 212.649 57.8651 2.4
      vertex 212.502 57.6979 1.5
      vertex 212.502 57.6979 2.4
    endloop
  endfacet
  facet normal -0.751016 -0.660284 0
    outer loop
      vertex 212.649 59.9349 1.5
      vertex 212.502 60.1021 2.4
      vertex 212.502 60.1021 1.5
    endloop
  endfacet
  facet normal -0.751016 -0.660284 0
    outer loop
      vertex 212.502 60.1021 2.4
      vertex 212.649 59.9349 1.5
      vertex 212.649 59.9349 2.4
    endloop
  endfacet
  facet normal 0.947598 0.319466 0
    outer loop
      vertex 209.729 58.2494 2.4
      vertex 209.658 58.46 1.5
      vertex 209.658 58.46 2.4
    endloop
  endfacet
  facet normal 0.947598 0.319466 0
    outer loop
      vertex 209.658 58.46 1.5
      vertex 209.729 58.2494 2.4
      vertex 209.729 58.2494 1.5
    endloop
  endfacet
  facet normal -0.320937 0.947101 0
    outer loop
      vertex 211.951 57.3294 1.5
      vertex 211.74 57.2579 2.4
      vertex 211.951 57.3294 2.4
    endloop
  endfacet
  facet normal -0.320937 0.947101 0
    outer loop
      vertex 211.74 57.2579 2.4
      vertex 211.951 57.3294 1.5
      vertex 211.74 57.2579 1.5
    endloop
  endfacet
  facet normal 0.0651764 0.997874 -0
    outer loop
      vertex 211.3 57.2 1.5
      vertex 211.078 57.2145 2.4
      vertex 211.3 57.2 2.4
    endloop
  endfacet
  facet normal 0.0651764 0.997874 0
    outer loop
      vertex 211.078 57.2145 2.4
      vertex 211.3 57.2 1.5
      vertex 211.078 57.2145 1.5
    endloop
  endfacet
  facet normal 0.320937 -0.947101 0
    outer loop
      vertex 210.649 60.4706 1.5
      vertex 210.86 60.5421 2.4
      vertex 210.649 60.4706 2.4
    endloop
  endfacet
  facet normal 0.320937 -0.947101 0
    outer loop
      vertex 210.86 60.5421 2.4
      vertex 210.649 60.4706 1.5
      vertex 210.86 60.5421 1.5
    endloop
  endfacet
  facet normal -0.947598 -0.319466 0
    outer loop
      vertex 212.942 59.34 1.5
      vertex 212.871 59.5506 2.4
      vertex 212.871 59.5506 1.5
    endloop
  endfacet
  facet normal -0.947598 -0.319466 0
    outer loop
      vertex 212.871 59.5506 2.4
      vertex 212.942 59.34 1.5
      vertex 212.942 59.34 2.4
    endloop
  endfacet
  facet normal 0.751016 -0.660284 0
    outer loop
      vertex 209.951 59.9349 2.4
      vertex 210.098 60.1021 1.5
      vertex 210.098 60.1021 2.4
    endloop
  endfacet
  facet normal 0.751016 -0.660284 0
    outer loop
      vertex 210.098 60.1021 1.5
      vertex 209.951 59.9349 2.4
      vertex 209.951 59.9349 1.5
    endloop
  endfacet
  facet normal 0.443245 0.8964 -0
    outer loop
      vertex 210.649 57.3294 1.5
      vertex 210.45 57.4278 2.4
      vertex 210.649 57.3294 2.4
    endloop
  endfacet
  facet normal 0.443245 0.8964 0
    outer loop
      vertex 210.45 57.4278 2.4
      vertex 210.649 57.3294 1.5
      vertex 210.45 57.4278 1.5
    endloop
  endfacet
  facet normal 0.0651764 -0.997874 0
    outer loop
      vertex 211.078 60.5855 1.5
      vertex 211.3 60.6 2.4
      vertex 211.078 60.5855 2.4
    endloop
  endfacet
  facet normal 0.0651764 -0.997874 0
    outer loop
      vertex 211.3 60.6 2.4
      vertex 211.078 60.5855 1.5
      vertex 211.3 60.6 1.5
    endloop
  endfacet
  facet normal -0.895681 0.444696 0
    outer loop
      vertex 212.772 58.05 1.5
      vertex 212.871 58.2494 2.4
      vertex 212.871 58.2494 1.5
    endloop
  endfacet
  facet normal -0.895681 0.444696 0
    outer loop
      vertex 212.871 58.2494 2.4
      vertex 212.772 58.05 1.5
      vertex 212.772 58.05 2.4
    endloop
  endfacet
  facet normal -0.555219 0.831704 0
    outer loop
      vertex 212.335 57.5513 1.5
      vertex 212.15 57.4278 2.4
      vertex 212.335 57.5513 2.4
    endloop
  endfacet
  facet normal -0.555219 0.831704 0
    outer loop
      vertex 212.15 57.4278 2.4
      vertex 212.335 57.5513 1.5
      vertex 212.15 57.4278 1.5
    endloop
  endfacet
  facet normal 0.981113 0.193434 0
    outer loop
      vertex 209.658 58.46 2.4
      vertex 209.615 58.6781 1.5
      vertex 209.615 58.6781 2.4
    endloop
  endfacet
  facet normal 0.981113 0.193434 0
    outer loop
      vertex 209.615 58.6781 1.5
      vertex 209.658 58.46 2.4
      vertex 209.658 58.46 1.5
    endloop
  endfacet
  facet normal -0.195251 -0.980753 0
    outer loop
      vertex 211.522 60.5855 1.5
      vertex 211.74 60.5421 2.4
      vertex 211.522 60.5855 2.4
    endloop
  endfacet
  facet normal -0.195251 -0.980753 -0
    outer loop
      vertex 211.74 60.5421 2.4
      vertex 211.522 60.5855 1.5
      vertex 211.74 60.5421 1.5
    endloop
  endfacet
  facet normal -0.832604 -0.553869 0
    outer loop
      vertex 212.772 59.75 1.5
      vertex 212.649 59.9349 2.4
      vertex 212.649 59.9349 1.5
    endloop
  endfacet
  facet normal -0.832604 -0.553869 0
    outer loop
      vertex 212.649 59.9349 2.4
      vertex 212.772 59.75 1.5
      vertex 212.772 59.75 2.4
    endloop
  endfacet
  facet normal -0.997723 0.0674441 0
    outer loop
      vertex 212.985 58.6781 1.5
      vertex 213 58.9 2.4
      vertex 213 58.9 1.5
    endloop
  endfacet
  facet normal -0.997723 0.0674441 0
    outer loop
      vertex 213 58.9 2.4
      vertex 212.985 58.6781 1.5
      vertex 212.985 58.6781 2.4
    endloop
  endfacet
  facet normal -0.320937 -0.947101 0
    outer loop
      vertex 211.74 60.5421 1.5
      vertex 211.951 60.4706 2.4
      vertex 211.74 60.5421 2.4
    endloop
  endfacet
  facet normal -0.320937 -0.947101 -0
    outer loop
      vertex 211.951 60.4706 2.4
      vertex 211.74 60.5421 1.5
      vertex 211.951 60.4706 1.5
    endloop
  endfacet
  facet normal -0.555219 -0.831704 0
    outer loop
      vertex 212.15 60.3722 1.5
      vertex 212.335 60.2487 2.4
      vertex 212.15 60.3722 2.4
    endloop
  endfacet
  facet normal -0.555219 -0.831704 -0
    outer loop
      vertex 212.335 60.2487 2.4
      vertex 212.15 60.3722 1.5
      vertex 212.335 60.2487 1.5
    endloop
  endfacet
  facet normal 0.195251 -0.980753 0
    outer loop
      vertex 210.86 60.5421 1.5
      vertex 211.078 60.5855 2.4
      vertex 210.86 60.5421 2.4
    endloop
  endfacet
  facet normal 0.195251 -0.980753 0
    outer loop
      vertex 211.078 60.5855 2.4
      vertex 210.86 60.5421 1.5
      vertex 211.078 60.5855 1.5
    endloop
  endfacet
  facet normal -0.659714 0.751516 0
    outer loop
      vertex 212.502 57.6979 1.5
      vertex 212.335 57.5513 2.4
      vertex 212.502 57.6979 2.4
    endloop
  endfacet
  facet normal -0.659714 0.751516 0
    outer loop
      vertex 212.335 57.5513 2.4
      vertex 212.502 57.6979 1.5
      vertex 212.335 57.5513 1.5
    endloop
  endfacet
  facet normal 0.895681 -0.444696 0
    outer loop
      vertex 209.729 59.5506 2.4
      vertex 209.828 59.75 1.5
      vertex 209.828 59.75 2.4
    endloop
  endfacet
  facet normal 0.895681 -0.444696 0
    outer loop
      vertex 209.828 59.75 1.5
      vertex 209.729 59.5506 2.4
      vertex 209.729 59.5506 1.5
    endloop
  endfacet
  facet normal -0.981113 0.193434 0
    outer loop
      vertex 212.942 58.46 1.5
      vertex 212.985 58.6781 2.4
      vertex 212.985 58.6781 1.5
    endloop
  endfacet
  facet normal -0.981113 0.193434 0
    outer loop
      vertex 212.985 58.6781 2.4
      vertex 212.942 58.46 1.5
      vertex 212.942 58.46 2.4
    endloop
  endfacet
  facet normal -0.195251 0.980753 0
    outer loop
      vertex 211.74 57.2579 1.5
      vertex 211.522 57.2145 2.4
      vertex 211.74 57.2579 2.4
    endloop
  endfacet
  facet normal -0.195251 0.980753 0
    outer loop
      vertex 211.522 57.2145 2.4
      vertex 211.74 57.2579 1.5
      vertex 211.522 57.2145 1.5
    endloop
  endfacet
  facet normal 0.659714 0.751516 -0
    outer loop
      vertex 210.265 57.5513 1.5
      vertex 210.098 57.6979 2.4
      vertex 210.265 57.5513 2.4
    endloop
  endfacet
  facet normal 0.659714 0.751516 0
    outer loop
      vertex 210.098 57.6979 2.4
      vertex 210.265 57.5513 1.5
      vertex 210.098 57.6979 1.5
    endloop
  endfacet
  facet normal 0.751016 0.660284 0
    outer loop
      vertex 210.098 57.6979 2.4
      vertex 209.951 57.8651 1.5
      vertex 209.951 57.8651 2.4
    endloop
  endfacet
  facet normal 0.751016 0.660284 0
    outer loop
      vertex 209.951 57.8651 1.5
      vertex 210.098 57.6979 2.4
      vertex 210.098 57.6979 1.5
    endloop
  endfacet
  facet normal -0.0651764 -0.997874 0
    outer loop
      vertex 211.3 60.6 1.5
      vertex 211.522 60.5855 2.4
      vertex 211.3 60.6 2.4
    endloop
  endfacet
  facet normal -0.0651764 -0.997874 -0
    outer loop
      vertex 211.522 60.5855 2.4
      vertex 211.3 60.6 1.5
      vertex 211.522 60.5855 1.5
    endloop
  endfacet
  facet normal -0.443245 -0.8964 0
    outer loop
      vertex 211.951 60.4706 1.5
      vertex 212.15 60.3722 2.4
      vertex 211.951 60.4706 2.4
    endloop
  endfacet
  facet normal -0.443245 -0.8964 -0
    outer loop
      vertex 212.15 60.3722 2.4
      vertex 211.951 60.4706 1.5
      vertex 212.15 60.3722 1.5
    endloop
  endfacet
  facet normal -0.832604 0.553869 0
    outer loop
      vertex 212.649 57.8651 1.5
      vertex 212.772 58.05 2.4
      vertex 212.772 58.05 1.5
    endloop
  endfacet
  facet normal -0.832604 0.553869 0
    outer loop
      vertex 212.772 58.05 2.4
      vertex 212.649 57.8651 1.5
      vertex 212.649 57.8651 2.4
    endloop
  endfacet
  facet normal 0.997723 0.0674441 0
    outer loop
      vertex 209.615 58.6781 2.4
      vertex 209.6 58.9 1.5
      vertex 209.6 58.9 2.4
    endloop
  endfacet
  facet normal 0.997723 0.0674441 0
    outer loop
      vertex 209.6 58.9 1.5
      vertex 209.615 58.6781 2.4
      vertex 209.615 58.6781 1.5
    endloop
  endfacet
  facet normal -0.443245 0.8964 0
    outer loop
      vertex 212.15 57.4278 1.5
      vertex 211.951 57.3294 2.4
      vertex 212.15 57.4278 2.4
    endloop
  endfacet
  facet normal -0.443245 0.8964 0
    outer loop
      vertex 211.951 57.3294 2.4
      vertex 212.15 57.4278 1.5
      vertex 211.951 57.3294 1.5
    endloop
  endfacet
  facet normal 0.981113 -0.193434 0
    outer loop
      vertex 209.615 59.1219 2.4
      vertex 209.658 59.34 1.5
      vertex 209.658 59.34 2.4
    endloop
  endfacet
  facet normal 0.981113 -0.193434 0
    outer loop
      vertex 209.658 59.34 1.5
      vertex 209.615 59.1219 2.4
      vertex 209.615 59.1219 1.5
    endloop
  endfacet
  facet normal 0.895681 0.444696 0
    outer loop
      vertex 209.828 58.05 2.4
      vertex 209.729 58.2494 1.5
      vertex 209.729 58.2494 2.4
    endloop
  endfacet
  facet normal 0.895681 0.444696 0
    outer loop
      vertex 209.729 58.2494 1.5
      vertex 209.828 58.05 2.4
      vertex 209.828 58.05 1.5
    endloop
  endfacet
  facet normal 0.947598 -0.319466 0
    outer loop
      vertex 209.658 59.34 2.4
      vertex 209.729 59.5506 1.5
      vertex 209.729 59.5506 2.4
    endloop
  endfacet
  facet normal 0.947598 -0.319466 0
    outer loop
      vertex 209.729 59.5506 1.5
      vertex 209.658 59.34 2.4
      vertex 209.658 59.34 1.5
    endloop
  endfacet
  facet normal -0.895681 -0.444696 0
    outer loop
      vertex 212.871 59.5506 1.5
      vertex 212.772 59.75 2.4
      vertex 212.772 59.75 1.5
    endloop
  endfacet
  facet normal -0.895681 -0.444696 0
    outer loop
      vertex 212.772 59.75 2.4
      vertex 212.871 59.5506 1.5
      vertex 212.871 59.5506 2.4
    endloop
  endfacet
  facet normal 0.997723 -0.0674441 0
    outer loop
      vertex 209.6 58.9 2.4
      vertex 209.615 59.1219 1.5
      vertex 209.615 59.1219 2.4
    endloop
  endfacet
  facet normal 0.997723 -0.0674441 0
    outer loop
      vertex 209.615 59.1219 1.5
      vertex 209.6 58.9 2.4
      vertex 209.6 58.9 1.5
    endloop
  endfacet
  facet normal 0.320937 0.947101 -0
    outer loop
      vertex 210.86 57.2579 1.5
      vertex 210.649 57.3294 2.4
      vertex 210.86 57.2579 2.4
    endloop
  endfacet
  facet normal 0.320937 0.947101 0
    outer loop
      vertex 210.649 57.3294 2.4
      vertex 210.86 57.2579 1.5
      vertex 210.649 57.3294 1.5
    endloop
  endfacet
  facet normal 0.443245 -0.8964 0
    outer loop
      vertex 210.45 60.3722 1.5
      vertex 210.649 60.4706 2.4
      vertex 210.45 60.3722 2.4
    endloop
  endfacet
  facet normal 0.443245 -0.8964 0
    outer loop
      vertex 210.649 60.4706 2.4
      vertex 210.45 60.3722 1.5
      vertex 210.649 60.4706 1.5
    endloop
  endfacet
  facet normal 0.555219 -0.831704 0
    outer loop
      vertex 210.265 60.2487 1.5
      vertex 210.45 60.3722 2.4
      vertex 210.265 60.2487 2.4
    endloop
  endfacet
  facet normal 0.555219 -0.831704 0
    outer loop
      vertex 210.45 60.3722 2.4
      vertex 210.265 60.2487 1.5
      vertex 210.45 60.3722 1.5
    endloop
  endfacet
  facet normal 0.832604 -0.553869 0
    outer loop
      vertex 209.828 59.75 2.4
      vertex 209.951 59.9349 1.5
      vertex 209.951 59.9349 2.4
    endloop
  endfacet
  facet normal 0.832604 -0.553869 0
    outer loop
      vertex 209.951 59.9349 1.5
      vertex 209.828 59.75 2.4
      vertex 209.828 59.75 1.5
    endloop
  endfacet
  facet normal 0.555219 0.831704 -0
    outer loop
      vertex 210.45 57.4278 1.5
      vertex 210.265 57.5513 2.4
      vertex 210.45 57.4278 2.4
    endloop
  endfacet
  facet normal 0.555219 0.831704 0
    outer loop
      vertex 210.265 57.5513 2.4
      vertex 210.45 57.4278 1.5
      vertex 210.265 57.5513 1.5
    endloop
  endfacet
  facet normal -0.856211 -0.0546663 -0.513726
    outer loop
      vertex 213.884 59.1506 0
      vertex 213.9 58.9 0
      vertex 213 58.9 1.5
    endloop
  endfacet
  facet normal -0.644372 0.566523 -0.513649
    outer loop
      vertex 213.197 57.1284 0
      vertex 212.502 57.6979 1.5
      vertex 212.649 57.8651 1.5
    endloop
  endfacet
  facet normal -0.643511 0.567521 -0.513629
    outer loop
      vertex 212.502 57.6979 1.5
      vertex 213.197 57.1284 0
      vertex 213.138 57.0615 0
    endloop
  endfacet
  facet normal 0.644355 -0.566541 -0.513652
    outer loop
      vertex 209.403 60.6716 0
      vertex 209.951 59.9349 1.5
      vertex 209.237 60.4828 0
    endloop
  endfacet
  facet normal -0.167606 -0.84145 -0.513683
    outer loop
      vertex 211.973 61.4114 0
      vertex 211.74 60.5421 1.5
      vertex 211.727 61.4604 0
    endloop
  endfacet
  facet normal 0.770777 -0.376695 -0.513813
    outer loop
      vertex 209.828 59.75 1.5
      vertex 209.009 60.1202 0
      vertex 209.048 60.2 0
    endloop
  endfacet
  facet normal 0.768449 -0.381527 -0.513734
    outer loop
      vertex 209.009 60.1202 0
      vertex 209.828 59.75 1.5
      vertex 209.729 59.5506 1.5
    endloop
  endfacet
  facet normal 0.644372 0.566523 -0.513649
    outer loop
      vertex 210.098 57.6979 1.5
      vertex 209.403 57.1284 0
      vertex 209.951 57.8651 1.5
    endloop
  endfacet
  facet normal 0.643511 0.567521 -0.513629
    outer loop
      vertex 209.403 57.1284 0
      vertex 210.098 57.6979 1.5
      vertex 209.462 57.0615 0
    endloop
  endfacet
  facet normal 0.813235 -0.273586 -0.513613
    outer loop
      vertex 208.869 59.8107 0
      vertex 209.658 59.34 1.5
      vertex 208.789 59.5729 0
    endloop
  endfacet
  facet normal -0.71422 -0.475462 -0.513639
    outer loop
      vertex 213.363 60.4828 0
      vertex 213.502 60.274 0
      vertex 212.649 59.9349 1.5
    endloop
  endfacet
  facet normal 0.569634 -0.641567 -0.51372
    outer loop
      vertex 209.528 60.7971 0
      vertex 210.098 60.1021 1.5
      vertex 209.462 60.7385 0
    endloop
  endfacet
  facet normal 0.565976 -0.644734 -0.513798
    outer loop
      vertex 210.098 60.1021 1.5
      vertex 209.528 60.7971 0
      vertex 210.265 60.2487 1.5
    endloop
  endfacet
  facet normal -0.644355 0.566541 -0.513652
    outer loop
      vertex 213.363 57.3172 0
      vertex 213.197 57.1284 0
      vertex 212.649 57.8651 1.5
    endloop
  endfacet
  facet normal 0.813235 0.273586 -0.513613
    outer loop
      vertex 209.658 58.46 1.5
      vertex 208.869 57.9893 0
      vertex 208.789 58.2271 0
    endloop
  endfacet
  facet normal -0.71422 0.475462 -0.513639
    outer loop
      vertex 213.502 57.526 0
      vertex 213.363 57.3172 0
      vertex 212.649 57.8651 1.5
    endloop
  endfacet
  facet normal 0.565403 0.645297 -0.513722
    outer loop
      vertex 210.265 57.5513 1.5
      vertex 209.717 56.8373 0
      vertex 209.528 57.0029 0
    endloop
  endfacet
  facet normal -0.378302 0.770081 -0.513676
    outer loop
      vertex 212.52 56.609 0
      vertex 212.15 57.4278 1.5
      vertex 212.6 56.6483 0
    endloop
  endfacet
  facet normal -0.380306 0.769115 -0.513643
    outer loop
      vertex 212.15 57.4278 1.5
      vertex 212.52 56.609 0
      vertex 211.951 57.3294 1.5
    endloop
  endfacet
  facet normal -0.476312 -0.713615 -0.513693
    outer loop
      vertex 212.674 61.1022 0
      vertex 212.883 60.9627 0
      vertex 212.335 60.2487 1.5
    endloop
  endfacet
  facet normal 0.167606 -0.84145 -0.513683
    outer loop
      vertex 210.873 61.4604 0
      vertex 210.86 60.5421 1.5
      vertex 210.627 61.4114 0
    endloop
  endfacet
  facet normal -0.84157 -0.167426 -0.513545
    outer loop
      vertex 213.811 59.5729 0
      vertex 213.86 59.3266 0
      vertex 212.942 59.34 1.5
    endloop
  endfacet
  facet normal -0.0559397 -0.85615 -0.51369
    outer loop
      vertex 211.3 61.5 0
      vertex 211.551 61.4836 0
      vertex 211.3 60.6 1.5
    endloop
  endfacet
  facet normal -0.769673 -0.379368 -0.513502
    outer loop
      vertex 213.591 60.1202 0
      vertex 213.702 59.895 0
      vertex 212.871 59.5506 1.5
    endloop
  endfacet
  facet normal -0.476312 0.713615 -0.513693
    outer loop
      vertex 212.883 56.8373 0
      vertex 212.674 56.6978 0
      vertex 212.335 57.5513 1.5
    endloop
  endfacet
  facet normal 0.856211 0.0546663 -0.513726
    outer loop
      vertex 209.6 58.9 1.5
      vertex 208.716 58.6494 0
      vertex 208.7 58.9 0
    endloop
  endfacet
  facet normal -0.379889 -0.769351 -0.513598
    outer loop
      vertex 212.295 61.3021 0
      vertex 212.52 61.191 0
      vertex 211.951 60.4706 1.5
    endloop
  endfacet
  facet normal -0.275512 -0.812538 -0.513689
    outer loop
      vertex 211.973 61.4114 0
      vertex 212.211 61.3307 0
      vertex 211.74 60.5421 1.5
    endloop
  endfacet
  facet normal 0.84157 -0.167426 -0.513545
    outer loop
      vertex 208.789 59.5729 0
      vertex 209.658 59.34 1.5
      vertex 208.74 59.3266 0
    endloop
  endfacet
  facet normal -0.769673 0.379368 -0.513502
    outer loop
      vertex 213.702 57.905 0
      vertex 213.591 57.6798 0
      vertex 212.871 58.2494 1.5
    endloop
  endfacet
  facet normal 0.643511 -0.567521 -0.513629
    outer loop
      vertex 210.098 60.1021 1.5
      vertex 209.403 60.6716 0
      vertex 209.462 60.7385 0
    endloop
  endfacet
  facet normal 0.644372 -0.566523 -0.513649
    outer loop
      vertex 209.403 60.6716 0
      vertex 210.098 60.1021 1.5
      vertex 209.951 59.9349 1.5
    endloop
  endfacet
  facet normal -0.770777 -0.376695 -0.513813
    outer loop
      vertex 213.591 60.1202 0
      vertex 212.772 59.75 1.5
      vertex 213.552 60.2 0
    endloop
  endfacet
  facet normal -0.768449 -0.381527 -0.513734
    outer loop
      vertex 212.772 59.75 1.5
      vertex 213.591 60.1202 0
      vertex 212.871 59.5506 1.5
    endloop
  endfacet
  facet normal 0.476354 0.713566 -0.513723
    outer loop
      vertex 210 56.6483 0
      vertex 210.265 57.5513 1.5
      vertex 210.45 57.4278 1.5
    endloop
  endfacet
  facet normal 0.477057 0.713176 -0.513612
    outer loop
      vertex 210.265 57.5513 1.5
      vertex 210 56.6483 0
      vertex 209.926 56.6978 0
    endloop
  endfacet
  facet normal 0.275512 -0.812538 -0.513689
    outer loop
      vertex 210.627 61.4114 0
      vertex 210.86 60.5421 1.5
      vertex 210.389 61.3307 0
    endloop
  endfacet
  facet normal -0.714231 0.475124 -0.513937
    outer loop
      vertex 213.552 57.6 0
      vertex 212.649 57.8651 1.5
      vertex 212.772 58.05 1.5
    endloop
  endfacet
  facet normal -0.711212 0.480549 -0.513079
    outer loop
      vertex 212.649 57.8651 1.5
      vertex 213.552 57.6 0
      vertex 213.502 57.526 0
    endloop
  endfacet
  facet normal 0.841579 0.165923 -0.514017
    outer loop
      vertex 209.658 58.46 1.5
      vertex 208.722 58.5606 0
      vertex 209.615 58.6781 1.5
    endloop
  endfacet
  facet normal 0.840692 0.173537 -0.512953
    outer loop
      vertex 208.722 58.5606 0
      vertex 209.658 58.46 1.5
      vertex 208.74 58.4734 0
    endloop
  endfacet
  facet normal 0.71422 0.475462 -0.513639
    outer loop
      vertex 209.951 57.8651 1.5
      vertex 209.237 57.3172 0
      vertex 209.098 57.526 0
    endloop
  endfacet
  facet normal -0.565403 0.645297 -0.513722
    outer loop
      vertex 213.072 57.0029 0
      vertex 212.883 56.8373 0
      vertex 212.335 57.5513 1.5
    endloop
  endfacet
  facet normal 0.565403 -0.645297 -0.513722
    outer loop
      vertex 209.717 60.9627 0
      vertex 210.265 60.2487 1.5
      vertex 209.528 60.7971 0
    endloop
  endfacet
  facet normal -0.643511 -0.567521 -0.513629
    outer loop
      vertex 213.197 60.6716 0
      vertex 212.502 60.1021 1.5
      vertex 213.138 60.7385 0
    endloop
  endfacet
  facet normal -0.644372 -0.566523 -0.513649
    outer loop
      vertex 212.502 60.1021 1.5
      vertex 213.197 60.6716 0
      vertex 212.649 59.9349 1.5
    endloop
  endfacet
  facet normal 0.644355 0.566541 -0.513652
    outer loop
      vertex 209.951 57.8651 1.5
      vertex 209.403 57.1284 0
      vertex 209.237 57.3172 0
    endloop
  endfacet
  facet normal -0.856211 0.0546663 -0.513726
    outer loop
      vertex 213.9 58.9 0
      vertex 213.884 58.6494 0
      vertex 213 58.9 1.5
    endloop
  endfacet
  facet normal 0.0559397 0.85615 -0.51369
    outer loop
      vertex 211.3 57.2 1.5
      vertex 211.3 56.3 0
      vertex 211.049 56.3164 0
    endloop
  endfacet
  facet normal 0.856211 -0.0546663 -0.513726
    outer loop
      vertex 208.716 59.1506 0
      vertex 209.6 58.9 1.5
      vertex 208.7 58.9 0
    endloop
  endfacet
  facet normal 0.167606 0.84145 -0.513683
    outer loop
      vertex 210.86 57.2579 1.5
      vertex 210.873 56.3396 0
      vertex 210.627 56.3886 0
    endloop
  endfacet
  facet normal -0.167526 -0.841491 -0.513642
    outer loop
      vertex 211.639 61.4778 0
      vertex 211.74 60.5421 1.5
      vertex 211.522 60.5855 1.5
    endloop
  endfacet
  facet normal -0.166411 -0.841618 -0.513796
    outer loop
      vertex 211.74 60.5421 1.5
      vertex 211.639 61.4778 0
      vertex 211.727 61.4604 0
    endloop
  endfacet
  facet normal -0.276538 0.81221 -0.513655
    outer loop
      vertex 212.211 56.4693 0
      vertex 211.951 57.3294 1.5
      vertex 212.295 56.4979 0
    endloop
  endfacet
  facet normal -0.275359 0.812599 -0.513673
    outer loop
      vertex 211.951 57.3294 1.5
      vertex 212.211 56.4693 0
      vertex 211.74 57.2579 1.5
    endloop
  endfacet
  facet normal 0.840692 -0.173537 -0.512953
    outer loop
      vertex 209.658 59.34 1.5
      vertex 208.722 59.2394 0
      vertex 208.74 59.3266 0
    endloop
  endfacet
  facet normal 0.841579 -0.165923 -0.514017
    outer loop
      vertex 208.722 59.2394 0
      vertex 209.658 59.34 1.5
      vertex 209.615 59.1219 1.5
    endloop
  endfacet
  facet normal -0.813235 0.273586 -0.513613
    outer loop
      vertex 213.811 58.2271 0
      vertex 213.731 57.9893 0
      vertex 212.942 58.46 1.5
    endloop
  endfacet
  facet normal 0.71422 -0.475462 -0.513639
    outer loop
      vertex 209.237 60.4828 0
      vertex 209.951 59.9349 1.5
      vertex 209.098 60.274 0
    endloop
  endfacet
  facet normal -0.84157 0.167426 -0.513545
    outer loop
      vertex 213.86 58.4734 0
      vertex 213.811 58.2271 0
      vertex 212.942 58.46 1.5
    endloop
  endfacet
  facet normal -0.811371 -0.279119 -0.513585
    outer loop
      vertex 213.731 59.8107 0
      vertex 212.871 59.5506 1.5
      vertex 213.702 59.895 0
    endloop
  endfacet
  facet normal -0.81303 -0.274098 -0.513666
    outer loop
      vertex 212.871 59.5506 1.5
      vertex 213.731 59.8107 0
      vertex 212.942 59.34 1.5
    endloop
  endfacet
  facet normal 0.769673 -0.379368 -0.513502
    outer loop
      vertex 209.009 60.1202 0
      vertex 209.729 59.5506 1.5
      vertex 208.898 59.895 0
    endloop
  endfacet
  facet normal 0.768449 0.381527 -0.513734
    outer loop
      vertex 209.828 58.05 1.5
      vertex 209.009 57.6798 0
      vertex 209.729 58.2494 1.5
    endloop
  endfacet
  facet normal 0.770777 0.376695 -0.513813
    outer loop
      vertex 209.009 57.6798 0
      vertex 209.828 58.05 1.5
      vertex 209.048 57.6 0
    endloop
  endfacet
  facet normal 0.0559397 -0.85615 -0.51369
    outer loop
      vertex 211.3 61.5 0
      vertex 211.3 60.6 1.5
      vertex 211.049 61.4836 0
    endloop
  endfacet
  facet normal -0.275359 -0.812599 -0.513673
    outer loop
      vertex 212.211 61.3307 0
      vertex 211.951 60.4706 1.5
      vertex 211.74 60.5421 1.5
    endloop
  endfacet
  facet normal -0.276538 -0.81221 -0.513655
    outer loop
      vertex 211.951 60.4706 1.5
      vertex 212.211 61.3307 0
      vertex 212.295 61.3021 0
    endloop
  endfacet
  facet normal 0.0564263 -0.856124 -0.513681
    outer loop
      vertex 211.049 61.4836 0
      vertex 211.078 60.5855 1.5
      vertex 210.961 61.4778 0
    endloop
  endfacet
  facet normal 0.0559199 -0.856153 -0.513688
    outer loop
      vertex 211.078 60.5855 1.5
      vertex 211.049 61.4836 0
      vertex 211.3 60.6 1.5
    endloop
  endfacet
  facet normal -0.166411 0.841618 -0.513796
    outer loop
      vertex 211.639 56.3222 0
      vertex 211.74 57.2579 1.5
      vertex 211.727 56.3396 0
    endloop
  endfacet
  facet normal -0.167526 0.841491 -0.513642
    outer loop
      vertex 211.74 57.2579 1.5
      vertex 211.639 56.3222 0
      vertex 211.522 57.2145 1.5
    endloop
  endfacet
  facet normal 0.811371 -0.279119 -0.513585
    outer loop
      vertex 209.729 59.5506 1.5
      vertex 208.869 59.8107 0
      vertex 208.898 59.895 0
    endloop
  endfacet
  facet normal 0.81303 -0.274098 -0.513666
    outer loop
      vertex 208.869 59.8107 0
      vertex 209.729 59.5506 1.5
      vertex 209.658 59.34 1.5
    endloop
  endfacet
  facet normal -0.565403 -0.645297 -0.513722
    outer loop
      vertex 212.883 60.9627 0
      vertex 213.072 60.7971 0
      vertex 212.335 60.2487 1.5
    endloop
  endfacet
  facet normal -0.644355 -0.566541 -0.513652
    outer loop
      vertex 213.197 60.6716 0
      vertex 213.363 60.4828 0
      vertex 212.649 59.9349 1.5
    endloop
  endfacet
  facet normal -0.569634 0.641567 -0.51372
    outer loop
      vertex 213.072 57.0029 0
      vertex 212.502 57.6979 1.5
      vertex 213.138 57.0615 0
    endloop
  endfacet
  facet normal -0.565976 0.644734 -0.513798
    outer loop
      vertex 212.502 57.6979 1.5
      vertex 213.072 57.0029 0
      vertex 212.335 57.5513 1.5
    endloop
  endfacet
  facet normal 0.855822 -0.0578258 -0.514029
    outer loop
      vertex 209.615 59.1219 1.5
      vertex 208.716 59.1506 0
      vertex 208.722 59.2394 0
    endloop
  endfacet
  facet normal 0.85582 -0.0578517 -0.514028
    outer loop
      vertex 208.716 59.1506 0
      vertex 209.615 59.1219 1.5
      vertex 209.6 58.9 1.5
    endloop
  endfacet
  facet normal 0.379889 0.769351 -0.513598
    outer loop
      vertex 210.649 57.3294 1.5
      vertex 210.305 56.4979 0
      vertex 210.08 56.609 0
    endloop
  endfacet
  facet normal -0.768449 0.381527 -0.513734
    outer loop
      vertex 213.591 57.6798 0
      vertex 212.772 58.05 1.5
      vertex 212.871 58.2494 1.5
    endloop
  endfacet
  facet normal -0.770777 0.376695 -0.513813
    outer loop
      vertex 212.772 58.05 1.5
      vertex 213.591 57.6798 0
      vertex 213.552 57.6 0
    endloop
  endfacet
  facet normal -0.379889 0.769351 -0.513598
    outer loop
      vertex 212.52 56.609 0
      vertex 212.295 56.4979 0
      vertex 211.951 57.3294 1.5
    endloop
  endfacet
  facet normal 0.380306 0.769115 -0.513643
    outer loop
      vertex 210.08 56.609 0
      vertex 210.45 57.4278 1.5
      vertex 210.649 57.3294 1.5
    endloop
  endfacet
  facet normal 0.378302 0.770081 -0.513676
    outer loop
      vertex 210.45 57.4278 1.5
      vertex 210.08 56.609 0
      vertex 210 56.6483 0
    endloop
  endfacet
  facet normal -0.711212 -0.480549 -0.513079
    outer loop
      vertex 213.552 60.2 0
      vertex 212.649 59.9349 1.5
      vertex 213.502 60.274 0
    endloop
  endfacet
  facet normal -0.714231 -0.475124 -0.513937
    outer loop
      vertex 212.649 59.9349 1.5
      vertex 213.552 60.2 0
      vertex 212.772 59.75 1.5
    endloop
  endfacet
  facet normal -0.0559397 0.85615 -0.51369
    outer loop
      vertex 211.3 57.2 1.5
      vertex 211.551 56.3164 0
      vertex 211.3 56.3 0
    endloop
  endfacet
  facet normal -0.840692 -0.173537 -0.512953
    outer loop
      vertex 213.878 59.2394 0
      vertex 212.942 59.34 1.5
      vertex 213.86 59.3266 0
    endloop
  endfacet
  facet normal -0.841579 -0.165923 -0.514017
    outer loop
      vertex 212.942 59.34 1.5
      vertex 213.878 59.2394 0
      vertex 212.985 59.1219 1.5
    endloop
  endfacet
  facet normal -0.813235 -0.273586 -0.513613
    outer loop
      vertex 213.731 59.8107 0
      vertex 213.811 59.5729 0
      vertex 212.942 59.34 1.5
    endloop
  endfacet
  facet normal 0.276538 -0.81221 -0.513655
    outer loop
      vertex 210.389 61.3307 0
      vertex 210.649 60.4706 1.5
      vertex 210.305 61.3021 0
    endloop
  endfacet
  facet normal 0.275359 -0.812599 -0.513673
    outer loop
      vertex 210.649 60.4706 1.5
      vertex 210.389 61.3307 0
      vertex 210.86 60.5421 1.5
    endloop
  endfacet
  facet normal -0.380306 -0.769115 -0.513643
    outer loop
      vertex 212.52 61.191 0
      vertex 212.15 60.3722 1.5
      vertex 211.951 60.4706 1.5
    endloop
  endfacet
  facet normal -0.378302 -0.770081 -0.513676
    outer loop
      vertex 212.15 60.3722 1.5
      vertex 212.52 61.191 0
      vertex 212.6 61.1517 0
    endloop
  endfacet
  facet normal -0.81303 0.274098 -0.513666
    outer loop
      vertex 213.731 57.9893 0
      vertex 212.871 58.2494 1.5
      vertex 212.942 58.46 1.5
    endloop
  endfacet
  facet normal -0.811371 0.279119 -0.513585
    outer loop
      vertex 212.871 58.2494 1.5
      vertex 213.731 57.9893 0
      vertex 213.702 57.905 0
    endloop
  endfacet
  facet normal 0.476312 0.713615 -0.513693
    outer loop
      vertex 210.265 57.5513 1.5
      vertex 209.926 56.6978 0
      vertex 209.717 56.8373 0
    endloop
  endfacet
  facet normal -0.840692 0.173537 -0.512953
    outer loop
      vertex 212.942 58.46 1.5
      vertex 213.878 58.5606 0
      vertex 213.86 58.4734 0
    endloop
  endfacet
  facet normal -0.841579 0.165923 -0.514017
    outer loop
      vertex 213.878 58.5606 0
      vertex 212.942 58.46 1.5
      vertex 212.985 58.6781 1.5
    endloop
  endfacet
  facet normal -0.85582 0.0578517 -0.514028
    outer loop
      vertex 213.884 58.6494 0
      vertex 212.985 58.6781 1.5
      vertex 213 58.9 1.5
    endloop
  endfacet
  facet normal -0.855822 0.0578258 -0.514029
    outer loop
      vertex 212.985 58.6781 1.5
      vertex 213.884 58.6494 0
      vertex 213.878 58.5606 0
    endloop
  endfacet
  facet normal 0.275359 0.812599 -0.513673
    outer loop
      vertex 210.389 56.4693 0
      vertex 210.649 57.3294 1.5
      vertex 210.86 57.2579 1.5
    endloop
  endfacet
  facet normal 0.276538 0.81221 -0.513655
    outer loop
      vertex 210.649 57.3294 1.5
      vertex 210.389 56.4693 0
      vertex 210.305 56.4979 0
    endloop
  endfacet
  facet normal -0.167606 0.84145 -0.513683
    outer loop
      vertex 211.74 57.2579 1.5
      vertex 211.973 56.3886 0
      vertex 211.727 56.3396 0
    endloop
  endfacet
  facet normal 0.711212 -0.480549 -0.513079
    outer loop
      vertex 209.951 59.9349 1.5
      vertex 209.048 60.2 0
      vertex 209.098 60.274 0
    endloop
  endfacet
  facet normal 0.714231 -0.475124 -0.513937
    outer loop
      vertex 209.048 60.2 0
      vertex 209.951 59.9349 1.5
      vertex 209.828 59.75 1.5
    endloop
  endfacet
  facet normal -0.0559199 -0.856153 -0.513688
    outer loop
      vertex 211.551 61.4836 0
      vertex 211.522 60.5855 1.5
      vertex 211.3 60.6 1.5
    endloop
  endfacet
  facet normal -0.0564263 -0.856124 -0.513681
    outer loop
      vertex 211.522 60.5855 1.5
      vertex 211.551 61.4836 0
      vertex 211.639 61.4778 0
    endloop
  endfacet
  facet normal 0.476312 -0.713615 -0.513693
    outer loop
      vertex 209.926 61.1022 0
      vertex 210.265 60.2487 1.5
      vertex 209.717 60.9627 0
    endloop
  endfacet
  facet normal 0.379889 -0.769351 -0.513598
    outer loop
      vertex 210.305 61.3021 0
      vertex 210.649 60.4706 1.5
      vertex 210.08 61.191 0
    endloop
  endfacet
  facet normal 0.769673 0.379368 -0.513502
    outer loop
      vertex 209.729 58.2494 1.5
      vertex 209.009 57.6798 0
      vertex 208.898 57.905 0
    endloop
  endfacet
  facet normal -0.565976 -0.644734 -0.513798
    outer loop
      vertex 213.072 60.7971 0
      vertex 212.502 60.1021 1.5
      vertex 212.335 60.2487 1.5
    endloop
  endfacet
  facet normal -0.569634 -0.641567 -0.51372
    outer loop
      vertex 212.502 60.1021 1.5
      vertex 213.072 60.7971 0
      vertex 213.138 60.7385 0
    endloop
  endfacet
  facet normal 0.565976 0.644734 -0.513798
    outer loop
      vertex 209.528 57.0029 0
      vertex 210.098 57.6979 1.5
      vertex 210.265 57.5513 1.5
    endloop
  endfacet
  facet normal 0.569634 0.641567 -0.51372
    outer loop
      vertex 210.098 57.6979 1.5
      vertex 209.528 57.0029 0
      vertex 209.462 57.0615 0
    endloop
  endfacet
  facet normal 0.477057 -0.713176 -0.513612
    outer loop
      vertex 210 61.1517 0
      vertex 210.265 60.2487 1.5
      vertex 209.926 61.1022 0
    endloop
  endfacet
  facet normal 0.476354 -0.713566 -0.513723
    outer loop
      vertex 210.265 60.2487 1.5
      vertex 210 61.1517 0
      vertex 210.45 60.3722 1.5
    endloop
  endfacet
  facet normal 0.275512 0.812538 -0.513689
    outer loop
      vertex 210.86 57.2579 1.5
      vertex 210.627 56.3886 0
      vertex 210.389 56.4693 0
    endloop
  endfacet
  facet normal -0.275512 0.812538 -0.513689
    outer loop
      vertex 212.211 56.4693 0
      vertex 211.973 56.3886 0
      vertex 211.74 57.2579 1.5
    endloop
  endfacet
  facet normal -0.476354 -0.713566 -0.513723
    outer loop
      vertex 212.6 61.1517 0
      vertex 212.335 60.2487 1.5
      vertex 212.15 60.3722 1.5
    endloop
  endfacet
  facet normal -0.477057 -0.713176 -0.513612
    outer loop
      vertex 212.335 60.2487 1.5
      vertex 212.6 61.1517 0
      vertex 212.674 61.1022 0
    endloop
  endfacet
  facet normal 0.166411 -0.841618 -0.513796
    outer loop
      vertex 210.961 61.4778 0
      vertex 210.86 60.5421 1.5
      vertex 210.873 61.4604 0
    endloop
  endfacet
  facet normal 0.167526 -0.841491 -0.513642
    outer loop
      vertex 210.86 60.5421 1.5
      vertex 210.961 61.4778 0
      vertex 211.078 60.5855 1.5
    endloop
  endfacet
  facet normal 0.167526 0.841491 -0.513642
    outer loop
      vertex 210.961 56.3222 0
      vertex 210.86 57.2579 1.5
      vertex 211.078 57.2145 1.5
    endloop
  endfacet
  facet normal 0.166411 0.841618 -0.513796
    outer loop
      vertex 210.86 57.2579 1.5
      vertex 210.961 56.3222 0
      vertex 210.873 56.3396 0
    endloop
  endfacet
  facet normal -0.855822 -0.0578258 -0.514029
    outer loop
      vertex 213.884 59.1506 0
      vertex 212.985 59.1219 1.5
      vertex 213.878 59.2394 0
    endloop
  endfacet
  facet normal -0.85582 -0.0578517 -0.514028
    outer loop
      vertex 212.985 59.1219 1.5
      vertex 213.884 59.1506 0
      vertex 213 58.9 1.5
    endloop
  endfacet
  facet normal 0.84157 0.167426 -0.513545
    outer loop
      vertex 209.658 58.46 1.5
      vertex 208.789 58.2271 0
      vertex 208.74 58.4734 0
    endloop
  endfacet
  facet normal 0.0559199 0.856153 -0.513688
    outer loop
      vertex 211.049 56.3164 0
      vertex 211.078 57.2145 1.5
      vertex 211.3 57.2 1.5
    endloop
  endfacet
  facet normal 0.0564263 0.856124 -0.513681
    outer loop
      vertex 211.078 57.2145 1.5
      vertex 211.049 56.3164 0
      vertex 210.961 56.3222 0
    endloop
  endfacet
  facet normal 0.81303 0.274098 -0.513666
    outer loop
      vertex 209.729 58.2494 1.5
      vertex 208.869 57.9893 0
      vertex 209.658 58.46 1.5
    endloop
  endfacet
  facet normal 0.811371 0.279119 -0.513585
    outer loop
      vertex 208.869 57.9893 0
      vertex 209.729 58.2494 1.5
      vertex 208.898 57.905 0
    endloop
  endfacet
  facet normal 0.85582 0.0578517 -0.514028
    outer loop
      vertex 209.615 58.6781 1.5
      vertex 208.716 58.6494 0
      vertex 209.6 58.9 1.5
    endloop
  endfacet
  facet normal 0.855822 0.0578258 -0.514029
    outer loop
      vertex 208.716 58.6494 0
      vertex 209.615 58.6781 1.5
      vertex 208.722 58.5606 0
    endloop
  endfacet
  facet normal -0.0564263 0.856124 -0.513681
    outer loop
      vertex 211.551 56.3164 0
      vertex 211.522 57.2145 1.5
      vertex 211.639 56.3222 0
    endloop
  endfacet
  facet normal -0.0559199 0.856153 -0.513688
    outer loop
      vertex 211.522 57.2145 1.5
      vertex 211.551 56.3164 0
      vertex 211.3 57.2 1.5
    endloop
  endfacet
  facet normal 0.714231 0.475124 -0.513937
    outer loop
      vertex 209.951 57.8651 1.5
      vertex 209.048 57.6 0
      vertex 209.828 58.05 1.5
    endloop
  endfacet
  facet normal 0.711212 0.480549 -0.513079
    outer loop
      vertex 209.048 57.6 0
      vertex 209.951 57.8651 1.5
      vertex 209.098 57.526 0
    endloop
  endfacet
  facet normal -0.477057 0.713176 -0.513612
    outer loop
      vertex 212.6 56.6483 0
      vertex 212.335 57.5513 1.5
      vertex 212.674 56.6978 0
    endloop
  endfacet
  facet normal -0.476354 0.713566 -0.513723
    outer loop
      vertex 212.335 57.5513 1.5
      vertex 212.6 56.6483 0
      vertex 212.15 57.4278 1.5
    endloop
  endfacet
  facet normal 0.378302 -0.770081 -0.513676
    outer loop
      vertex 210.08 61.191 0
      vertex 210.45 60.3722 1.5
      vertex 210 61.1517 0
    endloop
  endfacet
  facet normal 0.380306 -0.769115 -0.513643
    outer loop
      vertex 210.45 60.3722 1.5
      vertex 210.08 61.191 0
      vertex 210.649 60.4706 1.5
    endloop
  endfacet
  facet normal 0 0 -1
    outer loop
      vertex 162.026 30.9026 0.589999
      vertex 166.892 38.267 0.589999
      vertex 162.653 26.8013 0.589999
    endloop
  endfacet
  facet normal -0 0 -1
    outer loop
      vertex 166.892 38.267 0.589999
      vertex 162.026 30.9026 0.589999
      vertex 164.386 38.267 0.589999
    endloop
  endfacet
  facet normal 0 0 -1
    outer loop
      vertex 162.653 26.8013 0.589999
      vertex 161.96 30.6831 0.589999
      vertex 162.026 30.9026 0.589999
    endloop
  endfacet
  facet normal 0 0 -1
    outer loop
      vertex 162.653 26.8013 0.589999
      vertex 161.887 30.4336 0.589999
      vertex 161.96 30.6831 0.589999
    endloop
  endfacet
  facet normal 0 0 -1
    outer loop
      vertex 162.653 26.8013 0.589999
      vertex 161.808 30.1543 0.589999
      vertex 161.887 30.4336 0.589999
    endloop
  endfacet
  facet normal 0 0 -1
    outer loop
      vertex 162.653 26.8013 0.589999
      vertex 161.722 29.845 0.589999
      vertex 161.808 30.1543 0.589999
    endloop
  endfacet
  facet normal 0 0 -1
    outer loop
      vertex 162.653 26.8013 0.589999
      vertex 161.629 29.5059 0.589999
      vertex 161.722 29.845 0.589999
    endloop
  endfacet
  facet normal 0 0 -1
    outer loop
      vertex 162.653 26.8013 0.589999
      vertex 161.53 29.1368 0.589999
      vertex 161.629 29.5059 0.589999
    endloop
  endfacet
  facet normal 0 0 -1
    outer loop
      vertex 162.653 26.8013 0.589999
      vertex 161.424 28.7379 0.589999
      vertex 161.53 29.1368 0.589999
    endloop
  endfacet
  facet normal 0 0 -1
    outer loop
      vertex 160.219 26.8013 0.589999
      vertex 161.253 29.4378 0.589999
      vertex 161.424 28.7379 0.589999
    endloop
  endfacet
  facet normal 0 0 -1
    outer loop
      vertex 160.219 26.8013 0.589999
      vertex 161.424 28.7379 0.589999
      vertex 162.653 26.8013 0.589999
    endloop
  endfacet
  facet normal -0 0 -1
    outer loop
      vertex 161.253 29.4378 0.589999
      vertex 160.219 26.8013 0.589999
      vertex 160.838 30.9026 0.589999
    endloop
  endfacet
  facet normal 0 0 -1
    outer loop
      vertex 156.004 38.267 0.589999
      vertex 160.838 30.9026 0.589999
      vertex 160.219 26.8013 0.589999
    endloop
  endfacet
  facet normal 0 0 -1
    outer loop
      vertex 160.838 30.9026 0.589999
      vertex 156.004 38.267 0.589999
      vertex 158.486 38.267 0.589999
    endloop
  endfacet
  facet normal 0 0 -1
    outer loop
      vertex 155.654 26.8013 0.589999
      vertex 152.985 28.6811 0.589999
      vertex 155.654 28.502 0.589999
    endloop
  endfacet
  facet normal 0 0 -1
    outer loop
      vertex 146.45 26.8013 0.589999
      vertex 152.985 28.6811 0.589999
      vertex 155.654 26.8013 0.589999
    endloop
  endfacet
  facet normal -0 0 -1
    outer loop
      vertex 152.985 28.6811 0.589999
      vertex 146.45 26.8013 0.589999
      vertex 146.45 28.6811 0.589999
    endloop
  endfacet
  facet normal 0 0 -1
    outer loop
      vertex 152.985 28.6811 0.589999
      vertex 149.453 36.3872 0.589999
      vertex 155.654 28.502 0.589999
    endloop
  endfacet
  facet normal -0 -0 -1
    outer loop
      vertex 149.453 36.3872 0.589999
      vertex 152.985 28.6811 0.589999
      vertex 146.784 36.5988 0.589999
    endloop
  endfacet
  facet normal 0 0 -1
    outer loop
      vertex 149.453 36.3872 0.589999
      vertex 155.035 38.267 0.589999
      vertex 155.035 36.3872 0.589999
    endloop
  endfacet
  facet normal 0 0 -1
    outer loop
      vertex 146.784 38.267 0.589999
      vertex 149.453 36.3872 0.589999
      vertex 146.784 36.5988 0.589999
    endloop
  endfacet
  facet normal 0 0 -1
    outer loop
      vertex 149.453 36.3872 0.589999
      vertex 146.784 38.267 0.589999
      vertex 155.035 38.267 0.589999
    endloop
  endfacet
  facet normal 0 0 -1
    outer loop
      vertex 142.318 26.8013 0.589999
      vertex 139.918 26.8013 0.589999
      vertex 142.318 36.4117 0.589999
    endloop
  endfacet
  facet normal 0 0 -1
    outer loop
      vertex 142.318 36.4117 0.589999
      vertex 146.021 38.267 0.589999
      vertex 146.021 36.4117 0.589999
    endloop
  endfacet
  facet normal 0 0 -1
    outer loop
      vertex 139.918 36.4117 0.589999
      vertex 142.318 36.4117 0.589999
      vertex 139.918 26.8013 0.589999
    endloop
  endfacet
  facet normal 0 0 -1
    outer loop
      vertex 139.918 36.4117 0.589999
      vertex 146.021 38.267 0.589999
      vertex 142.318 36.4117 0.589999
    endloop
  endfacet
  facet normal 0 0 -1
    outer loop
      vertex 136.207 38.267 0.589999
      vertex 139.918 36.4117 0.589999
      vertex 136.207 36.4117 0.589999
    endloop
  endfacet
  facet normal 0 0 -1
    outer loop
      vertex 139.918 36.4117 0.589999
      vertex 136.207 38.267 0.589999
      vertex 146.021 38.267 0.589999
    endloop
  endfacet
  facet normal 0 0 -1
    outer loop
      vertex 128.515 29.7308 0.589999
      vertex 124.682 31.5373 0.589999
      vertex 127.978 31.5373 0.589999
    endloop
  endfacet
  facet normal 0 -0 -1
    outer loop
      vertex 124.682 31.5373 0.589999
      vertex 128.515 29.7308 0.589999
      vertex 124.145 29.7308 0.589999
    endloop
  endfacet
  facet normal 0 0 -1
    outer loop
      vertex 128.515 29.7308 0.589999
      vertex 131.933 26.8013 0.589999
      vertex 129.532 26.8013 0.589999
    endloop
  endfacet
  facet normal 0 0 -1
    outer loop
      vertex 127.978 31.5373 0.589999
      vertex 131.933 26.8013 0.589999
      vertex 128.515 29.7308 0.589999
    endloop
  endfacet
  facet normal 0 0 -1
    outer loop
      vertex 127.978 31.5373 0.589999
      vertex 127.75 38.267 0.589999
      vertex 131.933 26.8013 0.589999
    endloop
  endfacet
  facet normal 0 0 -1
    outer loop
      vertex 127.635 32.538 0.589999
      vertex 127.75 38.267 0.589999
      vertex 127.978 31.5373 0.589999
    endloop
  endfacet
  facet normal 0 0 -1
    outer loop
      vertex 127.339 33.4013 0.589999
      vertex 127.75 38.267 0.589999
      vertex 127.635 32.538 0.589999
    endloop
  endfacet
  facet normal 0 0 -1
    outer loop
      vertex 127.091 34.127 0.589999
      vertex 127.75 38.267 0.589999
      vertex 127.339 33.4013 0.589999
    endloop
  endfacet
  facet normal 0 0 -1
    outer loop
      vertex 126.891 34.7152 0.589999
      vertex 127.75 38.267 0.589999
      vertex 127.091 34.127 0.589999
    endloop
  endfacet
  facet normal 0 0 -1
    outer loop
      vertex 126.739 35.1659 0.589999
      vertex 127.75 38.267 0.589999
      vertex 126.891 34.7152 0.589999
    endloop
  endfacet
  facet normal 0 0 -1
    outer loop
      vertex 126.635 35.4791 0.589999
      vertex 127.75 38.267 0.589999
      vertex 126.739 35.1659 0.589999
    endloop
  endfacet
  facet normal 0 0 -1
    outer loop
      vertex 126.578 35.6548 0.589999
      vertex 127.75 38.267 0.589999
      vertex 126.635 35.4791 0.589999
    endloop
  endfacet
  facet normal 0 0 -1
    outer loop
      vertex 126.547 35.7601 0.589999
      vertex 127.75 38.267 0.589999
      vertex 126.578 35.6548 0.589999
    endloop
  endfacet
  facet normal 0 0 -1
    outer loop
      vertex 126.516 35.8621 0.589999
      vertex 127.75 38.267 0.589999
      vertex 126.547 35.7601 0.589999
    endloop
  endfacet
  facet normal 0 0 -1
    outer loop
      vertex 126.487 35.9607 0.589999
      vertex 127.75 38.267 0.589999
      vertex 126.516 35.8621 0.589999
    endloop
  endfacet
  facet normal 0 0 -1
    outer loop
      vertex 126.459 36.0561 0.589999
      vertex 127.75 38.267 0.589999
      vertex 126.487 35.9607 0.589999
    endloop
  endfacet
  facet normal 0 0 -1
    outer loop
      vertex 126.432 36.1481 0.589999
      vertex 127.75 38.267 0.589999
      vertex 126.459 36.0561 0.589999
    endloop
  endfacet
  facet normal 0 0 -1
    outer loop
      vertex 126.407 36.2368 0.589999
      vertex 127.75 38.267 0.589999
      vertex 126.432 36.1481 0.589999
    endloop
  endfacet
  facet normal 0 0 -1
    outer loop
      vertex 126.383 36.3222 0.589999
      vertex 127.75 38.267 0.589999
      vertex 126.407 36.2368 0.589999
    endloop
  endfacet
  facet normal 0 0 -1
    outer loop
      vertex 126.334 36.5012 0.589999
      vertex 127.75 38.267 0.589999
      vertex 126.383 36.3222 0.589999
    endloop
  endfacet
  facet normal 0 0 -1
    outer loop
      vertex 124.918 38.267 0.589999
      vertex 126.163 35.9396 0.589999
      vertex 125.814 34.833 0.589999
    endloop
  endfacet
  facet normal 0 0 -1
    outer loop
      vertex 126.334 36.5012 0.589999
      vertex 124.918 38.267 0.589999
      vertex 127.75 38.267 0.589999
    endloop
  endfacet
  facet normal 0 0 -1
    outer loop
      vertex 126.163 35.9396 0.589999
      vertex 124.918 38.267 0.589999
      vertex 126.334 36.5012 0.589999
    endloop
  endfacet
  facet normal 0 0 -1
    outer loop
      vertex 124.682 31.5373 0.589999
      vertex 124.918 38.267 0.589999
      vertex 125.814 34.833 0.589999
    endloop
  endfacet
  facet normal 0 0 -1
    outer loop
      vertex 120.752 26.8013 0.589999
      vertex 124.682 31.5373 0.589999
      vertex 124.145 29.7308 0.589999
    endloop
  endfacet
  facet normal 0 0 -1
    outer loop
      vertex 120.752 26.8013 0.589999
      vertex 124.145 29.7308 0.589999
      vertex 123.128 26.8013 0.589999
    endloop
  endfacet
  facet normal -0 0 -1
    outer loop
      vertex 124.682 31.5373 0.589999
      vertex 120.752 26.8013 0.589999
      vertex 124.918 38.267 0.589999
    endloop
  endfacet
  facet normal 0 -1 0
    outer loop
      vertex 156.004 38.267 0
      vertex 158.486 38.267 0.589999
      vertex 156.004 38.267 0.589999
    endloop
  endfacet
  facet normal 0 -1 -0
    outer loop
      vertex 158.486 38.267 0.589999
      vertex 156.004 38.267 0
      vertex 158.486 38.267 0
    endloop
  endfacet
  facet normal -0.952597 -0.304235 0
    outer loop
      vertex 160.838 30.9026 0
      vertex 158.486 38.267 0.589999
      vertex 158.486 38.267 0
    endloop
  endfacet
  facet normal -0.952597 -0.304235 0
    outer loop
      vertex 158.486 38.267 0.589999
      vertex 160.838 30.9026 0
      vertex 160.838 30.9026 0.589999
    endloop
  endfacet
  facet normal -0.962131 -0.272586 0
    outer loop
      vertex 161.253 29.4378 0
      vertex 160.838 30.9026 0.589999
      vertex 160.838 30.9026 0
    endloop
  endfacet
  facet normal -0.962131 -0.272586 0
    outer loop
      vertex 160.838 30.9026 0.589999
      vertex 161.253 29.4378 0
      vertex 161.253 29.4378 0.589999
    endloop
  endfacet
  facet normal -0.971427 -0.23734 0
    outer loop
      vertex 161.424 28.7379 0
      vertex 161.253 29.4378 0.589999
      vertex 161.253 29.4378 0
    endloop
  endfacet
  facet normal -0.971427 -0.23734 0
    outer loop
      vertex 161.253 29.4378 0.589999
      vertex 161.424 28.7379 0
      vertex 161.424 28.7379 0.589999
    endloop
  endfacet
  facet normal 0.96646 -0.256818 0
    outer loop
      vertex 161.424 28.7379 0.589999
      vertex 161.53 29.1368 0
      vertex 161.53 29.1368 0.589999
    endloop
  endfacet
  facet normal 0.96646 -0.256818 0
    outer loop
      vertex 161.53 29.1368 0
      vertex 161.424 28.7379 0.589999
      vertex 161.424 28.7379 0
    endloop
  endfacet
  facet normal 0.96586 -0.259063 0
    outer loop
      vertex 161.53 29.1368 0.589999
      vertex 161.629 29.5059 0
      vertex 161.629 29.5059 0.589999
    endloop
  endfacet
  facet normal 0.96586 -0.259063 0
    outer loop
      vertex 161.629 29.5059 0
      vertex 161.53 29.1368 0.589999
      vertex 161.53 29.1368 0
    endloop
  endfacet
  facet normal 0.964389 -0.264489 0
    outer loop
      vertex 161.629 29.5059 0.589999
      vertex 161.722 29.845 0
      vertex 161.722 29.845 0.589999
    endloop
  endfacet
  facet normal 0.964389 -0.264489 0
    outer loop
      vertex 161.722 29.845 0
      vertex 161.629 29.5059 0.589999
      vertex 161.629 29.5059 0
    endloop
  endfacet
  facet normal 0.963451 -0.267885 0
    outer loop
      vertex 161.722 29.845 0.589999
      vertex 161.808 30.1543 0
      vertex 161.808 30.1543 0.589999
    endloop
  endfacet
  facet normal 0.963451 -0.267885 0
    outer loop
      vertex 161.808 30.1543 0
      vertex 161.722 29.845 0.589999
      vertex 161.722 29.845 0
    endloop
  endfacet
  facet normal 0.962249 -0.272172 0
    outer loop
      vertex 161.808 30.1543 0.589999
      vertex 161.887 30.4336 0
      vertex 161.887 30.4336 0.589999
    endloop
  endfacet
  facet normal 0.962249 -0.272172 0
    outer loop
      vertex 161.887 30.4336 0
      vertex 161.808 30.1543 0.589999
      vertex 161.808 30.1543 0
    endloop
  endfacet
  facet normal 0.959763 -0.280812 0
    outer loop
      vertex 161.887 30.4336 0.589999
      vertex 161.96 30.6831 0
      vertex 161.96 30.6831 0.589999
    endloop
  endfacet
  facet normal 0.959763 -0.280812 0
    outer loop
      vertex 161.96 30.6831 0
      vertex 161.887 30.4336 0.589999
      vertex 161.887 30.4336 0
    endloop
  endfacet
  facet normal 0.957646 -0.287948 0
    outer loop
      vertex 161.96 30.6831 0.589999
      vertex 162.026 30.9026 0
      vertex 162.026 30.9026 0.589999
    endloop
  endfacet
  facet normal 0.957646 -0.287948 0
    outer loop
      vertex 162.026 30.9026 0
      vertex 161.96 30.6831 0.589999
      vertex 161.96 30.6831 0
    endloop
  endfacet
  facet normal 0.952297 -0.305174 0
    outer loop
      vertex 162.026 30.9026 0.589999
      vertex 164.386 38.267 0
      vertex 164.386 38.267 0.589999
    endloop
  endfacet
  facet normal 0.952297 -0.305174 0
    outer loop
      vertex 164.386 38.267 0
      vertex 162.026 30.9026 0.589999
      vertex 162.026 30.9026 0
    endloop
  endfacet
  facet normal 0 -1 0
    outer loop
      vertex 164.386 38.267 0
      vertex 166.892 38.267 0.589999
      vertex 164.386 38.267 0.589999
    endloop
  endfacet
  facet normal 0 -1 -0
    outer loop
      vertex 166.892 38.267 0.589999
      vertex 164.386 38.267 0
      vertex 166.892 38.267 0
    endloop
  endfacet
  facet normal -0.93795 0.346771 0
    outer loop
      vertex 162.653 26.8013 0
      vertex 166.892 38.267 0.589999
      vertex 166.892 38.267 0
    endloop
  endfacet
  facet normal -0.93795 0.346771 0
    outer loop
      vertex 166.892 38.267 0.589999
      vertex 162.653 26.8013 0
      vertex 162.653 26.8013 0.589999
    endloop
  endfacet
  facet normal 0 1 -0
    outer loop
      vertex 162.653 26.8013 0
      vertex 160.219 26.8013 0.589999
      vertex 162.653 26.8013 0.589999
    endloop
  endfacet
  facet normal 0 1 0
    outer loop
      vertex 160.219 26.8013 0.589999
      vertex 162.653 26.8013 0
      vertex 160.219 26.8013 0
    endloop
  endfacet
  facet normal 0.938587 0.345042 0
    outer loop
      vertex 160.219 26.8013 0.589999
      vertex 156.004 38.267 0
      vertex 156.004 38.267 0.589999
    endloop
  endfacet
  facet normal 0.938587 0.345042 0
    outer loop
      vertex 156.004 38.267 0
      vertex 160.219 26.8013 0.589999
      vertex 160.219 26.8013 0
    endloop
  endfacet
  facet normal 0 -1 0
    outer loop
      vertex 146.45 28.6811 0
      vertex 152.985 28.6811 0.589999
      vertex 146.45 28.6811 0.589999
    endloop
  endfacet
  facet normal 0 -1 -0
    outer loop
      vertex 152.985 28.6811 0.589999
      vertex 146.45 28.6811 0
      vertex 152.985 28.6811 0
    endloop
  endfacet
  facet normal 0.787286 0.616588 0
    outer loop
      vertex 152.985 28.6811 0.589999
      vertex 146.784 36.5988 0
      vertex 146.784 36.5988 0.589999
    endloop
  endfacet
  facet normal 0.787286 0.616588 0
    outer loop
      vertex 146.784 36.5988 0
      vertex 152.985 28.6811 0.589999
      vertex 152.985 28.6811 0
    endloop
  endfacet
  facet normal 1 -0 0
    outer loop
      vertex 146.784 36.5988 0.589999
      vertex 146.784 38.267 0
      vertex 146.784 38.267 0.589999
    endloop
  endfacet
  facet normal 1 0 0
    outer loop
      vertex 146.784 38.267 0
      vertex 146.784 36.5988 0.589999
      vertex 146.784 36.5988 0
    endloop
  endfacet
  facet normal 0 -1 0
    outer loop
      vertex 146.784 38.267 0
      vertex 155.035 38.267 0.589999
      vertex 146.784 38.267 0.589999
    endloop
  endfacet
  facet normal 0 -1 -0
    outer loop
      vertex 155.035 38.267 0.589999
      vertex 146.784 38.267 0
      vertex 155.035 38.267 0
    endloop
  endfacet
  facet normal -1 0 0
    outer loop
      vertex 155.035 36.3872 0
      vertex 155.035 38.267 0.589999
      vertex 155.035 38.267 0
    endloop
  endfacet
  facet normal -1 -0 0
    outer loop
      vertex 155.035 38.267 0.589999
      vertex 155.035 36.3872 0
      vertex 155.035 36.3872 0.589999
    endloop
  endfacet
  facet normal 0 1 -0
    outer loop
      vertex 155.035 36.3872 0
      vertex 149.453 36.3872 0.589999
      vertex 155.035 36.3872 0.589999
    endloop
  endfacet
  facet normal 0 1 0
    outer loop
      vertex 149.453 36.3872 0.589999
      vertex 155.035 36.3872 0
      vertex 149.453 36.3872 0
    endloop
  endfacet
  facet normal -0.786053 -0.61816 0
    outer loop
      vertex 155.654 28.502 0
      vertex 149.453 36.3872 0.589999
      vertex 149.453 36.3872 0
    endloop
  endfacet
  facet normal -0.786053 -0.61816 0
    outer loop
      vertex 149.453 36.3872 0.589999
      vertex 155.654 28.502 0
      vertex 155.654 28.502 0.589999
    endloop
  endfacet
  facet normal -1 0 0
    outer loop
      vertex 155.654 26.8013 0
      vertex 155.654 28.502 0.589999
      vertex 155.654 28.502 0
    endloop
  endfacet
  facet normal -1 -0 0
    outer loop
      vertex 155.654 28.502 0.589999
      vertex 155.654 26.8013 0
      vertex 155.654 26.8013 0.589999
    endloop
  endfacet
  facet normal 0 1 -0
    outer loop
      vertex 155.654 26.8013 0
      vertex 146.45 26.8013 0.589999
      vertex 155.654 26.8013 0.589999
    endloop
  endfacet
  facet normal 0 1 0
    outer loop
      vertex 146.45 26.8013 0.589999
      vertex 155.654 26.8013 0
      vertex 146.45 26.8013 0
    endloop
  endfacet
  facet normal 1 -0 0
    outer loop
      vertex 146.45 26.8013 0.589999
      vertex 146.45 28.6811 0
      vertex 146.45 28.6811 0.589999
    endloop
  endfacet
  facet normal 1 0 0
    outer loop
      vertex 146.45 28.6811 0
      vertex 146.45 26.8013 0.589999
      vertex 146.45 26.8013 0
    endloop
  endfacet
  facet normal 0 1 -0
    outer loop
      vertex 139.918 36.4117 0
      vertex 136.207 36.4117 0.589999
      vertex 139.918 36.4117 0.589999
    endloop
  endfacet
  facet normal 0 1 0
    outer loop
      vertex 136.207 36.4117 0.589999
      vertex 139.918 36.4117 0
      vertex 136.207 36.4117 0
    endloop
  endfacet
  facet normal 1 -0 0
    outer loop
      vertex 136.207 36.4117 0.589999
      vertex 136.207 38.267 0
      vertex 136.207 38.267 0.589999
    endloop
  endfacet
  facet normal 1 0 0
    outer loop
      vertex 136.207 38.267 0
      vertex 136.207 36.4117 0.589999
      vertex 136.207 36.4117 0
    endloop
  endfacet
  facet normal 0 -1 0
    outer loop
      vertex 136.207 38.267 0
      vertex 146.021 38.267 0.589999
      vertex 136.207 38.267 0.589999
    endloop
  endfacet
  facet normal 0 -1 -0
    outer loop
      vertex 146.021 38.267 0.589999
      vertex 136.207 38.267 0
      vertex 146.021 38.267 0
    endloop
  endfacet
  facet normal -1 0 0
    outer loop
      vertex 146.021 36.4117 0
      vertex 146.021 38.267 0.589999
      vertex 146.021 38.267 0
    endloop
  endfacet
  facet normal -1 -0 0
    outer loop
      vertex 146.021 38.267 0.589999
      vertex 146.021 36.4117 0
      vertex 146.021 36.4117 0.589999
    endloop
  endfacet
  facet normal 0 1 -0
    outer loop
      vertex 146.021 36.4117 0
      vertex 142.318 36.4117 0.589999
      vertex 146.021 36.4117 0.589999
    endloop
  endfacet
  facet normal 0 1 0
    outer loop
      vertex 142.318 36.4117 0.589999
      vertex 146.021 36.4117 0
      vertex 142.318 36.4117 0
    endloop
  endfacet
  facet normal -1 0 0
    outer loop
      vertex 142.318 26.8013 0
      vertex 142.318 36.4117 0.589999
      vertex 142.318 36.4117 0
    endloop
  endfacet
  facet normal -1 -0 0
    outer loop
      vertex 142.318 36.4117 0.589999
      vertex 142.318 26.8013 0
      vertex 142.318 26.8013 0.589999
    endloop
  endfacet
  facet normal 0 1 -0
    outer loop
      vertex 142.318 26.8013 0
      vertex 139.918 26.8013 0.589999
      vertex 142.318 26.8013 0.589999
    endloop
  endfacet
  facet normal 0 1 0
    outer loop
      vertex 139.918 26.8013 0.589999
      vertex 142.318 26.8013 0
      vertex 139.918 26.8013 0
    endloop
  endfacet
  facet normal 1 -0 0
    outer loop
      vertex 139.918 26.8013 0.589999
      vertex 139.918 36.4117 0
      vertex 139.918 36.4117 0.589999
    endloop
  endfacet
  facet normal 1 0 0
    outer loop
      vertex 139.918 36.4117 0
      vertex 139.918 26.8013 0.589999
      vertex 139.918 26.8013 0
    endloop
  endfacet
  facet normal 0 1 -0
    outer loop
      vertex 128.515 29.7308 0
      vertex 124.145 29.7308 0.589999
      vertex 128.515 29.7308 0.589999
    endloop
  endfacet
  facet normal 0 1 0
    outer loop
      vertex 124.145 29.7308 0.589999
      vertex 128.515 29.7308 0
      vertex 124.145 29.7308 0
    endloop
  endfacet
  facet normal -0.944692 0.327958 0
    outer loop
      vertex 123.128 26.8013 0
      vertex 124.145 29.7308 0.589999
      vertex 124.145 29.7308 0
    endloop
  endfacet
  facet normal -0.944692 0.327958 0
    outer loop
      vertex 124.145 29.7308 0.589999
      vertex 123.128 26.8013 0
      vertex 123.128 26.8013 0.589999
    endloop
  endfacet
  facet normal 0 1 -0
    outer loop
      vertex 123.128 26.8013 0
      vertex 120.752 26.8013 0.589999
      vertex 123.128 26.8013 0.589999
    endloop
  endfacet
  facet normal 0 1 0
    outer loop
      vertex 120.752 26.8013 0.589999
      vertex 123.128 26.8013 0
      vertex 120.752 26.8013 0
    endloop
  endfacet
  facet normal 0.939881 -0.341501 0
    outer loop
      vertex 120.752 26.8013 0.589999
      vertex 124.918 38.267 0
      vertex 124.918 38.267 0.589999
    endloop
  endfacet
  facet normal 0.939881 -0.341501 0
    outer loop
      vertex 124.918 38.267 0
      vertex 120.752 26.8013 0.589999
      vertex 120.752 26.8013 0
    endloop
  endfacet
  facet normal 0 -1 0
    outer loop
      vertex 124.918 38.267 0
      vertex 127.75 38.267 0.589999
      vertex 124.918 38.267 0.589999
    endloop
  endfacet
  facet normal 0 -1 -0
    outer loop
      vertex 127.75 38.267 0.589999
      vertex 124.918 38.267 0
      vertex 127.75 38.267 0
    endloop
  endfacet
  facet normal -0.939434 -0.342731 0
    outer loop
      vertex 131.933 26.8013 0
      vertex 127.75 38.267 0.589999
      vertex 127.75 38.267 0
    endloop
  endfacet
  facet normal -0.939434 -0.342731 0
    outer loop
      vertex 127.75 38.267 0.589999
      vertex 131.933 26.8013 0
      vertex 131.933 26.8013 0.589999
    endloop
  endfacet
  facet normal 0 1 -0
    outer loop
      vertex 131.933 26.8013 0
      vertex 129.532 26.8013 0.589999
      vertex 131.933 26.8013 0.589999
    endloop
  endfacet
  facet normal 0 1 0
    outer loop
      vertex 129.532 26.8013 0.589999
      vertex 131.933 26.8013 0
      vertex 129.532 26.8013 0
    endloop
  endfacet
  facet normal 0.944692 0.327958 0
    outer loop
      vertex 129.532 26.8013 0.589999
      vertex 128.515 29.7308 0
      vertex 128.515 29.7308 0.589999
    endloop
  endfacet
  facet normal 0.944692 0.327958 0
    outer loop
      vertex 128.515 29.7308 0
      vertex 129.532 26.8013 0.589999
      vertex 129.532 26.8013 0
    endloop
  endfacet
  facet normal 0.945974 0.324242 0
    outer loop
      vertex 127.978 31.5373 0.589999
      vertex 127.635 32.538 0
      vertex 127.635 32.538 0.589999
    endloop
  endfacet
  facet normal 0.945974 0.324242 0
    outer loop
      vertex 127.635 32.538 0
      vertex 127.978 31.5373 0.589999
      vertex 127.978 31.5373 0
    endloop
  endfacet
  facet normal 0.945942 0.324336 0
    outer loop
      vertex 127.635 32.538 0.589999
      vertex 127.339 33.4013 0
      vertex 127.339 33.4013 0.589999
    endloop
  endfacet
  facet normal 0.945942 0.324336 0
    outer loop
      vertex 127.339 33.4013 0
      vertex 127.635 32.538 0.589999
      vertex 127.635 32.538 0
    endloop
  endfacet
  facet normal 0.94627 0.323377 0
    outer loop
      vertex 127.339 33.4013 0.589999
      vertex 127.091 34.127 0
      vertex 127.091 34.127 0.589999
    endloop
  endfacet
  facet normal 0.94627 0.323377 0
    outer loop
      vertex 127.091 34.127 0
      vertex 127.339 33.4013 0.589999
      vertex 127.339 33.4013 0
    endloop
  endfacet
  facet normal 0.946767 0.32192 0
    outer loop
      vertex 127.091 34.127 0.589999
      vertex 126.891 34.7152 0
      vertex 126.891 34.7152 0.589999
    endloop
  endfacet
  facet normal 0.946767 0.32192 0
    outer loop
      vertex 126.891 34.7152 0
      vertex 127.091 34.127 0.589999
      vertex 127.091 34.127 0
    endloop
  endfacet
  facet normal 0.947563 0.319569 0
    outer loop
      vertex 126.891 34.7152 0.589999
      vertex 126.739 35.1659 0
      vertex 126.739 35.1659 0.589999
    endloop
  endfacet
  facet normal 0.947563 0.319569 0
    outer loop
      vertex 126.739 35.1659 0
      vertex 126.891 34.7152 0.589999
      vertex 126.891 34.7152 0
    endloop
  endfacet
  facet normal 0.949046 0.315137 0
    outer loop
      vertex 126.739 35.1659 0.589999
      vertex 126.635 35.4791 0
      vertex 126.635 35.4791 0.589999
    endloop
  endfacet
  facet normal 0.949046 0.315137 0
    outer loop
      vertex 126.635 35.4791 0
      vertex 126.739 35.1659 0.589999
      vertex 126.739 35.1659 0
    endloop
  endfacet
  facet normal 0.951197 0.308584 0
    outer loop
      vertex 126.635 35.4791 0.589999
      vertex 126.578 35.6548 0
      vertex 126.578 35.6548 0.589999
    endloop
  endfacet
  facet normal 0.951197 0.308584 0
    outer loop
      vertex 126.578 35.6548 0
      vertex 126.635 35.4791 0.589999
      vertex 126.635 35.4791 0
    endloop
  endfacet
  facet normal 0.959293 0.282413 0
    outer loop
      vertex 126.578 35.6548 0.589999
      vertex 126.547 35.7601 0
      vertex 126.547 35.7601 0.589999
    endloop
  endfacet
  facet normal 0.959293 0.282413 0
    outer loop
      vertex 126.547 35.7601 0
      vertex 126.578 35.6548 0.589999
      vertex 126.578 35.6548 0
    endloop
  endfacet
  facet normal 0.956787 0.290788 0
    outer loop
      vertex 126.547 35.7601 0.589999
      vertex 126.516 35.8621 0
      vertex 126.516 35.8621 0.589999
    endloop
  endfacet
  facet normal 0.956787 0.290788 0
    outer loop
      vertex 126.516 35.8621 0
      vertex 126.547 35.7601 0.589999
      vertex 126.547 35.7601 0
    endloop
  endfacet
  facet normal 0.959366 0.282166 0
    outer loop
      vertex 126.516 35.8621 0.589999
      vertex 126.487 35.9607 0
      vertex 126.487 35.9607 0.589999
    endloop
  endfacet
  facet normal 0.959366 0.282166 0
    outer loop
      vertex 126.487 35.9607 0
      vertex 126.516 35.8621 0.589999
      vertex 126.516 35.8621 0
    endloop
  endfacet
  facet normal 0.959526 0.281622 0
    outer loop
      vertex 126.487 35.9607 0.589999
      vertex 126.459 36.0561 0
      vertex 126.459 36.0561 0.589999
    endloop
  endfacet
  facet normal 0.959526 0.281622 0
    outer loop
      vertex 126.459 36.0561 0
      vertex 126.487 35.9607 0.589999
      vertex 126.487 35.9607 0
    endloop
  endfacet
  facet normal 0.959531 0.281602 0
    outer loop
      vertex 126.459 36.0561 0.589999
      vertex 126.432 36.1481 0
      vertex 126.432 36.1481 0.589999
    endloop
  endfacet
  facet normal 0.959531 0.281602 0
    outer loop
      vertex 126.432 36.1481 0
      vertex 126.459 36.0561 0.589999
      vertex 126.459 36.0561 0
    endloop
  endfacet
  facet normal 0.962501 0.27128 0
    outer loop
      vertex 126.432 36.1481 0.589999
      vertex 126.407 36.2368 0
      vertex 126.407 36.2368 0.589999
    endloop
  endfacet
  facet normal 0.962501 0.27128 0
    outer loop
      vertex 126.407 36.2368 0
      vertex 126.432 36.1481 0.589999
      vertex 126.432 36.1481 0
    endloop
  endfacet
  facet normal 0.962706 0.27055 0
    outer loop
      vertex 126.407 36.2368 0.589999
      vertex 126.383 36.3222 0
      vertex 126.383 36.3222 0.589999
    endloop
  endfacet
  facet normal 0.962706 0.27055 0
    outer loop
      vertex 126.383 36.3222 0
      vertex 126.407 36.2368 0.589999
      vertex 126.407 36.2368 0
    endloop
  endfacet
  facet normal 0.964515 0.264029 0
    outer loop
      vertex 126.383 36.3222 0.589999
      vertex 126.334 36.5012 0
      vertex 126.334 36.5012 0.589999
    endloop
  endfacet
  facet normal 0.964515 0.264029 0
    outer loop
      vertex 126.334 36.5012 0
      vertex 126.383 36.3222 0.589999
      vertex 126.383 36.3222 0
    endloop
  endfacet
  facet normal -0.956637 0.291284 0
    outer loop
      vertex 126.163 35.9396 0
      vertex 126.334 36.5012 0.589999
      vertex 126.334 36.5012 0
    endloop
  endfacet
  facet normal -0.956637 0.291284 0
    outer loop
      vertex 126.334 36.5012 0.589999
      vertex 126.163 35.9396 0
      vertex 126.163 35.9396 0.589999
    endloop
  endfacet
  facet normal -0.953695 0.300777 0
    outer loop
      vertex 125.814 34.833 0
      vertex 126.163 35.9396 0.589999
      vertex 126.163 35.9396 0
    endloop
  endfacet
  facet normal -0.953695 0.300777 0
    outer loop
      vertex 126.163 35.9396 0.589999
      vertex 125.814 34.833 0
      vertex 125.814 34.833 0.589999
    endloop
  endfacet
  facet normal -0.945766 0.32485 0
    outer loop
      vertex 124.682 31.5373 0
      vertex 125.814 34.833 0.589999
      vertex 125.814 34.833 0
    endloop
  endfacet
  facet normal -0.945766 0.32485 0
    outer loop
      vertex 125.814 34.833 0.589999
      vertex 124.682 31.5373 0
      vertex 124.682 31.5373 0.589999
    endloop
  endfacet
  facet normal 0 -1 0
    outer loop
      vertex 124.682 31.5373 0
      vertex 127.978 31.5373 0.589999
      vertex 124.682 31.5373 0.589999
    endloop
  endfacet
  facet normal 0 -1 -0
    outer loop
      vertex 127.978 31.5373 0.589999
      vertex 124.682 31.5373 0
      vertex 127.978 31.5373 0
    endloop
  endfacet
  facet normal 0 0 -1
    outer loop
      vertex 48.5917 29.9257 0.589999
      vertex 50.3927 29.7304 0.589999
      vertex 50.3927 28.6725 0.589999
    endloop
  endfacet
  facet normal 0 0 -1
    outer loop
      vertex 50.3927 29.7304 0.589999
      vertex 48.5917 29.9257 0.589999
      vertex 50.3023 29.9172 0.589999
    endloop
  endfacet
  facet normal 0 0 -1
    outer loop
      vertex 50.3023 29.9172 0.589999
      vertex 48.5917 29.9257 0.589999
      vertex 50.2017 30.1028 0.589999
    endloop
  endfacet
  facet normal -0 0 -1
    outer loop
      vertex 50.2017 30.1028 0.589999
      vertex 48.5917 29.9257 0.589999
      vertex 50.0907 30.2871 0.589999
    endloop
  endfacet
  facet normal -0 0 -1
    outer loop
      vertex 50.0907 30.2871 0.589999
      vertex 48.5917 29.9257 0.589999
      vertex 49.9694 30.4699 0.589999
    endloop
  endfacet
  facet normal -0 0 -1
    outer loop
      vertex 49.9694 30.4699 0.589999
      vertex 48.5917 29.9257 0.589999
      vertex 49.8378 30.6515 0.589999
    endloop
  endfacet
  facet normal 0 0 -1
    outer loop
      vertex 48.545 30.0256 0.589999
      vertex 49.8378 30.6515 0.589999
      vertex 48.5917 29.9257 0.589999
    endloop
  endfacet
  facet normal -0 0 -1
    outer loop
      vertex 49.8378 30.6515 0.589999
      vertex 48.545 30.0256 0.589999
      vertex 49.6959 30.8318 0.589999
    endloop
  endfacet
  facet normal 0 0 -1
    outer loop
      vertex 48.4918 30.1237 0.589999
      vertex 49.6959 30.8318 0.589999
      vertex 48.545 30.0256 0.589999
    endloop
  endfacet
  facet normal -0 0 -1
    outer loop
      vertex 49.6959 30.8318 0.589999
      vertex 48.4918 30.1237 0.589999
      vertex 49.5438 31.0107 0.589999
    endloop
  endfacet
  facet normal 0 0 -1
    outer loop
      vertex 48.4321 30.22 0.589999
      vertex 49.5438 31.0107 0.589999
      vertex 48.4918 30.1237 0.589999
    endloop
  endfacet
  facet normal -0 0 -1
    outer loop
      vertex 49.5438 31.0107 0.589999
      vertex 48.4321 30.22 0.589999
      vertex 49.3806 31.19 0.589999
    endloop
  endfacet
  facet normal 0 0 -1
    outer loop
      vertex 48.3658 30.3145 0.589999
      vertex 49.3806 31.19 0.589999
      vertex 48.4321 30.22 0.589999
    endloop
  endfacet
  facet normal 0 0 -1
    outer loop
      vertex 45.0437 28.6725 0.589999
      vertex 48.5917 29.9257 0.589999
      vertex 50.3927 28.6725 0.589999
    endloop
  endfacet
  facet normal -0 0 -1
    outer loop
      vertex 48.5917 29.9257 0.589999
      vertex 45.0437 28.6725 0.589999
      vertex 45.0437 29.9257 0.589999
    endloop
  endfacet
  facet normal 0 0 -1
    outer loop
      vertex 48.293 30.4073 0.589999
      vertex 49.3806 31.19 0.589999
      vertex 48.3658 30.3145 0.589999
    endloop
  endfacet
  facet normal -0 0 -1
    outer loop
      vertex 49.3806 31.19 0.589999
      vertex 48.293 30.4073 0.589999
      vertex 49.2059 31.3716 0.589999
    endloop
  endfacet
  facet normal 0 0 -1
    outer loop
      vertex 48.2137 30.4983 0.589999
      vertex 49.2059 31.3716 0.589999
      vertex 48.293 30.4073 0.589999
    endloop
  endfacet
  facet normal -0 0 -1
    outer loop
      vertex 49.2059 31.3716 0.589999
      vertex 48.2137 30.4983 0.589999
      vertex 49.0195 31.5554 0.589999
    endloop
  endfacet
  facet normal 0 0 -1
    outer loop
      vertex 48.1278 30.5875 0.589999
      vertex 49.0195 31.5554 0.589999
      vertex 48.2137 30.4983 0.589999
    endloop
  endfacet
  facet normal 0 0 -1
    outer loop
      vertex 48.0373 30.6758 0.589999
      vertex 49.0195 31.5554 0.589999
      vertex 48.1278 30.5875 0.589999
    endloop
  endfacet
  facet normal -0 0 -1
    outer loop
      vertex 49.0195 31.5554 0.589999
      vertex 48.0373 30.6758 0.589999
      vertex 48.8215 31.7414 0.589999
    endloop
  endfacet
  facet normal 0 0 -1
    outer loop
      vertex 47.944 30.7638 0.589999
      vertex 48.8215 31.7414 0.589999
      vertex 48.0373 30.6758 0.589999
    endloop
  endfacet
  facet normal 0 0 -1
    outer loop
      vertex 47.848 30.8516 0.589999
      vertex 48.8215 31.7414 0.589999
      vertex 47.944 30.7638 0.589999
    endloop
  endfacet
  facet normal -0 0 -1
    outer loop
      vertex 48.8215 31.7414 0.589999
      vertex 47.848 30.8516 0.589999
      vertex 48.6118 31.9296 0.589999
    endloop
  endfacet
  facet normal 0 0 -1
    outer loop
      vertex 47.7492 30.9391 0.589999
      vertex 48.6118 31.9296 0.589999
      vertex 47.848 30.8516 0.589999
    endloop
  endfacet
  facet normal 0 0 -1
    outer loop
      vertex 47.6476 31.0265 0.589999
      vertex 48.6118 31.9296 0.589999
      vertex 47.7492 30.9391 0.589999
    endloop
  endfacet
  facet normal -0 0 -1
    outer loop
      vertex 48.6118 31.9296 0.589999
      vertex 47.6476 31.0265 0.589999
      vertex 48.3906 32.12 0.589999
    endloop
  endfacet
  facet normal 0 0 -1
    outer loop
      vertex 47.5433 31.1136 0.589999
      vertex 48.3906 32.12 0.589999
      vertex 47.6476 31.0265 0.589999
    endloop
  endfacet
  facet normal 0 0 -1
    outer loop
      vertex 47.4362 31.2005 0.589999
      vertex 48.3906 32.12 0.589999
      vertex 47.5433 31.1136 0.589999
    endloop
  endfacet
  facet normal -0 0 -1
    outer loop
      vertex 48.3906 32.12 0.589999
      vertex 47.4362 31.2005 0.589999
      vertex 48.1577 32.3127 0.589999
    endloop
  endfacet
  facet normal 0 0 -1
    outer loop
      vertex 47.3272 31.2876 0.589999
      vertex 48.1577 32.3127 0.589999
      vertex 47.4362 31.2005 0.589999
    endloop
  endfacet
  facet normal 0 0 -1
    outer loop
      vertex 47.2172 31.3754 0.589999
      vertex 48.1577 32.3127 0.589999
      vertex 47.3272 31.2876 0.589999
    endloop
  endfacet
  facet normal -0 0 -1
    outer loop
      vertex 48.1577 32.3127 0.589999
      vertex 47.2172 31.3754 0.589999
      vertex 47.9381 32.494 0.589999
    endloop
  endfacet
  facet normal 0 0 -1
    outer loop
      vertex 47.1062 31.4639 0.589999
      vertex 47.9381 32.494 0.589999
      vertex 47.2172 31.3754 0.589999
    endloop
  endfacet
  facet normal 0 0 -1
    outer loop
      vertex 46.9942 31.5531 0.589999
      vertex 47.9381 32.494 0.589999
      vertex 47.1062 31.4639 0.589999
    endloop
  endfacet
  facet normal -0 0 -1
    outer loop
      vertex 47.9381 32.494 0.589999
      vertex 46.9942 31.5531 0.589999
      vertex 47.738 32.6661 0.589999
    endloop
  endfacet
  facet normal 0 0 -1
    outer loop
      vertex 46.8812 31.6428 0.589999
      vertex 47.738 32.6661 0.589999
      vertex 46.9942 31.5531 0.589999
    endloop
  endfacet
  facet normal 0 0 -1
    outer loop
      vertex 46.7672 31.7333 0.589999
      vertex 47.738 32.6661 0.589999
      vertex 46.8812 31.6428 0.589999
    endloop
  endfacet
  facet normal -0 0 -1
    outer loop
      vertex 47.738 32.6661 0.589999
      vertex 46.7672 31.7333 0.589999
      vertex 47.5576 32.8288 0.589999
    endloop
  endfacet
  facet normal 0 0 -1
    outer loop
      vertex 46.6522 31.8244 0.589999
      vertex 47.5576 32.8288 0.589999
      vertex 46.7672 31.7333 0.589999
    endloop
  endfacet
  facet normal 0 0 -1
    outer loop
      vertex 46.5383 31.9168 0.589999
      vertex 47.5576 32.8288 0.589999
      vertex 46.6522 31.8244 0.589999
    endloop
  endfacet
  facet normal -0 0 -1
    outer loop
      vertex 47.5576 32.8288 0.589999
      vertex 46.5383 31.9168 0.589999
      vertex 47.3968 32.9823 0.589999
    endloop
  endfacet
  facet normal 0 0 -1
    outer loop
      vertex 46.4273 32.0111 0.589999
      vertex 47.3968 32.9823 0.589999
      vertex 46.5383 31.9168 0.589999
    endloop
  endfacet
  facet normal -0 0 -1
    outer loop
      vertex 47.3968 32.9823 0.589999
      vertex 46.4273 32.0111 0.589999
      vertex 47.2556 33.1264 0.589999
    endloop
  endfacet
  facet normal 0 0 -1
    outer loop
      vertex 46.3193 32.1072 0.589999
      vertex 47.2556 33.1264 0.589999
      vertex 46.4273 32.0111 0.589999
    endloop
  endfacet
  facet normal 0 0 -1
    outer loop
      vertex 46.2142 32.2053 0.589999
      vertex 47.2556 33.1264 0.589999
      vertex 46.3193 32.1072 0.589999
    endloop
  endfacet
  facet normal -0 0 -1
    outer loop
      vertex 47.2556 33.1264 0.589999
      vertex 46.2142 32.2053 0.589999
      vertex 47.134 33.2613 0.589999
    endloop
  endfacet
  facet normal 0 0 -1
    outer loop
      vertex 46.1122 32.3052 0.589999
      vertex 47.134 33.2613 0.589999
      vertex 46.2142 32.2053 0.589999
    endloop
  endfacet
  facet normal 0 0 -1
    outer loop
      vertex 46.0132 32.407 0.589999
      vertex 47.134 33.2613 0.589999
      vertex 46.1122 32.3052 0.589999
    endloop
  endfacet
  facet normal -0 0 -1
    outer loop
      vertex 47.134 33.2613 0.589999
      vertex 46.0132 32.407 0.589999
      vertex 47.032 33.3868 0.589999
    endloop
  endfacet
  facet normal 0 0 -1
    outer loop
      vertex 45.9171 32.5107 0.589999
      vertex 47.032 33.3868 0.589999
      vertex 46.0132 32.407 0.589999
    endloop
  endfacet
  facet normal 0 0 -1
    outer loop
      vertex 48.7924 34.1626 0.589999
      vertex 50.2796 34.5429 0.589999
      vertex 50.3277 34.2494 0.589999
    endloop
  endfacet
  facet normal -0 0 -1
    outer loop
      vertex 50.2796 34.5429 0.589999
      vertex 48.767 34.3076 0.589999
      vertex 50.2096 34.8158 0.589999
    endloop
  endfacet
  facet normal 0 0 -1
    outer loop
      vertex 48.7341 34.4418 0.589999
      vertex 50.2096 34.8158 0.589999
      vertex 48.767 34.3076 0.589999
    endloop
  endfacet
  facet normal 0 0 -1
    outer loop
      vertex 48.6939 34.5653 0.589999
      vertex 50.1179 35.0681 0.589999
      vertex 48.7341 34.4418 0.589999
    endloop
  endfacet
  facet normal -0 0 -1
    outer loop
      vertex 50.1179 35.0681 0.589999
      vertex 48.6939 34.5653 0.589999
      vertex 50.0044 35.2999 0.589999
    endloop
  endfacet
  facet normal -0 0 -1
    outer loop
      vertex 50.0044 35.2999 0.589999
      vertex 48.6462 34.6781 0.589999
      vertex 49.869 35.511 0.589999
    endloop
  endfacet
  facet normal 0 0 -1
    outer loop
      vertex 48.5911 34.7801 0.589999
      vertex 49.869 35.511 0.589999
      vertex 48.6462 34.6781 0.589999
    endloop
  endfacet
  facet normal 0 0 -1
    outer loop
      vertex 48.5286 34.8714 0.589999
      vertex 49.7118 35.7015 0.589999
      vertex 48.5911 34.7801 0.589999
    endloop
  endfacet
  facet normal -0 0 -1
    outer loop
      vertex 49.7118 35.7015 0.589999
      vertex 48.5286 34.8714 0.589999
      vertex 49.5329 35.8715 0.589999
    endloop
  endfacet
  facet normal 0 0 -1
    outer loop
      vertex 50.2796 34.5429 0.589999
      vertex 48.7924 34.1626 0.589999
      vertex 48.767 34.3076 0.589999
    endloop
  endfacet
  facet normal -0 0 -1
    outer loop
      vertex 50.2096 34.8158 0.589999
      vertex 48.7341 34.4418 0.589999
      vertex 50.1179 35.0681 0.589999
    endloop
  endfacet
  facet normal 0 0 -1
    outer loop
      vertex 48.6462 34.6781 0.589999
      vertex 50.0044 35.2999 0.589999
      vertex 48.6939 34.5653 0.589999
    endloop
  endfacet
  facet normal -0 0 -1
    outer loop
      vertex 49.869 35.511 0.589999
      vertex 48.5911 34.7801 0.589999
      vertex 49.7118 35.7015 0.589999
    endloop
  endfacet
  facet normal 0 0 -1
    outer loop
      vertex 48.4587 34.9519 0.589999
      vertex 49.5329 35.8715 0.589999
      vertex 48.5286 34.8714 0.589999
    endloop
  endfacet
  facet normal -0 0 -1
    outer loop
      vertex 49.5329 35.8715 0.589999
      vertex 48.4587 34.9519 0.589999
      vertex 49.3332 36.0197 0.589999
    endloop
  endfacet
  facet normal -0 0 -1
    outer loop
      vertex 49.3332 36.0197 0.589999
      vertex 48.4587 34.9519 0.589999
      vertex 49.1139 36.1451 0.589999
    endloop
  endfacet
  facet normal 0 0 -1
    outer loop
      vertex 48.3804 35.0217 0.589999
      vertex 49.1139 36.1451 0.589999
      vertex 48.4587 34.9519 0.589999
    endloop
  endfacet
  facet normal -0 0 -1
    outer loop
      vertex 49.1139 36.1451 0.589999
      vertex 48.3804 35.0217 0.589999
      vertex 48.8751 36.2478 0.589999
    endloop
  endfacet
  facet normal 0 0 -1
    outer loop
      vertex 48.2927 35.0808 0.589999
      vertex 48.8751 36.2478 0.589999
      vertex 48.3804 35.0217 0.589999
    endloop
  endfacet
  facet normal -0 0 -1
    outer loop
      vertex 48.8751 36.2478 0.589999
      vertex 48.2927 35.0808 0.589999
      vertex 48.6166 36.3276 0.589999
    endloop
  endfacet
  facet normal 0 0 -1
    outer loop
      vertex 48.1955 35.1291 0.589999
      vertex 48.6166 36.3276 0.589999
      vertex 48.2927 35.0808 0.589999
    endloop
  endfacet
  facet normal -0 0 -1
    outer loop
      vertex 48.6166 36.3276 0.589999
      vertex 48.1955 35.1291 0.589999
      vertex 48.3386 36.3846 0.589999
    endloop
  endfacet
  facet normal 0 0 -1
    outer loop
      vertex 48.089 35.1667 0.589999
      vertex 48.3386 36.3846 0.589999
      vertex 48.1955 35.1291 0.589999
    endloop
  endfacet
  facet normal 0 0 -1
    outer loop
      vertex 47.973 35.1936 0.589999
      vertex 48.3386 36.3846 0.589999
      vertex 48.089 35.1667 0.589999
    endloop
  endfacet
  facet normal -0 0 -1
    outer loop
      vertex 48.3386 36.3846 0.589999
      vertex 47.973 35.1936 0.589999
      vertex 48.0409 36.4188 0.589999
    endloop
  endfacet
  facet normal 0 0 -1
    outer loop
      vertex 47.8476 35.2097 0.589999
      vertex 48.0409 36.4188 0.589999
      vertex 47.973 35.1936 0.589999
    endloop
  endfacet
  facet normal 0 0 -1
    outer loop
      vertex 47.8476 35.2097 0.589999
      vertex 47.7237 36.4303 0.589999
      vertex 48.0409 36.4188 0.589999
    endloop
  endfacet
  facet normal 0 0 -1
    outer loop
      vertex 47.7128 35.215 0.589999
      vertex 47.7237 36.4303 0.589999
      vertex 47.8476 35.2097 0.589999
    endloop
  endfacet
  facet normal 0 0 -1
    outer loop
      vertex 47.382 36.4187 0.589999
      vertex 47.7128 35.215 0.589999
      vertex 47.4465 35.1947 0.589999
    endloop
  endfacet
  facet normal 0 0 -1
    outer loop
      vertex 47.7128 35.215 0.589999
      vertex 47.382 36.4187 0.589999
      vertex 47.7237 36.4303 0.589999
    endloop
  endfacet
  facet normal 0 0 -1
    outer loop
      vertex 47.0638 36.3842 0.589999
      vertex 47.4465 35.1947 0.589999
      vertex 47.2212 35.1336 0.589999
    endloop
  endfacet
  facet normal 0 0 -1
    outer loop
      vertex 47.4465 35.1947 0.589999
      vertex 47.0638 36.3842 0.589999
      vertex 47.382 36.4187 0.589999
    endloop
  endfacet
  facet normal 0 0 -1
    outer loop
      vertex 46.4978 36.246 0.589999
      vertex 47.2212 35.1336 0.589999
      vertex 47.0369 35.0317 0.589999
    endloop
  endfacet
  facet normal 0 0 -1
    outer loop
      vertex 46.0257 36.0157 0.589999
      vertex 47.0369 35.0317 0.589999
      vertex 46.8935 34.8891 0.589999
    endloop
  endfacet
  facet normal 0 0 -1
    outer loop
      vertex 45.6493 35.6955 0.589999
      vertex 46.8935 34.8891 0.589999
      vertex 46.7911 34.7057 0.589999
    endloop
  endfacet
  facet normal 0 0 -1
    outer loop
      vertex 47.2212 35.1336 0.589999
      vertex 46.7691 36.3266 0.589999
      vertex 47.0638 36.3842 0.589999
    endloop
  endfacet
  facet normal 0 0 -1
    outer loop
      vertex 45.2846 35.0724 0.589999
      vertex 46.7911 34.7057 0.589999
      vertex 46.7297 34.4817 0.589999
    endloop
  endfacet
  facet normal 0 0 -1
    outer loop
      vertex 45.1766 34.564 0.589999
      vertex 46.7297 34.4817 0.589999
      vertex 46.7092 34.2168 0.589999
    endloop
  endfacet
  facet normal -0 0 -1
    outer loop
      vertex 47.032 33.3868 0.589999
      vertex 45.9171 32.5107 0.589999
      vertex 46.9464 33.5074 0.589999
    endloop
  endfacet
  facet normal 0 0 -1
    outer loop
      vertex 45.825 32.6167 0.589999
      vertex 46.9464 33.5074 0.589999
      vertex 45.9171 32.5107 0.589999
    endloop
  endfacet
  facet normal 0 0 -1
    outer loop
      vertex 45.7378 32.7255 0.589999
      vertex 46.9464 33.5074 0.589999
      vertex 45.825 32.6167 0.589999
    endloop
  endfacet
  facet normal -0 0 -1
    outer loop
      vertex 46.9464 33.5074 0.589999
      vertex 45.7378 32.7255 0.589999
      vertex 46.8739 33.6273 0.589999
    endloop
  endfacet
  facet normal 0 0 -1
    outer loop
      vertex 45.6554 32.837 0.589999
      vertex 46.8739 33.6273 0.589999
      vertex 45.7378 32.7255 0.589999
    endloop
  endfacet
  facet normal 0 0 -1
    outer loop
      vertex 45.5779 32.9513 0.589999
      vertex 46.8739 33.6273 0.589999
      vertex 45.6554 32.837 0.589999
    endloop
  endfacet
  facet normal -0 0 -1
    outer loop
      vertex 46.8739 33.6273 0.589999
      vertex 45.5779 32.9513 0.589999
      vertex 46.8146 33.7465 0.589999
    endloop
  endfacet
  facet normal 0 0 -1
    outer loop
      vertex 45.5053 33.0684 0.589999
      vertex 46.8146 33.7465 0.589999
      vertex 45.5779 32.9513 0.589999
    endloop
  endfacet
  facet normal 0 0 -1
    outer loop
      vertex 45.4375 33.1883 0.589999
      vertex 46.8146 33.7465 0.589999
      vertex 45.5053 33.0684 0.589999
    endloop
  endfacet
  facet normal -0 0 -1
    outer loop
      vertex 46.8146 33.7465 0.589999
      vertex 45.4375 33.1883 0.589999
      vertex 46.7685 33.8651 0.589999
    endloop
  endfacet
  facet normal 0 0 -1
    outer loop
      vertex 45.3746 33.3109 0.589999
      vertex 46.7685 33.8651 0.589999
      vertex 45.4375 33.1883 0.589999
    endloop
  endfacet
  facet normal 0 0 -1
    outer loop
      vertex 45.3185 33.437 0.589999
      vertex 46.7685 33.8651 0.589999
      vertex 45.3746 33.3109 0.589999
    endloop
  endfacet
  facet normal -0 0 -1
    outer loop
      vertex 46.7685 33.8651 0.589999
      vertex 45.3185 33.437 0.589999
      vertex 46.7356 33.983 0.589999
    endloop
  endfacet
  facet normal 0 0 -1
    outer loop
      vertex 45.271 33.5673 0.589999
      vertex 46.7356 33.983 0.589999
      vertex 45.3185 33.437 0.589999
    endloop
  endfacet
  facet normal 0 0 -1
    outer loop
      vertex 45.2321 33.7018 0.589999
      vertex 46.7356 33.983 0.589999
      vertex 45.271 33.5673 0.589999
    endloop
  endfacet
  facet normal -0 0 -1
    outer loop
      vertex 46.7356 33.983 0.589999
      vertex 45.2321 33.7018 0.589999
      vertex 46.7158 34.1002 0.589999
    endloop
  endfacet
  facet normal 0 0 -1
    outer loop
      vertex 45.2019 33.8405 0.589999
      vertex 46.7158 34.1002 0.589999
      vertex 45.2321 33.7018 0.589999
    endloop
  endfacet
  facet normal 0 0 -1
    outer loop
      vertex 45.1803 33.9835 0.589999
      vertex 46.7158 34.1002 0.589999
      vertex 45.2019 33.8405 0.589999
    endloop
  endfacet
  facet normal -0 0 -1
    outer loop
      vertex 46.7158 34.1002 0.589999
      vertex 45.1803 33.9835 0.589999
      vertex 46.7092 34.2168 0.589999
    endloop
  endfacet
  facet normal 0 0 -1
    outer loop
      vertex 45.1674 34.1306 0.589999
      vertex 46.7092 34.2168 0.589999
      vertex 45.1803 33.9835 0.589999
    endloop
  endfacet
  facet normal 0 0 -1
    outer loop
      vertex 45.163 34.2819 0.589999
      vertex 46.7092 34.2168 0.589999
      vertex 45.1674 34.1306 0.589999
    endloop
  endfacet
  facet normal 0 -0 -1
    outer loop
      vertex 45.1766 34.564 0.589999
      vertex 46.7092 34.2168 0.589999
      vertex 45.163 34.2819 0.589999
    endloop
  endfacet
  facet normal 0 0 -1
    outer loop
      vertex 47.2212 35.1336 0.589999
      vertex 46.4978 36.246 0.589999
      vertex 46.7691 36.3266 0.589999
    endloop
  endfacet
  facet normal 0 0 -1
    outer loop
      vertex 46.7911 34.7057 0.589999
      vertex 45.3792 35.2987 0.589999
      vertex 45.5007 35.5064 0.589999
    endloop
  endfacet
  facet normal 0 0 -1
    outer loop
      vertex 46.7297 34.4817 0.589999
      vertex 45.1766 34.564 0.589999
      vertex 45.2171 34.8275 0.589999
    endloop
  endfacet
  facet normal 0 0 -1
    outer loop
      vertex 47.0369 35.0317 0.589999
      vertex 46.25 36.1424 0.589999
      vertex 46.4978 36.246 0.589999
    endloop
  endfacet
  facet normal 0 0 -1
    outer loop
      vertex 46.7911 34.7057 0.589999
      vertex 45.5007 35.5064 0.589999
      vertex 45.6493 35.6955 0.589999
    endloop
  endfacet
  facet normal 0 0 -1
    outer loop
      vertex 46.7297 34.4817 0.589999
      vertex 45.2171 34.8275 0.589999
      vertex 45.2846 35.0724 0.589999
    endloop
  endfacet
  facet normal 0 0 -1
    outer loop
      vertex 47.0369 35.0317 0.589999
      vertex 46.0257 36.0157 0.589999
      vertex 46.25 36.1424 0.589999
    endloop
  endfacet
  facet normal 0 0 -1
    outer loop
      vertex 46.8935 34.8891 0.589999
      vertex 45.6493 35.6955 0.589999
      vertex 45.8249 35.866 0.589999
    endloop
  endfacet
  facet normal 0 0 -1
    outer loop
      vertex 46.8935 34.8891 0.589999
      vertex 45.8249 35.866 0.589999
      vertex 46.0257 36.0157 0.589999
    endloop
  endfacet
  facet normal 0 0 -1
    outer loop
      vertex 46.7911 34.7057 0.589999
      vertex 45.2846 35.0724 0.589999
      vertex 45.3792 35.2987 0.589999
    endloop
  endfacet
  facet normal 0 0 -1
    outer loop
      vertex 42.8753 30.5938 0.589999
      vertex 44.4404 30.4552 0.589999
      vertex 44.3679 30.1805 0.589999
    endloop
  endfacet
  facet normal 0 0 -1
    outer loop
      vertex 42.8753 30.5938 0.589999
      vertex 44.3679 30.1805 0.589999
      vertex 44.2708 29.9264 0.589999
    endloop
  endfacet
  facet normal 0 0 -1
    outer loop
      vertex 42.7747 30.3465 0.589999
      vertex 44.2708 29.9264 0.589999
      vertex 44.1491 29.6927 0.589999
    endloop
  endfacet
  facet normal 0 0 -1
    outer loop
      vertex 42.7747 30.3465 0.589999
      vertex 44.1491 29.6927 0.589999
      vertex 44.0028 29.4795 0.589999
    endloop
  endfacet
  facet normal 0 0 -1
    outer loop
      vertex 42.7747 30.3465 0.589999
      vertex 44.0028 29.4795 0.589999
      vertex 43.832 29.2868 0.589999
    endloop
  endfacet
  facet normal 0 0 -1
    outer loop
      vertex 42.6348 30.1443 0.589999
      vertex 43.832 29.2868 0.589999
      vertex 43.6366 29.1146 0.589999
    endloop
  endfacet
  facet normal 0 0 -1
    outer loop
      vertex 42.6348 30.1443 0.589999
      vertex 43.6366 29.1146 0.589999
      vertex 43.4186 28.9642 0.589999
    endloop
  endfacet
  facet normal 0 0 -1
    outer loop
      vertex 42.4558 29.9869 0.589999
      vertex 43.4186 28.9642 0.589999
      vertex 43.18 28.8369 0.589999
    endloop
  endfacet
  facet normal 0 0 -1
    outer loop
      vertex 44.2708 29.9264 0.589999
      vertex 42.7747 30.3465 0.589999
      vertex 42.8753 30.5938 0.589999
    endloop
  endfacet
  facet normal 0 0 -1
    outer loop
      vertex 42.4558 29.9869 0.589999
      vertex 43.18 28.8369 0.589999
      vertex 42.9208 28.7328 0.589999
    endloop
  endfacet
  facet normal 0 0 -1
    outer loop
      vertex 44.4404 30.4552 0.589999
      vertex 42.9367 30.8859 0.589999
      vertex 44.4883 30.7503 0.589999
    endloop
  endfacet
  facet normal 0 0 -1
    outer loop
      vertex 44.4404 30.4552 0.589999
      vertex 42.8753 30.5938 0.589999
      vertex 42.9367 30.8859 0.589999
    endloop
  endfacet
  facet normal 0 0 -1
    outer loop
      vertex 42.2376 29.8746 0.589999
      vertex 42.9208 28.7328 0.589999
      vertex 42.641 28.6518 0.589999
    endloop
  endfacet
  facet normal 0 0 -1
    outer loop
      vertex 43.832 29.2868 0.589999
      vertex 42.6348 30.1443 0.589999
      vertex 42.7747 30.3465 0.589999
    endloop
  endfacet
  facet normal 0 0 -1
    outer loop
      vertex 43.4186 28.9642 0.589999
      vertex 42.4558 29.9869 0.589999
      vertex 42.6348 30.1443 0.589999
    endloop
  endfacet
  facet normal 0 0 -1
    outer loop
      vertex 42.2376 29.8746 0.589999
      vertex 42.641 28.6518 0.589999
      vertex 42.3407 28.594 0.589999
    endloop
  endfacet
  facet normal 0 0 -1
    outer loop
      vertex 42.9208 28.7328 0.589999
      vertex 42.2376 29.8746 0.589999
      vertex 42.4558 29.9869 0.589999
    endloop
  endfacet
  facet normal 0 0 -1
    outer loop
      vertex 41.9802 29.8071 0.589999
      vertex 42.3407 28.594 0.589999
      vertex 42.0197 28.5593 0.589999
    endloop
  endfacet
  facet normal 0 0 -1
    outer loop
      vertex 42.3407 28.594 0.589999
      vertex 41.9802 29.8071 0.589999
      vertex 42.2376 29.8746 0.589999
    endloop
  endfacet
  facet normal 0 0 -1
    outer loop
      vertex 42.0197 28.5593 0.589999
      vertex 41.6836 29.7847 0.589999
      vertex 41.9802 29.8071 0.589999
    endloop
  endfacet
  facet normal 0 0 -1
    outer loop
      vertex 41.6782 28.5477 0.589999
      vertex 41.6836 29.7847 0.589999
      vertex 42.0197 28.5593 0.589999
    endloop
  endfacet
  facet normal 0 0 -1
    outer loop
      vertex 41.6782 28.5477 0.589999
      vertex 41.5321 29.7902 0.589999
      vertex 41.6836 29.7847 0.589999
    endloop
  endfacet
  facet normal 0 0 -1
    outer loop
      vertex 41.3184 28.5597 0.589999
      vertex 41.5321 29.7902 0.589999
      vertex 41.6782 28.5477 0.589999
    endloop
  endfacet
  facet normal -0 0 -1
    outer loop
      vertex 41.5321 29.7902 0.589999
      vertex 41.3184 28.5597 0.589999
      vertex 41.3905 29.8068 0.589999
    endloop
  endfacet
  facet normal 0 0 -1
    outer loop
      vertex 40.9829 28.5955 0.589999
      vertex 41.3905 29.8068 0.589999
      vertex 41.3184 28.5597 0.589999
    endloop
  endfacet
  facet normal -0 0 -1
    outer loop
      vertex 41.3905 29.8068 0.589999
      vertex 40.9829 28.5955 0.589999
      vertex 41.2588 29.8345 0.589999
    endloop
  endfacet
  facet normal -0 0 -1
    outer loop
      vertex 41.2588 29.8345 0.589999
      vertex 40.9829 28.5955 0.589999
      vertex 41.1372 29.8732 0.589999
    endloop
  endfacet
  facet normal 0 0 -1
    outer loop
      vertex 40.6718 28.6553 0.589999
      vertex 41.1372 29.8732 0.589999
      vertex 40.9829 28.5955 0.589999
    endloop
  endfacet
  facet normal -0 0 -1
    outer loop
      vertex 41.1372 29.8732 0.589999
      vertex 40.6718 28.6553 0.589999
      vertex 41.0255 29.923 0.589999
    endloop
  endfacet
  facet normal 0 0 -1
    outer loop
      vertex 40.3851 28.739 0.589999
      vertex 41.0255 29.923 0.589999
      vertex 40.6718 28.6553 0.589999
    endloop
  endfacet
  facet normal -0 0 -1
    outer loop
      vertex 41.0255 29.923 0.589999
      vertex 40.3851 28.739 0.589999
      vertex 40.9237 29.9839 0.589999
    endloop
  endfacet
  facet normal 0 0 -1
    outer loop
      vertex 40.1227 28.8466 0.589999
      vertex 40.9237 29.9839 0.589999
      vertex 40.3851 28.739 0.589999
    endloop
  endfacet
  facet normal -0 0 -1
    outer loop
      vertex 40.9237 29.9839 0.589999
      vertex 40.1227 28.8466 0.589999
      vertex 40.8319 30.0559 0.589999
    endloop
  endfacet
  facet normal 0 0 -1
    outer loop
      vertex 39.8847 28.9782 0.589999
      vertex 40.8319 30.0559 0.589999
      vertex 40.1227 28.8466 0.589999
    endloop
  endfacet
  facet normal -0 0 -1
    outer loop
      vertex 40.8319 30.0559 0.589999
      vertex 39.8847 28.9782 0.589999
      vertex 40.7513 30.1392 0.589999
    endloop
  endfacet
  facet normal 0 0 -1
    outer loop
      vertex 39.671 29.1336 0.589999
      vertex 40.7513 30.1392 0.589999
      vertex 39.8847 28.9782 0.589999
    endloop
  endfacet
  facet normal -0 0 -1
    outer loop
      vertex 40.7513 30.1392 0.589999
      vertex 39.671 29.1336 0.589999
      vertex 40.6831 30.2344 0.589999
    endloop
  endfacet
  facet normal 0 0 -1
    outer loop
      vertex 39.3256 29.5083 0.589999
      vertex 40.6831 30.2344 0.589999
      vertex 39.4839 29.311 0.589999
    endloop
  endfacet
  facet normal 0 0 -1
    outer loop
      vertex 39.4839 29.311 0.589999
      vertex 40.6831 30.2344 0.589999
      vertex 39.671 29.1336 0.589999
    endloop
  endfacet
  facet normal 0 0 -1
    outer loop
      vertex 40.1148 32.4273 0.589999
      vertex 40.7991 31.5847 0.589999
      vertex 40.7163 31.4926 0.589999
    endloop
  endfacet
  facet normal 0 0 -1
    outer loop
      vertex 39.9215 32.3448 0.589999
      vertex 40.7163 31.4926 0.589999
      vertex 40.6486 31.3908 0.589999
    endloop
  endfacet
  facet normal 0 0 -1
    outer loop
      vertex 39.5843 32.1342 0.589999
      vertex 40.6486 31.3908 0.589999
      vertex 40.5959 31.2792 0.589999
    endloop
  endfacet
  facet normal 0 0 -1
    outer loop
      vertex 39.3145 31.8651 0.589999
      vertex 40.5959 31.2792 0.589999
      vertex 40.5582 31.1578 0.589999
    endloop
  endfacet
  facet normal 0 0 -1
    outer loop
      vertex 40.7991 31.5847 0.589999
      vertex 40.551 32.5469 0.589999
      vertex 40.7939 32.5839 0.589999
    endloop
  endfacet
  facet normal 0 0 -1
    outer loop
      vertex 39.1207 31.5509 0.589999
      vertex 40.5582 31.1578 0.589999
      vertex 40.5356 31.0268 0.589999
    endloop
  endfacet
  facet normal 0 0 -1
    outer loop
      vertex 39.0045 31.1938 0.589999
      vertex 40.5356 31.0268 0.589999
      vertex 40.5281 30.8859 0.589999
    endloop
  endfacet
  facet normal -0 0 -1
    outer loop
      vertex 40.6831 30.2344 0.589999
      vertex 39.3256 29.5083 0.589999
      vertex 40.6273 30.3412 0.589999
    endloop
  endfacet
  facet normal 0 0 -1
    outer loop
      vertex 39.196 29.7255 0.589999
      vertex 40.6273 30.3412 0.589999
      vertex 39.3256 29.5083 0.589999
    endloop
  endfacet
  facet normal -0 0 -1
    outer loop
      vertex 40.6273 30.3412 0.589999
      vertex 39.196 29.7255 0.589999
      vertex 40.5839 30.4598 0.589999
    endloop
  endfacet
  facet normal 0 0 -1
    outer loop
      vertex 38.9657 30.7937 0.589999
      vertex 40.5343 30.7322 0.589999
      vertex 38.9801 30.4968 0.589999
    endloop
  endfacet
  facet normal 0 0 -1
    outer loop
      vertex 40.5343 30.7322 0.589999
      vertex 38.9657 30.7937 0.589999
      vertex 40.5281 30.8859 0.589999
    endloop
  endfacet
  facet normal 0 0 -1
    outer loop
      vertex 40.7991 31.5847 0.589999
      vertex 40.3247 32.4947 0.589999
      vertex 40.551 32.5469 0.589999
    endloop
  endfacet
  facet normal 0 0 -1
    outer loop
      vertex 40.7991 31.5847 0.589999
      vertex 40.1148 32.4273 0.589999
      vertex 40.3247 32.4947 0.589999
    endloop
  endfacet
  facet normal 0 0 -1
    outer loop
      vertex 39.0953 29.9627 0.589999
      vertex 40.5839 30.4598 0.589999
      vertex 39.196 29.7255 0.589999
    endloop
  endfacet
  facet normal 0 -0 -1
    outer loop
      vertex 38.9754 30.9991 0.589999
      vertex 40.5281 30.8859 0.589999
      vertex 38.9657 30.7937 0.589999
    endloop
  endfacet
  facet normal 0 0 -1
    outer loop
      vertex 39.0233 30.2198 0.589999
      vertex 40.5839 30.4598 0.589999
      vertex 39.0953 29.9627 0.589999
    endloop
  endfacet
  facet normal 0 0 -1
    outer loop
      vertex 40.7163 31.4926 0.589999
      vertex 39.9215 32.3448 0.589999
      vertex 40.1148 32.4273 0.589999
    endloop
  endfacet
  facet normal -0 0 -1
    outer loop
      vertex 40.5839 30.4598 0.589999
      vertex 39.0233 30.2198 0.589999
      vertex 40.5529 30.5901 0.589999
    endloop
  endfacet
  facet normal 0 0 -1
    outer loop
      vertex 40.6486 31.3908 0.589999
      vertex 39.7447 32.247 0.589999
      vertex 39.9215 32.3448 0.589999
    endloop
  endfacet
  facet normal 0 -0 -1
    outer loop
      vertex 39.0045 31.1938 0.589999
      vertex 40.5281 30.8859 0.589999
      vertex 38.9754 30.9991 0.589999
    endloop
  endfacet
  facet normal 0 0 -1
    outer loop
      vertex 38.9801 30.4968 0.589999
      vertex 40.5529 30.5901 0.589999
      vertex 39.0233 30.2198 0.589999
    endloop
  endfacet
  facet normal 0 0 -1
    outer loop
      vertex 40.6486 31.3908 0.589999
      vertex 39.5843 32.1342 0.589999
      vertex 39.7447 32.247 0.589999
    endloop
  endfacet
  facet normal -0 0 -1
    outer loop
      vertex 40.5529 30.5901 0.589999
      vertex 38.9801 30.4968 0.589999
      vertex 40.5343 30.7322 0.589999
    endloop
  endfacet
  facet normal 0 0 -1
    outer loop
      vertex 40.5959 31.2792 0.589999
      vertex 39.4404 32.0061 0.589999
      vertex 39.5843 32.1342 0.589999
    endloop
  endfacet
  facet normal 0 0 -1
    outer loop
      vertex 40.5356 31.0268 0.589999
      vertex 39.0045 31.1938 0.589999
      vertex 39.0529 31.3778 0.589999
    endloop
  endfacet
  facet normal 0 0 -1
    outer loop
      vertex 40.5959 31.2792 0.589999
      vertex 39.3145 31.8651 0.589999
      vertex 39.4404 32.0061 0.589999
    endloop
  endfacet
  facet normal 0 0 -1
    outer loop
      vertex 40.5582 31.1578 0.589999
      vertex 39.2079 31.7134 0.589999
      vertex 39.3145 31.8651 0.589999
    endloop
  endfacet
  facet normal 0 0 -1
    outer loop
      vertex 40.5356 31.0268 0.589999
      vertex 39.0529 31.3778 0.589999
      vertex 39.1207 31.5509 0.589999
    endloop
  endfacet
  facet normal 0 0 -1
    outer loop
      vertex 40.5582 31.1578 0.589999
      vertex 39.1207 31.5509 0.589999
      vertex 39.2079 31.7134 0.589999
    endloop
  endfacet
  facet normal 0 0 -1
    outer loop
      vertex 42.5245 31.9383 0.589999
      vertex 42.0254 33.1699 0.589999
      vertex 42.5245 33.1699 0.589999
    endloop
  endfacet
  facet normal 0 0 -1
    outer loop
      vertex 41.9928 31.9383 0.589999
      vertex 42.0254 33.1699 0.589999
      vertex 42.5245 31.9383 0.589999
    endloop
  endfacet
  facet normal 0 0 -1
    outer loop
      vertex 41.9928 31.9383 0.589999
      vertex 41.8445 33.1753 0.589999
      vertex 42.0254 33.1699 0.589999
    endloop
  endfacet
  facet normal 0 0 -1
    outer loop
      vertex 41.7924 31.9328 0.589999
      vertex 41.8445 33.1753 0.589999
      vertex 41.9928 31.9383 0.589999
    endloop
  endfacet
  facet normal 0 0 -1
    outer loop
      vertex 41.7924 31.9328 0.589999
      vertex 41.6769 33.1918 0.589999
      vertex 41.8445 33.1753 0.589999
    endloop
  endfacet
  facet normal 0 0 -1
    outer loop
      vertex 41.6067 31.9162 0.589999
      vertex 41.6769 33.1918 0.589999
      vertex 41.7924 31.9328 0.589999
    endloop
  endfacet
  facet normal 0 0 -1
    outer loop
      vertex 41.6067 31.9162 0.589999
      vertex 41.5225 33.2192 0.589999
      vertex 41.6769 33.1918 0.589999
    endloop
  endfacet
  facet normal 0 0 -1
    outer loop
      vertex 40.7939 32.5839 0.589999
      vertex 41.6067 31.9162 0.589999
      vertex 41.4355 31.8885 0.589999
    endloop
  endfacet
  facet normal 0 0 -1
    outer loop
      vertex 41.6067 31.9162 0.589999
      vertex 40.7939 32.5839 0.589999
      vertex 41.5225 33.2192 0.589999
    endloop
  endfacet
  facet normal 0 0 -1
    outer loop
      vertex 40.7939 32.5839 0.589999
      vertex 41.4355 31.8885 0.589999
      vertex 41.2789 31.8498 0.589999
    endloop
  endfacet
  facet normal 0 0 -1
    outer loop
      vertex 40.7939 32.6056 0.589999
      vertex 41.5225 33.2192 0.589999
      vertex 40.7939 32.5839 0.589999
    endloop
  endfacet
  facet normal -0 0 -1
    outer loop
      vertex 41.5225 33.2192 0.589999
      vertex 40.7939 32.6056 0.589999
      vertex 41.3815 33.2575 0.589999
    endloop
  endfacet
  facet normal 0 0 -1
    outer loop
      vertex 40.7939 32.5839 0.589999
      vertex 41.2789 31.8498 0.589999
      vertex 41.137 31.7999 0.589999
    endloop
  endfacet
  facet normal -0 0 -1
    outer loop
      vertex 41.3815 33.2575 0.589999
      vertex 40.7939 32.6056 0.589999
      vertex 41.2537 33.3068 0.589999
    endloop
  endfacet
  facet normal 0 0 -1
    outer loop
      vertex 40.7939 32.5839 0.589999
      vertex 41.137 31.7999 0.589999
      vertex 41.0097 31.739 0.589999
    endloop
  endfacet
  facet normal -0 0 -1
    outer loop
      vertex 41.2537 33.3068 0.589999
      vertex 40.7939 32.6056 0.589999
      vertex 41.1392 33.3671 0.589999
    endloop
  endfacet
  facet normal 0 0 -1
    outer loop
      vertex 40.7939 32.5839 0.589999
      vertex 41.0097 31.739 0.589999
      vertex 40.897 31.6671 0.589999
    endloop
  endfacet
  facet normal -0 0 -1
    outer loop
      vertex 41.1392 33.3671 0.589999
      vertex 40.7939 32.6056 0.589999
      vertex 41.038 33.4383 0.589999
    endloop
  endfacet
  facet normal -0 0 -1
    outer loop
      vertex 41.038 33.4383 0.589999
      vertex 40.5752 32.6553 0.589999
      vertex 40.9502 33.5198 0.589999
    endloop
  endfacet
  facet normal 0 0 -1
    outer loop
      vertex 40.7939 32.5839 0.589999
      vertex 40.897 31.6671 0.589999
      vertex 40.7991 31.5847 0.589999
    endloop
  endfacet
  facet normal 0 0 -1
    outer loop
      vertex 40.5752 32.6553 0.589999
      vertex 41.038 33.4383 0.589999
      vertex 40.7939 32.6056 0.589999
    endloop
  endfacet
  facet normal 0 0 -1
    outer loop
      vertex 40.3716 32.7177 0.589999
      vertex 40.9502 33.5198 0.589999
      vertex 40.5752 32.6553 0.589999
    endloop
  endfacet
  facet normal -0 0 -1
    outer loop
      vertex 40.9502 33.5198 0.589999
      vertex 40.3716 32.7177 0.589999
      vertex 40.8759 33.6106 0.589999
    endloop
  endfacet
  facet normal 0 0 -1
    outer loop
      vertex 40.1833 32.7926 0.589999
      vertex 40.8759 33.6106 0.589999
      vertex 40.3716 32.7177 0.589999
    endloop
  endfacet
  facet normal 0 0 -1
    outer loop
      vertex 40.0101 32.8802 0.589999
      vertex 40.8759 33.6106 0.589999
      vertex 40.1833 32.7926 0.589999
    endloop
  endfacet
  facet normal 0 0 -1
    outer loop
      vertex 39.852 32.9804 0.589999
      vertex 40.8151 33.7109 0.589999
      vertex 40.0101 32.8802 0.589999
    endloop
  endfacet
  facet normal -0 0 -1
    outer loop
      vertex 40.8759 33.6106 0.589999
      vertex 40.0101 32.8802 0.589999
      vertex 40.8151 33.7109 0.589999
    endloop
  endfacet
  facet normal 0 0 -1
    outer loop
      vertex 42.8337 34.2168 0.589999
      vertex 44.3122 34.5987 0.589999
      vertex 44.3581 34.3254 0.589999
    endloop
  endfacet
  facet normal -0 0 -1
    outer loop
      vertex 44.3122 34.5987 0.589999
      vertex 42.8163 34.3488 0.589999
      vertex 44.2425 34.8546 0.589999
    endloop
  endfacet
  facet normal 0 0 -1
    outer loop
      vertex 42.7887 34.4719 0.589999
      vertex 44.2425 34.8546 0.589999
      vertex 42.8163 34.3488 0.589999
    endloop
  endfacet
  facet normal 0 0 -1
    outer loop
      vertex 42.7512 34.5862 0.589999
      vertex 44.1492 35.0929 0.589999
      vertex 42.7887 34.4719 0.589999
    endloop
  endfacet
  facet normal -0 0 -1
    outer loop
      vertex 44.1492 35.0929 0.589999
      vertex 42.7512 34.5862 0.589999
      vertex 44.0322 35.3138 0.589999
    endloop
  endfacet
  facet normal -0 0 -1
    outer loop
      vertex 44.0322 35.3138 0.589999
      vertex 42.7035 34.6916 0.589999
      vertex 43.8915 35.5172 0.589999
    endloop
  endfacet
  facet normal 0 0 -1
    outer loop
      vertex 42.6458 34.7881 0.589999
      vertex 43.8915 35.5172 0.589999
      vertex 42.7035 34.6916 0.589999
    endloop
  endfacet
  facet normal -0 0 -1
    outer loop
      vertex 43.7271 35.7031 0.589999
      vertex 42.6458 34.7881 0.589999
      vertex 43.539 35.8715 0.589999
    endloop
  endfacet
  facet normal 0 0 -1
    outer loop
      vertex 42.578 34.8758 0.589999
      vertex 43.539 35.8715 0.589999
      vertex 42.6458 34.7881 0.589999
    endloop
  endfacet
  facet normal 0 0 -1
    outer loop
      vertex 44.3122 34.5987 0.589999
      vertex 42.8337 34.2168 0.589999
      vertex 42.8163 34.3488 0.589999
    endloop
  endfacet
  facet normal -0 0 -1
    outer loop
      vertex 44.2425 34.8546 0.589999
      vertex 42.7887 34.4719 0.589999
      vertex 44.1492 35.0929 0.589999
    endloop
  endfacet
  facet normal 0 0 -1
    outer loop
      vertex 42.7035 34.6916 0.589999
      vertex 44.0322 35.3138 0.589999
      vertex 42.7512 34.5862 0.589999
    endloop
  endfacet
  facet normal -0 0 -1
    outer loop
      vertex 43.8915 35.5172 0.589999
      vertex 42.6458 34.7881 0.589999
      vertex 43.7271 35.7031 0.589999
    endloop
  endfacet
  facet normal -0 0 -1
    outer loop
      vertex 43.539 35.8715 0.589999
      vertex 42.578 34.8758 0.589999
      vertex 43.3303 36.0197 0.589999
    endloop
  endfacet
  facet normal 0 0 -1
    outer loop
      vertex 42.5001 34.9547 0.589999
      vertex 43.3303 36.0197 0.589999
      vertex 42.578 34.8758 0.589999
    endloop
  endfacet
  facet normal -0 0 -1
    outer loop
      vertex 43.3303 36.0197 0.589999
      vertex 42.5001 34.9547 0.589999
      vertex 43.1041 36.1451 0.589999
    endloop
  endfacet
  facet normal 0 0 -1
    outer loop
      vertex 42.4135 35.0237 0.589999
      vertex 43.1041 36.1451 0.589999
      vertex 42.5001 34.9547 0.589999
    endloop
  endfacet
  facet normal -0 0 -1
    outer loop
      vertex 43.1041 36.1451 0.589999
      vertex 42.4135 35.0237 0.589999
      vertex 42.8604 36.2478 0.589999
    endloop
  endfacet
  facet normal 0 0 -1
    outer loop
      vertex 42.3194 35.0822 0.589999
      vertex 42.8604 36.2478 0.589999
      vertex 42.4135 35.0237 0.589999
    endloop
  endfacet
  facet normal -0 0 -1
    outer loop
      vertex 42.8604 36.2478 0.589999
      vertex 42.3194 35.0822 0.589999
      vertex 42.5992 36.3276 0.589999
    endloop
  endfacet
  facet normal 0 0 -1
    outer loop
      vertex 42.2179 35.13 0.589999
      vertex 42.5992 36.3276 0.589999
      vertex 42.3194 35.0822 0.589999
    endloop
  endfacet
  facet normal 0 0 -1
    outer loop
      vertex 42.1091 35.1672 0.589999
      vertex 42.5992 36.3276 0.589999
      vertex 42.2179 35.13 0.589999
    endloop
  endfacet
  facet normal -0 0 -1
    outer loop
      vertex 42.5992 36.3276 0.589999
      vertex 42.1091 35.1672 0.589999
      vertex 42.3206 36.3846 0.589999
    endloop
  endfacet
  facet normal 0 0 -1
    outer loop
      vertex 41.9927 35.1938 0.589999
      vertex 42.3206 36.3846 0.589999
      vertex 42.1091 35.1672 0.589999
    endloop
  endfacet
  facet normal -0 0 -1
    outer loop
      vertex 42.3206 36.3846 0.589999
      vertex 41.9927 35.1938 0.589999
      vertex 42.0244 36.4188 0.589999
    endloop
  endfacet
  facet normal 0 0 -1
    outer loop
      vertex 41.869 35.2097 0.589999
      vertex 42.0244 36.4188 0.589999
      vertex 41.9927 35.1938 0.589999
    endloop
  endfacet
  facet normal 0 0 -1
    outer loop
      vertex 41.7107 36.4303 0.589999
      vertex 41.869 35.2097 0.589999
      vertex 41.7379 35.215 0.589999
    endloop
  endfacet
  facet normal 0 0 -1
    outer loop
      vertex 41.869 35.2097 0.589999
      vertex 41.7107 36.4303 0.589999
      vertex 42.0244 36.4188 0.589999
    endloop
  endfacet
  facet normal 0 0 -1
    outer loop
      vertex 41.5986 35.2096 0.589999
      vertex 41.7107 36.4303 0.589999
      vertex 41.7379 35.215 0.589999
    endloop
  endfacet
  facet normal 0 0 -1
    outer loop
      vertex 41.3789 36.4192 0.589999
      vertex 41.5986 35.2096 0.589999
      vertex 41.4693 35.1931 0.589999
    endloop
  endfacet
  facet normal 0 0 -1
    outer loop
      vertex 41.5986 35.2096 0.589999
      vertex 41.3789 36.4192 0.589999
      vertex 41.7107 36.4303 0.589999
    endloop
  endfacet
  facet normal 0 0 -1
    outer loop
      vertex 41.0684 36.3862 0.589999
      vertex 41.4693 35.1931 0.589999
      vertex 41.3497 35.1657 0.589999
    endloop
  endfacet
  facet normal 0 0 -1
    outer loop
      vertex 41.0684 36.3862 0.589999
      vertex 41.3497 35.1657 0.589999
      vertex 41.2401 35.1274 0.589999
    endloop
  endfacet
  facet normal 0 0 -1
    outer loop
      vertex 40.7792 36.3311 0.589999
      vertex 41.2401 35.1274 0.589999
      vertex 41.1403 35.078 0.589999
    endloop
  endfacet
  facet normal 0 0 -1
    outer loop
      vertex 41.4693 35.1931 0.589999
      vertex 41.0684 36.3862 0.589999
      vertex 41.3789 36.4192 0.589999
    endloop
  endfacet
  facet normal 0 0 -1
    outer loop
      vertex 40.5115 36.254 0.589999
      vertex 41.1403 35.078 0.589999
      vertex 41.0503 35.0177 0.589999
    endloop
  endfacet
  facet normal 0 0 -1
    outer loop
      vertex 40.2651 36.1548 0.589999
      vertex 41.0503 35.0177 0.589999
      vertex 40.9702 34.9465 0.589999
    endloop
  endfacet
  facet normal 0 0 -1
    outer loop
      vertex 40.0401 36.0336 0.589999
      vertex 40.9702 34.9465 0.589999
      vertex 40.9004 34.8656 0.589999
    endloop
  endfacet
  facet normal 0 0 -1
    outer loop
      vertex 39.6572 35.7277 0.589999
      vertex 40.9004 34.8656 0.589999
      vertex 40.8413 34.7764 0.589999
    endloop
  endfacet
  facet normal 0 0 -1
    outer loop
      vertex 39.5056 35.5481 0.589999
      vertex 40.8413 34.7764 0.589999
      vertex 40.793 34.6789 0.589999
    endloop
  endfacet
  facet normal 0 0 -1
    outer loop
      vertex 41.2401 35.1274 0.589999
      vertex 40.7792 36.3311 0.589999
      vertex 41.0684 36.3862 0.589999
    endloop
  endfacet
  facet normal 0 0 -1
    outer loop
      vertex 39.2851 35.138 0.589999
      vertex 40.793 34.6789 0.589999
      vertex 40.7554 34.5732 0.589999
    endloop
  endfacet
  facet normal 0 0 -1
    outer loop
      vertex 39.2161 34.9076 0.589999
      vertex 40.7554 34.5732 0.589999
      vertex 40.7286 34.4591 0.589999
    endloop
  endfacet
  facet normal 0 0 -1
    outer loop
      vertex 39.1748 34.6602 0.589999
      vertex 40.7286 34.4591 0.589999
      vertex 40.7124 34.3367 0.589999
    endloop
  endfacet
  facet normal 0 0 -1
    outer loop
      vertex 39.1696 34.1965 0.589999
      vertex 40.7124 34.3367 0.589999
      vertex 40.7071 34.206 0.589999
    endloop
  endfacet
  facet normal -0 0 -1
    outer loop
      vertex 40.8151 33.7109 0.589999
      vertex 39.852 32.9804 0.589999
      vertex 40.7679 33.8205 0.589999
    endloop
  endfacet
  facet normal 0 0 -1
    outer loop
      vertex 41.1403 35.078 0.589999
      vertex 40.5115 36.254 0.589999
      vertex 40.7792 36.3311 0.589999
    endloop
  endfacet
  facet normal 0 0 -1
    outer loop
      vertex 39.7092 33.0932 0.589999
      vertex 40.7679 33.8205 0.589999
      vertex 39.852 32.9804 0.589999
    endloop
  endfacet
  facet normal 0 0 -1
    outer loop
      vertex 41.0503 35.0177 0.589999
      vertex 40.2651 36.1548 0.589999
      vertex 40.5115 36.254 0.589999
    endloop
  endfacet
  facet normal 0 0 -1
    outer loop
      vertex 39.5815 33.2187 0.589999
      vertex 40.7679 33.8205 0.589999
      vertex 39.7092 33.0932 0.589999
    endloop
  endfacet
  facet normal 0 0 -1
    outer loop
      vertex 40.9702 34.9465 0.589999
      vertex 40.0401 36.0336 0.589999
      vertex 40.2651 36.1548 0.589999
    endloop
  endfacet
  facet normal -0 0 -1
    outer loop
      vertex 40.7679 33.8205 0.589999
      vertex 39.5815 33.2187 0.589999
      vertex 40.7341 33.9396 0.589999
    endloop
  endfacet
  facet normal 0 0 -1
    outer loop
      vertex 39.4699 33.3556 0.589999
      vertex 40.7341 33.9396 0.589999
      vertex 39.5815 33.2187 0.589999
    endloop
  endfacet
  facet normal 0 0 -1
    outer loop
      vertex 40.7286 34.4591 0.589999
      vertex 39.1748 34.6602 0.589999
      vertex 39.2161 34.9076 0.589999
    endloop
  endfacet
  facet normal 0 0 -1
    outer loop
      vertex 39.3755 33.503 0.589999
      vertex 40.7341 33.9396 0.589999
      vertex 39.4699 33.3556 0.589999
    endloop
  endfacet
  facet normal 0 0 -1
    outer loop
      vertex 40.9004 34.8656 0.589999
      vertex 39.8364 35.8904 0.589999
      vertex 40.0401 36.0336 0.589999
    endloop
  endfacet
  facet normal -0 0 -1
    outer loop
      vertex 40.7341 33.9396 0.589999
      vertex 39.3755 33.503 0.589999
      vertex 40.7138 34.0681 0.589999
    endloop
  endfacet
  facet normal 0 0 -1
    outer loop
      vertex 40.9004 34.8656 0.589999
      vertex 39.6572 35.7277 0.589999
      vertex 39.8364 35.8904 0.589999
    endloop
  endfacet
  facet normal 0 0 -1
    outer loop
      vertex 39.2983 33.6607 0.589999
      vertex 40.7138 34.0681 0.589999
      vertex 39.3755 33.503 0.589999
    endloop
  endfacet
  facet normal 0 0 -1
    outer loop
      vertex 40.8413 34.7764 0.589999
      vertex 39.5056 35.5481 0.589999
      vertex 39.6572 35.7277 0.589999
    endloop
  endfacet
  facet normal 0 0 -1
    outer loop
      vertex 39.2382 33.8289 0.589999
      vertex 40.7138 34.0681 0.589999
      vertex 39.2983 33.6607 0.589999
    endloop
  endfacet
  facet normal -0 0 -1
    outer loop
      vertex 40.7138 34.0681 0.589999
      vertex 39.2382 33.8289 0.589999
      vertex 40.7071 34.206 0.589999
    endloop
  endfacet
  facet normal 0 0 -1
    outer loop
      vertex 40.793 34.6789 0.589999
      vertex 39.3815 35.3515 0.589999
      vertex 39.5056 35.5481 0.589999
    endloop
  endfacet
  facet normal 0 0 -1
    outer loop
      vertex 39.1953 34.0075 0.589999
      vertex 40.7071 34.206 0.589999
      vertex 39.2382 33.8289 0.589999
    endloop
  endfacet
  facet normal 0 0 -1
    outer loop
      vertex 40.793 34.6789 0.589999
      vertex 39.2851 35.138 0.589999
      vertex 39.3815 35.3515 0.589999
    endloop
  endfacet
  facet normal 0 0 -1
    outer loop
      vertex 40.7071 34.206 0.589999
      vertex 39.1953 34.0075 0.589999
      vertex 39.1696 34.1965 0.589999
    endloop
  endfacet
  facet normal 0 0 -1
    outer loop
      vertex 40.7554 34.5732 0.589999
      vertex 39.2161 34.9076 0.589999
      vertex 39.2851 35.138 0.589999
    endloop
  endfacet
  facet normal -0 0 -1
    outer loop
      vertex 40.7124 34.3367 0.589999
      vertex 39.1696 34.1965 0.589999
      vertex 39.161 34.3959 0.589999
    endloop
  endfacet
  facet normal 0 0 -1
    outer loop
      vertex 40.7124 34.3367 0.589999
      vertex 39.161 34.3959 0.589999
      vertex 39.1748 34.6602 0.589999
    endloop
  endfacet
  facet normal 0 0 -1
    outer loop
      vertex 36.7428 32.7897 0.589999
      vertex 38.2634 32.879 0.589999
      vertex 38.2693 32.4971 0.589999
    endloop
  endfacet
  facet normal 0 0 -1
    outer loop
      vertex 36.7367 33.0629 0.589999
      vertex 38.2634 32.879 0.589999
      vertex 36.7428 32.7897 0.589999
    endloop
  endfacet
  facet normal 0 0 -1
    outer loop
      vertex 36.7362 31.9363 0.589999
      vertex 38.2693 32.4971 0.589999
      vertex 38.2157 31.4537 0.589999
    endloop
  endfacet
  facet normal 0 0 -1
    outer loop
      vertex 36.7428 32.7897 0.589999
      vertex 38.2693 32.4971 0.589999
      vertex 36.7449 32.4971 0.589999
    endloop
  endfacet
  facet normal 0 0 -1
    outer loop
      vertex 36.7264 33.3167 0.589999
      vertex 38.2458 33.2402 0.589999
      vertex 36.7367 33.0629 0.589999
    endloop
  endfacet
  facet normal 0 0 -1
    outer loop
      vertex 38.2458 33.2402 0.589999
      vertex 36.7264 33.3167 0.589999
      vertex 38.2165 33.5809 0.589999
    endloop
  endfacet
  facet normal 0 0 -1
    outer loop
      vertex 36.6909 31.2353 0.589999
      vertex 38.2157 31.4537 0.589999
      vertex 38.0549 30.5707 0.589999
    endloop
  endfacet
  facet normal 0 0 -1
    outer loop
      vertex 38.2634 32.879 0.589999
      vertex 36.7367 33.0629 0.589999
      vertex 38.2458 33.2402 0.589999
    endloop
  endfacet
  facet normal -0 0 -1
    outer loop
      vertex 38.2165 33.5809 0.589999
      vertex 36.7121 33.5511 0.589999
      vertex 38.1754 33.9009 0.589999
    endloop
  endfacet
  facet normal 0 0 -1
    outer loop
      vertex 36.6937 33.7662 0.589999
      vertex 38.1754 33.9009 0.589999
      vertex 36.7121 33.5511 0.589999
    endloop
  endfacet
  facet normal 0 0 -1
    outer loop
      vertex 36.6063 30.7001 0.589999
      vertex 38.0549 30.5707 0.589999
      vertex 37.787 29.8483 0.589999
    endloop
  endfacet
  facet normal 0 0 -1
    outer loop
      vertex 36.7121 33.5511 0.589999
      vertex 38.2165 33.5809 0.589999
      vertex 36.7264 33.3167 0.589999
    endloop
  endfacet
  facet normal 0 0 -1
    outer loop
      vertex 36.6712 33.9619 0.589999
      vertex 38.1226 34.2004 0.589999
      vertex 36.6937 33.7662 0.589999
    endloop
  endfacet
  facet normal 0 0 -1
    outer loop
      vertex 36.6445 34.1382 0.589999
      vertex 38.1226 34.2004 0.589999
      vertex 36.6712 33.9619 0.589999
    endloop
  endfacet
  facet normal 0 0 -1
    outer loop
      vertex 36.4243 30.1908 0.589999
      vertex 37.787 29.8483 0.589999
      vertex 37.4119 29.2864 0.589999
    endloop
  endfacet
  facet normal -0 0 -1
    outer loop
      vertex 38.1754 33.9009 0.589999
      vertex 36.6937 33.7662 0.589999
      vertex 38.1226 34.2004 0.589999
    endloop
  endfacet
  facet normal 0 0 -1
    outer loop
      vertex 36.6131 34.2982 0.589999
      vertex 38.058 34.4793 0.589999
      vertex 36.6445 34.1382 0.589999
    endloop
  endfacet
  facet normal 0 0 -1
    outer loop
      vertex 36.5761 34.4449 0.589999
      vertex 37.9817 34.7376 0.589999
      vertex 36.6131 34.2982 0.589999
    endloop
  endfacet
  facet normal 0 0 -1
    outer loop
      vertex 36.3027 30.0179 0.589999
      vertex 37.4119 29.2864 0.589999
      vertex 36.9296 28.8851 0.589999
    endloop
  endfacet
  facet normal -0 0 -1
    outer loop
      vertex 38.1226 34.2004 0.589999
      vertex 36.6445 34.1382 0.589999
      vertex 38.058 34.4793 0.589999
    endloop
  endfacet
  facet normal -0 0 -1
    outer loop
      vertex 38.058 34.4793 0.589999
      vertex 36.6131 34.2982 0.589999
      vertex 37.9817 34.7376 0.589999
    endloop
  endfacet
  facet normal -0 0 -1
    outer loop
      vertex 38.2693 32.4971 0.589999
      vertex 36.7427 32.2073 0.589999
      vertex 36.7449 32.4971 0.589999
    endloop
  endfacet
  facet normal 0 0 -1
    outer loop
      vertex 38.2693 32.4971 0.589999
      vertex 36.7362 31.9363 0.589999
      vertex 36.7427 32.2073 0.589999
    endloop
  endfacet
  facet normal 0 0 -1
    outer loop
      vertex 38.2157 31.4537 0.589999
      vertex 36.7254 31.6839 0.589999
      vertex 36.7362 31.9363 0.589999
    endloop
  endfacet
  facet normal -0 0 -1
    outer loop
      vertex 38.2157 31.4537 0.589999
      vertex 36.7103 31.4502 0.589999
      vertex 36.7254 31.6839 0.589999
    endloop
  endfacet
  facet normal 0 0 -1
    outer loop
      vertex 38.2157 31.4537 0.589999
      vertex 36.6909 31.2353 0.589999
      vertex 36.7103 31.4502 0.589999
    endloop
  endfacet
  facet normal 0 0 -1
    outer loop
      vertex 38.0549 30.5707 0.589999
      vertex 36.6672 31.039 0.589999
      vertex 36.6909 31.2353 0.589999
    endloop
  endfacet
  facet normal 0 0 -1
    outer loop
      vertex 38.0549 30.5707 0.589999
      vertex 36.6391 30.8615 0.589999
      vertex 36.6672 31.039 0.589999
    endloop
  endfacet
  facet normal 0 0 -1
    outer loop
      vertex 38.0549 30.5707 0.589999
      vertex 36.6063 30.7001 0.589999
      vertex 36.6391 30.8615 0.589999
    endloop
  endfacet
  facet normal 0 0 -1
    outer loop
      vertex 37.787 29.8483 0.589999
      vertex 36.5685 30.5524 0.589999
      vertex 36.6063 30.7001 0.589999
    endloop
  endfacet
  facet normal 0 0 -1
    outer loop
      vertex 37.787 29.8483 0.589999
      vertex 36.5255 30.4182 0.589999
      vertex 36.5685 30.5524 0.589999
    endloop
  endfacet
  facet normal 0 0 -1
    outer loop
      vertex 37.787 29.8483 0.589999
      vertex 36.4774 30.2977 0.589999
      vertex 36.5255 30.4182 0.589999
    endloop
  endfacet
  facet normal 0 0 -1
    outer loop
      vertex 37.787 29.8483 0.589999
      vertex 36.4243 30.1908 0.589999
      vertex 36.4774 30.2977 0.589999
    endloop
  endfacet
  facet normal 0 0 -1
    outer loop
      vertex 37.4119 29.2864 0.589999
      vertex 36.3661 30.0975 0.589999
      vertex 36.4243 30.1908 0.589999
    endloop
  endfacet
  facet normal 0 0 -1
    outer loop
      vertex 36.1539 29.893 0.589999
      vertex 36.9296 28.8851 0.589999
      vertex 36.3402 28.6443 0.589999
    endloop
  endfacet
  facet normal 0 0 -1
    outer loop
      vertex 37.4119 29.2864 0.589999
      vertex 36.3027 30.0179 0.589999
      vertex 36.3661 30.0975 0.589999
    endloop
  endfacet
  facet normal 0 0 -1
    outer loop
      vertex 36.9296 28.8851 0.589999
      vertex 36.2326 29.9502 0.589999
      vertex 36.3027 30.0179 0.589999
    endloop
  endfacet
  facet normal 0 0 -1
    outer loop
      vertex 36.9296 28.8851 0.589999
      vertex 36.1539 29.893 0.589999
      vertex 36.2326 29.9502 0.589999
    endloop
  endfacet
  facet normal 0 0 -1
    outer loop
      vertex 36.3402 28.6443 0.589999
      vertex 36.0667 29.8462 0.589999
      vertex 36.1539 29.893 0.589999
    endloop
  endfacet
  facet normal 0 0 -1
    outer loop
      vertex 36.3402 28.6443 0.589999
      vertex 35.971 29.8097 0.589999
      vertex 36.0667 29.8462 0.589999
    endloop
  endfacet
  facet normal 0 0 -1
    outer loop
      vertex 36.3402 28.6443 0.589999
      vertex 35.8668 29.7837 0.589999
      vertex 35.971 29.8097 0.589999
    endloop
  endfacet
  facet normal 0 0 -1
    outer loop
      vertex 35.6436 28.564 0.589999
      vertex 35.8668 29.7837 0.589999
      vertex 36.3402 28.6443 0.589999
    endloop
  endfacet
  facet normal 0 0 -1
    outer loop
      vertex 35.8668 29.7837 0.589999
      vertex 35.6436 28.564 0.589999
      vertex 35.754 29.7681 0.589999
    endloop
  endfacet
  facet normal 0 0 -1
    outer loop
      vertex 35.6436 28.564 0.589999
      vertex 35.6327 29.7629 0.589999
      vertex 35.754 29.7681 0.589999
    endloop
  endfacet
  facet normal 0 0 -1
    outer loop
      vertex 35.6436 28.564 0.589999
      vertex 35.5128 29.7684 0.589999
      vertex 35.6327 29.7629 0.589999
    endloop
  endfacet
  facet normal 0 0 -1
    outer loop
      vertex 35.2774 28.5844 0.589999
      vertex 35.5128 29.7684 0.589999
      vertex 35.6436 28.564 0.589999
    endloop
  endfacet
  facet normal -0 0 -1
    outer loop
      vertex 35.5128 29.7684 0.589999
      vertex 35.2774 28.5844 0.589999
      vertex 35.4009 29.7848 0.589999
    endloop
  endfacet
  facet normal 0 0 -1
    outer loop
      vertex 34.9383 28.6455 0.589999
      vertex 35.4009 29.7848 0.589999
      vertex 35.2774 28.5844 0.589999
    endloop
  endfacet
  facet normal -0 0 -1
    outer loop
      vertex 35.4009 29.7848 0.589999
      vertex 34.9383 28.6455 0.589999
      vertex 35.2971 29.8122 0.589999
    endloop
  endfacet
  facet normal -0 0 -1
    outer loop
      vertex 35.2971 29.8122 0.589999
      vertex 34.9383 28.6455 0.589999
      vertex 35.2014 29.8506 0.589999
    endloop
  endfacet
  facet normal 0 0 -1
    outer loop
      vertex 34.6264 28.7474 0.589999
      vertex 35.2014 29.8506 0.589999
      vertex 34.9383 28.6455 0.589999
    endloop
  endfacet
  facet normal -0 0 -1
    outer loop
      vertex 35.2014 29.8506 0.589999
      vertex 34.6264 28.7474 0.589999
      vertex 35.1138 29.8999 0.589999
    endloop
  endfacet
  facet normal 0 0 -1
    outer loop
      vertex 34.3416 28.89 0.589999
      vertex 35.1138 29.8999 0.589999
      vertex 34.6264 28.7474 0.589999
    endloop
  endfacet
  facet normal -0 0 -1
    outer loop
      vertex 35.1138 29.8999 0.589999
      vertex 34.3416 28.89 0.589999
      vertex 35.0342 29.9602 0.589999
    endloop
  endfacet
  facet normal 0 0 -1
    outer loop
      vertex 34.0839 29.0733 0.589999
      vertex 35.0342 29.9602 0.589999
      vertex 34.3416 28.89 0.589999
    endloop
  endfacet
  facet normal -0 0 -1
    outer loop
      vertex 35.0342 29.9602 0.589999
      vertex 34.0839 29.0733 0.589999
      vertex 34.9628 30.0315 0.589999
    endloop
  endfacet
  facet normal 0 0 -1
    outer loop
      vertex 33.8534 29.2974 0.589999
      vertex 34.9628 30.0315 0.589999
      vertex 34.0839 29.0733 0.589999
    endloop
  endfacet
  facet normal -0 0 -1
    outer loop
      vertex 34.9628 30.0315 0.589999
      vertex 33.8534 29.2974 0.589999
      vertex 34.898 30.1148 0.589999
    endloop
  endfacet
  facet normal -0 0 -1
    outer loop
      vertex 34.898 30.1148 0.589999
      vertex 33.8534 29.2974 0.589999
      vertex 34.8386 30.2113 0.589999
    endloop
  endfacet
  facet normal 0 0 -1
    outer loop
      vertex 33.6499 29.5622 0.589999
      vertex 34.8386 30.2113 0.589999
      vertex 33.8534 29.2974 0.589999
    endloop
  endfacet
  facet normal -0 0 -1
    outer loop
      vertex 34.8386 30.2113 0.589999
      vertex 33.6499 29.5622 0.589999
      vertex 34.7844 30.3209 0.589999
    endloop
  endfacet
  facet normal 0 0 -1
    outer loop
      vertex 33.4736 29.8666 0.589999
      vertex 34.7844 30.3209 0.589999
      vertex 33.6499 29.5622 0.589999
    endloop
  endfacet
  facet normal -0 0 -1
    outer loop
      vertex 34.7844 30.3209 0.589999
      vertex 33.4736 29.8666 0.589999
      vertex 34.7356 30.4438 0.589999
    endloop
  endfacet
  facet normal -0 0 -1
    outer loop
      vertex 34.7356 30.4438 0.589999
      vertex 33.4736 29.8666 0.589999
      vertex 34.6921 30.5798 0.589999
    endloop
  endfacet
  facet normal 0 0 -1
    outer loop
      vertex 33.3244 30.2092 0.589999
      vertex 34.6921 30.5798 0.589999
      vertex 33.4736 29.8666 0.589999
    endloop
  endfacet
  facet normal -0 0 -1
    outer loop
      vertex 34.6921 30.5798 0.589999
      vertex 33.3244 30.2092 0.589999
      vertex 34.6539 30.729 0.589999
    endloop
  endfacet
  facet normal -0 0 -1
    outer loop
      vertex 34.621 30.8913 0.589999
      vertex 33.2024 30.5902 0.589999
      vertex 34.593 31.0689 0.589999
    endloop
  endfacet
  facet normal -0 0 -1
    outer loop
      vertex 34.6539 30.729 0.589999
      vertex 33.2024 30.5902 0.589999
      vertex 34.621 30.8913 0.589999
    endloop
  endfacet
  facet normal 0 0 -1
    outer loop
      vertex 33.2024 30.5902 0.589999
      vertex 34.6539 30.729 0.589999
      vertex 33.3244 30.2092 0.589999
    endloop
  endfacet
  facet normal -0 0 -1
    outer loop
      vertex 37.9817 34.7376 0.589999
      vertex 36.5761 34.4449 0.589999
      vertex 37.8937 34.9763 0.589999
    endloop
  endfacet
  facet normal 0 0 -1
    outer loop
      vertex 36.5336 34.5783 0.589999
      vertex 37.8937 34.9763 0.589999
      vertex 36.5761 34.4449 0.589999
    endloop
  endfacet
  facet normal -0 0 -1
    outer loop
      vertex 37.8937 34.9763 0.589999
      vertex 36.5336 34.5783 0.589999
      vertex 37.794 35.1964 0.589999
    endloop
  endfacet
  facet normal 0 0 -1
    outer loop
      vertex 36.4855 34.6984 0.589999
      vertex 37.794 35.1964 0.589999
      vertex 36.5336 34.5783 0.589999
    endloop
  endfacet
  facet normal -0 0 -1
    outer loop
      vertex 37.794 35.1964 0.589999
      vertex 36.4855 34.6984 0.589999
      vertex 37.6825 35.3979 0.589999
    endloop
  endfacet
  facet normal 0 0 -1
    outer loop
      vertex 36.4319 34.8052 0.589999
      vertex 37.6825 35.3979 0.589999
      vertex 36.4855 34.6984 0.589999
    endloop
  endfacet
  facet normal -0 0 -1
    outer loop
      vertex 37.6825 35.3979 0.589999
      vertex 36.4319 34.8052 0.589999
      vertex 37.5593 35.5808 0.589999
    endloop
  endfacet
  facet normal 0 0 -1
    outer loop
      vertex 36.3728 34.8988 0.589999
      vertex 37.5593 35.5808 0.589999
      vertex 36.4319 34.8052 0.589999
    endloop
  endfacet
  facet normal -0 0 -1
    outer loop
      vertex 37.5593 35.5808 0.589999
      vertex 36.3728 34.8988 0.589999
      vertex 37.4243 35.7451 0.589999
    endloop
  endfacet
  facet normal -0 0 -1
    outer loop
      vertex 37.4243 35.7451 0.589999
      vertex 36.3728 34.8988 0.589999
      vertex 37.2776 35.8908 0.589999
    endloop
  endfacet
  facet normal 0 0 -1
    outer loop
      vertex 36.3082 34.9791 0.589999
      vertex 37.2776 35.8908 0.589999
      vertex 36.3728 34.8988 0.589999
    endloop
  endfacet
  facet normal -0 0 -1
    outer loop
      vertex 37.2776 35.8908 0.589999
      vertex 36.3082 34.9791 0.589999
      vertex 37.1192 36.0179 0.589999
    endloop
  endfacet
  facet normal 0 0 -1
    outer loop
      vertex 36.2361 35.0474 0.589999
      vertex 37.1192 36.0179 0.589999
      vertex 36.3082 34.9791 0.589999
    endloop
  endfacet
  facet normal -0 0 -1
    outer loop
      vertex 37.1192 36.0179 0.589999
      vertex 36.2361 35.0474 0.589999
      vertex 36.9473 36.1273 0.589999
    endloop
  endfacet
  facet normal -0 0 -1
    outer loop
      vertex 36.9473 36.1273 0.589999
      vertex 36.2361 35.0474 0.589999
      vertex 36.7605 36.2199 0.589999
    endloop
  endfacet
  facet normal 0 0 -1
    outer loop
      vertex 36.1549 35.1053 0.589999
      vertex 36.7605 36.2199 0.589999
      vertex 36.2361 35.0474 0.589999
    endloop
  endfacet
  facet normal -0 0 -1
    outer loop
      vertex 36.7605 36.2199 0.589999
      vertex 36.1549 35.1053 0.589999
      vertex 36.5585 36.2956 0.589999
    endloop
  endfacet
  facet normal 0 0 -1
    outer loop
      vertex 36.0645 35.1526 0.589999
      vertex 36.5585 36.2956 0.589999
      vertex 36.1549 35.1053 0.589999
    endloop
  endfacet
  facet normal -0 0 -1
    outer loop
      vertex 36.5585 36.2956 0.589999
      vertex 36.0645 35.1526 0.589999
      vertex 36.3415 36.3545 0.589999
    endloop
  endfacet
  facet normal 0 0 -1
    outer loop
      vertex 35.9649 35.1894 0.589999
      vertex 36.3415 36.3545 0.589999
      vertex 36.0645 35.1526 0.589999
    endloop
  endfacet
  facet normal -0 0 -1
    outer loop
      vertex 36.3415 36.3545 0.589999
      vertex 35.9649 35.1894 0.589999
      vertex 36.1095 36.3966 0.589999
    endloop
  endfacet
  facet normal 0 0 -1
    outer loop
      vertex 35.8562 35.2157 0.589999
      vertex 36.1095 36.3966 0.589999
      vertex 35.9649 35.1894 0.589999
    endloop
  endfacet
  facet normal -0 0 -1
    outer loop
      vertex 36.1095 36.3966 0.589999
      vertex 35.8562 35.2157 0.589999
      vertex 35.8623 36.4218 0.589999
    endloop
  endfacet
  facet normal 0 0 -1
    outer loop
      vertex 35.7382 35.2315 0.589999
      vertex 35.8623 36.4218 0.589999
      vertex 35.8562 35.2157 0.589999
    endloop
  endfacet
  facet normal 0 0 -1
    outer loop
      vertex 35.6002 36.4303 0.589999
      vertex 35.7382 35.2315 0.589999
      vertex 35.611 35.2367 0.589999
    endloop
  endfacet
  facet normal 0 0 -1
    outer loop
      vertex 35.7382 35.2315 0.589999
      vertex 35.6002 36.4303 0.589999
      vertex 35.8623 36.4218 0.589999
    endloop
  endfacet
  facet normal 0 0 -1
    outer loop
      vertex 35.4912 35.2315 0.589999
      vertex 35.6002 36.4303 0.589999
      vertex 35.611 35.2367 0.589999
    endloop
  endfacet
  facet normal 0 0 -1
    outer loop
      vertex 35.2275 36.4102 0.589999
      vertex 35.4912 35.2315 0.589999
      vertex 35.3799 35.2159 0.589999
    endloop
  endfacet
  facet normal 0 0 -1
    outer loop
      vertex 35.2275 36.4102 0.589999
      vertex 35.3799 35.2159 0.589999
      vertex 35.2769 35.1899 0.589999
    endloop
  endfacet
  facet normal 0 0 -1
    outer loop
      vertex 35.4912 35.2315 0.589999
      vertex 35.2275 36.4102 0.589999
      vertex 35.6002 36.4303 0.589999
    endloop
  endfacet
  facet normal 0 0 -1
    outer loop
      vertex 34.8845 36.3501 0.589999
      vertex 35.2769 35.1899 0.589999
      vertex 35.1824 35.1535 0.589999
    endloop
  endfacet
  facet normal 0 0 -1
    outer loop
      vertex 34.5712 36.2499 0.589999
      vertex 35.1824 35.1535 0.589999
      vertex 35.0962 35.1067 0.589999
    endloop
  endfacet
  facet normal 0 0 -1
    outer loop
      vertex 34.2875 36.1096 0.589999
      vertex 35.0962 35.1067 0.589999
      vertex 35.0185 35.0494 0.589999
    endloop
  endfacet
  facet normal 0 0 -1
    outer loop
      vertex 34.0336 35.9293 0.589999
      vertex 35.0185 35.0494 0.589999
      vertex 34.9492 34.9818 0.589999
    endloop
  endfacet
  facet normal 0 0 -1
    outer loop
      vertex 34.0336 35.9293 0.589999
      vertex 34.9492 34.9818 0.589999
      vertex 34.8867 34.9022 0.589999
    endloop
  endfacet
  facet normal 0 0 -1
    outer loop
      vertex 35.2769 35.1899 0.589999
      vertex 34.8845 36.3501 0.589999
      vertex 35.2275 36.4102 0.589999
    endloop
  endfacet
  facet normal 0 0 -1
    outer loop
      vertex 33.8093 35.7088 0.589999
      vertex 34.8867 34.9022 0.589999
      vertex 34.8292 34.8091 0.589999
    endloop
  endfacet
  facet normal 0 0 -1
    outer loop
      vertex 33.6146 35.4483 0.589999
      vertex 34.8292 34.8091 0.589999
      vertex 34.7768 34.7024 0.589999
    endloop
  endfacet
  facet normal 0 0 -1
    outer loop
      vertex 33.4477 35.1476 0.589999
      vertex 34.7768 34.7024 0.589999
      vertex 34.7296 34.5823 0.589999
    endloop
  endfacet
  facet normal 0 0 -1
    outer loop
      vertex 33.4477 35.1476 0.589999
      vertex 34.7296 34.5823 0.589999
      vertex 34.6874 34.4487 0.589999
    endloop
  endfacet
  facet normal 0 0 -1
    outer loop
      vertex 33.3064 34.8066 0.589999
      vertex 34.6874 34.4487 0.589999
      vertex 34.6503 34.3016 0.589999
    endloop
  endfacet
  facet normal 0 0 -1
    outer loop
      vertex 33.1908 34.4253 0.589999
      vertex 34.6503 34.3016 0.589999
      vertex 34.6183 34.1409 0.589999
    endloop
  endfacet
  facet normal 0 0 -1
    outer loop
      vertex 33.1908 34.4253 0.589999
      vertex 34.6183 34.1409 0.589999
      vertex 34.591 33.9639 0.589999
    endloop
  endfacet
  facet normal 0 0 -1
    outer loop
      vertex 35.1824 35.1535 0.589999
      vertex 34.5712 36.2499 0.589999
      vertex 34.8845 36.3501 0.589999
    endloop
  endfacet
  facet normal 0 0 -1
    outer loop
      vertex 33.1009 34.0037 0.589999
      vertex 34.591 33.9639 0.589999
      vertex 34.5678 33.7676 0.589999
    endloop
  endfacet
  facet normal 0 0 -1
    outer loop
      vertex 33.1009 34.0037 0.589999
      vertex 34.5678 33.7676 0.589999
      vertex 34.5489 33.552 0.589999
    endloop
  endfacet
  facet normal 0 0 -1
    outer loop
      vertex 33.0367 33.5418 0.589999
      vertex 34.5489 33.552 0.589999
      vertex 34.5341 33.3172 0.589999
    endloop
  endfacet
  facet normal 0 0 -1
    outer loop
      vertex 32.9982 33.0396 0.589999
      vertex 34.5341 33.3172 0.589999
      vertex 34.5236 33.0631 0.589999
    endloop
  endfacet
  facet normal 0 0 -1
    outer loop
      vertex 32.9982 33.0396 0.589999
      vertex 34.5236 33.0631 0.589999
      vertex 34.5173 32.7897 0.589999
    endloop
  endfacet
  facet normal 0 0 -1
    outer loop
      vertex 33.1074 31.0095 0.589999
      vertex 34.593 31.0689 0.589999
      vertex 33.2024 30.5902 0.589999
    endloop
  endfacet
  facet normal 0 0 -1
    outer loop
      vertex 33.0396 31.4671 0.589999
      vertex 34.5498 31.4759 0.589999
      vertex 33.1074 31.0095 0.589999
    endloop
  endfacet
  facet normal 0 -0 -1
    outer loop
      vertex 32.9982 33.0396 0.589999
      vertex 34.5173 32.7897 0.589999
      vertex 32.9854 32.4971 0.589999
    endloop
  endfacet
  facet normal -0 0 -1
    outer loop
      vertex 34.593 31.0689 0.589999
      vertex 33.1074 31.0095 0.589999
      vertex 34.5692 31.2638 0.589999
    endloop
  endfacet
  facet normal -0 0 -1
    outer loop
      vertex 34.5341 33.3172 0.589999
      vertex 32.9982 33.0396 0.589999
      vertex 33.0367 33.5418 0.589999
    endloop
  endfacet
  facet normal -0 0 -1
    outer loop
      vertex 34.5692 31.2638 0.589999
      vertex 33.1074 31.0095 0.589999
      vertex 34.5498 31.4759 0.589999
    endloop
  endfacet
  facet normal -0 0 -1
    outer loop
      vertex 34.5489 33.552 0.589999
      vertex 33.0367 33.5418 0.589999
      vertex 33.1009 34.0037 0.589999
    endloop
  endfacet
  facet normal -0 0 -1
    outer loop
      vertex 34.5498 31.4759 0.589999
      vertex 33.0396 31.4671 0.589999
      vertex 34.5346 31.7053 0.589999
    endloop
  endfacet
  facet normal 0 0 -1
    outer loop
      vertex 34.591 33.9639 0.589999
      vertex 33.1009 34.0037 0.589999
      vertex 33.1908 34.4253 0.589999
    endloop
  endfacet
  facet normal 0 0 -1
    outer loop
      vertex 32.9989 31.963 0.589999
      vertex 34.5346 31.7053 0.589999
      vertex 33.0396 31.4671 0.589999
    endloop
  endfacet
  facet normal 0 0 -1
    outer loop
      vertex 34.6503 34.3016 0.589999
      vertex 33.1908 34.4253 0.589999
      vertex 33.3064 34.8066 0.589999
    endloop
  endfacet
  facet normal 0 0 -1
    outer loop
      vertex 34.5346 31.7053 0.589999
      vertex 32.9989 31.963 0.589999
      vertex 34.5238 31.952 0.589999
    endloop
  endfacet
  facet normal 0 0 -1
    outer loop
      vertex 34.6874 34.4487 0.589999
      vertex 33.3064 34.8066 0.589999
      vertex 33.4477 35.1476 0.589999
    endloop
  endfacet
  facet normal 0 0 -1
    outer loop
      vertex 34.5238 31.952 0.589999
      vertex 32.9989 31.963 0.589999
      vertex 34.5174 32.2159 0.589999
    endloop
  endfacet
  facet normal 0 0 -1
    outer loop
      vertex 34.7768 34.7024 0.589999
      vertex 33.4477 35.1476 0.589999
      vertex 33.6146 35.4483 0.589999
    endloop
  endfacet
  facet normal 0 0 -1
    outer loop
      vertex 32.9854 32.4971 0.589999
      vertex 34.5174 32.2159 0.589999
      vertex 32.9989 31.963 0.589999
    endloop
  endfacet
  facet normal 0 0 -1
    outer loop
      vertex 34.5174 32.2159 0.589999
      vertex 32.9854 32.4971 0.589999
      vertex 34.5152 32.4971 0.589999
    endloop
  endfacet
  facet normal 0 0 -1
    outer loop
      vertex 34.5152 32.4971 0.589999
      vertex 32.9854 32.4971 0.589999
      vertex 34.5173 32.7897 0.589999
    endloop
  endfacet
  facet normal 0 0 -1
    outer loop
      vertex 34.8867 34.9022 0.589999
      vertex 33.8093 35.7088 0.589999
      vertex 34.0336 35.9293 0.589999
    endloop
  endfacet
  facet normal 0 0 -1
    outer loop
      vertex 34.8292 34.8091 0.589999
      vertex 33.6146 35.4483 0.589999
      vertex 33.8093 35.7088 0.589999
    endloop
  endfacet
  facet normal 0 0 -1
    outer loop
      vertex 35.0185 35.0494 0.589999
      vertex 34.0336 35.9293 0.589999
      vertex 34.2875 36.1096 0.589999
    endloop
  endfacet
  facet normal 0 0 -1
    outer loop
      vertex 35.0962 35.1067 0.589999
      vertex 34.2875 36.1096 0.589999
      vertex 34.5712 36.2499 0.589999
    endloop
  endfacet
  facet normal 0 0 -1
    outer loop
      vertex 26.3393 31.4067 0.589999
      vertex 29.5835 36.3163 0.589999
      vertex 26.757 28.6725 0.589999
    endloop
  endfacet
  facet normal -0 0 -1
    outer loop
      vertex 29.5835 36.3163 0.589999
      vertex 26.3393 31.4067 0.589999
      vertex 27.9125 36.3163 0.589999
    endloop
  endfacet
  facet normal 0 0 -1
    outer loop
      vertex 26.757 28.6725 0.589999
      vertex 26.2953 31.2604 0.589999
      vertex 26.3393 31.4067 0.589999
    endloop
  endfacet
  facet normal 0 0 -1
    outer loop
      vertex 26.757 28.6725 0.589999
      vertex 26.2468 31.0941 0.589999
      vertex 26.2953 31.2604 0.589999
    endloop
  endfacet
  facet normal 0 0 -1
    outer loop
      vertex 26.757 28.6725 0.589999
      vertex 26.1939 30.9078 0.589999
      vertex 26.2468 31.0941 0.589999
    endloop
  endfacet
  facet normal 0 0 -1
    outer loop
      vertex 26.757 28.6725 0.589999
      vertex 26.1365 30.7017 0.589999
      vertex 26.1939 30.9078 0.589999
    endloop
  endfacet
  facet normal 0 0 -1
    outer loop
      vertex 26.757 28.6725 0.589999
      vertex 26.0747 30.4756 0.589999
      vertex 26.1365 30.7017 0.589999
    endloop
  endfacet
  facet normal 0 0 -1
    outer loop
      vertex 26.757 28.6725 0.589999
      vertex 26.0085 30.2296 0.589999
      vertex 26.0747 30.4756 0.589999
    endloop
  endfacet
  facet normal 0 0 -1
    outer loop
      vertex 26.757 28.6725 0.589999
      vertex 25.9379 29.9636 0.589999
      vertex 26.0085 30.2296 0.589999
    endloop
  endfacet
  facet normal 0 0 -1
    outer loop
      vertex 25.1349 28.6725 0.589999
      vertex 25.824 30.4302 0.589999
      vertex 25.9379 29.9636 0.589999
    endloop
  endfacet
  facet normal 0 0 -1
    outer loop
      vertex 25.1349 28.6725 0.589999
      vertex 25.9379 29.9636 0.589999
      vertex 26.757 28.6725 0.589999
    endloop
  endfacet
  facet normal -0 0 -1
    outer loop
      vertex 25.824 30.4302 0.589999
      vertex 25.1349 28.6725 0.589999
      vertex 25.5473 31.4067 0.589999
    endloop
  endfacet
  facet normal 0 0 -1
    outer loop
      vertex 22.3248 36.3163 0.589999
      vertex 25.5473 31.4067 0.589999
      vertex 25.1349 28.6725 0.589999
    endloop
  endfacet
  facet normal 0 0 -1
    outer loop
      vertex 25.5473 31.4067 0.589999
      vertex 22.3248 36.3163 0.589999
      vertex 23.9794 36.3163 0.589999
    endloop
  endfacet
  facet normal 0 -1 0
    outer loop
      vertex 45.0437 29.9257 0
      vertex 48.5917 29.9257 0.589999
      vertex 45.0437 29.9257 0.589999
    endloop
  endfacet
  facet normal 0 -1 -0
    outer loop
      vertex 48.5917 29.9257 0.589999
      vertex 45.0437 29.9257 0
      vertex 48.5917 29.9257 0
    endloop
  endfacet
  facet normal 0.905905 0.423481 0
    outer loop
      vertex 48.5917 29.9257 0.589999
      vertex 48.545 30.0256 0
      vertex 48.545 30.0256 0.589999
    endloop
  endfacet
  facet normal 0.905905 0.423481 0
    outer loop
      vertex 48.545 30.0256 0
      vertex 48.5917 29.9257 0.589999
      vertex 48.5917 29.9257 0
    endloop
  endfacet
  facet normal 0.879057 0.476716 0
    outer loop
      vertex 48.545 30.0256 0.589999
      vertex 48.4918 30.1237 0
      vertex 48.4918 30.1237 0.589999
    endloop
  endfacet
  facet normal 0.879057 0.476716 0
    outer loop
      vertex 48.4918 30.1237 0
      vertex 48.545 30.0256 0.589999
      vertex 48.545 30.0256 0
    endloop
  endfacet
  facet normal 0.849926 0.526901 0
    outer loop
      vertex 48.4918 30.1237 0.589999
      vertex 48.4321 30.22 0
      vertex 48.4321 30.22 0.589999
    endloop
  endfacet
  facet normal 0.849926 0.526901 0
    outer loop
      vertex 48.4321 30.22 0
      vertex 48.4918 30.1237 0.589999
      vertex 48.4918 30.1237 0
    endloop
  endfacet
  facet normal 0.818621 0.574334 0
    outer loop
      vertex 48.4321 30.22 0.589999
      vertex 48.3658 30.3145 0
      vertex 48.3658 30.3145 0.589999
    endloop
  endfacet
  facet normal 0.818621 0.574334 0
    outer loop
      vertex 48.3658 30.3145 0
      vertex 48.4321 30.22 0.589999
      vertex 48.4321 30.22 0
    endloop
  endfacet
  facet normal 0.786789 0.617222 0
    outer loop
      vertex 48.3658 30.3145 0.589999
      vertex 48.293 30.4073 0
      vertex 48.293 30.4073 0.589999
    endloop
  endfacet
  facet normal 0.786789 0.617222 0
    outer loop
      vertex 48.293 30.4073 0
      vertex 48.3658 30.3145 0.589999
      vertex 48.3658 30.3145 0
    endloop
  endfacet
  facet normal 0.75391 0.656978 0
    outer loop
      vertex 48.293 30.4073 0.589999
      vertex 48.2137 30.4983 0
      vertex 48.2137 30.4983 0.589999
    endloop
  endfacet
  facet normal 0.75391 0.656978 0
    outer loop
      vertex 48.2137 30.4983 0
      vertex 48.293 30.4073 0.589999
      vertex 48.293 30.4073 0
    endloop
  endfacet
  facet normal 0.720305 0.693657 0
    outer loop
      vertex 48.2137 30.4983 0.589999
      vertex 48.1278 30.5875 0
      vertex 48.1278 30.5875 0.589999
    endloop
  endfacet
  facet normal 0.720305 0.693657 0
    outer loop
      vertex 48.1278 30.5875 0
      vertex 48.2137 30.4983 0.589999
      vertex 48.2137 30.4983 0
    endloop
  endfacet
  facet normal 0.698354 0.715753 -0
    outer loop
      vertex 48.1278 30.5875 0
      vertex 48.0373 30.6758 0.589999
      vertex 48.1278 30.5875 0.589999
    endloop
  endfacet
  facet normal 0.698354 0.715753 0
    outer loop
      vertex 48.0373 30.6758 0.589999
      vertex 48.1278 30.5875 0
      vertex 48.0373 30.6758 0
    endloop
  endfacet
  facet normal 0.686143 0.727467 -0
    outer loop
      vertex 48.0373 30.6758 0
      vertex 47.944 30.7638 0.589999
      vertex 48.0373 30.6758 0.589999
    endloop
  endfacet
  facet normal 0.686143 0.727467 0
    outer loop
      vertex 47.944 30.7638 0.589999
      vertex 48.0373 30.6758 0
      vertex 47.944 30.7638 0
    endloop
  endfacet
  facet normal 0.674889 0.737919 -0
    outer loop
      vertex 47.944 30.7638 0
      vertex 47.848 30.8516 0.589999
      vertex 47.944 30.7638 0.589999
    endloop
  endfacet
  facet normal 0.674889 0.737919 0
    outer loop
      vertex 47.848 30.8516 0.589999
      vertex 47.944 30.7638 0
      vertex 47.848 30.8516 0
    endloop
  endfacet
  facet normal 0.662999 0.74862 -0
    outer loop
      vertex 47.848 30.8516 0
      vertex 47.7492 30.9391 0.589999
      vertex 47.848 30.8516 0.589999
    endloop
  endfacet
  facet normal 0.662999 0.74862 0
    outer loop
      vertex 47.7492 30.9391 0.589999
      vertex 47.848 30.8516 0
      vertex 47.7492 30.9391 0
    endloop
  endfacet
  facet normal 0.652142 0.758097 -0
    outer loop
      vertex 47.7492 30.9391 0
      vertex 47.6476 31.0265 0.589999
      vertex 47.7492 30.9391 0.589999
    endloop
  endfacet
  facet normal 0.652142 0.758097 0
    outer loop
      vertex 47.6476 31.0265 0.589999
      vertex 47.7492 30.9391 0
      vertex 47.6476 31.0265 0
    endloop
  endfacet
  facet normal 0.64098 0.767557 -0
    outer loop
      vertex 47.6476 31.0265 0
      vertex 47.5433 31.1136 0.589999
      vertex 47.6476 31.0265 0.589999
    endloop
  endfacet
  facet normal 0.64098 0.767557 0
    outer loop
      vertex 47.5433 31.1136 0.589999
      vertex 47.6476 31.0265 0
      vertex 47.5433 31.1136 0
    endloop
  endfacet
  facet normal 0.630074 0.776535 -0
    outer loop
      vertex 47.5433 31.1136 0
      vertex 47.4362 31.2005 0.589999
      vertex 47.5433 31.1136 0.589999
    endloop
  endfacet
  facet normal 0.630074 0.776535 0
    outer loop
      vertex 47.4362 31.2005 0.589999
      vertex 47.5433 31.1136 0
      vertex 47.4362 31.2005 0
    endloop
  endfacet
  facet normal 0.624258 0.781218 -0
    outer loop
      vertex 47.4362 31.2005 0
      vertex 47.3272 31.2876 0.589999
      vertex 47.4362 31.2005 0.589999
    endloop
  endfacet
  facet normal 0.624258 0.781218 0
    outer loop
      vertex 47.3272 31.2876 0.589999
      vertex 47.4362 31.2005 0
      vertex 47.3272 31.2876 0
    endloop
  endfacet
  facet normal 0.623828 0.781562 -0
    outer loop
      vertex 47.3272 31.2876 0
      vertex 47.2172 31.3754 0.589999
      vertex 47.3272 31.2876 0.589999
    endloop
  endfacet
  facet normal 0.623828 0.781562 0
    outer loop
      vertex 47.2172 31.3754 0.589999
      vertex 47.3272 31.2876 0
      vertex 47.2172 31.3754 0
    endloop
  endfacet
  facet normal 0.623406 0.781899 -0
    outer loop
      vertex 47.2172 31.3754 0
      vertex 47.1062 31.4639 0.589999
      vertex 47.2172 31.3754 0.589999
    endloop
  endfacet
  facet normal 0.623406 0.781899 0
    outer loop
      vertex 47.1062 31.4639 0.589999
      vertex 47.2172 31.3754 0
      vertex 47.1062 31.4639 0
    endloop
  endfacet
  facet normal 0.62299 0.78223 -0
    outer loop
      vertex 47.1062 31.4639 0
      vertex 46.9942 31.5531 0.589999
      vertex 47.1062 31.4639 0.589999
    endloop
  endfacet
  facet normal 0.62299 0.78223 0
    outer loop
      vertex 46.9942 31.5531 0.589999
      vertex 47.1062 31.4639 0
      vertex 46.9942 31.5531 0
    endloop
  endfacet
  facet normal 0.621732 0.78323 -0
    outer loop
      vertex 46.9942 31.5531 0
      vertex 46.8812 31.6428 0.589999
      vertex 46.9942 31.5531 0.589999
    endloop
  endfacet
  facet normal 0.621732 0.78323 0
    outer loop
      vertex 46.8812 31.6428 0.589999
      vertex 46.9942 31.5531 0
      vertex 46.8812 31.6428 0
    endloop
  endfacet
  facet normal 0.621758 0.783209 -0
    outer loop
      vertex 46.8812 31.6428 0
      vertex 46.7672 31.7333 0.589999
      vertex 46.8812 31.6428 0.589999
    endloop
  endfacet
  facet normal 0.621758 0.783209 0
    outer loop
      vertex 46.7672 31.7333 0.589999
      vertex 46.8812 31.6428 0
      vertex 46.7672 31.7333 0
    endloop
  endfacet
  facet normal 0.620947 0.783852 -0
    outer loop
      vertex 46.7672 31.7333 0
      vertex 46.6522 31.8244 0.589999
      vertex 46.7672 31.7333 0.589999
    endloop
  endfacet
  facet normal 0.620947 0.783852 0
    outer loop
      vertex 46.6522 31.8244 0.589999
      vertex 46.7672 31.7333 0
      vertex 46.6522 31.8244 0
    endloop
  endfacet
  facet normal 0.630002 0.776593 -0
    outer loop
      vertex 46.6522 31.8244 0
      vertex 46.5383 31.9168 0.589999
      vertex 46.6522 31.8244 0.589999
    endloop
  endfacet
  facet normal 0.630002 0.776593 0
    outer loop
      vertex 46.5383 31.9168 0.589999
      vertex 46.6522 31.8244 0
      vertex 46.5383 31.9168 0
    endloop
  endfacet
  facet normal 0.647449 0.762109 -0
    outer loop
      vertex 46.5383 31.9168 0
      vertex 46.4273 32.0111 0.589999
      vertex 46.5383 31.9168 0.589999
    endloop
  endfacet
  facet normal 0.647449 0.762109 0
    outer loop
      vertex 46.4273 32.0111 0.589999
      vertex 46.5383 31.9168 0
      vertex 46.4273 32.0111 0
    endloop
  endfacet
  facet normal 0.66475 0.747066 -0
    outer loop
      vertex 46.4273 32.0111 0
      vertex 46.3193 32.1072 0.589999
      vertex 46.4273 32.0111 0.589999
    endloop
  endfacet
  facet normal 0.66475 0.747066 0
    outer loop
      vertex 46.3193 32.1072 0.589999
      vertex 46.4273 32.0111 0
      vertex 46.3193 32.1072 0
    endloop
  endfacet
  facet normal 0.682343 0.731032 -0
    outer loop
      vertex 46.3193 32.1072 0
      vertex 46.2142 32.2053 0.589999
      vertex 46.3193 32.1072 0.589999
    endloop
  endfacet
  facet normal 0.682343 0.731032 0
    outer loop
      vertex 46.2142 32.2053 0.589999
      vertex 46.3193 32.1072 0
      vertex 46.2142 32.2053 0
    endloop
  endfacet
  facet normal 0.699714 0.714423 -0
    outer loop
      vertex 46.2142 32.2053 0
      vertex 46.1122 32.3052 0.589999
      vertex 46.2142 32.2053 0.589999
    endloop
  endfacet
  facet normal 0.699714 0.714423 0
    outer loop
      vertex 46.1122 32.3052 0.589999
      vertex 46.2142 32.2053 0
      vertex 46.1122 32.3052 0
    endloop
  endfacet
  facet normal 0.716897 0.697179 0
    outer loop
      vertex 46.1122 32.3052 0.589999
      vertex 46.0132 32.407 0
      vertex 46.0132 32.407 0.589999
    endloop
  endfacet
  facet normal 0.716897 0.697179 0
    outer loop
      vertex 46.0132 32.407 0
      vertex 46.1122 32.3052 0.589999
      vertex 46.1122 32.3052 0
    endloop
  endfacet
  facet normal 0.733473 0.679718 0
    outer loop
      vertex 46.0132 32.407 0.589999
      vertex 45.9171 32.5107 0
      vertex 45.9171 32.5107 0.589999
    endloop
  endfacet
  facet normal 0.733473 0.679718 0
    outer loop
      vertex 45.9171 32.5107 0
      vertex 46.0132 32.407 0.589999
      vertex 46.0132 32.407 0
    endloop
  endfacet
  facet normal 0.754866 0.655879 0
    outer loop
      vertex 45.9171 32.5107 0.589999
      vertex 45.825 32.6167 0
      vertex 45.825 32.6167 0.589999
    endloop
  endfacet
  facet normal 0.754866 0.655879 0
    outer loop
      vertex 45.825 32.6167 0
      vertex 45.9171 32.5107 0.589999
      vertex 45.9171 32.5107 0
    endloop
  endfacet
  facet normal 0.780309 0.625394 0
    outer loop
      vertex 45.825 32.6167 0.589999
      vertex 45.7378 32.7255 0
      vertex 45.7378 32.7255 0.589999
    endloop
  endfacet
  facet normal 0.780309 0.625394 0
    outer loop
      vertex 45.7378 32.7255 0
      vertex 45.825 32.6167 0.589999
      vertex 45.825 32.6167 0
    endloop
  endfacet
  facet normal 0.804221 0.59433 0
    outer loop
      vertex 45.7378 32.7255 0.589999
      vertex 45.6554 32.837 0
      vertex 45.6554 32.837 0.589999
    endloop
  endfacet
  facet normal 0.804221 0.59433 0
    outer loop
      vertex 45.6554 32.837 0
      vertex 45.7378 32.7255 0.589999
      vertex 45.7378 32.7255 0
    endloop
  endfacet
  facet normal 0.82768 0.5612 0
    outer loop
      vertex 45.6554 32.837 0.589999
      vertex 45.5779 32.9513 0
      vertex 45.5779 32.9513 0.589999
    endloop
  endfacet
  facet normal 0.82768 0.5612 0
    outer loop
      vertex 45.5779 32.9513 0
      vertex 45.6554 32.837 0.589999
      vertex 45.6554 32.837 0
    endloop
  endfacet
  facet normal 0.849909 0.526929 0
    outer loop
      vertex 45.5779 32.9513 0.589999
      vertex 45.5053 33.0684 0
      vertex 45.5053 33.0684 0.589999
    endloop
  endfacet
  facet normal 0.849909 0.526929 0
    outer loop
      vertex 45.5053 33.0684 0
      vertex 45.5779 32.9513 0.589999
      vertex 45.5779 32.9513 0
    endloop
  endfacet
  facet normal 0.870468 0.492225 0
    outer loop
      vertex 45.5053 33.0684 0.589999
      vertex 45.4375 33.1883 0
      vertex 45.4375 33.1883 0.589999
    endloop
  endfacet
  facet normal 0.870468 0.492225 0
    outer loop
      vertex 45.4375 33.1883 0
      vertex 45.5053 33.0684 0.589999
      vertex 45.5053 33.0684 0
    endloop
  endfacet
  facet normal 0.889734 0.456479 0
    outer loop
      vertex 45.4375 33.1883 0.589999
      vertex 45.3746 33.3109 0
      vertex 45.3746 33.3109 0.589999
    endloop
  endfacet
  facet normal 0.889734 0.456479 0
    outer loop
      vertex 45.3746 33.3109 0
      vertex 45.4375 33.1883 0.589999
      vertex 45.4375 33.1883 0
    endloop
  endfacet
  facet normal 0.913662 0.406475 0
    outer loop
      vertex 45.3746 33.3109 0.589999
      vertex 45.3185 33.437 0
      vertex 45.3185 33.437 0.589999
    endloop
  endfacet
  facet normal 0.913662 0.406475 0
    outer loop
      vertex 45.3185 33.437 0
      vertex 45.3746 33.3109 0.589999
      vertex 45.3746 33.3109 0
    endloop
  endfacet
  facet normal 0.939519 0.342496 0
    outer loop
      vertex 45.3185 33.437 0.589999
      vertex 45.271 33.5673 0
      vertex 45.271 33.5673 0.589999
    endloop
  endfacet
  facet normal 0.939519 0.342496 0
    outer loop
      vertex 45.271 33.5673 0
      vertex 45.3185 33.437 0.589999
      vertex 45.3185 33.437 0
    endloop
  endfacet
  facet normal 0.960629 0.277833 0
    outer loop
      vertex 45.271 33.5673 0.589999
      vertex 45.2321 33.7018 0
      vertex 45.2321 33.7018 0.589999
    endloop
  endfacet
  facet normal 0.960629 0.277833 0
    outer loop
      vertex 45.2321 33.7018 0
      vertex 45.271 33.5673 0.589999
      vertex 45.271 33.5673 0
    endloop
  endfacet
  facet normal 0.977106 0.212751 0
    outer loop
      vertex 45.2321 33.7018 0.589999
      vertex 45.2019 33.8405 0
      vertex 45.2019 33.8405 0.589999
    endloop
  endfacet
  facet normal 0.977106 0.212751 0
    outer loop
      vertex 45.2019 33.8405 0
      vertex 45.2321 33.7018 0.589999
      vertex 45.2321 33.7018 0
    endloop
  endfacet
  facet normal 0.988784 0.149355 0
    outer loop
      vertex 45.2019 33.8405 0.589999
      vertex 45.1803 33.9835 0
      vertex 45.1803 33.9835 0.589999
    endloop
  endfacet
  facet normal 0.988784 0.149355 0
    outer loop
      vertex 45.1803 33.9835 0
      vertex 45.2019 33.8405 0.589999
      vertex 45.2019 33.8405 0
    endloop
  endfacet
  facet normal 0.996177 0.0873602 0
    outer loop
      vertex 45.1803 33.9835 0.589999
      vertex 45.1674 34.1306 0
      vertex 45.1674 34.1306 0.589999
    endloop
  endfacet
  facet normal 0.996177 0.0873602 0
    outer loop
      vertex 45.1674 34.1306 0
      vertex 45.1803 33.9835 0.589999
      vertex 45.1803 33.9835 0
    endloop
  endfacet
  facet normal 0.999577 0.029069 0
    outer loop
      vertex 45.1674 34.1306 0.589999
      vertex 45.163 34.2819 0
      vertex 45.163 34.2819 0.589999
    endloop
  endfacet
  facet normal 0.999577 0.029069 0
    outer loop
      vertex 45.163 34.2819 0
      vertex 45.1674 34.1306 0.589999
      vertex 45.1674 34.1306 0
    endloop
  endfacet
  facet normal 0.99884 -0.0481539 0
    outer loop
      vertex 45.163 34.2819 0.589999
      vertex 45.1766 34.564 0
      vertex 45.1766 34.564 0.589999
    endloop
  endfacet
  facet normal 0.99884 -0.0481539 0
    outer loop
      vertex 45.1766 34.564 0
      vertex 45.163 34.2819 0.589999
      vertex 45.163 34.2819 0
    endloop
  endfacet
  facet normal 0.988393 -0.151916 0
    outer loop
      vertex 45.1766 34.564 0.589999
      vertex 45.2171 34.8275 0
      vertex 45.2171 34.8275 0.589999
    endloop
  endfacet
  facet normal 0.988393 -0.151916 0
    outer loop
      vertex 45.2171 34.8275 0
      vertex 45.1766 34.564 0.589999
      vertex 45.1766 34.564 0
    endloop
  endfacet
  facet normal 0.964052 -0.265715 0
    outer loop
      vertex 45.2171 34.8275 0.589999
      vertex 45.2846 35.0724 0
      vertex 45.2846 35.0724 0.589999
    endloop
  endfacet
  facet normal 0.964052 -0.265715 0
    outer loop
      vertex 45.2846 35.0724 0
      vertex 45.2171 34.8275 0.589999
      vertex 45.2171 34.8275 0
    endloop
  endfacet
  facet normal 0.92263 -0.385686 0
    outer loop
      vertex 45.2846 35.0724 0.589999
      vertex 45.3792 35.2987 0
      vertex 45.3792 35.2987 0.589999
    endloop
  endfacet
  facet normal 0.92263 -0.385686 0
    outer loop
      vertex 45.3792 35.2987 0
      vertex 45.2846 35.0724 0.589999
      vertex 45.2846 35.0724 0
    endloop
  endfacet
  facet normal 0.86316 -0.50493 0
    outer loop
      vertex 45.3792 35.2987 0.589999
      vertex 45.5007 35.5064 0
      vertex 45.5007 35.5064 0.589999
    endloop
  endfacet
  facet normal 0.86316 -0.50493 0
    outer loop
      vertex 45.5007 35.5064 0
      vertex 45.3792 35.2987 0.589999
      vertex 45.3792 35.2987 0
    endloop
  endfacet
  facet normal 0.786275 -0.617877 0
    outer loop
      vertex 45.5007 35.5064 0.589999
      vertex 45.6493 35.6955 0
      vertex 45.6493 35.6955 0.589999
    endloop
  endfacet
  facet normal 0.786275 -0.617877 0
    outer loop
      vertex 45.6493 35.6955 0
      vertex 45.5007 35.5064 0.589999
      vertex 45.5007 35.5064 0
    endloop
  endfacet
  facet normal 0.696611 -0.717449 0
    outer loop
      vertex 45.6493 35.6955 0
      vertex 45.8249 35.866 0.589999
      vertex 45.6493 35.6955 0.589999
    endloop
  endfacet
  facet normal 0.696611 -0.717449 0
    outer loop
      vertex 45.8249 35.866 0.589999
      vertex 45.6493 35.6955 0
      vertex 45.8249 35.866 0
    endloop
  endfacet
  facet normal 0.597698 -0.801722 0
    outer loop
      vertex 45.8249 35.866 0
      vertex 46.0257 36.0157 0.589999
      vertex 45.8249 35.866 0.589999
    endloop
  endfacet
  facet normal 0.597698 -0.801722 0
    outer loop
      vertex 46.0257 36.0157 0.589999
      vertex 45.8249 35.866 0
      vertex 46.0257 36.0157 0
    endloop
  endfacet
  facet normal 0.491827 -0.870693 0
    outer loop
      vertex 46.0257 36.0157 0
      vertex 46.25 36.1424 0.589999
      vertex 46.0257 36.0157 0.589999
    endloop
  endfacet
  facet normal 0.491827 -0.870693 0
    outer loop
      vertex 46.25 36.1424 0.589999
      vertex 46.0257 36.0157 0
      vertex 46.25 36.1424 0
    endloop
  endfacet
  facet normal 0.385725 -0.922614 0
    outer loop
      vertex 46.25 36.1424 0
      vertex 46.4978 36.246 0.589999
      vertex 46.25 36.1424 0.589999
    endloop
  endfacet
  facet normal 0.385725 -0.922614 0
    outer loop
      vertex 46.4978 36.246 0.589999
      vertex 46.25 36.1424 0
      vertex 46.4978 36.246 0
    endloop
  endfacet
  facet normal 0.284786 -0.958591 0
    outer loop
      vertex 46.4978 36.246 0
      vertex 46.7691 36.3266 0.589999
      vertex 46.4978 36.246 0.589999
    endloop
  endfacet
  facet normal 0.284786 -0.958591 0
    outer loop
      vertex 46.7691 36.3266 0.589999
      vertex 46.4978 36.246 0
      vertex 46.7691 36.3266 0
    endloop
  endfacet
  facet normal 0.191823 -0.981429 0
    outer loop
      vertex 46.7691 36.3266 0
      vertex 47.0638 36.3842 0.589999
      vertex 46.7691 36.3266 0.589999
    endloop
  endfacet
  facet normal 0.191823 -0.981429 0
    outer loop
      vertex 47.0638 36.3842 0.589999
      vertex 46.7691 36.3266 0
      vertex 47.0638 36.3842 0
    endloop
  endfacet
  facet normal 0.107791 -0.994174 0
    outer loop
      vertex 47.0638 36.3842 0
      vertex 47.382 36.4187 0.589999
      vertex 47.0638 36.3842 0.589999
    endloop
  endfacet
  facet normal 0.107791 -0.994174 0
    outer loop
      vertex 47.382 36.4187 0.589999
      vertex 47.0638 36.3842 0
      vertex 47.382 36.4187 0
    endloop
  endfacet
  facet normal 0.0339284 -0.999424 0
    outer loop
      vertex 47.382 36.4187 0
      vertex 47.7237 36.4303 0.589999
      vertex 47.382 36.4187 0.589999
    endloop
  endfacet
  facet normal 0.0339284 -0.999424 0
    outer loop
      vertex 47.7237 36.4303 0.589999
      vertex 47.382 36.4187 0
      vertex 47.7237 36.4303 0
    endloop
  endfacet
  facet normal -0.0362309 -0.999343 0
    outer loop
      vertex 47.7237 36.4303 0
      vertex 48.0409 36.4188 0.589999
      vertex 47.7237 36.4303 0.589999
    endloop
  endfacet
  facet normal -0.0362309 -0.999343 -0
    outer loop
      vertex 48.0409 36.4188 0.589999
      vertex 47.7237 36.4303 0
      vertex 48.0409 36.4188 0
    endloop
  endfacet
  facet normal -0.11413 -0.993466 0
    outer loop
      vertex 48.0409 36.4188 0
      vertex 48.3386 36.3846 0.589999
      vertex 48.0409 36.4188 0.589999
    endloop
  endfacet
  facet normal -0.11413 -0.993466 -0
    outer loop
      vertex 48.3386 36.3846 0.589999
      vertex 48.0409 36.4188 0
      vertex 48.3386 36.3846 0
    endloop
  endfacet
  facet normal -0.200857 -0.97962 0
    outer loop
      vertex 48.3386 36.3846 0
      vertex 48.6166 36.3276 0.589999
      vertex 48.3386 36.3846 0.589999
    endloop
  endfacet
  facet normal -0.200857 -0.97962 -0
    outer loop
      vertex 48.6166 36.3276 0.589999
      vertex 48.3386 36.3846 0
      vertex 48.6166 36.3276 0
    endloop
  endfacet
  facet normal -0.294969 -0.955507 0
    outer loop
      vertex 48.6166 36.3276 0
      vertex 48.8751 36.2478 0.589999
      vertex 48.6166 36.3276 0.589999
    endloop
  endfacet
  facet normal -0.294969 -0.955507 -0
    outer loop
      vertex 48.8751 36.2478 0.589999
      vertex 48.6166 36.3276 0
      vertex 48.8751 36.2478 0
    endloop
  endfacet
  facet normal -0.39508 -0.918647 0
    outer loop
      vertex 48.8751 36.2478 0
      vertex 49.1139 36.1451 0.589999
      vertex 48.8751 36.2478 0.589999
    endloop
  endfacet
  facet normal -0.39508 -0.918647 -0
    outer loop
      vertex 49.1139 36.1451 0.589999
      vertex 48.8751 36.2478 0
      vertex 49.1139 36.1451 0
    endloop
  endfacet
  facet normal -0.496395 -0.868097 0
    outer loop
      vertex 49.1139 36.1451 0
      vertex 49.3332 36.0197 0.589999
      vertex 49.1139 36.1451 0.589999
    endloop
  endfacet
  facet normal -0.496395 -0.868097 -0
    outer loop
      vertex 49.3332 36.0197 0.589999
      vertex 49.1139 36.1451 0
      vertex 49.3332 36.0197 0
    endloop
  endfacet
  facet normal -0.595939 -0.80303 0
    outer loop
      vertex 49.3332 36.0197 0
      vertex 49.5329 35.8715 0.589999
      vertex 49.3332 36.0197 0.589999
    endloop
  endfacet
  facet normal -0.595939 -0.80303 -0
    outer loop
      vertex 49.5329 35.8715 0.589999
      vertex 49.3332 36.0197 0
      vertex 49.5329 35.8715 0
    endloop
  endfacet
  facet normal -0.688845 -0.724908 0
    outer loop
      vertex 49.5329 35.8715 0
      vertex 49.7118 35.7015 0.589999
      vertex 49.5329 35.8715 0.589999
    endloop
  endfacet
  facet normal -0.688845 -0.724908 -0
    outer loop
      vertex 49.7118 35.7015 0.589999
      vertex 49.5329 35.8715 0
      vertex 49.7118 35.7015 0
    endloop
  endfacet
  facet normal -0.771299 -0.636473 0
    outer loop
      vertex 49.869 35.511 0
      vertex 49.7118 35.7015 0.589999
      vertex 49.7118 35.7015 0
    endloop
  endfacet
  facet normal -0.771299 -0.636473 0
    outer loop
      vertex 49.7118 35.7015 0.589999
      vertex 49.869 35.511 0
      vertex 49.869 35.511 0.589999
    endloop
  endfacet
  facet normal -0.841735 -0.539891 0
    outer loop
      vertex 50.0044 35.2999 0
      vertex 49.869 35.511 0.589999
      vertex 49.869 35.511 0
    endloop
  endfacet
  facet normal -0.841735 -0.539891 0
    outer loop
      vertex 49.869 35.511 0.589999
      vertex 50.0044 35.2999 0
      vertex 50.0044 35.2999 0.589999
    endloop
  endfacet
  facet normal -0.898116 -0.439759 0
    outer loop
      vertex 50.1179 35.0681 0
      vertex 50.0044 35.2999 0.589999
      vertex 50.0044 35.2999 0
    endloop
  endfacet
  facet normal -0.898116 -0.439759 0
    outer loop
      vertex 50.0044 35.2999 0.589999
      vertex 50.1179 35.0681 0
      vertex 50.1179 35.0681 0.589999
    endloop
  endfacet
  facet normal -0.939848 -0.341594 0
    outer loop
      vertex 50.2096 34.8158 0
      vertex 50.1179 35.0681 0.589999
      vertex 50.1179 35.0681 0
    endloop
  endfacet
  facet normal -0.939848 -0.341594 0
    outer loop
      vertex 50.1179 35.0681 0.589999
      vertex 50.2096 34.8158 0
      vertex 50.2096 34.8158 0.589999
    endloop
  endfacet
  facet normal -0.968642 -0.248461 0
    outer loop
      vertex 50.2796 34.5429 0
      vertex 50.2096 34.8158 0.589999
      vertex 50.2096 34.8158 0
    endloop
  endfacet
  facet normal -0.968642 -0.248461 0
    outer loop
      vertex 50.2096 34.8158 0.589999
      vertex 50.2796 34.5429 0
      vertex 50.2796 34.5429 0.589999
    endloop
  endfacet
  facet normal -0.986836 -0.161727 0
    outer loop
      vertex 50.3277 34.2494 0
      vertex 50.2796 34.5429 0.589999
      vertex 50.2796 34.5429 0
    endloop
  endfacet
  facet normal -0.986836 -0.161727 0
    outer loop
      vertex 50.2796 34.5429 0.589999
      vertex 50.3277 34.2494 0
      vertex 50.3277 34.2494 0.589999
    endloop
  endfacet
  facet normal -0.056446 0.998406 0
    outer loop
      vertex 50.3277 34.2494 0
      vertex 48.7924 34.1626 0.589999
      vertex 50.3277 34.2494 0.589999
    endloop
  endfacet
  facet normal -0.056446 0.998406 0
    outer loop
      vertex 48.7924 34.1626 0.589999
      vertex 50.3277 34.2494 0
      vertex 48.7924 34.1626 0
    endloop
  endfacet
  facet normal 0.985002 0.172545 0
    outer loop
      vertex 48.7924 34.1626 0.589999
      vertex 48.767 34.3076 0
      vertex 48.767 34.3076 0.589999
    endloop
  endfacet
  facet normal 0.985002 0.172545 0
    outer loop
      vertex 48.767 34.3076 0
      vertex 48.7924 34.1626 0.589999
      vertex 48.7924 34.1626 0
    endloop
  endfacet
  facet normal 0.971239 0.238106 0
    outer loop
      vertex 48.767 34.3076 0.589999
      vertex 48.7341 34.4418 0
      vertex 48.7341 34.4418 0.589999
    endloop
  endfacet
  facet normal 0.971239 0.238106 0
    outer loop
      vertex 48.7341 34.4418 0
      vertex 48.767 34.3076 0.589999
      vertex 48.767 34.3076 0
    endloop
  endfacet
  facet normal 0.950893 0.309521 0
    outer loop
      vertex 48.7341 34.4418 0.589999
      vertex 48.6939 34.5653 0
      vertex 48.6939 34.5653 0.589999
    endloop
  endfacet
  facet normal 0.950893 0.309521 0
    outer loop
      vertex 48.6939 34.5653 0
      vertex 48.7341 34.4418 0.589999
      vertex 48.7341 34.4418 0
    endloop
  endfacet
  facet normal 0.921035 0.38948 0
    outer loop
      vertex 48.6939 34.5653 0.589999
      vertex 48.6462 34.6781 0
      vertex 48.6462 34.6781 0.589999
    endloop
  endfacet
  facet normal 0.921035 0.38948 0
    outer loop
      vertex 48.6462 34.6781 0
      vertex 48.6939 34.5653 0.589999
      vertex 48.6939 34.5653 0
    endloop
  endfacet
  facet normal 0.879833 0.475282 0
    outer loop
      vertex 48.6462 34.6781 0.589999
      vertex 48.5911 34.7801 0
      vertex 48.5911 34.7801 0.589999
    endloop
  endfacet
  facet normal 0.879833 0.475282 0
    outer loop
      vertex 48.5911 34.7801 0
      vertex 48.6462 34.6781 0.589999
      vertex 48.6462 34.6781 0
    endloop
  endfacet
  facet normal 0.825174 0.564878 0
    outer loop
      vertex 48.5911 34.7801 0.589999
      vertex 48.5286 34.8714 0
      vertex 48.5286 34.8714 0.589999
    endloop
  endfacet
  facet normal 0.825174 0.564878 0
    outer loop
      vertex 48.5286 34.8714 0
      vertex 48.5911 34.7801 0.589999
      vertex 48.5911 34.7801 0
    endloop
  endfacet
  facet normal 0.75507 0.655644 0
    outer loop
      vertex 48.5286 34.8714 0.589999
      vertex 48.4587 34.9519 0
      vertex 48.4587 34.9519 0.589999
    endloop
  endfacet
  facet normal 0.75507 0.655644 0
    outer loop
      vertex 48.4587 34.9519 0
      vertex 48.5286 34.8714 0.589999
      vertex 48.5286 34.8714 0
    endloop
  endfacet
  facet normal 0.665428 0.746462 -0
    outer loop
      vertex 48.4587 34.9519 0
      vertex 48.3804 35.0217 0.589999
      vertex 48.4587 34.9519 0.589999
    endloop
  endfacet
  facet normal 0.665428 0.746462 0
    outer loop
      vertex 48.3804 35.0217 0.589999
      vertex 48.4587 34.9519 0
      vertex 48.3804 35.0217 0
    endloop
  endfacet
  facet normal 0.558839 0.829276 -0
    outer loop
      vertex 48.3804 35.0217 0
      vertex 48.2927 35.0808 0.589999
      vertex 48.3804 35.0217 0.589999
    endloop
  endfacet
  facet normal 0.558839 0.829276 0
    outer loop
      vertex 48.2927 35.0808 0.589999
      vertex 48.3804 35.0217 0
      vertex 48.2927 35.0808 0
    endloop
  endfacet
  facet normal 0.445001 0.89553 -0
    outer loop
      vertex 48.2927 35.0808 0
      vertex 48.1955 35.1291 0.589999
      vertex 48.2927 35.0808 0.589999
    endloop
  endfacet
  facet normal 0.445001 0.89553 0
    outer loop
      vertex 48.1955 35.1291 0.589999
      vertex 48.2927 35.0808 0
      vertex 48.1955 35.1291 0
    endloop
  endfacet
  facet normal 0.332913 0.942958 -0
    outer loop
      vertex 48.1955 35.1291 0
      vertex 48.089 35.1667 0.589999
      vertex 48.1955 35.1291 0.589999
    endloop
  endfacet
  facet normal 0.332913 0.942958 0
    outer loop
      vertex 48.089 35.1667 0.589999
      vertex 48.1955 35.1291 0
      vertex 48.089 35.1667 0
    endloop
  endfacet
  facet normal 0.225902 0.97415 -0
    outer loop
      vertex 48.089 35.1667 0
      vertex 47.973 35.1936 0.589999
      vertex 48.089 35.1667 0.589999
    endloop
  endfacet
  facet normal 0.225902 0.97415 0
    outer loop
      vertex 47.973 35.1936 0.589999
      vertex 48.089 35.1667 0
      vertex 47.973 35.1936 0
    endloop
  endfacet
  facet normal 0.127344 0.991859 -0
    outer loop
      vertex 47.973 35.1936 0
      vertex 47.8476 35.2097 0.589999
      vertex 47.973 35.1936 0.589999
    endloop
  endfacet
  facet normal 0.127344 0.991859 0
    outer loop
      vertex 47.8476 35.2097 0.589999
      vertex 47.973 35.1936 0
      vertex 47.8476 35.2097 0
    endloop
  endfacet
  facet normal 0.0392872 0.999228 -0
    outer loop
      vertex 47.8476 35.2097 0
      vertex 47.7128 35.215 0.589999
      vertex 47.8476 35.2097 0.589999
    endloop
  endfacet
  facet normal 0.0392872 0.999228 0
    outer loop
      vertex 47.7128 35.215 0.589999
      vertex 47.8476 35.2097 0
      vertex 47.7128 35.215 0
    endloop
  endfacet
  facet normal -0.0760093 0.997107 0
    outer loop
      vertex 47.7128 35.215 0
      vertex 47.4465 35.1947 0.589999
      vertex 47.7128 35.215 0.589999
    endloop
  endfacet
  facet normal -0.0760093 0.997107 0
    outer loop
      vertex 47.4465 35.1947 0.589999
      vertex 47.7128 35.215 0
      vertex 47.4465 35.1947 0
    endloop
  endfacet
  facet normal -0.26174 0.965138 0
    outer loop
      vertex 47.4465 35.1947 0
      vertex 47.2212 35.1336 0.589999
      vertex 47.4465 35.1947 0.589999
    endloop
  endfacet
  facet normal -0.26174 0.965138 0
    outer loop
      vertex 47.2212 35.1336 0.589999
      vertex 47.4465 35.1947 0
      vertex 47.2212 35.1336 0
    endloop
  endfacet
  facet normal -0.483868 0.875141 0
    outer loop
      vertex 47.2212 35.1336 0
      vertex 47.0369 35.0317 0.589999
      vertex 47.2212 35.1336 0.589999
    endloop
  endfacet
  facet normal -0.483868 0.875141 0
    outer loop
      vertex 47.0369 35.0317 0.589999
      vertex 47.2212 35.1336 0
      vertex 47.0369 35.0317 0
    endloop
  endfacet
  facet normal -0.705126 0.709082 0
    outer loop
      vertex 47.0369 35.0317 0
      vertex 46.8935 34.8891 0.589999
      vertex 47.0369 35.0317 0.589999
    endloop
  endfacet
  facet normal -0.705126 0.709082 0
    outer loop
      vertex 46.8935 34.8891 0.589999
      vertex 47.0369 35.0317 0
      vertex 46.8935 34.8891 0
    endloop
  endfacet
  facet normal -0.873122 0.487501 0
    outer loop
      vertex 46.7911 34.7057 0
      vertex 46.8935 34.8891 0.589999
      vertex 46.8935 34.8891 0
    endloop
  endfacet
  facet normal -0.873122 0.487501 0
    outer loop
      vertex 46.8935 34.8891 0.589999
      vertex 46.7911 34.7057 0
      vertex 46.7911 34.7057 0.589999
    endloop
  endfacet
  facet normal -0.964425 0.264356 0
    outer loop
      vertex 46.7297 34.4817 0
      vertex 46.7911 34.7057 0.589999
      vertex 46.7911 34.7057 0
    endloop
  endfacet
  facet normal -0.964425 0.264356 0
    outer loop
      vertex 46.7911 34.7057 0.589999
      vertex 46.7297 34.4817 0
      vertex 46.7297 34.4817 0.589999
    endloop
  endfacet
  facet normal -0.997019 0.077157 0
    outer loop
      vertex 46.7092 34.2168 0
      vertex 46.7297 34.4817 0.589999
      vertex 46.7297 34.4817 0
    endloop
  endfacet
  facet normal -0.997019 0.077157 0
    outer loop
      vertex 46.7297 34.4817 0.589999
      vertex 46.7092 34.2168 0
      vertex 46.7092 34.2168 0.589999
    endloop
  endfacet
  facet normal -0.998402 -0.0565133 0
    outer loop
      vertex 46.7158 34.1002 0
      vertex 46.7092 34.2168 0.589999
      vertex 46.7092 34.2168 0
    endloop
  endfacet
  facet normal -0.998402 -0.0565133 0
    outer loop
      vertex 46.7092 34.2168 0.589999
      vertex 46.7158 34.1002 0
      vertex 46.7158 34.1002 0.589999
    endloop
  endfacet
  facet normal -0.986028 -0.166581 0
    outer loop
      vertex 46.7356 33.983 0
      vertex 46.7158 34.1002 0.589999
      vertex 46.7158 34.1002 0
    endloop
  endfacet
  facet normal -0.986028 -0.166581 0
    outer loop
      vertex 46.7158 34.1002 0.589999
      vertex 46.7356 33.983 0
      vertex 46.7356 33.983 0.589999
    endloop
  endfacet
  facet normal -0.963201 -0.268781 0
    outer loop
      vertex 46.7685 33.8651 0
      vertex 46.7356 33.983 0.589999
      vertex 46.7356 33.983 0
    endloop
  endfacet
  facet normal -0.963201 -0.268781 0
    outer loop
      vertex 46.7356 33.983 0.589999
      vertex 46.7685 33.8651 0
      vertex 46.7685 33.8651 0.589999
    endloop
  endfacet
  facet normal -0.932064 -0.362295 0
    outer loop
      vertex 46.8146 33.7465 0
      vertex 46.7685 33.8651 0.589999
      vertex 46.7685 33.8651 0
    endloop
  endfacet
  facet normal -0.932064 -0.362295 0
    outer loop
      vertex 46.7685 33.8651 0.589999
      vertex 46.8146 33.7465 0
      vertex 46.8146 33.7465 0.589999
    endloop
  endfacet
  facet normal -0.895327 -0.44541 0
    outer loop
      vertex 46.8739 33.6273 0
      vertex 46.8146 33.7465 0.589999
      vertex 46.8146 33.7465 0
    endloop
  endfacet
  facet normal -0.895327 -0.44541 0
    outer loop
      vertex 46.8146 33.7465 0.589999
      vertex 46.8739 33.6273 0
      vertex 46.8739 33.6273 0.589999
    endloop
  endfacet
  facet normal -0.855725 -0.517431 0
    outer loop
      vertex 46.9464 33.5074 0
      vertex 46.8739 33.6273 0.589999
      vertex 46.8739 33.6273 0
    endloop
  endfacet
  facet normal -0.855725 -0.517431 0
    outer loop
      vertex 46.8739 33.6273 0.589999
      vertex 46.9464 33.5074 0
      vertex 46.9464 33.5074 0.589999
    endloop
  endfacet
  facet normal -0.815466 -0.578805 0
    outer loop
      vertex 47.032 33.3868 0
      vertex 46.9464 33.5074 0.589999
      vertex 46.9464 33.5074 0
    endloop
  endfacet
  facet normal -0.815466 -0.578805 0
    outer loop
      vertex 46.9464 33.5074 0.589999
      vertex 47.032 33.3868 0
      vertex 47.032 33.3868 0.589999
    endloop
  endfacet
  facet normal -0.776019 -0.630709 0
    outer loop
      vertex 47.134 33.2613 0
      vertex 47.032 33.3868 0.589999
      vertex 47.032 33.3868 0
    endloop
  endfacet
  facet normal -0.776019 -0.630709 0
    outer loop
      vertex 47.032 33.3868 0.589999
      vertex 47.134 33.2613 0
      vertex 47.134 33.2613 0.589999
    endloop
  endfacet
  facet normal -0.742774 -0.669543 0
    outer loop
      vertex 47.2556 33.1264 0
      vertex 47.134 33.2613 0.589999
      vertex 47.134 33.2613 0
    endloop
  endfacet
  facet normal -0.742774 -0.669543 0
    outer loop
      vertex 47.134 33.2613 0.589999
      vertex 47.2556 33.1264 0
      vertex 47.2556 33.1264 0.589999
    endloop
  endfacet
  facet normal -0.714257 -0.699883 0
    outer loop
      vertex 47.3968 32.9823 0
      vertex 47.2556 33.1264 0.589999
      vertex 47.2556 33.1264 0
    endloop
  endfacet
  facet normal -0.714257 -0.699883 0
    outer loop
      vertex 47.2556 33.1264 0.589999
      vertex 47.3968 32.9823 0
      vertex 47.3968 32.9823 0.589999
    endloop
  endfacet
  facet normal -0.690497 -0.723335 0
    outer loop
      vertex 47.3968 32.9823 0
      vertex 47.5576 32.8288 0.589999
      vertex 47.3968 32.9823 0.589999
    endloop
  endfacet
  facet normal -0.690497 -0.723335 -0
    outer loop
      vertex 47.5576 32.8288 0.589999
      vertex 47.3968 32.9823 0
      vertex 47.5576 32.8288 0
    endloop
  endfacet
  facet normal -0.669738 -0.742598 0
    outer loop
      vertex 47.5576 32.8288 0
      vertex 47.738 32.6661 0.589999
      vertex 47.5576 32.8288 0.589999
    endloop
  endfacet
  facet normal -0.669738 -0.742598 -0
    outer loop
      vertex 47.738 32.6661 0.589999
      vertex 47.5576 32.8288 0
      vertex 47.738 32.6661 0
    endloop
  endfacet
  facet normal -0.65207 -0.758159 0
    outer loop
      vertex 47.738 32.6661 0
      vertex 47.9381 32.494 0.589999
      vertex 47.738 32.6661 0.589999
    endloop
  endfacet
  facet normal -0.65207 -0.758159 -0
    outer loop
      vertex 47.9381 32.494 0.589999
      vertex 47.738 32.6661 0
      vertex 47.9381 32.494 0
    endloop
  endfacet
  facet normal -0.636655 -0.771149 0
    outer loop
      vertex 47.9381 32.494 0
      vertex 48.1577 32.3127 0.589999
      vertex 47.9381 32.494 0.589999
    endloop
  endfacet
  facet normal -0.636655 -0.771149 -0
    outer loop
      vertex 48.1577 32.3127 0.589999
      vertex 47.9381 32.494 0
      vertex 48.1577 32.3127 0
    endloop
  endfacet
  facet normal -0.63748 -0.770467 0
    outer loop
      vertex 48.1577 32.3127 0
      vertex 48.3906 32.12 0.589999
      vertex 48.1577 32.3127 0.589999
    endloop
  endfacet
  facet normal -0.63748 -0.770467 -0
    outer loop
      vertex 48.3906 32.12 0.589999
      vertex 48.1577 32.3127 0
      vertex 48.3906 32.12 0
    endloop
  endfacet
  facet normal -0.65237 -0.757901 0
    outer loop
      vertex 48.3906 32.12 0
      vertex 48.6118 31.9296 0.589999
      vertex 48.3906 32.12 0.589999
    endloop
  endfacet
  facet normal -0.65237 -0.757901 -0
    outer loop
      vertex 48.6118 31.9296 0.589999
      vertex 48.3906 32.12 0
      vertex 48.6118 31.9296 0
    endloop
  endfacet
  facet normal -0.667925 -0.744229 0
    outer loop
      vertex 48.6118 31.9296 0
      vertex 48.8215 31.7414 0.589999
      vertex 48.6118 31.9296 0.589999
    endloop
  endfacet
  facet normal -0.667925 -0.744229 -0
    outer loop
      vertex 48.8215 31.7414 0.589999
      vertex 48.6118 31.9296 0
      vertex 48.8215 31.7414 0
    endloop
  endfacet
  facet normal -0.684675 -0.728848 0
    outer loop
      vertex 48.8215 31.7414 0
      vertex 49.0195 31.5554 0.589999
      vertex 48.8215 31.7414 0.589999
    endloop
  endfacet
  facet normal -0.684675 -0.728848 -0
    outer loop
      vertex 49.0195 31.5554 0.589999
      vertex 48.8215 31.7414 0
      vertex 49.0195 31.5554 0
    endloop
  endfacet
  facet normal -0.702123 -0.712055 0
    outer loop
      vertex 49.0195 31.5554 0
      vertex 49.2059 31.3716 0.589999
      vertex 49.0195 31.5554 0.589999
    endloop
  endfacet
  facet normal -0.702123 -0.712055 -0
    outer loop
      vertex 49.2059 31.3716 0.589999
      vertex 49.0195 31.5554 0
      vertex 49.2059 31.3716 0
    endloop
  endfacet
  facet normal -0.720665 -0.693283 0
    outer loop
      vertex 49.3806 31.19 0
      vertex 49.2059 31.3716 0.589999
      vertex 49.2059 31.3716 0
    endloop
  endfacet
  facet normal -0.720665 -0.693283 0
    outer loop
      vertex 49.2059 31.3716 0.589999
      vertex 49.3806 31.19 0
      vertex 49.3806 31.19 0.589999
    endloop
  endfacet
  facet normal -0.739529 -0.673124 0
    outer loop
      vertex 49.5438 31.0107 0
      vertex 49.3806 31.19 0.589999
      vertex 49.3806 31.19 0
    endloop
  endfacet
  facet normal -0.739529 -0.673124 0
    outer loop
      vertex 49.3806 31.19 0.589999
      vertex 49.5438 31.0107 0
      vertex 49.5438 31.0107 0.589999
    endloop
  endfacet
  facet normal -0.761866 -0.647735 0
    outer loop
      vertex 49.6959 30.8318 0
      vertex 49.5438 31.0107 0.589999
      vertex 49.5438 31.0107 0
    endloop
  endfacet
  facet normal -0.761866 -0.647735 0
    outer loop
      vertex 49.5438 31.0107 0.589999
      vertex 49.6959 30.8318 0
      vertex 49.6959 30.8318 0.589999
    endloop
  endfacet
  facet normal -0.785819 -0.618457 0
    outer loop
      vertex 49.8378 30.6515 0
      vertex 49.6959 30.8318 0.589999
      vertex 49.6959 30.8318 0
    endloop
  endfacet
  facet normal -0.785819 -0.618457 0
    outer loop
      vertex 49.6959 30.8318 0.589999
      vertex 49.8378 30.6515 0
      vertex 49.8378 30.6515 0.589999
    endloop
  endfacet
  facet normal -0.809738 -0.586792 0
    outer loop
      vertex 49.9694 30.4699 0
      vertex 49.8378 30.6515 0.589999
      vertex 49.8378 30.6515 0
    endloop
  endfacet
  facet normal -0.809738 -0.586792 0
    outer loop
      vertex 49.8378 30.6515 0.589999
      vertex 49.9694 30.4699 0
      vertex 49.9694 30.4699 0.589999
    endloop
  endfacet
  facet normal -0.833241 -0.552911 0
    outer loop
      vertex 50.0907 30.2871 0
      vertex 49.9694 30.4699 0.589999
      vertex 49.9694 30.4699 0
    endloop
  endfacet
  facet normal -0.833241 -0.552911 0
    outer loop
      vertex 49.9694 30.4699 0.589999
      vertex 50.0907 30.2871 0
      vertex 50.0907 30.2871 0.589999
    endloop
  endfacet
  facet normal -0.85663 -0.51593 0
    outer loop
      vertex 50.2017 30.1028 0
      vertex 50.0907 30.2871 0.589999
      vertex 50.0907 30.2871 0
    endloop
  endfacet
  facet normal -0.85663 -0.51593 0
    outer loop
      vertex 50.0907 30.2871 0.589999
      vertex 50.2017 30.1028 0
      vertex 50.2017 30.1028 0.589999
    endloop
  endfacet
  facet normal -0.87916 -0.476527 0
    outer loop
      vertex 50.3023 29.9172 0
      vertex 50.2017 30.1028 0.589999
      vertex 50.2017 30.1028 0
    endloop
  endfacet
  facet normal -0.87916 -0.476527 0
    outer loop
      vertex 50.2017 30.1028 0.589999
      vertex 50.3023 29.9172 0
      vertex 50.3023 29.9172 0.589999
    endloop
  endfacet
  facet normal -0.900135 -0.435611 0
    outer loop
      vertex 50.3927 29.7304 0
      vertex 50.3023 29.9172 0.589999
      vertex 50.3023 29.9172 0
    endloop
  endfacet
  facet normal -0.900135 -0.435611 0
    outer loop
      vertex 50.3023 29.9172 0.589999
      vertex 50.3927 29.7304 0
      vertex 50.3927 29.7304 0.589999
    endloop
  endfacet
  facet normal -1 0 0
    outer loop
      vertex 50.3927 28.6725 0
      vertex 50.3927 29.7304 0.589999
      vertex 50.3927 29.7304 0
    endloop
  endfacet
  facet normal -1 -0 0
    outer loop
      vertex 50.3927 29.7304 0.589999
      vertex 50.3927 28.6725 0
      vertex 50.3927 28.6725 0.589999
    endloop
  endfacet
  facet normal 0 1 -0
    outer loop
      vertex 50.3927 28.6725 0
      vertex 45.0437 28.6725 0.589999
      vertex 50.3927 28.6725 0.589999
    endloop
  endfacet
  facet normal 0 1 0
    outer loop
      vertex 45.0437 28.6725 0.589999
      vertex 50.3927 28.6725 0
      vertex 45.0437 28.6725 0
    endloop
  endfacet
  facet normal 1 -0 0
    outer loop
      vertex 45.0437 28.6725 0.589999
      vertex 45.0437 29.9257 0
      vertex 45.0437 29.9257 0.589999
    endloop
  endfacet
  facet normal 1 0 0
    outer loop
      vertex 45.0437 29.9257 0
      vertex 45.0437 28.6725 0.589999
      vertex 45.0437 28.6725 0
    endloop
  endfacet
  facet normal 0.106104 0.994355 -0
    outer loop
      vertex 41.3184 28.5597 0
      vertex 40.9829 28.5955 0.589999
      vertex 41.3184 28.5597 0.589999
    endloop
  endfacet
  facet normal 0.106104 0.994355 0
    outer loop
      vertex 40.9829 28.5955 0.589999
      vertex 41.3184 28.5597 0
      vertex 40.9829 28.5955 0
    endloop
  endfacet
  facet normal 0.188765 0.982022 -0
    outer loop
      vertex 40.9829 28.5955 0
      vertex 40.6718 28.6553 0.589999
      vertex 40.9829 28.5955 0.589999
    endloop
  endfacet
  facet normal 0.188765 0.982022 0
    outer loop
      vertex 40.6718 28.6553 0.589999
      vertex 40.9829 28.5955 0
      vertex 40.6718 28.6553 0
    endloop
  endfacet
  facet normal 0.280244 0.959929 -0
    outer loop
      vertex 40.6718 28.6553 0
      vertex 40.3851 28.739 0.589999
      vertex 40.6718 28.6553 0.589999
    endloop
  endfacet
  facet normal 0.280244 0.959929 0
    outer loop
      vertex 40.3851 28.739 0.589999
      vertex 40.6718 28.6553 0
      vertex 40.3851 28.739 0
    endloop
  endfacet
  facet normal 0.379402 0.925232 -0
    outer loop
      vertex 40.3851 28.739 0
      vertex 40.1227 28.8466 0.589999
      vertex 40.3851 28.739 0.589999
    endloop
  endfacet
  facet normal 0.379402 0.925232 0
    outer loop
      vertex 40.1227 28.8466 0.589999
      vertex 40.3851 28.739 0
      vertex 40.1227 28.8466 0
    endloop
  endfacet
  facet normal 0.483894 0.875127 -0
    outer loop
      vertex 40.1227 28.8466 0
      vertex 39.8847 28.9782 0.589999
      vertex 40.1227 28.8466 0.589999
    endloop
  endfacet
  facet normal 0.483894 0.875127 0
    outer loop
      vertex 39.8847 28.9782 0.589999
      vertex 40.1227 28.8466 0
      vertex 39.8847 28.9782 0
    endloop
  endfacet
  facet normal 0.588127 0.808769 -0
    outer loop
      vertex 39.8847 28.9782 0
      vertex 39.671 29.1336 0.589999
      vertex 39.8847 28.9782 0.589999
    endloop
  endfacet
  facet normal 0.588127 0.808769 0
    outer loop
      vertex 39.671 29.1336 0.589999
      vertex 39.8847 28.9782 0
      vertex 39.671 29.1336 0
    endloop
  endfacet
  facet normal 0.688046 0.725667 -0
    outer loop
      vertex 39.671 29.1336 0
      vertex 39.4839 29.311 0.589999
      vertex 39.671 29.1336 0.589999
    endloop
  endfacet
  facet normal 0.688046 0.725667 0
    outer loop
      vertex 39.4839 29.311 0.589999
      vertex 39.671 29.1336 0
      vertex 39.4839 29.311 0
    endloop
  endfacet
  facet normal 0.779981 0.625803 0
    outer loop
      vertex 39.4839 29.311 0.589999
      vertex 39.3256 29.5083 0
      vertex 39.3256 29.5083 0.589999
    endloop
  endfacet
  facet normal 0.779981 0.625803 0
    outer loop
      vertex 39.3256 29.5083 0
      vertex 39.4839 29.311 0.589999
      vertex 39.4839 29.311 0
    endloop
  endfacet
  facet normal 0.858746 0.512401 0
    outer loop
      vertex 39.3256 29.5083 0.589999
      vertex 39.196 29.7255 0
      vertex 39.196 29.7255 0.589999
    endloop
  endfacet
  facet normal 0.858746 0.512401 0
    outer loop
      vertex 39.196 29.7255 0
      vertex 39.3256 29.5083 0.589999
      vertex 39.3256 29.5083 0
    endloop
  endfacet
  facet normal 0.920485 0.390779 0
    outer loop
      vertex 39.196 29.7255 0.589999
      vertex 39.0953 29.9627 0
      vertex 39.0953 29.9627 0.589999
    endloop
  endfacet
  facet normal 0.920485 0.390779 0
    outer loop
      vertex 39.0953 29.9627 0
      vertex 39.196 29.7255 0.589999
      vertex 39.196 29.7255 0
    endloop
  endfacet
  facet normal 0.962952 0.269672 0
    outer loop
      vertex 39.0953 29.9627 0.589999
      vertex 39.0233 30.2198 0
      vertex 39.0233 30.2198 0.589999
    endloop
  endfacet
  facet normal 0.962952 0.269672 0
    outer loop
      vertex 39.0233 30.2198 0
      vertex 39.0953 29.9627 0.589999
      vertex 39.0953 29.9627 0
    endloop
  endfacet
  facet normal 0.988056 0.154094 0
    outer loop
      vertex 39.0233 30.2198 0.589999
      vertex 38.9801 30.4968 0
      vertex 38.9801 30.4968 0.589999
    endloop
  endfacet
  facet normal 0.988056 0.154094 0
    outer loop
      vertex 38.9801 30.4968 0
      vertex 39.0233 30.2198 0.589999
      vertex 39.0233 30.2198 0
    endloop
  endfacet
  facet normal 0.998826 0.0484442 0
    outer loop
      vertex 38.9801 30.4968 0.589999
      vertex 38.9657 30.7937 0
      vertex 38.9657 30.7937 0.589999
    endloop
  endfacet
  facet normal 0.998826 0.0484442 0
    outer loop
      vertex 38.9657 30.7937 0
      vertex 38.9801 30.4968 0.589999
      vertex 38.9801 30.4968 0
    endloop
  endfacet
  facet normal 0.998887 -0.0471724 0
    outer loop
      vertex 38.9657 30.7937 0.589999
      vertex 38.9754 30.9991 0
      vertex 38.9754 30.9991 0.589999
    endloop
  endfacet
  facet normal 0.998887 -0.0471724 0
    outer loop
      vertex 38.9754 30.9991 0
      vertex 38.9657 30.7937 0.589999
      vertex 38.9657 30.7937 0
    endloop
  endfacet
  facet normal 0.989014 -0.147819 0
    outer loop
      vertex 38.9754 30.9991 0.589999
      vertex 39.0045 31.1938 0
      vertex 39.0045 31.1938 0.589999
    endloop
  endfacet
  facet normal 0.989014 -0.147819 0
    outer loop
      vertex 39.0045 31.1938 0
      vertex 38.9754 30.9991 0.589999
      vertex 38.9754 30.9991 0
    endloop
  endfacet
  facet normal 0.967102 -0.25439 0
    outer loop
      vertex 39.0045 31.1938 0.589999
      vertex 39.0529 31.3778 0
      vertex 39.0529 31.3778 0.589999
    endloop
  endfacet
  facet normal 0.967102 -0.25439 0
    outer loop
      vertex 39.0529 31.3778 0
      vertex 39.0045 31.1938 0.589999
      vertex 39.0045 31.1938 0
    endloop
  endfacet
  facet normal 0.931124 -0.364704 0
    outer loop
      vertex 39.0529 31.3778 0.589999
      vertex 39.1207 31.5509 0
      vertex 39.1207 31.5509 0.589999
    endloop
  endfacet
  facet normal 0.931124 -0.364704 0
    outer loop
      vertex 39.1207 31.5509 0
      vertex 39.0529 31.3778 0.589999
      vertex 39.0529 31.3778 0
    endloop
  endfacet
  facet normal 0.881149 -0.472838 0
    outer loop
      vertex 39.1207 31.5509 0.589999
      vertex 39.2079 31.7134 0
      vertex 39.2079 31.7134 0.589999
    endloop
  endfacet
  facet normal 0.881149 -0.472838 0
    outer loop
      vertex 39.2079 31.7134 0
      vertex 39.1207 31.5509 0.589999
      vertex 39.1207 31.5509 0
    endloop
  endfacet
  facet normal 0.818192 -0.574946 0
    outer loop
      vertex 39.2079 31.7134 0.589999
      vertex 39.3145 31.8651 0
      vertex 39.3145 31.8651 0.589999
    endloop
  endfacet
  facet normal 0.818192 -0.574946 0
    outer loop
      vertex 39.3145 31.8651 0
      vertex 39.2079 31.7134 0.589999
      vertex 39.2079 31.7134 0
    endloop
  endfacet
  facet normal 0.745919 -0.666037 0
    outer loop
      vertex 39.3145 31.8651 0.589999
      vertex 39.4404 32.0061 0
      vertex 39.4404 32.0061 0.589999
    endloop
  endfacet
  facet normal 0.745919 -0.666037 0
    outer loop
      vertex 39.4404 32.0061 0
      vertex 39.3145 31.8651 0.589999
      vertex 39.3145 31.8651 0
    endloop
  endfacet
  facet normal 0.664911 -0.746922 0
    outer loop
      vertex 39.4404 32.0061 0
      vertex 39.5843 32.1342 0.589999
      vertex 39.4404 32.0061 0.589999
    endloop
  endfacet
  facet normal 0.664911 -0.746922 0
    outer loop
      vertex 39.5843 32.1342 0.589999
      vertex 39.4404 32.0061 0
      vertex 39.5843 32.1342 0
    endloop
  endfacet
  facet normal 0.575241 -0.817984 0
    outer loop
      vertex 39.5843 32.1342 0
      vertex 39.7447 32.247 0.589999
      vertex 39.5843 32.1342 0.589999
    endloop
  endfacet
  facet normal 0.575241 -0.817984 0
    outer loop
      vertex 39.7447 32.247 0.589999
      vertex 39.5843 32.1342 0
      vertex 39.7447 32.247 0
    endloop
  endfacet
  facet normal 0.484045 -0.875043 0
    outer loop
      vertex 39.7447 32.247 0
      vertex 39.9215 32.3448 0.589999
      vertex 39.7447 32.247 0.589999
    endloop
  endfacet
  facet normal 0.484045 -0.875043 0
    outer loop
      vertex 39.9215 32.3448 0.589999
      vertex 39.7447 32.247 0
      vertex 39.9215 32.3448 0
    endloop
  endfacet
  facet normal 0.392541 -0.919735 0
    outer loop
      vertex 39.9215 32.3448 0
      vertex 40.1148 32.4273 0.589999
      vertex 39.9215 32.3448 0.589999
    endloop
  endfacet
  facet normal 0.392541 -0.919735 0
    outer loop
      vertex 40.1148 32.4273 0.589999
      vertex 39.9215 32.3448 0
      vertex 40.1148 32.4273 0
    endloop
  endfacet
  facet normal 0.30573 -0.952118 0
    outer loop
      vertex 40.1148 32.4273 0
      vertex 40.3247 32.4947 0.589999
      vertex 40.1148 32.4273 0.589999
    endloop
  endfacet
  facet normal 0.30573 -0.952118 0
    outer loop
      vertex 40.3247 32.4947 0.589999
      vertex 40.1148 32.4273 0
      vertex 40.3247 32.4947 0
    endloop
  endfacet
  facet normal 0.224765 -0.974413 0
    outer loop
      vertex 40.3247 32.4947 0
      vertex 40.551 32.5469 0.589999
      vertex 40.3247 32.4947 0.589999
    endloop
  endfacet
  facet normal 0.224765 -0.974413 0
    outer loop
      vertex 40.551 32.5469 0.589999
      vertex 40.3247 32.4947 0
      vertex 40.551 32.5469 0
    endloop
  endfacet
  facet normal 0.150589 -0.988596 0
    outer loop
      vertex 40.551 32.5469 0
      vertex 40.7939 32.5839 0.589999
      vertex 40.551 32.5469 0.589999
    endloop
  endfacet
  facet normal 0.150589 -0.988596 0
    outer loop
      vertex 40.7939 32.5839 0.589999
      vertex 40.551 32.5469 0
      vertex 40.7939 32.5839 0
    endloop
  endfacet
  facet normal 1 -0 0
    outer loop
      vertex 40.7939 32.5839 0.589999
      vertex 40.7939 32.6056 0
      vertex 40.7939 32.6056 0.589999
    endloop
  endfacet
  facet normal 1 0 0
    outer loop
      vertex 40.7939 32.6056 0
      vertex 40.7939 32.5839 0.589999
      vertex 40.7939 32.5839 0
    endloop
  endfacet
  facet normal 0.221602 0.975137 -0
    outer loop
      vertex 40.7939 32.6056 0
      vertex 40.5752 32.6553 0.589999
      vertex 40.7939 32.6056 0.589999
    endloop
  endfacet
  facet normal 0.221602 0.975137 0
    outer loop
      vertex 40.5752 32.6553 0.589999
      vertex 40.7939 32.6056 0
      vertex 40.5752 32.6553 0
    endloop
  endfacet
  facet normal 0.29303 0.956103 -0
    outer loop
      vertex 40.5752 32.6553 0
      vertex 40.3716 32.7177 0.589999
      vertex 40.5752 32.6553 0.589999
    endloop
  endfacet
  facet normal 0.29303 0.956103 0
    outer loop
      vertex 40.3716 32.7177 0.589999
      vertex 40.5752 32.6553 0
      vertex 40.3716 32.7177 0
    endloop
  endfacet
  facet normal 0.369603 0.92919 -0
    outer loop
      vertex 40.3716 32.7177 0
      vertex 40.1833 32.7926 0.589999
      vertex 40.3716 32.7177 0.589999
    endloop
  endfacet
  facet normal 0.369603 0.92919 0
    outer loop
      vertex 40.1833 32.7926 0.589999
      vertex 40.3716 32.7177 0
      vertex 40.1833 32.7926 0
    endloop
  endfacet
  facet normal 0.451331 0.892357 -0
    outer loop
      vertex 40.1833 32.7926 0
      vertex 40.0101 32.8802 0.589999
      vertex 40.1833 32.7926 0.589999
    endloop
  endfacet
  facet normal 0.451331 0.892357 0
    outer loop
      vertex 40.0101 32.8802 0.589999
      vertex 40.1833 32.7926 0
      vertex 40.0101 32.8802 0
    endloop
  endfacet
  facet normal 0.535319 0.84465 -0
    outer loop
      vertex 40.0101 32.8802 0
      vertex 39.852 32.9804 0.589999
      vertex 40.0101 32.8802 0.589999
    endloop
  endfacet
  facet normal 0.535319 0.84465 0
    outer loop
      vertex 39.852 32.9804 0.589999
      vertex 40.0101 32.8802 0
      vertex 39.852 32.9804 0
    endloop
  endfacet
  facet normal 0.619858 0.784714 -0
    outer loop
      vertex 39.852 32.9804 0
      vertex 39.7092 33.0932 0.589999
      vertex 39.852 32.9804 0.589999
    endloop
  endfacet
  facet normal 0.619858 0.784714 0
    outer loop
      vertex 39.7092 33.0932 0.589999
      vertex 39.852 32.9804 0
      vertex 39.7092 33.0932 0
    endloop
  endfacet
  facet normal 0.700936 0.713224 -0
    outer loop
      vertex 39.7092 33.0932 0
      vertex 39.5815 33.2187 0.589999
      vertex 39.7092 33.0932 0.589999
    endloop
  endfacet
  facet normal 0.700936 0.713224 0
    outer loop
      vertex 39.5815 33.2187 0.589999
      vertex 39.7092 33.0932 0
      vertex 39.5815 33.2187 0
    endloop
  endfacet
  facet normal 0.775091 0.631849 0
    outer loop
      vertex 39.5815 33.2187 0.589999
      vertex 39.4699 33.3556 0
      vertex 39.4699 33.3556 0.589999
    endloop
  endfacet
  facet normal 0.775091 0.631849 0
    outer loop
      vertex 39.4699 33.3556 0
      vertex 39.5815 33.2187 0.589999
      vertex 39.5815 33.2187 0
    endloop
  endfacet
  facet normal 0.842105 0.539313 0
    outer loop
      vertex 39.4699 33.3556 0.589999
      vertex 39.3755 33.503 0
      vertex 39.3755 33.503 0.589999
    endloop
  endfacet
  facet normal 0.842105 0.539313 0
    outer loop
      vertex 39.3755 33.503 0
      vertex 39.4699 33.3556 0.589999
      vertex 39.4699 33.3556 0
    endloop
  endfacet
  facet normal 0.898155 0.43968 0
    outer loop
      vertex 39.3755 33.503 0.589999
      vertex 39.2983 33.6607 0
      vertex 39.2983 33.6607 0.589999
    endloop
  endfacet
  facet normal 0.898155 0.43968 0
    outer loop
      vertex 39.2983 33.6607 0
      vertex 39.3755 33.503 0.589999
      vertex 39.3755 33.503 0
    endloop
  endfacet
  facet normal 0.941691 0.336478 0
    outer loop
      vertex 39.2983 33.6607 0.589999
      vertex 39.2382 33.8289 0
      vertex 39.2382 33.8289 0.589999
    endloop
  endfacet
  facet normal 0.941691 0.336478 0
    outer loop
      vertex 39.2382 33.8289 0
      vertex 39.2983 33.6607 0.589999
      vertex 39.2983 33.6607 0
    endloop
  endfacet
  facet normal 0.972343 0.233558 0
    outer loop
      vertex 39.2382 33.8289 0.589999
      vertex 39.1953 34.0075 0
      vertex 39.1953 34.0075 0.589999
    endloop
  endfacet
  facet normal 0.972343 0.233558 0
    outer loop
      vertex 39.1953 34.0075 0
      vertex 39.2382 33.8289 0.589999
      vertex 39.2382 33.8289 0
    endloop
  endfacet
  facet normal 0.990881 0.134739 0
    outer loop
      vertex 39.1953 34.0075 0.589999
      vertex 39.1696 34.1965 0
      vertex 39.1696 34.1965 0.589999
    endloop
  endfacet
  facet normal 0.990881 0.134739 0
    outer loop
      vertex 39.1696 34.1965 0
      vertex 39.1953 34.0075 0.589999
      vertex 39.1953 34.0075 0
    endloop
  endfacet
  facet normal 0.999071 0.0430893 0
    outer loop
      vertex 39.1696 34.1965 0.589999
      vertex 39.161 34.3959 0
      vertex 39.161 34.3959 0.589999
    endloop
  endfacet
  facet normal 0.999071 0.0430893 0
    outer loop
      vertex 39.161 34.3959 0
      vertex 39.1696 34.1965 0.589999
      vertex 39.1696 34.1965 0
    endloop
  endfacet
  facet normal 0.99864 -0.0521424 0
    outer loop
      vertex 39.161 34.3959 0.589999
      vertex 39.1748 34.6602 0
      vertex 39.1748 34.6602 0.589999
    endloop
  endfacet
  facet normal 0.99864 -0.0521424 0
    outer loop
      vertex 39.1748 34.6602 0
      vertex 39.161 34.3959 0.589999
      vertex 39.161 34.3959 0
    endloop
  endfacet
  facet normal 0.986351 -0.164658 0
    outer loop
      vertex 39.1748 34.6602 0.589999
      vertex 39.2161 34.9076 0
      vertex 39.2161 34.9076 0.589999
    endloop
  endfacet
  facet normal 0.986351 -0.164658 0
    outer loop
      vertex 39.2161 34.9076 0
      vertex 39.1748 34.6602 0.589999
      vertex 39.1748 34.6602 0
    endloop
  endfacet
  facet normal 0.957963 -0.28689 0
    outer loop
      vertex 39.2161 34.9076 0.589999
      vertex 39.2851 35.138 0
      vertex 39.2851 35.138 0.589999
    endloop
  endfacet
  facet normal 0.957963 -0.28689 0
    outer loop
      vertex 39.2851 35.138 0
      vertex 39.2161 34.9076 0.589999
      vertex 39.2161 34.9076 0
    endloop
  endfacet
  facet normal 0.911402 -0.411518 0
    outer loop
      vertex 39.2851 35.138 0.589999
      vertex 39.3815 35.3515 0
      vertex 39.3815 35.3515 0.589999
    endloop
  endfacet
  facet normal 0.911402 -0.411518 0
    outer loop
      vertex 39.3815 35.3515 0
      vertex 39.2851 35.138 0.589999
      vertex 39.2851 35.138 0
    endloop
  endfacet
  facet normal 0.845622 -0.533783 0
    outer loop
      vertex 39.3815 35.3515 0.589999
      vertex 39.5056 35.5481 0
      vertex 39.5056 35.5481 0.589999
    endloop
  endfacet
  facet normal 0.845622 -0.533783 0
    outer loop
      vertex 39.5056 35.5481 0
      vertex 39.3815 35.3515 0.589999
      vertex 39.3815 35.3515 0
    endloop
  endfacet
  facet normal 0.76416 -0.645026 0
    outer loop
      vertex 39.5056 35.5481 0.589999
      vertex 39.6572 35.7277 0
      vertex 39.6572 35.7277 0.589999
    endloop
  endfacet
  facet normal 0.76416 -0.645026 0
    outer loop
      vertex 39.6572 35.7277 0
      vertex 39.5056 35.5481 0.589999
      vertex 39.5056 35.5481 0
    endloop
  endfacet
  facet normal 0.6722 -0.74037 0
    outer loop
      vertex 39.6572 35.7277 0
      vertex 39.8364 35.8904 0.589999
      vertex 39.6572 35.7277 0.589999
    endloop
  endfacet
  facet normal 0.6722 -0.74037 0
    outer loop
      vertex 39.8364 35.8904 0.589999
      vertex 39.6572 35.7277 0
      vertex 39.8364 35.8904 0
    endloop
  endfacet
  facet normal 0.575105 -0.818079 0
    outer loop
      vertex 39.8364 35.8904 0
      vertex 40.0401 36.0336 0.589999
      vertex 39.8364 35.8904 0.589999
    endloop
  endfacet
  facet normal 0.575105 -0.818079 0
    outer loop
      vertex 40.0401 36.0336 0.589999
      vertex 39.8364 35.8904 0
      vertex 40.0401 36.0336 0
    endloop
  endfacet
  facet normal 0.47424 -0.880396 0
    outer loop
      vertex 40.0401 36.0336 0
      vertex 40.2651 36.1548 0.589999
      vertex 40.0401 36.0336 0.589999
    endloop
  endfacet
  facet normal 0.47424 -0.880396 0
    outer loop
      vertex 40.2651 36.1548 0.589999
      vertex 40.0401 36.0336 0
      vertex 40.2651 36.1548 0
    endloop
  endfacet
  facet normal 0.373467 -0.927644 0
    outer loop
      vertex 40.2651 36.1548 0
      vertex 40.5115 36.254 0.589999
      vertex 40.2651 36.1548 0.589999
    endloop
  endfacet
  facet normal 0.373467 -0.927644 0
    outer loop
      vertex 40.5115 36.254 0.589999
      vertex 40.2651 36.1548 0
      vertex 40.5115 36.254 0
    endloop
  endfacet
  facet normal 0.276759 -0.960939 0
    outer loop
      vertex 40.5115 36.254 0
      vertex 40.7792 36.3311 0.589999
      vertex 40.5115 36.254 0.589999
    endloop
  endfacet
  facet normal 0.276759 -0.960939 0
    outer loop
      vertex 40.7792 36.3311 0.589999
      vertex 40.5115 36.254 0
      vertex 40.7792 36.3311 0
    endloop
  endfacet
  facet normal 0.187159 -0.98233 0
    outer loop
      vertex 40.7792 36.3311 0
      vertex 41.0684 36.3862 0.589999
      vertex 40.7792 36.3311 0.589999
    endloop
  endfacet
  facet normal 0.187159 -0.98233 0
    outer loop
      vertex 41.0684 36.3862 0.589999
      vertex 40.7792 36.3311 0
      vertex 41.0684 36.3862 0
    endloop
  endfacet
  facet normal 0.105685 -0.9944 0
    outer loop
      vertex 41.0684 36.3862 0
      vertex 41.3789 36.4192 0.589999
      vertex 41.0684 36.3862 0.589999
    endloop
  endfacet
  facet normal 0.105685 -0.9944 0
    outer loop
      vertex 41.3789 36.4192 0.589999
      vertex 41.0684 36.3862 0
      vertex 41.3789 36.4192 0
    endloop
  endfacet
  facet normal 0.0334352 -0.999441 0
    outer loop
      vertex 41.3789 36.4192 0
      vertex 41.7107 36.4303 0.589999
      vertex 41.3789 36.4192 0.589999
    endloop
  endfacet
  facet normal 0.0334352 -0.999441 0
    outer loop
      vertex 41.7107 36.4303 0.589999
      vertex 41.3789 36.4192 0
      vertex 41.7107 36.4303 0
    endloop
  endfacet
  facet normal -0.0366346 -0.999329 0
    outer loop
      vertex 41.7107 36.4303 0
      vertex 42.0244 36.4188 0.589999
      vertex 41.7107 36.4303 0.589999
    endloop
  endfacet
  facet normal -0.0366346 -0.999329 -0
    outer loop
      vertex 42.0244 36.4188 0.589999
      vertex 41.7107 36.4303 0
      vertex 42.0244 36.4188 0
    endloop
  endfacet
  facet normal -0.1147 -0.9934 0
    outer loop
      vertex 42.0244 36.4188 0
      vertex 42.3206 36.3846 0.589999
      vertex 42.0244 36.4188 0.589999
    endloop
  endfacet
  facet normal -0.1147 -0.9934 -0
    outer loop
      vertex 42.3206 36.3846 0.589999
      vertex 42.0244 36.4188 0
      vertex 42.3206 36.3846 0
    endloop
  endfacet
  facet normal -0.200442 -0.979706 0
    outer loop
      vertex 42.3206 36.3846 0
      vertex 42.5992 36.3276 0.589999
      vertex 42.3206 36.3846 0.589999
    endloop
  endfacet
  facet normal -0.200442 -0.979706 -0
    outer loop
      vertex 42.5992 36.3276 0.589999
      vertex 42.3206 36.3846 0
      vertex 42.5992 36.3276 0
    endloop
  endfacet
  facet normal -0.292181 -0.956363 0
    outer loop
      vertex 42.5992 36.3276 0
      vertex 42.8604 36.2478 0.589999
      vertex 42.5992 36.3276 0.589999
    endloop
  endfacet
  facet normal -0.292181 -0.956363 -0
    outer loop
      vertex 42.8604 36.2478 0.589999
      vertex 42.5992 36.3276 0
      vertex 42.8604 36.2478 0
    endloop
  endfacet
  facet normal -0.388344 -0.921514 0
    outer loop
      vertex 42.8604 36.2478 0
      vertex 43.1041 36.1451 0.589999
      vertex 42.8604 36.2478 0.589999
    endloop
  endfacet
  facet normal -0.388344 -0.921514 -0
    outer loop
      vertex 43.1041 36.1451 0.589999
      vertex 42.8604 36.2478 0
      vertex 43.1041 36.1451 0
    endloop
  endfacet
  facet normal -0.484855 -0.874595 0
    outer loop
      vertex 43.1041 36.1451 0
      vertex 43.3303 36.0197 0.589999
      vertex 43.1041 36.1451 0.589999
    endloop
  endfacet
  facet normal -0.484855 -0.874595 -0
    outer loop
      vertex 43.3303 36.0197 0.589999
      vertex 43.1041 36.1451 0
      vertex 43.3303 36.0197 0
    endloop
  endfacet
  facet normal -0.578982 -0.815341 0
    outer loop
      vertex 43.3303 36.0197 0
      vertex 43.539 35.8715 0.589999
      vertex 43.3303 36.0197 0.589999
    endloop
  endfacet
  facet normal -0.578982 -0.815341 -0
    outer loop
      vertex 43.539 35.8715 0.589999
      vertex 43.3303 36.0197 0
      vertex 43.539 35.8715 0
    endloop
  endfacet
  facet normal -0.667015 -0.745044 0
    outer loop
      vertex 43.539 35.8715 0
      vertex 43.7271 35.7031 0.589999
      vertex 43.539 35.8715 0.589999
    endloop
  endfacet
  facet normal -0.667015 -0.745044 -0
    outer loop
      vertex 43.7271 35.7031 0.589999
      vertex 43.539 35.8715 0
      vertex 43.7271 35.7031 0
    endloop
  endfacet
  facet normal -0.749097 -0.662461 0
    outer loop
      vertex 43.8915 35.5172 0
      vertex 43.7271 35.7031 0.589999
      vertex 43.7271 35.7031 0
    endloop
  endfacet
  facet normal -0.749097 -0.662461 0
    outer loop
      vertex 43.7271 35.7031 0.589999
      vertex 43.8915 35.5172 0
      vertex 43.8915 35.5172 0.589999
    endloop
  endfacet
  facet normal -0.82241 -0.568895 0
    outer loop
      vertex 44.0322 35.3138 0
      vertex 43.8915 35.5172 0.589999
      vertex 43.8915 35.5172 0
    endloop
  endfacet
  facet normal -0.82241 -0.568895 0
    outer loop
      vertex 43.8915 35.5172 0.589999
      vertex 44.0322 35.3138 0
      vertex 44.0322 35.3138 0.589999
    endloop
  endfacet
  facet normal -0.8837 -0.468053 0
    outer loop
      vertex 44.1492 35.0929 0
      vertex 44.0322 35.3138 0.589999
      vertex 44.0322 35.3138 0
    endloop
  endfacet
  facet normal -0.8837 -0.468053 0
    outer loop
      vertex 44.0322 35.3138 0.589999
      vertex 44.1492 35.0929 0
      vertex 44.1492 35.0929 0.589999
    endloop
  endfacet
  facet normal -0.931174 -0.364576 0
    outer loop
      vertex 44.2425 34.8546 0
      vertex 44.1492 35.0929 0.589999
      vertex 44.1492 35.0929 0
    endloop
  endfacet
  facet normal -0.931174 -0.364576 0
    outer loop
      vertex 44.1492 35.0929 0.589999
      vertex 44.2425 34.8546 0
      vertex 44.2425 34.8546 0.589999
    endloop
  endfacet
  facet normal -0.964851 -0.262798 0
    outer loop
      vertex 44.3122 34.5987 0
      vertex 44.2425 34.8546 0.589999
      vertex 44.2425 34.8546 0
    endloop
  endfacet
  facet normal -0.964851 -0.262798 0
    outer loop
      vertex 44.2425 34.8546 0.589999
      vertex 44.3122 34.5987 0
      vertex 44.3122 34.5987 0.589999
    endloop
  endfacet
  facet normal -0.986188 -0.165628 0
    outer loop
      vertex 44.3581 34.3254 0
      vertex 44.3122 34.5987 0.589999
      vertex 44.3122 34.5987 0
    endloop
  endfacet
  facet normal -0.986188 -0.165628 0
    outer loop
      vertex 44.3122 34.5987 0.589999
      vertex 44.3581 34.3254 0
      vertex 44.3581 34.3254 0.589999
    endloop
  endfacet
  facet normal -0.071061 0.997472 0
    outer loop
      vertex 44.3581 34.3254 0
      vertex 42.8337 34.2168 0.589999
      vertex 44.3581 34.3254 0.589999
    endloop
  endfacet
  facet normal -0.071061 0.997472 0
    outer loop
      vertex 42.8337 34.2168 0.589999
      vertex 44.3581 34.3254 0
      vertex 42.8337 34.2168 0
    endloop
  endfacet
  facet normal 0.991424 0.130688 0
    outer loop
      vertex 42.8337 34.2168 0.589999
      vertex 42.8163 34.3488 0
      vertex 42.8163 34.3488 0.589999
    endloop
  endfacet
  facet normal 0.991424 0.130688 0
    outer loop
      vertex 42.8163 34.3488 0
      vertex 42.8337 34.2168 0.589999
      vertex 42.8337 34.2168 0
    endloop
  endfacet
  facet normal 0.975775 0.218777 0
    outer loop
      vertex 42.8163 34.3488 0.589999
      vertex 42.7887 34.4719 0
      vertex 42.7887 34.4719 0.589999
    endloop
  endfacet
  facet normal 0.975775 0.218777 0
    outer loop
      vertex 42.7887 34.4719 0
      vertex 42.8163 34.3488 0.589999
      vertex 42.8163 34.3488 0
    endloop
  endfacet
  facet normal 0.950169 0.311735 0
    outer loop
      vertex 42.7887 34.4719 0.589999
      vertex 42.7512 34.5862 0
      vertex 42.7512 34.5862 0.589999
    endloop
  endfacet
  facet normal 0.950169 0.311735 0
    outer loop
      vertex 42.7512 34.5862 0
      vertex 42.7887 34.4719 0.589999
      vertex 42.7887 34.4719 0
    endloop
  endfacet
  facet normal 0.911046 0.412305 0
    outer loop
      vertex 42.7512 34.5862 0.589999
      vertex 42.7035 34.6916 0
      vertex 42.7035 34.6916 0.589999
    endloop
  endfacet
  facet normal 0.911046 0.412305 0
    outer loop
      vertex 42.7035 34.6916 0
      vertex 42.7512 34.5862 0.589999
      vertex 42.7512 34.5862 0
    endloop
  endfacet
  facet normal 0.858277 0.513187 0
    outer loop
      vertex 42.7035 34.6916 0.589999
      vertex 42.6458 34.7881 0
      vertex 42.6458 34.7881 0.589999
    endloop
  endfacet
  facet normal 0.858277 0.513187 0
    outer loop
      vertex 42.6458 34.7881 0
      vertex 42.7035 34.6916 0.589999
      vertex 42.7035 34.6916 0
    endloop
  endfacet
  facet normal 0.791146 0.611627 0
    outer loop
      vertex 42.6458 34.7881 0.589999
      vertex 42.578 34.8758 0
      vertex 42.578 34.8758 0.589999
    endloop
  endfacet
  facet normal 0.791146 0.611627 0
    outer loop
      vertex 42.578 34.8758 0
      vertex 42.6458 34.7881 0.589999
      vertex 42.6458 34.7881 0
    endloop
  endfacet
  facet normal 0.711602 0.702583 0
    outer loop
      vertex 42.578 34.8758 0.589999
      vertex 42.5001 34.9547 0
      vertex 42.5001 34.9547 0.589999
    endloop
  endfacet
  facet normal 0.711602 0.702583 0
    outer loop
      vertex 42.5001 34.9547 0
      vertex 42.578 34.8758 0.589999
      vertex 42.578 34.8758 0
    endloop
  endfacet
  facet normal 0.623152 0.782101 -0
    outer loop
      vertex 42.5001 34.9547 0
      vertex 42.4135 35.0237 0.589999
      vertex 42.5001 34.9547 0.589999
    endloop
  endfacet
  facet normal 0.623152 0.782101 0
    outer loop
      vertex 42.4135 35.0237 0.589999
      vertex 42.5001 34.9547 0
      vertex 42.4135 35.0237 0
    endloop
  endfacet
  facet normal 0.527969 0.849263 -0
    outer loop
      vertex 42.4135 35.0237 0
      vertex 42.3194 35.0822 0.589999
      vertex 42.4135 35.0237 0.589999
    endloop
  endfacet
  facet normal 0.527969 0.849263 0
    outer loop
      vertex 42.3194 35.0822 0.589999
      vertex 42.4135 35.0237 0
      vertex 42.3194 35.0822 0
    endloop
  endfacet
  facet normal 0.426055 0.904697 -0
    outer loop
      vertex 42.3194 35.0822 0
      vertex 42.2179 35.13 0.589999
      vertex 42.3194 35.0822 0.589999
    endloop
  endfacet
  facet normal 0.426055 0.904697 0
    outer loop
      vertex 42.2179 35.13 0.589999
      vertex 42.3194 35.0822 0
      vertex 42.2179 35.13 0
    endloop
  endfacet
  facet normal 0.323524 0.94622 -0
    outer loop
      vertex 42.2179 35.13 0
      vertex 42.1091 35.1672 0.589999
      vertex 42.2179 35.13 0.589999
    endloop
  endfacet
  facet normal 0.323524 0.94622 0
    outer loop
      vertex 42.1091 35.1672 0.589999
      vertex 42.2179 35.13 0
      vertex 42.1091 35.1672 0
    endloop
  endfacet
  facet normal 0.222779 0.974869 -0
    outer loop
      vertex 42.1091 35.1672 0
      vertex 41.9927 35.1938 0.589999
      vertex 42.1091 35.1672 0.589999
    endloop
  endfacet
  facet normal 0.222779 0.974869 0
    outer loop
      vertex 41.9927 35.1938 0.589999
      vertex 42.1091 35.1672 0
      vertex 41.9927 35.1938 0
    endloop
  endfacet
  facet normal 0.127488 0.99184 -0
    outer loop
      vertex 41.9927 35.1938 0
      vertex 41.869 35.2097 0.589999
      vertex 41.9927 35.1938 0.589999
    endloop
  endfacet
  facet normal 0.127488 0.99184 0
    outer loop
      vertex 41.869 35.2097 0.589999
      vertex 41.9927 35.1938 0
      vertex 41.869 35.2097 0
    endloop
  endfacet
  facet normal 0.0403942 0.999184 -0
    outer loop
      vertex 41.869 35.2097 0
      vertex 41.7379 35.215 0.589999
      vertex 41.869 35.2097 0.589999
    endloop
  endfacet
  facet normal 0.0403942 0.999184 0
    outer loop
      vertex 41.7379 35.215 0.589999
      vertex 41.869 35.2097 0
      vertex 41.7379 35.215 0
    endloop
  endfacet
  facet normal -0.0387362 0.999249 0
    outer loop
      vertex 41.7379 35.215 0
      vertex 41.5986 35.2096 0.589999
      vertex 41.7379 35.215 0.589999
    endloop
  endfacet
  facet normal -0.0387362 0.999249 0
    outer loop
      vertex 41.5986 35.2096 0.589999
      vertex 41.7379 35.215 0
      vertex 41.5986 35.2096 0
    endloop
  endfacet
  facet normal -0.126584 0.991956 0
    outer loop
      vertex 41.5986 35.2096 0
      vertex 41.4693 35.1931 0.589999
      vertex 41.5986 35.2096 0.589999
    endloop
  endfacet
  facet normal -0.126584 0.991956 0
    outer loop
      vertex 41.4693 35.1931 0.589999
      vertex 41.5986 35.2096 0
      vertex 41.4693 35.1931 0
    endloop
  endfacet
  facet normal -0.223312 0.974747 0
    outer loop
      vertex 41.4693 35.1931 0
      vertex 41.3497 35.1657 0.589999
      vertex 41.4693 35.1931 0.589999
    endloop
  endfacet
  facet normal -0.223312 0.974747 0
    outer loop
      vertex 41.3497 35.1657 0.589999
      vertex 41.4693 35.1931 0
      vertex 41.3497 35.1657 0
    endloop
  endfacet
  facet normal -0.32989 0.944019 0
    outer loop
      vertex 41.3497 35.1657 0
      vertex 41.2401 35.1274 0.589999
      vertex 41.3497 35.1657 0.589999
    endloop
  endfacet
  facet normal -0.32989 0.944019 0
    outer loop
      vertex 41.2401 35.1274 0.589999
      vertex 41.3497 35.1657 0
      vertex 41.2401 35.1274 0
    endloop
  endfacet
  facet normal -0.443618 0.896216 0
    outer loop
      vertex 41.2401 35.1274 0
      vertex 41.1403 35.078 0.589999
      vertex 41.2401 35.1274 0.589999
    endloop
  endfacet
  facet normal -0.443618 0.896216 0
    outer loop
      vertex 41.1403 35.078 0.589999
      vertex 41.2401 35.1274 0
      vertex 41.1403 35.078 0
    endloop
  endfacet
  facet normal -0.556616 0.83077 0
    outer loop
      vertex 41.1403 35.078 0
      vertex 41.0503 35.0177 0.589999
      vertex 41.1403 35.078 0.589999
    endloop
  endfacet
  facet normal -0.556616 0.83077 0
    outer loop
      vertex 41.0503 35.0177 0.589999
      vertex 41.1403 35.078 0
      vertex 41.0503 35.0177 0
    endloop
  endfacet
  facet normal -0.664364 0.747409 0
    outer loop
      vertex 41.0503 35.0177 0
      vertex 40.9702 34.9465 0.589999
      vertex 41.0503 35.0177 0.589999
    endloop
  endfacet
  facet normal -0.664364 0.747409 0
    outer loop
      vertex 40.9702 34.9465 0.589999
      vertex 41.0503 35.0177 0
      vertex 40.9702 34.9465 0
    endloop
  endfacet
  facet normal -0.757139 0.653254 0
    outer loop
      vertex 40.9004 34.8656 0
      vertex 40.9702 34.9465 0.589999
      vertex 40.9702 34.9465 0
    endloop
  endfacet
  facet normal -0.757139 0.653254 0
    outer loop
      vertex 40.9702 34.9465 0.589999
      vertex 40.9004 34.8656 0
      vertex 40.9004 34.8656 0.589999
    endloop
  endfacet
  facet normal -0.833628 0.552326 0
    outer loop
      vertex 40.8413 34.7764 0
      vertex 40.9004 34.8656 0.589999
      vertex 40.9004 34.8656 0
    endloop
  endfacet
  facet normal -0.833628 0.552326 0
    outer loop
      vertex 40.9004 34.8656 0.589999
      vertex 40.8413 34.7764 0
      vertex 40.8413 34.7764 0.589999
    endloop
  endfacet
  facet normal -0.896075 0.443902 0
    outer loop
      vertex 40.793 34.6789 0
      vertex 40.8413 34.7764 0.589999
      vertex 40.8413 34.7764 0
    endloop
  endfacet
  facet normal -0.896075 0.443902 0
    outer loop
      vertex 40.8413 34.7764 0.589999
      vertex 40.793 34.6789 0
      vertex 40.793 34.6789 0.589999
    endloop
  endfacet
  facet normal -0.942165 0.33515 0
    outer loop
      vertex 40.7554 34.5732 0
      vertex 40.793 34.6789 0.589999
      vertex 40.793 34.6789 0
    endloop
  endfacet
  facet normal -0.942165 0.33515 0
    outer loop
      vertex 40.793 34.6789 0.589999
      vertex 40.7554 34.5732 0
      vertex 40.7554 34.5732 0.589999
    endloop
  endfacet
  facet normal -0.973507 0.228659 0
    outer loop
      vertex 40.7286 34.4591 0
      vertex 40.7554 34.5732 0.589999
      vertex 40.7554 34.5732 0
    endloop
  endfacet
  facet normal -0.973507 0.228659 0
    outer loop
      vertex 40.7554 34.5732 0.589999
      vertex 40.7286 34.4591 0
      vertex 40.7286 34.4591 0.589999
    endloop
  endfacet
  facet normal -0.991355 0.131209 0
    outer loop
      vertex 40.7124 34.3367 0
      vertex 40.7286 34.4591 0.589999
      vertex 40.7286 34.4591 0
    endloop
  endfacet
  facet normal -0.991355 0.131209 0
    outer loop
      vertex 40.7286 34.4591 0.589999
      vertex 40.7124 34.3367 0
      vertex 40.7124 34.3367 0.589999
    endloop
  endfacet
  facet normal -0.999179 0.0405176 0
    outer loop
      vertex 40.7071 34.206 0
      vertex 40.7124 34.3367 0.589999
      vertex 40.7124 34.3367 0
    endloop
  endfacet
  facet normal -0.999179 0.0405176 0
    outer loop
      vertex 40.7124 34.3367 0.589999
      vertex 40.7071 34.206 0
      vertex 40.7071 34.206 0.589999
    endloop
  endfacet
  facet normal -0.998822 -0.0485287 0
    outer loop
      vertex 40.7138 34.0681 0
      vertex 40.7071 34.206 0.589999
      vertex 40.7071 34.206 0
    endloop
  endfacet
  facet normal -0.998822 -0.0485287 0
    outer loop
      vertex 40.7071 34.206 0.589999
      vertex 40.7138 34.0681 0
      vertex 40.7138 34.0681 0.589999
    endloop
  endfacet
  facet normal -0.98775 -0.156042 0
    outer loop
      vertex 40.7341 33.9396 0
      vertex 40.7138 34.0681 0.589999
      vertex 40.7138 34.0681 0
    endloop
  endfacet
  facet normal -0.98775 -0.156042 0
    outer loop
      vertex 40.7138 34.0681 0.589999
      vertex 40.7341 33.9396 0
      vertex 40.7341 33.9396 0.589999
    endloop
  endfacet
  facet normal -0.96201 -0.273014 0
    outer loop
      vertex 40.7679 33.8205 0
      vertex 40.7341 33.9396 0.589999
      vertex 40.7341 33.9396 0
    endloop
  endfacet
  facet normal -0.96201 -0.273014 0
    outer loop
      vertex 40.7341 33.9396 0.589999
      vertex 40.7679 33.8205 0
      vertex 40.7679 33.8205 0.589999
    endloop
  endfacet
  facet normal -0.91845 -0.395537 0
    outer loop
      vertex 40.8151 33.7109 0
      vertex 40.7679 33.8205 0.589999
      vertex 40.7679 33.8205 0
    endloop
  endfacet
  facet normal -0.91845 -0.395537 0
    outer loop
      vertex 40.7679 33.8205 0.589999
      vertex 40.8151 33.7109 0
      vertex 40.8151 33.7109 0.589999
    endloop
  endfacet
  facet normal -0.855152 -0.518377 0
    outer loop
      vertex 40.8759 33.6106 0
      vertex 40.8151 33.7109 0.589999
      vertex 40.8151 33.7109 0
    endloop
  endfacet
  facet normal -0.855152 -0.518377 0
    outer loop
      vertex 40.8151 33.7109 0.589999
      vertex 40.8759 33.6106 0
      vertex 40.8759 33.6106 0.589999
    endloop
  endfacet
  facet normal -0.773919 -0.633284 0
    outer loop
      vertex 40.9502 33.5198 0
      vertex 40.8759 33.6106 0.589999
      vertex 40.8759 33.6106 0
    endloop
  endfacet
  facet normal -0.773919 -0.633284 0
    outer loop
      vertex 40.8759 33.6106 0.589999
      vertex 40.9502 33.5198 0
      vertex 40.9502 33.5198 0.589999
    endloop
  endfacet
  facet normal -0.680323 -0.732912 0
    outer loop
      vertex 40.9502 33.5198 0
      vertex 41.038 33.4383 0.589999
      vertex 40.9502 33.5198 0.589999
    endloop
  endfacet
  facet normal -0.680323 -0.732912 -0
    outer loop
      vertex 41.038 33.4383 0.589999
      vertex 40.9502 33.5198 0
      vertex 41.038 33.4383 0
    endloop
  endfacet
  facet normal -0.575413 -0.817863 0
    outer loop
      vertex 41.038 33.4383 0
      vertex 41.1392 33.3671 0.589999
      vertex 41.038 33.4383 0.589999
    endloop
  endfacet
  facet normal -0.575413 -0.817863 -0
    outer loop
      vertex 41.1392 33.3671 0.589999
      vertex 41.038 33.4383 0
      vertex 41.1392 33.3671 0
    endloop
  endfacet
  facet normal -0.465969 -0.884801 0
    outer loop
      vertex 41.1392 33.3671 0
      vertex 41.2537 33.3068 0.589999
      vertex 41.1392 33.3671 0.589999
    endloop
  endfacet
  facet normal -0.465969 -0.884801 -0
    outer loop
      vertex 41.2537 33.3068 0.589999
      vertex 41.1392 33.3671 0
      vertex 41.2537 33.3068 0
    endloop
  endfacet
  facet normal -0.359908 -0.932988 0
    outer loop
      vertex 41.2537 33.3068 0
      vertex 41.3815 33.2575 0.589999
      vertex 41.2537 33.3068 0.589999
    endloop
  endfacet
  facet normal -0.359908 -0.932988 -0
    outer loop
      vertex 41.3815 33.2575 0.589999
      vertex 41.2537 33.3068 0
      vertex 41.3815 33.2575 0
    endloop
  endfacet
  facet normal -0.262133 -0.965032 0
    outer loop
      vertex 41.3815 33.2575 0
      vertex 41.5225 33.2192 0.589999
      vertex 41.3815 33.2575 0.589999
    endloop
  endfacet
  facet normal -0.262133 -0.965032 -0
    outer loop
      vertex 41.5225 33.2192 0.589999
      vertex 41.3815 33.2575 0
      vertex 41.5225 33.2192 0
    endloop
  endfacet
  facet normal -0.174731 -0.984616 0
    outer loop
      vertex 41.5225 33.2192 0
      vertex 41.6769 33.1918 0.589999
      vertex 41.5225 33.2192 0.589999
    endloop
  endfacet
  facet normal -0.174731 -0.984616 -0
    outer loop
      vertex 41.6769 33.1918 0.589999
      vertex 41.5225 33.2192 0
      vertex 41.6769 33.1918 0
    endloop
  endfacet
  facet normal -0.097975 -0.995189 0
    outer loop
      vertex 41.6769 33.1918 0
      vertex 41.8445 33.1753 0.589999
      vertex 41.6769 33.1918 0.589999
    endloop
  endfacet
  facet normal -0.097975 -0.995189 -0
    outer loop
      vertex 41.8445 33.1753 0.589999
      vertex 41.6769 33.1918 0
      vertex 41.8445 33.1753 0
    endloop
  endfacet
  facet normal -0.0298375 -0.999555 0
    outer loop
      vertex 41.8445 33.1753 0
      vertex 42.0254 33.1699 0.589999
      vertex 41.8445 33.1753 0.589999
    endloop
  endfacet
  facet normal -0.0298375 -0.999555 -0
    outer loop
      vertex 42.0254 33.1699 0.589999
      vertex 41.8445 33.1753 0
      vertex 42.0254 33.1699 0
    endloop
  endfacet
  facet normal 0 -1 0
    outer loop
      vertex 42.0254 33.1699 0
      vertex 42.5245 33.1699 0.589999
      vertex 42.0254 33.1699 0.589999
    endloop
  endfacet
  facet normal 0 -1 -0
    outer loop
      vertex 42.5245 33.1699 0.589999
      vertex 42.0254 33.1699 0
      vertex 42.5245 33.1699 0
    endloop
  endfacet
  facet normal -1 0 0
    outer loop
      vertex 42.5245 31.9383 0
      vertex 42.5245 33.1699 0.589999
      vertex 42.5245 33.1699 0
    endloop
  endfacet
  facet normal -1 -0 0
    outer loop
      vertex 42.5245 33.1699 0.589999
      vertex 42.5245 31.9383 0
      vertex 42.5245 31.9383 0.589999
    endloop
  endfacet
  facet normal 0 1 -0
    outer loop
      vertex 42.5245 31.9383 0
      vertex 41.9928 31.9383 0.589999
      vertex 42.5245 31.9383 0.589999
    endloop
  endfacet
  facet normal 0 1 0
    outer loop
      vertex 41.9928 31.9383 0.589999
      vertex 42.5245 31.9383 0
      vertex 41.9928 31.9383 0
    endloop
  endfacet
  facet normal -0.0274348 0.999624 0
    outer loop
      vertex 41.9928 31.9383 0
      vertex 41.7924 31.9328 0.589999
      vertex 41.9928 31.9383 0.589999
    endloop
  endfacet
  facet normal -0.0274348 0.999624 0
    outer loop
      vertex 41.7924 31.9328 0.589999
      vertex 41.9928 31.9383 0
      vertex 41.7924 31.9328 0
    endloop
  endfacet
  facet normal -0.0890365 0.996028 0
    outer loop
      vertex 41.7924 31.9328 0
      vertex 41.6067 31.9162 0.589999
      vertex 41.7924 31.9328 0.589999
    endloop
  endfacet
  facet normal -0.0890365 0.996028 0
    outer loop
      vertex 41.6067 31.9162 0.589999
      vertex 41.7924 31.9328 0
      vertex 41.6067 31.9162 0
    endloop
  endfacet
  facet normal -0.159722 0.987162 0
    outer loop
      vertex 41.6067 31.9162 0
      vertex 41.4355 31.8885 0.589999
      vertex 41.6067 31.9162 0.589999
    endloop
  endfacet
  facet normal -0.159722 0.987162 0
    outer loop
      vertex 41.4355 31.8885 0.589999
      vertex 41.6067 31.9162 0
      vertex 41.4355 31.8885 0
    endloop
  endfacet
  facet normal -0.239909 0.970795 0
    outer loop
      vertex 41.4355 31.8885 0
      vertex 41.2789 31.8498 0.589999
      vertex 41.4355 31.8885 0.589999
    endloop
  endfacet
  facet normal -0.239909 0.970795 0
    outer loop
      vertex 41.2789 31.8498 0.589999
      vertex 41.4355 31.8885 0
      vertex 41.2789 31.8498 0
    endloop
  endfacet
  facet normal -0.331742 0.94337 0
    outer loop
      vertex 41.2789 31.8498 0
      vertex 41.137 31.7999 0.589999
      vertex 41.2789 31.8498 0.589999
    endloop
  endfacet
  facet normal -0.331742 0.94337 0
    outer loop
      vertex 41.137 31.7999 0.589999
      vertex 41.2789 31.8498 0
      vertex 41.137 31.7999 0
    endloop
  endfacet
  facet normal -0.431556 0.902086 0
    outer loop
      vertex 41.137 31.7999 0
      vertex 41.0097 31.739 0.589999
      vertex 41.137 31.7999 0.589999
    endloop
  endfacet
  facet normal -0.431556 0.902086 0
    outer loop
      vertex 41.0097 31.739 0.589999
      vertex 41.137 31.7999 0
      vertex 41.0097 31.739 0
    endloop
  endfacet
  facet normal -0.537843 0.843045 0
    outer loop
      vertex 41.0097 31.739 0
      vertex 40.897 31.6671 0.589999
      vertex 41.0097 31.739 0.589999
    endloop
  endfacet
  facet normal -0.537843 0.843045 0
    outer loop
      vertex 40.897 31.6671 0.589999
      vertex 41.0097 31.739 0
      vertex 40.897 31.6671 0
    endloop
  endfacet
  facet normal -0.643943 0.765073 0
    outer loop
      vertex 40.897 31.6671 0
      vertex 40.7991 31.5847 0.589999
      vertex 40.897 31.6671 0.589999
    endloop
  endfacet
  facet normal -0.643943 0.765073 0
    outer loop
      vertex 40.7991 31.5847 0.589999
      vertex 40.897 31.6671 0
      vertex 40.7991 31.5847 0
    endloop
  endfacet
  facet normal -0.743655 0.668563 0
    outer loop
      vertex 40.7163 31.4926 0
      vertex 40.7991 31.5847 0.589999
      vertex 40.7991 31.5847 0
    endloop
  endfacet
  facet normal -0.743655 0.668563 0
    outer loop
      vertex 40.7991 31.5847 0.589999
      vertex 40.7163 31.4926 0
      vertex 40.7163 31.4926 0.589999
    endloop
  endfacet
  facet normal -0.832679 0.553756 0
    outer loop
      vertex 40.6486 31.3908 0
      vertex 40.7163 31.4926 0.589999
      vertex 40.7163 31.4926 0
    endloop
  endfacet
  facet normal -0.832679 0.553756 0
    outer loop
      vertex 40.7163 31.4926 0.589999
      vertex 40.6486 31.3908 0
      vertex 40.6486 31.3908 0.589999
    endloop
  endfacet
  facet normal -0.904249 0.427006 0
    outer loop
      vertex 40.5959 31.2792 0
      vertex 40.6486 31.3908 0.589999
      vertex 40.6486 31.3908 0
    endloop
  endfacet
  facet normal -0.904249 0.427006 0
    outer loop
      vertex 40.6486 31.3908 0.589999
      vertex 40.5959 31.2792 0
      vertex 40.5959 31.2792 0.589999
    endloop
  endfacet
  facet normal -0.95501 0.296572 0
    outer loop
      vertex 40.5582 31.1578 0
      vertex 40.5959 31.2792 0.589999
      vertex 40.5959 31.2792 0
    endloop
  endfacet
  facet normal -0.95501 0.296572 0
    outer loop
      vertex 40.5959 31.2792 0.589999
      vertex 40.5582 31.1578 0
      vertex 40.5582 31.1578 0.589999
    endloop
  endfacet
  facet normal -0.985443 0.170008 0
    outer loop
      vertex 40.5356 31.0268 0
      vertex 40.5582 31.1578 0.589999
      vertex 40.5582 31.1578 0
    endloop
  endfacet
  facet normal -0.985443 0.170008 0
    outer loop
      vertex 40.5582 31.1578 0.589999
      vertex 40.5356 31.0268 0
      vertex 40.5356 31.0268 0.589999
    endloop
  endfacet
  facet normal -0.998586 0.053154 0
    outer loop
      vertex 40.5281 30.8859 0
      vertex 40.5356 31.0268 0.589999
      vertex 40.5356 31.0268 0
    endloop
  endfacet
  facet normal -0.998586 0.053154 0
    outer loop
      vertex 40.5356 31.0268 0.589999
      vertex 40.5281 30.8859 0
      vertex 40.5281 30.8859 0.589999
    endloop
  endfacet
  facet normal -0.999187 -0.0403055 0
    outer loop
      vertex 40.5343 30.7322 0
      vertex 40.5281 30.8859 0.589999
      vertex 40.5281 30.8859 0
    endloop
  endfacet
  facet normal -0.999187 -0.0403055 0
    outer loop
      vertex 40.5281 30.8859 0.589999
      vertex 40.5343 30.7322 0
      vertex 40.5343 30.7322 0.589999
    endloop
  endfacet
  facet normal -0.991542 -0.129787 0
    outer loop
      vertex 40.5529 30.5901 0
      vertex 40.5343 30.7322 0.589999
      vertex 40.5343 30.7322 0
    endloop
  endfacet
  facet normal -0.991542 -0.129787 0
    outer loop
      vertex 40.5343 30.7322 0.589999
      vertex 40.5529 30.5901 0
      vertex 40.5529 30.5901 0.589999
    endloop
  endfacet
  facet normal -0.972846 -0.231452 0
    outer loop
      vertex 40.5839 30.4598 0
      vertex 40.5529 30.5901 0.589999
      vertex 40.5529 30.5901 0
    endloop
  endfacet
  facet normal -0.972846 -0.231452 0
    outer loop
      vertex 40.5529 30.5901 0.589999
      vertex 40.5839 30.4598 0
      vertex 40.5839 30.4598 0.589999
    endloop
  endfacet
  facet normal -0.939098 -0.34365 0
    outer loop
      vertex 40.6273 30.3412 0
      vertex 40.5839 30.4598 0.589999
      vertex 40.5839 30.4598 0
    endloop
  endfacet
  facet normal -0.939098 -0.34365 0
    outer loop
      vertex 40.5839 30.4598 0.589999
      vertex 40.6273 30.3412 0
      vertex 40.6273 30.3412 0.589999
    endloop
  endfacet
  facet normal -0.886318 -0.463076 0
    outer loop
      vertex 40.6831 30.2344 0
      vertex 40.6273 30.3412 0.589999
      vertex 40.6273 30.3412 0
    endloop
  endfacet
  facet normal -0.886318 -0.463076 0
    outer loop
      vertex 40.6273 30.3412 0.589999
      vertex 40.6831 30.2344 0
      vertex 40.6831 30.2344 0.589999
    endloop
  endfacet
  facet normal -0.812925 -0.582368 0
    outer loop
      vertex 40.7513 30.1392 0
      vertex 40.6831 30.2344 0.589999
      vertex 40.6831 30.2344 0
    endloop
  endfacet
  facet normal -0.812925 -0.582368 0
    outer loop
      vertex 40.6831 30.2344 0.589999
      vertex 40.7513 30.1392 0
      vertex 40.7513 30.1392 0.589999
    endloop
  endfacet
  facet normal -0.718658 -0.695364 0
    outer loop
      vertex 40.8319 30.0559 0
      vertex 40.7513 30.1392 0.589999
      vertex 40.7513 30.1392 0
    endloop
  endfacet
  facet normal -0.718658 -0.695364 0
    outer loop
      vertex 40.7513 30.1392 0.589999
      vertex 40.8319 30.0559 0
      vertex 40.8319 30.0559 0.589999
    endloop
  endfacet
  facet normal -0.61714 -0.786853 0
    outer loop
      vertex 40.8319 30.0559 0
      vertex 40.9237 29.9839 0.589999
      vertex 40.8319 30.0559 0.589999
    endloop
  endfacet
  facet normal -0.61714 -0.786853 -0
    outer loop
      vertex 40.9237 29.9839 0.589999
      vertex 40.8319 30.0559 0
      vertex 40.9237 29.9839 0
    endloop
  endfacet
  facet normal -0.51338 -0.858162 0
    outer loop
      vertex 40.9237 29.9839 0
      vertex 41.0255 29.923 0.589999
      vertex 40.9237 29.9839 0.589999
    endloop
  endfacet
  facet normal -0.51338 -0.858162 -0
    outer loop
      vertex 41.0255 29.923 0.589999
      vertex 40.9237 29.9839 0
      vertex 41.0255 29.923 0
    endloop
  endfacet
  facet normal -0.4072 -0.913339 0
    outer loop
      vertex 41.0255 29.923 0
      vertex 41.1372 29.8732 0.589999
      vertex 41.0255 29.923 0.589999
    endloop
  endfacet
  facet normal -0.4072 -0.913339 -0
    outer loop
      vertex 41.1372 29.8732 0.589999
      vertex 41.0255 29.923 0
      vertex 41.1372 29.8732 0
    endloop
  endfacet
  facet normal -0.303268 -0.952905 0
    outer loop
      vertex 41.1372 29.8732 0
      vertex 41.2588 29.8345 0.589999
      vertex 41.1372 29.8732 0.589999
    endloop
  endfacet
  facet normal -0.303268 -0.952905 -0
    outer loop
      vertex 41.2588 29.8345 0.589999
      vertex 41.1372 29.8732 0
      vertex 41.2588 29.8345 0
    endloop
  endfacet
  facet normal -0.205823 -0.978589 0
    outer loop
      vertex 41.2588 29.8345 0
      vertex 41.3905 29.8068 0.589999
      vertex 41.2588 29.8345 0.589999
    endloop
  endfacet
  facet normal -0.205823 -0.978589 -0
    outer loop
      vertex 41.3905 29.8068 0.589999
      vertex 41.2588 29.8345 0
      vertex 41.3905 29.8068 0
    endloop
  endfacet
  facet normal -0.116434 -0.993198 0
    outer loop
      vertex 41.3905 29.8068 0
      vertex 41.5321 29.7902 0.589999
      vertex 41.3905 29.8068 0.589999
    endloop
  endfacet
  facet normal -0.116434 -0.993198 -0
    outer loop
      vertex 41.5321 29.7902 0.589999
      vertex 41.3905 29.8068 0
      vertex 41.5321 29.7902 0
    endloop
  endfacet
  facet normal -0.0362797 -0.999342 0
    outer loop
      vertex 41.5321 29.7902 0
      vertex 41.6836 29.7847 0.589999
      vertex 41.5321 29.7902 0.589999
    endloop
  endfacet
  facet normal -0.0362797 -0.999342 -0
    outer loop
      vertex 41.6836 29.7847 0.589999
      vertex 41.5321 29.7902 0
      vertex 41.6836 29.7847 0
    endloop
  endfacet
  facet normal 0.0753081 -0.99716 0
    outer loop
      vertex 41.6836 29.7847 0
      vertex 41.9802 29.8071 0.589999
      vertex 41.6836 29.7847 0.589999
    endloop
  endfacet
  facet normal 0.0753081 -0.99716 0
    outer loop
      vertex 41.9802 29.8071 0.589999
      vertex 41.6836 29.7847 0
      vertex 41.9802 29.8071 0
    endloop
  endfacet
  facet normal 0.253661 -0.967293 0
    outer loop
      vertex 41.9802 29.8071 0
      vertex 42.2376 29.8746 0.589999
      vertex 41.9802 29.8071 0.589999
    endloop
  endfacet
  facet normal 0.253661 -0.967293 0
    outer loop
      vertex 42.2376 29.8746 0.589999
      vertex 41.9802 29.8071 0
      vertex 42.2376 29.8746 0
    endloop
  endfacet
  facet normal 0.457615 -0.88915 0
    outer loop
      vertex 42.2376 29.8746 0
      vertex 42.4558 29.9869 0.589999
      vertex 42.2376 29.8746 0.589999
    endloop
  endfacet
  facet normal 0.457615 -0.88915 0
    outer loop
      vertex 42.4558 29.9869 0.589999
      vertex 42.2376 29.8746 0
      vertex 42.4558 29.9869 0
    endloop
  endfacet
  facet normal 0.660344 -0.750963 0
    outer loop
      vertex 42.4558 29.9869 0
      vertex 42.6348 30.1443 0.589999
      vertex 42.4558 29.9869 0.589999
    endloop
  endfacet
  facet normal 0.660344 -0.750963 0
    outer loop
      vertex 42.6348 30.1443 0.589999
      vertex 42.4558 29.9869 0
      vertex 42.6348 30.1443 0
    endloop
  endfacet
  facet normal 0.822353 -0.568977 0
    outer loop
      vertex 42.6348 30.1443 0.589999
      vertex 42.7747 30.3465 0
      vertex 42.7747 30.3465 0.589999
    endloop
  endfacet
  facet normal 0.822353 -0.568977 0
    outer loop
      vertex 42.7747 30.3465 0
      vertex 42.6348 30.1443 0.589999
      vertex 42.6348 30.1443 0
    endloop
  endfacet
  facet normal 0.926291 -0.376809 0
    outer loop
      vertex 42.7747 30.3465 0.589999
      vertex 42.8753 30.5938 0
      vertex 42.8753 30.5938 0.589999
    endloop
  endfacet
  facet normal 0.926291 -0.376809 0
    outer loop
      vertex 42.8753 30.5938 0
      vertex 42.7747 30.3465 0.589999
      vertex 42.7747 30.3465 0
    endloop
  endfacet
  facet normal 0.978614 -0.205707 0
    outer loop
      vertex 42.8753 30.5938 0.589999
      vertex 42.9367 30.8859 0
      vertex 42.9367 30.8859 0.589999
    endloop
  endfacet
  facet normal 0.978614 -0.205707 0
    outer loop
      vertex 42.9367 30.8859 0
      vertex 42.8753 30.5938 0.589999
      vertex 42.8753 30.5938 0
    endloop
  endfacet
  facet normal -0.0870618 -0.996203 0
    outer loop
      vertex 42.9367 30.8859 0
      vertex 44.4883 30.7503 0.589999
      vertex 42.9367 30.8859 0.589999
    endloop
  endfacet
  facet normal -0.0870618 -0.996203 -0
    outer loop
      vertex 44.4883 30.7503 0.589999
      vertex 42.9367 30.8859 0
      vertex 44.4883 30.7503 0
    endloop
  endfacet
  facet normal -0.987081 0.160221 0
    outer loop
      vertex 44.4404 30.4552 0
      vertex 44.4883 30.7503 0.589999
      vertex 44.4883 30.7503 0
    endloop
  endfacet
  facet normal -0.987081 0.160221 0
    outer loop
      vertex 44.4883 30.7503 0.589999
      vertex 44.4404 30.4552 0
      vertex 44.4404 30.4552 0.589999
    endloop
  endfacet
  facet normal -0.966892 0.255186 0
    outer loop
      vertex 44.3679 30.1805 0
      vertex 44.4404 30.4552 0.589999
      vertex 44.4404 30.4552 0
    endloop
  endfacet
  facet normal -0.966892 0.255186 0
    outer loop
      vertex 44.4404 30.4552 0.589999
      vertex 44.3679 30.1805 0
      vertex 44.3679 30.1805 0.589999
    endloop
  endfacet
  facet normal -0.93412 0.356958 0
    outer loop
      vertex 44.2708 29.9264 0
      vertex 44.3679 30.1805 0.589999
      vertex 44.3679 30.1805 0
    endloop
  endfacet
  facet normal -0.93412 0.356958 0
    outer loop
      vertex 44.3679 30.1805 0.589999
      vertex 44.2708 29.9264 0
      vertex 44.2708 29.9264 0.589999
    endloop
  endfacet
  facet normal -0.886943 0.461878 0
    outer loop
      vertex 44.1491 29.6927 0
      vertex 44.2708 29.9264 0.589999
      vertex 44.2708 29.9264 0
    endloop
  endfacet
  facet normal -0.886943 0.461878 0
    outer loop
      vertex 44.2708 29.9264 0.589999
      vertex 44.1491 29.6927 0
      vertex 44.1491 29.6927 0.589999
    endloop
  endfacet
  facet normal -0.824538 0.565806 0
    outer loop
      vertex 44.0028 29.4795 0
      vertex 44.1491 29.6927 0.589999
      vertex 44.1491 29.6927 0
    endloop
  endfacet
  facet normal -0.824538 0.565806 0
    outer loop
      vertex 44.1491 29.6927 0.589999
      vertex 44.0028 29.4795 0
      vertex 44.0028 29.4795 0.589999
    endloop
  endfacet
  facet normal -0.748351 0.663303 0
    outer loop
      vertex 43.832 29.2868 0
      vertex 44.0028 29.4795 0.589999
      vertex 44.0028 29.4795 0
    endloop
  endfacet
  facet normal -0.748351 0.663303 0
    outer loop
      vertex 44.0028 29.4795 0.589999
      vertex 43.832 29.2868 0
      vertex 43.832 29.2868 0.589999
    endloop
  endfacet
  facet normal -0.661164 0.750241 0
    outer loop
      vertex 43.832 29.2868 0
      vertex 43.6366 29.1146 0.589999
      vertex 43.832 29.2868 0.589999
    endloop
  endfacet
  facet normal -0.661164 0.750241 0
    outer loop
      vertex 43.6366 29.1146 0.589999
      vertex 43.832 29.2868 0
      vertex 43.6366 29.1146 0
    endloop
  endfacet
  facet normal -0.567874 0.823115 0
    outer loop
      vertex 43.6366 29.1146 0
      vertex 43.4186 28.9642 0.589999
      vertex 43.6366 29.1146 0.589999
    endloop
  endfacet
  facet normal -0.567874 0.823115 0
    outer loop
      vertex 43.4186 28.9642 0.589999
      vertex 43.6366 29.1146 0
      vertex 43.4186 28.9642 0
    endloop
  endfacet
  facet normal -0.470723 0.882281 0
    outer loop
      vertex 43.4186 28.9642 0
      vertex 43.18 28.8369 0.589999
      vertex 43.4186 28.9642 0.589999
    endloop
  endfacet
  facet normal -0.470723 0.882281 0
    outer loop
      vertex 43.18 28.8369 0.589999
      vertex 43.4186 28.9642 0
      vertex 43.18 28.8369 0
    endloop
  endfacet
  facet normal -0.372687 0.927957 0
    outer loop
      vertex 43.18 28.8369 0
      vertex 42.9208 28.7328 0.589999
      vertex 43.18 28.8369 0.589999
    endloop
  endfacet
  facet normal -0.372687 0.927957 0
    outer loop
      vertex 42.9208 28.7328 0.589999
      vertex 43.18 28.8369 0
      vertex 42.9208 28.7328 0
    endloop
  endfacet
  facet normal -0.278075 0.960559 0
    outer loop
      vertex 42.9208 28.7328 0
      vertex 42.641 28.6518 0.589999
      vertex 42.9208 28.7328 0.589999
    endloop
  endfacet
  facet normal -0.278075 0.960559 0
    outer loop
      vertex 42.641 28.6518 0.589999
      vertex 42.9208 28.7328 0
      vertex 42.641 28.6518 0
    endloop
  endfacet
  facet normal -0.189005 0.981976 0
    outer loop
      vertex 42.641 28.6518 0
      vertex 42.3407 28.594 0.589999
      vertex 42.641 28.6518 0.589999
    endloop
  endfacet
  facet normal -0.189005 0.981976 0
    outer loop
      vertex 42.3407 28.594 0.589999
      vertex 42.641 28.6518 0
      vertex 42.3407 28.594 0
    endloop
  endfacet
  facet normal -0.107474 0.994208 0
    outer loop
      vertex 42.3407 28.594 0
      vertex 42.0197 28.5593 0.589999
      vertex 42.3407 28.594 0.589999
    endloop
  endfacet
  facet normal -0.107474 0.994208 0
    outer loop
      vertex 42.0197 28.5593 0.589999
      vertex 42.3407 28.594 0
      vertex 42.0197 28.5593 0
    endloop
  endfacet
  facet normal -0.0339482 0.999424 0
    outer loop
      vertex 42.0197 28.5593 0
      vertex 41.6782 28.5477 0.589999
      vertex 42.0197 28.5593 0.589999
    endloop
  endfacet
  facet normal -0.0339482 0.999424 0
    outer loop
      vertex 41.6782 28.5477 0.589999
      vertex 42.0197 28.5593 0
      vertex 41.6782 28.5477 0
    endloop
  endfacet
  facet normal 0.0333333 0.999444 -0
    outer loop
      vertex 41.6782 28.5477 0
      vertex 41.3184 28.5597 0.589999
      vertex 41.6782 28.5477 0.589999
    endloop
  endfacet
  facet normal 0.0333333 0.999444 0
    outer loop
      vertex 41.3184 28.5597 0.589999
      vertex 41.6782 28.5477 0
      vertex 41.3184 28.5597 0
    endloop
  endfacet
  facet normal 0.177327 0.984152 -0
    outer loop
      vertex 35.2774 28.5844 0
      vertex 34.9383 28.6455 0.589999
      vertex 35.2774 28.5844 0.589999
    endloop
  endfacet
  facet normal 0.177327 0.984152 0
    outer loop
      vertex 34.9383 28.6455 0.589999
      vertex 35.2774 28.5844 0
      vertex 34.9383 28.6455 0
    endloop
  endfacet
  facet normal 0.310554 0.950556 -0
    outer loop
      vertex 34.9383 28.6455 0
      vertex 34.6264 28.7474 0.589999
      vertex 34.9383 28.6455 0.589999
    endloop
  endfacet
  facet normal 0.310554 0.950556 0
    outer loop
      vertex 34.6264 28.7474 0.589999
      vertex 34.9383 28.6455 0
      vertex 34.6264 28.7474 0
    endloop
  endfacet
  facet normal 0.447716 0.894176 -0
    outer loop
      vertex 34.6264 28.7474 0
      vertex 34.3416 28.89 0.589999
      vertex 34.6264 28.7474 0.589999
    endloop
  endfacet
  facet normal 0.447716 0.894176 0
    outer loop
      vertex 34.3416 28.89 0.589999
      vertex 34.6264 28.7474 0
      vertex 34.3416 28.89 0
    endloop
  endfacet
  facet normal 0.579622 0.814886 -0
    outer loop
      vertex 34.3416 28.89 0
      vertex 34.0839 29.0733 0.589999
      vertex 34.3416 28.89 0.589999
    endloop
  endfacet
  facet normal 0.579622 0.814886 0
    outer loop
      vertex 34.0839 29.0733 0.589999
      vertex 34.3416 28.89 0
      vertex 34.0839 29.0733 0
    endloop
  endfacet
  facet normal 0.697083 0.716991 -0
    outer loop
      vertex 34.0839 29.0733 0
      vertex 33.8534 29.2974 0.589999
      vertex 34.0839 29.0733 0.589999
    endloop
  endfacet
  facet normal 0.697083 0.716991 0
    outer loop
      vertex 33.8534 29.2974 0.589999
      vertex 34.0839 29.0733 0
      vertex 33.8534 29.2974 0
    endloop
  endfacet
  facet normal 0.792902 0.609349 0
    outer loop
      vertex 33.8534 29.2974 0.589999
      vertex 33.6499 29.5622 0
      vertex 33.6499 29.5622 0.589999
    endloop
  endfacet
  facet normal 0.792902 0.609349 0
    outer loop
      vertex 33.6499 29.5622 0
      vertex 33.8534 29.2974 0.589999
      vertex 33.8534 29.2974 0
    endloop
  endfacet
  facet normal 0.865342 0.501182 0
    outer loop
      vertex 33.6499 29.5622 0.589999
      vertex 33.4736 29.8666 0
      vertex 33.4736 29.8666 0.589999
    endloop
  endfacet
  facet normal 0.865342 0.501182 0
    outer loop
      vertex 33.4736 29.8666 0
      vertex 33.6499 29.5622 0.589999
      vertex 33.6499 29.5622 0
    endloop
  endfacet
  facet normal 0.916832 0.399274 0
    outer loop
      vertex 33.4736 29.8666 0.589999
      vertex 33.3244 30.2092 0
      vertex 33.3244 30.2092 0.589999
    endloop
  endfacet
  facet normal 0.916832 0.399274 0
    outer loop
      vertex 33.3244 30.2092 0
      vertex 33.4736 29.8666 0.589999
      vertex 33.4736 29.8666 0
    endloop
  endfacet
  facet normal 0.952366 0.304957 0
    outer loop
      vertex 33.3244 30.2092 0.589999
      vertex 33.2024 30.5902 0
      vertex 33.2024 30.5902 0.589999
    endloop
  endfacet
  facet normal 0.952366 0.304957 0
    outer loop
      vertex 33.2024 30.5902 0
      vertex 33.3244 30.2092 0.589999
      vertex 33.3244 30.2092 0
    endloop
  endfacet
  facet normal 0.975281 0.220968 0
    outer loop
      vertex 33.2024 30.5902 0.589999
      vertex 33.1074 31.0095 0
      vertex 33.1074 31.0095 0.589999
    endloop
  endfacet
  facet normal 0.975281 0.220968 0
    outer loop
      vertex 33.1074 31.0095 0
      vertex 33.2024 30.5902 0.589999
      vertex 33.2024 30.5902 0
    endloop
  endfacet
  facet normal 0.989201 0.146564 0
    outer loop
      vertex 33.1074 31.0095 0.589999
      vertex 33.0396 31.4671 0
      vertex 33.0396 31.4671 0.589999
    endloop
  endfacet
  facet normal 0.989201 0.146564 0
    outer loop
      vertex 33.0396 31.4671 0
      vertex 33.1074 31.0095 0.589999
      vertex 33.1074 31.0095 0
    endloop
  endfacet
  facet normal 0.996649 0.081798 0
    outer loop
      vertex 33.0396 31.4671 0.589999
      vertex 32.9989 31.963 0
      vertex 32.9989 31.963 0.589999
    endloop
  endfacet
  facet normal 0.996649 0.081798 0
    outer loop
      vertex 32.9989 31.963 0
      vertex 33.0396 31.4671 0.589999
      vertex 33.0396 31.4671 0
    endloop
  endfacet
  facet normal 0.999681 0.0252681 0
    outer loop
      vertex 32.9989 31.963 0.589999
      vertex 32.9854 32.4971 0
      vertex 32.9854 32.4971 0.589999
    endloop
  endfacet
  facet normal 0.999681 0.0252681 0
    outer loop
      vertex 32.9854 32.4971 0
      vertex 32.9989 31.963 0.589999
      vertex 32.9989 31.963 0
    endloop
  endfacet
  facet normal 0.999722 -0.0235879 0
    outer loop
      vertex 32.9854 32.4971 0.589999
      vertex 32.9982 33.0396 0
      vertex 32.9982 33.0396 0.589999
    endloop
  endfacet
  facet normal 0.999722 -0.0235879 0
    outer loop
      vertex 32.9982 33.0396 0
      vertex 32.9854 32.4971 0.589999
      vertex 32.9854 32.4971 0
    endloop
  endfacet
  facet normal 0.997074 -0.0764384 0
    outer loop
      vertex 32.9982 33.0396 0.589999
      vertex 33.0367 33.5418 0
      vertex 33.0367 33.5418 0.589999
    endloop
  endfacet
  facet normal 0.997074 -0.0764384 0
    outer loop
      vertex 33.0367 33.5418 0
      vertex 32.9982 33.0396 0.589999
      vertex 32.9982 33.0396 0
    endloop
  endfacet
  facet normal 0.990478 -0.137668 0
    outer loop
      vertex 33.0367 33.5418 0.589999
      vertex 33.1009 34.0037 0
      vertex 33.1009 34.0037 0.589999
    endloop
  endfacet
  facet normal 0.990478 -0.137668 0
    outer loop
      vertex 33.1009 34.0037 0
      vertex 33.0367 33.5418 0.589999
      vertex 33.0367 33.5418 0
    endloop
  endfacet
  facet normal 0.978012 -0.208547 0
    outer loop
      vertex 33.1009 34.0037 0.589999
      vertex 33.1908 34.4253 0
      vertex 33.1908 34.4253 0.589999
    endloop
  endfacet
  facet normal 0.978012 -0.208547 0
    outer loop
      vertex 33.1908 34.4253 0
      vertex 33.1009 34.0037 0.589999
      vertex 33.1009 34.0037 0
    endloop
  endfacet
  facet normal 0.956986 -0.290133 0
    outer loop
      vertex 33.1908 34.4253 0.589999
      vertex 33.3064 34.8066 0
      vertex 33.3064 34.8066 0.589999
    endloop
  endfacet
  facet normal 0.956986 -0.290133 0
    outer loop
      vertex 33.3064 34.8066 0
      vertex 33.1908 34.4253 0.589999
      vertex 33.1908 34.4253 0
    endloop
  endfacet
  facet normal 0.923829 -0.382806 0
    outer loop
      vertex 33.3064 34.8066 0.589999
      vertex 33.4477 35.1476 0
      vertex 33.4477 35.1476 0.589999
    endloop
  endfacet
  facet normal 0.923829 -0.382806 0
    outer loop
      vertex 33.4477 35.1476 0
      vertex 33.3064 34.8066 0.589999
      vertex 33.3064 34.8066 0
    endloop
  endfacet
  facet normal 0.874349 -0.485297 0
    outer loop
      vertex 33.4477 35.1476 0.589999
      vertex 33.6146 35.4483 0
      vertex 33.6146 35.4483 0.589999
    endloop
  endfacet
  facet normal 0.874349 -0.485297 0
    outer loop
      vertex 33.6146 35.4483 0
      vertex 33.4477 35.1476 0.589999
      vertex 33.4477 35.1476 0
    endloop
  endfacet
  facet normal 0.800995 -0.598671 0
    outer loop
      vertex 33.6146 35.4483 0.589999
      vertex 33.8093 35.7088 0
      vertex 33.8093 35.7088 0.589999
    endloop
  endfacet
  facet normal 0.800995 -0.598671 0
    outer loop
      vertex 33.8093 35.7088 0
      vertex 33.6146 35.4483 0.589999
      vertex 33.6146 35.4483 0
    endloop
  endfacet
  facet normal 0.70104 -0.713122 0
    outer loop
      vertex 33.8093 35.7088 0
      vertex 34.0336 35.9293 0.589999
      vertex 33.8093 35.7088 0.589999
    endloop
  endfacet
  facet normal 0.70104 -0.713122 0
    outer loop
      vertex 34.0336 35.9293 0.589999
      vertex 33.8093 35.7088 0
      vertex 34.0336 35.9293 0
    endloop
  endfacet
  facet normal 0.578988 -0.815336 0
    outer loop
      vertex 34.0336 35.9293 0
      vertex 34.2875 36.1096 0.589999
      vertex 34.0336 35.9293 0.589999
    endloop
  endfacet
  facet normal 0.578988 -0.815336 0
    outer loop
      vertex 34.2875 36.1096 0.589999
      vertex 34.0336 35.9293 0
      vertex 34.2875 36.1096 0
    endloop
  endfacet
  facet normal 0.443291 -0.896378 0
    outer loop
      vertex 34.2875 36.1096 0
      vertex 34.5712 36.2499 0.589999
      vertex 34.2875 36.1096 0.589999
    endloop
  endfacet
  facet normal 0.443291 -0.896378 0
    outer loop
      vertex 34.5712 36.2499 0.589999
      vertex 34.2875 36.1096 0
      vertex 34.5712 36.2499 0
    endloop
  endfacet
  facet normal 0.304621 -0.952474 0
    outer loop
      vertex 34.5712 36.2499 0
      vertex 34.8845 36.3501 0.589999
      vertex 34.5712 36.2499 0.589999
    endloop
  endfacet
  facet normal 0.304621 -0.952474 0
    outer loop
      vertex 34.8845 36.3501 0.589999
      vertex 34.5712 36.2499 0
      vertex 34.8845 36.3501 0
    endloop
  endfacet
  facet normal 0.172589 -0.984994 0
    outer loop
      vertex 34.8845 36.3501 0
      vertex 35.2275 36.4102 0.589999
      vertex 34.8845 36.3501 0.589999
    endloop
  endfacet
  facet normal 0.172589 -0.984994 0
    outer loop
      vertex 35.2275 36.4102 0.589999
      vertex 34.8845 36.3501 0
      vertex 35.2275 36.4102 0
    endloop
  endfacet
  facet normal 0.0538525 -0.998549 0
    outer loop
      vertex 35.2275 36.4102 0
      vertex 35.6002 36.4303 0.589999
      vertex 35.2275 36.4102 0.589999
    endloop
  endfacet
  facet normal 0.0538525 -0.998549 0
    outer loop
      vertex 35.6002 36.4303 0.589999
      vertex 35.2275 36.4102 0
      vertex 35.6002 36.4303 0
    endloop
  endfacet
  facet normal -0.0324133 -0.999475 0
    outer loop
      vertex 35.6002 36.4303 0
      vertex 35.8623 36.4218 0.589999
      vertex 35.6002 36.4303 0.589999
    endloop
  endfacet
  facet normal -0.0324133 -0.999475 -0
    outer loop
      vertex 35.8623 36.4218 0.589999
      vertex 35.6002 36.4303 0
      vertex 35.8623 36.4218 0
    endloop
  endfacet
  facet normal -0.101416 -0.994844 0
    outer loop
      vertex 35.8623 36.4218 0
      vertex 36.1095 36.3966 0.589999
      vertex 35.8623 36.4218 0.589999
    endloop
  endfacet
  facet normal -0.101416 -0.994844 -0
    outer loop
      vertex 36.1095 36.3966 0.589999
      vertex 35.8623 36.4218 0
      vertex 36.1095 36.3966 0
    endloop
  endfacet
  facet normal -0.17855 -0.983931 0
    outer loop
      vertex 36.1095 36.3966 0
      vertex 36.3415 36.3545 0.589999
      vertex 36.1095 36.3966 0.589999
    endloop
  endfacet
  facet normal -0.17855 -0.983931 -0
    outer loop
      vertex 36.3415 36.3545 0.589999
      vertex 36.1095 36.3966 0
      vertex 36.3415 36.3545 0
    endloop
  endfacet
  facet normal -0.261951 -0.965081 0
    outer loop
      vertex 36.3415 36.3545 0
      vertex 36.5585 36.2956 0.589999
      vertex 36.3415 36.3545 0.589999
    endloop
  endfacet
  facet normal -0.261951 -0.965081 -0
    outer loop
      vertex 36.5585 36.2956 0.589999
      vertex 36.3415 36.3545 0
      vertex 36.5585 36.2956 0
    endloop
  endfacet
  facet normal -0.35092 -0.936405 0
    outer loop
      vertex 36.5585 36.2956 0
      vertex 36.7605 36.2199 0.589999
      vertex 36.5585 36.2956 0.589999
    endloop
  endfacet
  facet normal -0.35092 -0.936405 -0
    outer loop
      vertex 36.7605 36.2199 0.589999
      vertex 36.5585 36.2956 0
      vertex 36.7605 36.2199 0
    endloop
  endfacet
  facet normal -0.444141 -0.895957 0
    outer loop
      vertex 36.7605 36.2199 0
      vertex 36.9473 36.1273 0.589999
      vertex 36.7605 36.2199 0.589999
    endloop
  endfacet
  facet normal -0.444141 -0.895957 -0
    outer loop
      vertex 36.9473 36.1273 0.589999
      vertex 36.7605 36.2199 0
      vertex 36.9473 36.1273 0
    endloop
  endfacet
  facet normal -0.536907 -0.843641 0
    outer loop
      vertex 36.9473 36.1273 0
      vertex 37.1192 36.0179 0.589999
      vertex 36.9473 36.1273 0.589999
    endloop
  endfacet
  facet normal -0.536907 -0.843641 -0
    outer loop
      vertex 37.1192 36.0179 0.589999
      vertex 36.9473 36.1273 0
      vertex 37.1192 36.0179 0
    endloop
  endfacet
  facet normal -0.625835 -0.779955 0
    outer loop
      vertex 37.1192 36.0179 0
      vertex 37.2776 35.8908 0.589999
      vertex 37.1192 36.0179 0.589999
    endloop
  endfacet
  facet normal -0.625835 -0.779955 -0
    outer loop
      vertex 37.2776 35.8908 0.589999
      vertex 37.1192 36.0179 0
      vertex 37.2776 35.8908 0
    endloop
  endfacet
  facet normal -0.704684 -0.709521 0
    outer loop
      vertex 37.2776 35.8908 0
      vertex 37.4243 35.7451 0.589999
      vertex 37.2776 35.8908 0.589999
    endloop
  endfacet
  facet normal -0.704684 -0.709521 -0
    outer loop
      vertex 37.4243 35.7451 0.589999
      vertex 37.2776 35.8908 0
      vertex 37.4243 35.7451 0
    endloop
  endfacet
  facet normal -0.772636 -0.63485 0
    outer loop
      vertex 37.5593 35.5808 0
      vertex 37.4243 35.7451 0.589999
      vertex 37.4243 35.7451 0
    endloop
  endfacet
  facet normal -0.772636 -0.63485 0
    outer loop
      vertex 37.4243 35.7451 0.589999
      vertex 37.5593 35.5808 0
      vertex 37.5593 35.5808 0.589999
    endloop
  endfacet
  facet normal -0.82939 -0.55867 0
    outer loop
      vertex 37.6825 35.3979 0
      vertex 37.5593 35.5808 0.589999
      vertex 37.5593 35.5808 0
    endloop
  endfacet
  facet normal -0.82939 -0.55867 0
    outer loop
      vertex 37.5593 35.5808 0.589999
      vertex 37.6825 35.3979 0
      vertex 37.6825 35.3979 0.589999
    endloop
  endfacet
  facet normal -0.874975 -0.484167 0
    outer loop
      vertex 37.794 35.1964 0
      vertex 37.6825 35.3979 0.589999
      vertex 37.6825 35.3979 0
    endloop
  endfacet
  facet normal -0.874975 -0.484167 0
    outer loop
      vertex 37.6825 35.3979 0.589999
      vertex 37.794 35.1964 0
      vertex 37.794 35.1964 0.589999
    endloop
  endfacet
  facet normal -0.910904 -0.412618 0
    outer loop
      vertex 37.8937 34.9763 0
      vertex 37.794 35.1964 0.589999
      vertex 37.794 35.1964 0
    endloop
  endfacet
  facet normal -0.910904 -0.412618 0
    outer loop
      vertex 37.794 35.1964 0.589999
      vertex 37.8937 34.9763 0
      vertex 37.8937 34.9763 0.589999
    endloop
  endfacet
  facet normal -0.938269 -0.345906 0
    outer loop
      vertex 37.9817 34.7376 0
      vertex 37.8937 34.9763 0.589999
      vertex 37.8937 34.9763 0
    endloop
  endfacet
  facet normal -0.938269 -0.345906 0
    outer loop
      vertex 37.8937 34.9763 0.589999
      vertex 37.9817 34.7376 0
      vertex 37.9817 34.7376 0.589999
    endloop
  endfacet
  facet normal -0.959034 -0.283292 0
    outer loop
      vertex 38.058 34.4793 0
      vertex 37.9817 34.7376 0.589999
      vertex 37.9817 34.7376 0
    endloop
  endfacet
  facet normal -0.959034 -0.283292 0
    outer loop
      vertex 37.9817 34.7376 0.589999
      vertex 38.058 34.4793 0
      vertex 38.058 34.4793 0.589999
    endloop
  endfacet
  facet normal -0.974208 -0.22565 0
    outer loop
      vertex 38.1226 34.2004 0
      vertex 38.058 34.4793 0.589999
      vertex 38.058 34.4793 0
    endloop
  endfacet
  facet normal -0.974208 -0.22565 0
    outer loop
      vertex 38.058 34.4793 0.589999
      vertex 38.1226 34.2004 0
      vertex 38.1226 34.2004 0.589999
    endloop
  endfacet
  facet normal -0.984813 -0.173617 0
    outer loop
      vertex 38.1754 33.9009 0
      vertex 38.1226 34.2004 0.589999
      vertex 38.1226 34.2004 0
    endloop
  endfacet
  facet normal -0.984813 -0.173617 0
    outer loop
      vertex 38.1226 34.2004 0.589999
      vertex 38.1754 33.9009 0
      vertex 38.1754 33.9009 0.589999
    endloop
  endfacet
  facet normal -0.991853 -0.127391 0
    outer loop
      vertex 38.2165 33.5809 0
      vertex 38.1754 33.9009 0.589999
      vertex 38.1754 33.9009 0
    endloop
  endfacet
  facet normal -0.991853 -0.127391 0
    outer loop
      vertex 38.1754 33.9009 0.589999
      vertex 38.2165 33.5809 0
      vertex 38.2165 33.5809 0.589999
    endloop
  endfacet
  facet normal -0.996322 -0.0856831 0
    outer loop
      vertex 38.2458 33.2402 0
      vertex 38.2165 33.5809 0.589999
      vertex 38.2165 33.5809 0
    endloop
  endfacet
  facet normal -0.996322 -0.0856831 0
    outer loop
      vertex 38.2165 33.5809 0.589999
      vertex 38.2458 33.2402 0
      vertex 38.2458 33.2402 0.589999
    endloop
  endfacet
  facet normal -0.998815 -0.0486687 0
    outer loop
      vertex 38.2634 32.879 0
      vertex 38.2458 33.2402 0.589999
      vertex 38.2458 33.2402 0
    endloop
  endfacet
  facet normal -0.998815 -0.0486687 0
    outer loop
      vertex 38.2458 33.2402 0.589999
      vertex 38.2634 32.879 0
      vertex 38.2634 32.879 0.589999
    endloop
  endfacet
  facet normal -0.999881 -0.0154472 0
    outer loop
      vertex 38.2693 32.4971 0
      vertex 38.2634 32.879 0.589999
      vertex 38.2634 32.879 0
    endloop
  endfacet
  facet normal -0.999881 -0.0154472 0
    outer loop
      vertex 38.2634 32.879 0.589999
      vertex 38.2693 32.4971 0
      vertex 38.2693 32.4971 0.589999
    endloop
  endfacet
  facet normal -0.998683 0.0513029 0
    outer loop
      vertex 38.2157 31.4537 0
      vertex 38.2693 32.4971 0.589999
      vertex 38.2693 32.4971 0
    endloop
  endfacet
  facet normal -0.998683 0.0513029 0
    outer loop
      vertex 38.2693 32.4971 0.589999
      vertex 38.2157 31.4537 0
      vertex 38.2157 31.4537 0.589999
    endloop
  endfacet
  facet normal -0.98382 0.17916 0
    outer loop
      vertex 38.0549 30.5707 0
      vertex 38.2157 31.4537 0.589999
      vertex 38.2157 31.4537 0
    endloop
  endfacet
  facet normal -0.98382 0.17916 0
    outer loop
      vertex 38.2157 31.4537 0.589999
      vertex 38.0549 30.5707 0
      vertex 38.0549 30.5707 0.589999
    endloop
  endfacet
  facet normal -0.937603 0.347707 0
    outer loop
      vertex 37.787 29.8483 0
      vertex 38.0549 30.5707 0.589999
      vertex 38.0549 30.5707 0
    endloop
  endfacet
  facet normal -0.937603 0.347707 0
    outer loop
      vertex 38.0549 30.5707 0.589999
      vertex 37.787 29.8483 0
      vertex 37.787 29.8483 0.589999
    endloop
  endfacet
  facet normal -0.831709 0.555212 0
    outer loop
      vertex 37.4119 29.2864 0
      vertex 37.787 29.8483 0.589999
      vertex 37.787 29.8483 0
    endloop
  endfacet
  facet normal -0.831709 0.555212 0
    outer loop
      vertex 37.787 29.8483 0.589999
      vertex 37.4119 29.2864 0
      vertex 37.4119 29.2864 0.589999
    endloop
  endfacet
  facet normal -0.639604 0.768704 0
    outer loop
      vertex 37.4119 29.2864 0
      vertex 36.9296 28.8851 0.589999
      vertex 37.4119 29.2864 0.589999
    endloop
  endfacet
  facet normal -0.639604 0.768704 0
    outer loop
      vertex 36.9296 28.8851 0.589999
      vertex 37.4119 29.2864 0
      vertex 36.9296 28.8851 0
    endloop
  endfacet
  facet normal -0.378205 0.925722 0
    outer loop
      vertex 36.9296 28.8851 0
      vertex 36.3402 28.6443 0.589999
      vertex 36.9296 28.8851 0.589999
    endloop
  endfacet
  facet normal -0.378205 0.925722 0
    outer loop
      vertex 36.3402 28.6443 0.589999
      vertex 36.9296 28.8851 0
      vertex 36.3402 28.6443 0
    endloop
  endfacet
  facet normal -0.114516 0.993421 0
    outer loop
      vertex 36.3402 28.6443 0
      vertex 35.6436 28.564 0.589999
      vertex 36.3402 28.6443 0.589999
    endloop
  endfacet
  facet normal -0.114516 0.993421 0
    outer loop
      vertex 35.6436 28.564 0.589999
      vertex 36.3402 28.6443 0
      vertex 35.6436 28.564 0
    endloop
  endfacet
  facet normal 0.055621 0.998452 -0
    outer loop
      vertex 35.6436 28.564 0
      vertex 35.2774 28.5844 0.589999
      vertex 35.6436 28.564 0.589999
    endloop
  endfacet
  facet normal 0.055621 0.998452 0
    outer loop
      vertex 35.2774 28.5844 0.589999
      vertex 35.6436 28.564 0
      vertex 35.2774 28.5844 0
    endloop
  endfacet
  facet normal 0.136994 -0.990572 0
    outer loop
      vertex 35.754 29.7681 0
      vertex 35.8668 29.7837 0.589999
      vertex 35.754 29.7681 0.589999
    endloop
  endfacet
  facet normal 0.136994 -0.990572 0
    outer loop
      vertex 35.8668 29.7837 0.589999
      vertex 35.754 29.7681 0
      vertex 35.8668 29.7837 0
    endloop
  endfacet
  facet normal 0.242097 -0.970252 0
    outer loop
      vertex 35.8668 29.7837 0
      vertex 35.971 29.8097 0.589999
      vertex 35.8668 29.7837 0.589999
    endloop
  endfacet
  facet normal 0.242097 -0.970252 0
    outer loop
      vertex 35.971 29.8097 0.589999
      vertex 35.8668 29.7837 0
      vertex 35.971 29.8097 0
    endloop
  endfacet
  facet normal 0.356361 -0.934348 0
    outer loop
      vertex 35.971 29.8097 0
      vertex 36.0667 29.8462 0.589999
      vertex 35.971 29.8097 0.589999
    endloop
  endfacet
  facet normal 0.356361 -0.934348 0
    outer loop
      vertex 36.0667 29.8462 0.589999
      vertex 35.971 29.8097 0
      vertex 36.0667 29.8462 0
    endloop
  endfacet
  facet normal 0.472894 -0.881119 0
    outer loop
      vertex 36.0667 29.8462 0
      vertex 36.1539 29.893 0.589999
      vertex 36.0667 29.8462 0.589999
    endloop
  endfacet
  facet normal 0.472894 -0.881119 0
    outer loop
      vertex 36.1539 29.893 0.589999
      vertex 36.0667 29.8462 0
      vertex 36.1539 29.893 0
    endloop
  endfacet
  facet normal 0.587927 -0.808914 0
    outer loop
      vertex 36.1539 29.893 0
      vertex 36.2326 29.9502 0.589999
      vertex 36.1539 29.893 0.589999
    endloop
  endfacet
  facet normal 0.587927 -0.808914 0
    outer loop
      vertex 36.2326 29.9502 0.589999
      vertex 36.1539 29.893 0
      vertex 36.2326 29.9502 0
    endloop
  endfacet
  facet normal 0.694686 -0.719313 0
    outer loop
      vertex 36.2326 29.9502 0
      vertex 36.3027 30.0179 0.589999
      vertex 36.2326 29.9502 0.589999
    endloop
  endfacet
  facet normal 0.694686 -0.719313 0
    outer loop
      vertex 36.3027 30.0179 0.589999
      vertex 36.2326 29.9502 0
      vertex 36.3027 30.0179 0
    endloop
  endfacet
  facet normal 0.782209 -0.623016 0
    outer loop
      vertex 36.3027 30.0179 0.589999
      vertex 36.3661 30.0975 0
      vertex 36.3661 30.0975 0.589999
    endloop
  endfacet
  facet normal 0.782209 -0.623016 0
    outer loop
      vertex 36.3661 30.0975 0
      vertex 36.3027 30.0179 0.589999
      vertex 36.3027 30.0179 0
    endloop
  endfacet
  facet normal 0.848458 -0.529263 0
    outer loop
      vertex 36.3661 30.0975 0.589999
      vertex 36.4243 30.1908 0
      vertex 36.4243 30.1908 0.589999
    endloop
  endfacet
  facet normal 0.848458 -0.529263 0
    outer loop
      vertex 36.4243 30.1908 0
      vertex 36.3661 30.0975 0.589999
      vertex 36.3661 30.0975 0
    endloop
  endfacet
  facet normal 0.895597 -0.444866 0
    outer loop
      vertex 36.4243 30.1908 0.589999
      vertex 36.4774 30.2977 0
      vertex 36.4774 30.2977 0.589999
    endloop
  endfacet
  facet normal 0.895597 -0.444866 0
    outer loop
      vertex 36.4774 30.2977 0
      vertex 36.4243 30.1908 0.589999
      vertex 36.4243 30.1908 0
    endloop
  endfacet
  facet normal 0.928742 -0.370726 0
    outer loop
      vertex 36.4774 30.2977 0.589999
      vertex 36.5255 30.4182 0
      vertex 36.5255 30.4182 0.589999
    endloop
  endfacet
  facet normal 0.928742 -0.370726 0
    outer loop
      vertex 36.5255 30.4182 0
      vertex 36.4774 30.2977 0.589999
      vertex 36.4774 30.2977 0
    endloop
  endfacet
  facet normal 0.952309 -0.305136 0
    outer loop
      vertex 36.5255 30.4182 0.589999
      vertex 36.5685 30.5524 0
      vertex 36.5685 30.5524 0.589999
    endloop
  endfacet
  facet normal 0.952309 -0.305136 0
    outer loop
      vertex 36.5685 30.5524 0
      vertex 36.5255 30.4182 0.589999
      vertex 36.5255 30.4182 0
    endloop
  endfacet
  facet normal 0.968777 -0.247933 0
    outer loop
      vertex 36.5685 30.5524 0.589999
      vertex 36.6063 30.7001 0
      vertex 36.6063 30.7001 0.589999
    endloop
  endfacet
  facet normal 0.968777 -0.247933 0
    outer loop
      vertex 36.6063 30.7001 0
      vertex 36.5685 30.5524 0.589999
      vertex 36.5685 30.5524 0
    endloop
  endfacet
  facet normal 0.979969 -0.199151 0
    outer loop
      vertex 36.6063 30.7001 0.589999
      vertex 36.6391 30.8615 0
      vertex 36.6391 30.8615 0.589999
    endloop
  endfacet
  facet normal 0.979969 -0.199151 0
    outer loop
      vertex 36.6391 30.8615 0
      vertex 36.6063 30.7001 0.589999
      vertex 36.6063 30.7001 0
    endloop
  endfacet
  facet normal 0.9877 -0.156363 0
    outer loop
      vertex 36.6391 30.8615 0.589999
      vertex 36.6672 31.039 0
      vertex 36.6672 31.039 0.589999
    endloop
  endfacet
  facet normal 0.9877 -0.156363 0
    outer loop
      vertex 36.6672 31.039 0
      vertex 36.6391 30.8615 0.589999
      vertex 36.6391 30.8615 0
    endloop
  endfacet
  facet normal 0.99279 -0.119863 0
    outer loop
      vertex 36.6672 31.039 0.589999
      vertex 36.6909 31.2353 0
      vertex 36.6909 31.2353 0.589999
    endloop
  endfacet
  facet normal 0.99279 -0.119863 0
    outer loop
      vertex 36.6909 31.2353 0
      vertex 36.6672 31.039 0.589999
      vertex 36.6672 31.039 0
    endloop
  endfacet
  facet normal 0.99595 -0.0899089 0
    outer loop
      vertex 36.6909 31.2353 0.589999
      vertex 36.7103 31.4502 0
      vertex 36.7103 31.4502 0.589999
    endloop
  endfacet
  facet normal 0.99595 -0.0899089 0
    outer loop
      vertex 36.7103 31.4502 0
      vertex 36.6909 31.2353 0.589999
      vertex 36.6909 31.2353 0
    endloop
  endfacet
  facet normal 0.997919 -0.0644783 0
    outer loop
      vertex 36.7103 31.4502 0.589999
      vertex 36.7254 31.6839 0
      vertex 36.7254 31.6839 0.589999
    endloop
  endfacet
  facet normal 0.997919 -0.0644783 0
    outer loop
      vertex 36.7254 31.6839 0
      vertex 36.7103 31.4502 0.589999
      vertex 36.7103 31.4502 0
    endloop
  endfacet
  facet normal 0.999086 -0.0427501 0
    outer loop
      vertex 36.7254 31.6839 0.589999
      vertex 36.7362 31.9363 0
      vertex 36.7362 31.9363 0.589999
    endloop
  endfacet
  facet normal 0.999086 -0.0427501 0
    outer loop
      vertex 36.7362 31.9363 0
      vertex 36.7254 31.6839 0.589999
      vertex 36.7254 31.6839 0
    endloop
  endfacet
  facet normal 0.999712 -0.0239783 0
    outer loop
      vertex 36.7362 31.9363 0.589999
      vertex 36.7427 32.2073 0
      vertex 36.7427 32.2073 0.589999
    endloop
  endfacet
  facet normal 0.999712 -0.0239783 0
    outer loop
      vertex 36.7427 32.2073 0
      vertex 36.7362 31.9363 0.589999
      vertex 36.7362 31.9363 0
    endloop
  endfacet
  facet normal 0.999971 -0.00759122 0
    outer loop
      vertex 36.7427 32.2073 0.589999
      vertex 36.7449 32.4971 0
      vertex 36.7449 32.4971 0.589999
    endloop
  endfacet
  facet normal 0.999971 -0.00759122 0
    outer loop
      vertex 36.7449 32.4971 0
      vertex 36.7427 32.2073 0.589999
      vertex 36.7427 32.2073 0
    endloop
  endfacet
  facet normal 0.999974 0.00717685 0
    outer loop
      vertex 36.7449 32.4971 0.589999
      vertex 36.7428 32.7897 0
      vertex 36.7428 32.7897 0.589999
    endloop
  endfacet
  facet normal 0.999974 0.00717685 0
    outer loop
      vertex 36.7428 32.7897 0
      vertex 36.7449 32.4971 0.589999
      vertex 36.7449 32.4971 0
    endloop
  endfacet
  facet normal 0.999751 0.0223224 0
    outer loop
      vertex 36.7428 32.7897 0.589999
      vertex 36.7367 33.0629 0
      vertex 36.7367 33.0629 0.589999
    endloop
  endfacet
  facet normal 0.999751 0.0223224 0
    outer loop
      vertex 36.7367 33.0629 0
      vertex 36.7428 32.7897 0.589999
      vertex 36.7428 32.7897 0
    endloop
  endfacet
  facet normal 0.999178 0.0405498 0
    outer loop
      vertex 36.7367 33.0629 0.589999
      vertex 36.7264 33.3167 0
      vertex 36.7264 33.3167 0.589999
    endloop
  endfacet
  facet normal 0.999178 0.0405498 0
    outer loop
      vertex 36.7264 33.3167 0
      vertex 36.7367 33.0629 0.589999
      vertex 36.7367 33.0629 0
    endloop
  endfacet
  facet normal 0.998144 0.0608936 0
    outer loop
      vertex 36.7264 33.3167 0.589999
      vertex 36.7121 33.5511 0
      vertex 36.7121 33.5511 0.589999
    endloop
  endfacet
  facet normal 0.998144 0.0608936 0
    outer loop
      vertex 36.7121 33.5511 0
      vertex 36.7264 33.3167 0.589999
      vertex 36.7264 33.3167 0
    endloop
  endfacet
  facet normal 0.996361 0.0852303 0
    outer loop
      vertex 36.7121 33.5511 0.589999
      vertex 36.6937 33.7662 0
      vertex 36.6937 33.7662 0.589999
    endloop
  endfacet
  facet normal 0.996361 0.0852303 0
    outer loop
      vertex 36.6937 33.7662 0
      vertex 36.7121 33.5511 0.589999
      vertex 36.7121 33.5511 0
    endloop
  endfacet
  facet normal 0.993456 0.114219 0
    outer loop
      vertex 36.6937 33.7662 0.589999
      vertex 36.6712 33.9619 0
      vertex 36.6712 33.9619 0.589999
    endloop
  endfacet
  facet normal 0.993456 0.114219 0
    outer loop
      vertex 36.6712 33.9619 0
      vertex 36.6937 33.7662 0.589999
      vertex 36.6937 33.7662 0
    endloop
  endfacet
  facet normal 0.988726 0.149739 0
    outer loop
      vertex 36.6712 33.9619 0.589999
      vertex 36.6445 34.1382 0
      vertex 36.6445 34.1382 0.589999
    endloop
  endfacet
  facet normal 0.988726 0.149739 0
    outer loop
      vertex 36.6445 34.1382 0
      vertex 36.6712 33.9619 0.589999
      vertex 36.6712 33.9619 0
    endloop
  endfacet
  facet normal 0.981282 0.192577 0
    outer loop
      vertex 36.6445 34.1382 0.589999
      vertex 36.6131 34.2982 0
      vertex 36.6131 34.2982 0.589999
    endloop
  endfacet
  facet normal 0.981282 0.192577 0
    outer loop
      vertex 36.6131 34.2982 0
      vertex 36.6445 34.1382 0.589999
      vertex 36.6445 34.1382 0
    endloop
  endfacet
  facet normal 0.969635 0.244557 0
    outer loop
      vertex 36.6131 34.2982 0.589999
      vertex 36.5761 34.4449 0
      vertex 36.5761 34.4449 0.589999
    endloop
  endfacet
  facet normal 0.969635 0.244557 0
    outer loop
      vertex 36.5761 34.4449 0
      vertex 36.6131 34.2982 0.589999
      vertex 36.6131 34.2982 0
    endloop
  endfacet
  facet normal 0.952813 0.303557 0
    outer loop
      vertex 36.5761 34.4449 0.589999
      vertex 36.5336 34.5783 0
      vertex 36.5336 34.5783 0.589999
    endloop
  endfacet
  facet normal 0.952813 0.303557 0
    outer loop
      vertex 36.5336 34.5783 0
      vertex 36.5761 34.4449 0.589999
      vertex 36.5761 34.4449 0
    endloop
  endfacet
  facet normal 0.928317 0.37179 0
    outer loop
      vertex 36.5336 34.5783 0.589999
      vertex 36.4855 34.6984 0
      vertex 36.4855 34.6984 0.589999
    endloop
  endfacet
  facet normal 0.928317 0.37179 0
    outer loop
      vertex 36.4855 34.6984 0
      vertex 36.5336 34.5783 0.589999
      vertex 36.5336 34.5783 0
    endloop
  endfacet
  facet normal 0.893757 0.448552 0
    outer loop
      vertex 36.4855 34.6984 0.589999
      vertex 36.4319 34.8052 0
      vertex 36.4319 34.8052 0.589999
    endloop
  endfacet
  facet normal 0.893757 0.448552 0
    outer loop
      vertex 36.4319 34.8052 0
      vertex 36.4855 34.6984 0.589999
      vertex 36.4855 34.6984 0
    endloop
  endfacet
  facet normal 0.845553 0.533891 0
    outer loop
      vertex 36.4319 34.8052 0.589999
      vertex 36.3728 34.8988 0
      vertex 36.3728 34.8988 0.589999
    endloop
  endfacet
  facet normal 0.845553 0.533891 0
    outer loop
      vertex 36.3728 34.8988 0
      vertex 36.4319 34.8052 0.589999
      vertex 36.4319 34.8052 0
    endloop
  endfacet
  facet normal 0.779162 0.626823 0
    outer loop
      vertex 36.3728 34.8988 0.589999
      vertex 36.3082 34.9791 0
      vertex 36.3082 34.9791 0.589999
    endloop
  endfacet
  facet normal 0.779162 0.626823 0
    outer loop
      vertex 36.3082 34.9791 0
      vertex 36.3728 34.8988 0.589999
      vertex 36.3728 34.8988 0
    endloop
  endfacet
  facet normal 0.687717 0.725979 -0
    outer loop
      vertex 36.3082 34.9791 0
      vertex 36.2361 35.0474 0.589999
      vertex 36.3082 34.9791 0.589999
    endloop
  endfacet
  facet normal 0.687717 0.725979 0
    outer loop
      vertex 36.2361 35.0474 0.589999
      vertex 36.3082 34.9791 0
      vertex 36.2361 35.0474 0
    endloop
  endfacet
  facet normal 0.580574 0.814207 -0
    outer loop
      vertex 36.2361 35.0474 0
      vertex 36.1549 35.1053 0.589999
      vertex 36.2361 35.0474 0.589999
    endloop
  endfacet
  facet normal 0.580574 0.814207 0
    outer loop
      vertex 36.1549 35.1053 0.589999
      vertex 36.2361 35.0474 0
      vertex 36.1549 35.1053 0
    endloop
  endfacet
  facet normal 0.463604 0.886042 -0
    outer loop
      vertex 36.1549 35.1053 0
      vertex 36.0645 35.1526 0.589999
      vertex 36.1549 35.1053 0.589999
    endloop
  endfacet
  facet normal 0.463604 0.886042 0
    outer loop
      vertex 36.0645 35.1526 0.589999
      vertex 36.1549 35.1053 0
      vertex 36.0645 35.1526 0
    endloop
  endfacet
  facet normal 0.346578 0.938021 -0
    outer loop
      vertex 36.0645 35.1526 0
      vertex 35.9649 35.1894 0.589999
      vertex 36.0645 35.1526 0.589999
    endloop
  endfacet
  facet normal 0.346578 0.938021 0
    outer loop
      vertex 35.9649 35.1894 0.589999
      vertex 36.0645 35.1526 0
      vertex 35.9649 35.1894 0
    endloop
  endfacet
  facet normal 0.235165 0.971955 -0
    outer loop
      vertex 35.9649 35.1894 0
      vertex 35.8562 35.2157 0.589999
      vertex 35.9649 35.1894 0.589999
    endloop
  endfacet
  facet normal 0.235165 0.971955 0
    outer loop
      vertex 35.8562 35.2157 0.589999
      vertex 35.9649 35.1894 0
      vertex 35.8562 35.2157 0
    endloop
  endfacet
  facet normal 0.132714 0.991154 -0
    outer loop
      vertex 35.8562 35.2157 0
      vertex 35.7382 35.2315 0.589999
      vertex 35.8562 35.2157 0.589999
    endloop
  endfacet
  facet normal 0.132714 0.991154 0
    outer loop
      vertex 35.7382 35.2315 0.589999
      vertex 35.8562 35.2157 0
      vertex 35.7382 35.2315 0
    endloop
  endfacet
  facet normal 0.0408464 0.999165 -0
    outer loop
      vertex 35.7382 35.2315 0
      vertex 35.611 35.2367 0.589999
      vertex 35.7382 35.2315 0.589999
    endloop
  endfacet
  facet normal 0.0408464 0.999165 0
    outer loop
      vertex 35.611 35.2367 0.589999
      vertex 35.7382 35.2315 0
      vertex 35.611 35.2367 0
    endloop
  endfacet
  facet normal -0.0433648 0.999059 0
    outer loop
      vertex 35.611 35.2367 0
      vertex 35.4912 35.2315 0.589999
      vertex 35.611 35.2367 0.589999
    endloop
  endfacet
  facet normal -0.0433648 0.999059 0
    outer loop
      vertex 35.4912 35.2315 0.589999
      vertex 35.611 35.2367 0
      vertex 35.4912 35.2315 0
    endloop
  endfacet
  facet normal -0.138805 0.99032 0
    outer loop
      vertex 35.4912 35.2315 0
      vertex 35.3799 35.2159 0.589999
      vertex 35.4912 35.2315 0.589999
    endloop
  endfacet
  facet normal -0.138805 0.99032 0
    outer loop
      vertex 35.3799 35.2159 0.589999
      vertex 35.4912 35.2315 0
      vertex 35.3799 35.2159 0
    endloop
  endfacet
  facet normal -0.24475 0.969586 0
    outer loop
      vertex 35.3799 35.2159 0
      vertex 35.2769 35.1899 0.589999
      vertex 35.3799 35.2159 0.589999
    endloop
  endfacet
  facet normal -0.24475 0.969586 0
    outer loop
      vertex 35.2769 35.1899 0.589999
      vertex 35.3799 35.2159 0
      vertex 35.2769 35.1899 0
    endloop
  endfacet
  facet normal -0.359442 0.933167 0
    outer loop
      vertex 35.2769 35.1899 0
      vertex 35.1824 35.1535 0.589999
      vertex 35.2769 35.1899 0.589999
    endloop
  endfacet
  facet normal -0.359442 0.933167 0
    outer loop
      vertex 35.1824 35.1535 0.589999
      vertex 35.2769 35.1899 0
      vertex 35.1824 35.1535 0
    endloop
  endfacet
  facet normal -0.477137 0.878829 0
    outer loop
      vertex 35.1824 35.1535 0
      vertex 35.0962 35.1067 0.589999
      vertex 35.1824 35.1535 0.589999
    endloop
  endfacet
  facet normal -0.477137 0.878829 0
    outer loop
      vertex 35.0962 35.1067 0.589999
      vertex 35.1824 35.1535 0
      vertex 35.0962 35.1067 0
    endloop
  endfacet
  facet normal -0.593517 0.804821 0
    outer loop
      vertex 35.0962 35.1067 0
      vertex 35.0185 35.0494 0.589999
      vertex 35.0962 35.1067 0.589999
    endloop
  endfacet
  facet normal -0.593517 0.804821 0
    outer loop
      vertex 35.0185 35.0494 0.589999
      vertex 35.0962 35.1067 0
      vertex 35.0185 35.0494 0
    endloop
  endfacet
  facet normal -0.698272 0.715832 0
    outer loop
      vertex 35.0185 35.0494 0
      vertex 34.9492 34.9818 0.589999
      vertex 35.0185 35.0494 0.589999
    endloop
  endfacet
  facet normal -0.698272 0.715832 0
    outer loop
      vertex 34.9492 34.9818 0.589999
      vertex 35.0185 35.0494 0
      vertex 34.9492 34.9818 0
    endloop
  endfacet
  facet normal -0.786524 0.61756 0
    outer loop
      vertex 34.8867 34.9022 0
      vertex 34.9492 34.9818 0.589999
      vertex 34.9492 34.9818 0
    endloop
  endfacet
  facet normal -0.786524 0.61756 0
    outer loop
      vertex 34.9492 34.9818 0.589999
      vertex 34.8867 34.9022 0
      vertex 34.8867 34.9022 0.589999
    endloop
  endfacet
  facet normal -0.85081 0.525473 0
    outer loop
      vertex 34.8292 34.8091 0
      vertex 34.8867 34.9022 0.589999
      vertex 34.8867 34.9022 0
    endloop
  endfacet
  facet normal -0.85081 0.525473 0
    outer loop
      vertex 34.8867 34.9022 0.589999
      vertex 34.8292 34.8091 0
      vertex 34.8292 34.8091 0.589999
    endloop
  endfacet
  facet normal -0.897601 0.440809 0
    outer loop
      vertex 34.7768 34.7024 0
      vertex 34.8292 34.8091 0.589999
      vertex 34.8292 34.8091 0
    endloop
  endfacet
  facet normal -0.897601 0.440809 0
    outer loop
      vertex 34.8292 34.8091 0.589999
      vertex 34.7768 34.7024 0
      vertex 34.7768 34.7024 0.589999
    endloop
  endfacet
  facet normal -0.930704 0.365772 0
    outer loop
      vertex 34.7296 34.5823 0
      vertex 34.7768 34.7024 0.589999
      vertex 34.7768 34.7024 0
    endloop
  endfacet
  facet normal -0.930704 0.365772 0
    outer loop
      vertex 34.7768 34.7024 0.589999
      vertex 34.7296 34.5823 0
      vertex 34.7296 34.5823 0.589999
    endloop
  endfacet
  facet normal -0.953561 0.3012 0
    outer loop
      vertex 34.6874 34.4487 0
      vertex 34.7296 34.5823 0.589999
      vertex 34.7296 34.5823 0
    endloop
  endfacet
  facet normal -0.953561 0.3012 0
    outer loop
      vertex 34.7296 34.5823 0.589999
      vertex 34.6874 34.4487 0
      vertex 34.6874 34.4487 0.589999
    endloop
  endfacet
  facet normal -0.969636 0.244551 0
    outer loop
      vertex 34.6503 34.3016 0
      vertex 34.6874 34.4487 0.589999
      vertex 34.6874 34.4487 0
    endloop
  endfacet
  facet normal -0.969636 0.244551 0
    outer loop
      vertex 34.6874 34.4487 0.589999
      vertex 34.6503 34.3016 0
      vertex 34.6503 34.3016 0.589999
    endloop
  endfacet
  facet normal -0.980745 0.195295 0
    outer loop
      vertex 34.6183 34.1409 0
      vertex 34.6503 34.3016 0.589999
      vertex 34.6503 34.3016 0
    endloop
  endfacet
  facet normal -0.980745 0.195295 0
    outer loop
      vertex 34.6503 34.3016 0.589999
      vertex 34.6183 34.1409 0
      vertex 34.6183 34.1409 0.589999
    endloop
  endfacet
  facet normal -0.988314 0.152435 0
    outer loop
      vertex 34.591 33.9639 0
      vertex 34.6183 34.1409 0.589999
      vertex 34.6183 34.1409 0
    endloop
  endfacet
  facet normal -0.988314 0.152435 0
    outer loop
      vertex 34.6183 34.1409 0.589999
      vertex 34.591 33.9639 0
      vertex 34.591 33.9639 0.589999
    endloop
  endfacet
  facet normal -0.993088 0.11737 0
    outer loop
      vertex 34.5678 33.7676 0
      vertex 34.591 33.9639 0.589999
      vertex 34.591 33.9639 0
    endloop
  endfacet
  facet normal -0.993088 0.11737 0
    outer loop
      vertex 34.591 33.9639 0.589999
      vertex 34.5678 33.7676 0
      vertex 34.5678 33.7676 0.589999
    endloop
  endfacet
  facet normal -0.99618 0.0873274 0
    outer loop
      vertex 34.5489 33.552 0
      vertex 34.5678 33.7676 0.589999
      vertex 34.5678 33.7676 0
    endloop
  endfacet
  facet normal -0.99618 0.0873274 0
    outer loop
      vertex 34.5678 33.7676 0.589999
      vertex 34.5489 33.552 0
      vertex 34.5489 33.552 0.589999
    endloop
  endfacet
  facet normal -0.998019 0.0629075 0
    outer loop
      vertex 34.5341 33.3172 0
      vertex 34.5489 33.552 0.589999
      vertex 34.5489 33.552 0
    endloop
  endfacet
  facet normal -0.998019 0.0629075 0
    outer loop
      vertex 34.5489 33.552 0.589999
      vertex 34.5341 33.3172 0
      vertex 34.5341 33.3172 0.589999
    endloop
  endfacet
  facet normal -0.999147 0.0412871 0
    outer loop
      vertex 34.5236 33.0631 0
      vertex 34.5341 33.3172 0.589999
      vertex 34.5341 33.3172 0
    endloop
  endfacet
  facet normal -0.999147 0.0412871 0
    outer loop
      vertex 34.5341 33.3172 0.589999
      vertex 34.5236 33.0631 0
      vertex 34.5236 33.0631 0.589999
    endloop
  endfacet
  facet normal -0.999735 0.023037 0
    outer loop
      vertex 34.5173 32.7897 0
      vertex 34.5236 33.0631 0.589999
      vertex 34.5236 33.0631 0
    endloop
  endfacet
  facet normal -0.999735 0.023037 0
    outer loop
      vertex 34.5236 33.0631 0.589999
      vertex 34.5173 32.7897 0
      vertex 34.5173 32.7897 0.589999
    endloop
  endfacet
  facet normal -0.999974 0.00717685 0
    outer loop
      vertex 34.5152 32.4971 0
      vertex 34.5173 32.7897 0.589999
      vertex 34.5173 32.7897 0
    endloop
  endfacet
  facet normal -0.999974 0.00717685 0
    outer loop
      vertex 34.5173 32.7897 0.589999
      vertex 34.5152 32.4971 0
      vertex 34.5152 32.4971 0.589999
    endloop
  endfacet
  facet normal -0.999969 -0.00782337 0
    outer loop
      vertex 34.5174 32.2159 0
      vertex 34.5152 32.4971 0.589999
      vertex 34.5152 32.4971 0
    endloop
  endfacet
  facet normal -0.999969 -0.00782337 0
    outer loop
      vertex 34.5152 32.4971 0.589999
      vertex 34.5174 32.2159 0
      vertex 34.5174 32.2159 0.589999
    endloop
  endfacet
  facet normal -0.999706 -0.0242445 0
    outer loop
      vertex 34.5238 31.952 0
      vertex 34.5174 32.2159 0.589999
      vertex 34.5174 32.2159 0
    endloop
  endfacet
  facet normal -0.999706 -0.0242445 0
    outer loop
      vertex 34.5174 32.2159 0.589999
      vertex 34.5238 31.952 0
      vertex 34.5238 31.952 0.589999
    endloop
  endfacet
  facet normal -0.999043 -0.043736 0
    outer loop
      vertex 34.5346 31.7053 0
      vertex 34.5238 31.952 0.589999
      vertex 34.5238 31.952 0
    endloop
  endfacet
  facet normal -0.999043 -0.043736 0
    outer loop
      vertex 34.5238 31.952 0.589999
      vertex 34.5346 31.7053 0
      vertex 34.5346 31.7053 0.589999
    endloop
  endfacet
  facet normal -0.997812 -0.0661148 0
    outer loop
      vertex 34.5498 31.4759 0
      vertex 34.5346 31.7053 0.589999
      vertex 34.5346 31.7053 0
    endloop
  endfacet
  facet normal -0.997812 -0.0661148 0
    outer loop
      vertex 34.5346 31.7053 0.589999
      vertex 34.5498 31.4759 0
      vertex 34.5498 31.4759 0.589999
    endloop
  endfacet
  facet normal -0.995843 -0.0910861 0
    outer loop
      vertex 34.5692 31.2638 0
      vertex 34.5498 31.4759 0.589999
      vertex 34.5498 31.4759 0
    endloop
  endfacet
  facet normal -0.995843 -0.0910861 0
    outer loop
      vertex 34.5498 31.4759 0.589999
      vertex 34.5692 31.2638 0
      vertex 34.5692 31.2638 0.589999
    endloop
  endfacet
  facet normal -0.992626 -0.121213 0
    outer loop
      vertex 34.593 31.0689 0
      vertex 34.5692 31.2638 0.589999
      vertex 34.5692 31.2638 0
    endloop
  endfacet
  facet normal -0.992626 -0.121213 0
    outer loop
      vertex 34.5692 31.2638 0.589999
      vertex 34.593 31.0689 0
      vertex 34.593 31.0689 0.589999
    endloop
  endfacet
  facet normal -0.987799 -0.155734 0
    outer loop
      vertex 34.621 30.8913 0
      vertex 34.593 31.0689 0.589999
      vertex 34.593 31.0689 0
    endloop
  endfacet
  facet normal -0.987799 -0.155734 0
    outer loop
      vertex 34.593 31.0689 0.589999
      vertex 34.621 30.8913 0
      vertex 34.621 30.8913 0.589999
    endloop
  endfacet
  facet normal -0.980066 -0.19867 0
    outer loop
      vertex 34.6539 30.729 0
      vertex 34.621 30.8913 0.589999
      vertex 34.621 30.8913 0
    endloop
  endfacet
  facet normal -0.980066 -0.19867 0
    outer loop
      vertex 34.621 30.8913 0.589999
      vertex 34.6539 30.729 0
      vertex 34.6539 30.729 0.589999
    endloop
  endfacet
  facet normal -0.968752 -0.248032 0
    outer loop
      vertex 34.6921 30.5798 0
      vertex 34.6539 30.729 0.589999
      vertex 34.6539 30.729 0
    endloop
  endfacet
  facet normal -0.968752 -0.248032 0
    outer loop
      vertex 34.6539 30.729 0.589999
      vertex 34.6921 30.5798 0
      vertex 34.6921 30.5798 0.589999
    endloop
  endfacet
  facet normal -0.952465 -0.304649 0
    outer loop
      vertex 34.7356 30.4438 0
      vertex 34.6921 30.5798 0.589999
      vertex 34.6921 30.5798 0
    endloop
  endfacet
  facet normal -0.952465 -0.304649 0
    outer loop
      vertex 34.6921 30.5798 0.589999
      vertex 34.7356 30.4438 0
      vertex 34.7356 30.4438 0.589999
    endloop
  endfacet
  facet normal -0.929412 -0.369043 0
    outer loop
      vertex 34.7844 30.3209 0
      vertex 34.7356 30.4438 0.589999
      vertex 34.7356 30.4438 0
    endloop
  endfacet
  facet normal -0.929412 -0.369043 0
    outer loop
      vertex 34.7356 30.4438 0.589999
      vertex 34.7844 30.3209 0
      vertex 34.7844 30.3209 0.589999
    endloop
  endfacet
  facet normal -0.896381 -0.443284 0
    outer loop
      vertex 34.8386 30.2113 0
      vertex 34.7844 30.3209 0.589999
      vertex 34.7844 30.3209 0
    endloop
  endfacet
  facet normal -0.896381 -0.443284 0
    outer loop
      vertex 34.7844 30.3209 0.589999
      vertex 34.8386 30.2113 0
      vertex 34.8386 30.2113 0.589999
    endloop
  endfacet
  facet normal -0.851598 -0.524196 0
    outer loop
      vertex 34.898 30.1148 0
      vertex 34.8386 30.2113 0.589999
      vertex 34.8386 30.2113 0
    endloop
  endfacet
  facet normal -0.851598 -0.524196 0
    outer loop
      vertex 34.8386 30.2113 0.589999
      vertex 34.898 30.1148 0
      vertex 34.898 30.1148 0.589999
    endloop
  endfacet
  facet normal -0.789301 -0.614006 0
    outer loop
      vertex 34.9628 30.0315 0
      vertex 34.898 30.1148 0.589999
      vertex 34.898 30.1148 0
    endloop
  endfacet
  facet normal -0.789301 -0.614006 0
    outer loop
      vertex 34.898 30.1148 0.589999
      vertex 34.9628 30.0315 0
      vertex 34.9628 30.0315 0.589999
    endloop
  endfacet
  facet normal -0.706611 -0.707602 0
    outer loop
      vertex 34.9628 30.0315 0
      vertex 35.0342 29.9602 0.589999
      vertex 34.9628 30.0315 0.589999
    endloop
  endfacet
  facet normal -0.706611 -0.707602 -0
    outer loop
      vertex 35.0342 29.9602 0.589999
      vertex 34.9628 30.0315 0
      vertex 35.0342 29.9602 0
    endloop
  endfacet
  facet normal -0.603838 -0.797107 0
    outer loop
      vertex 35.0342 29.9602 0
      vertex 35.1138 29.8999 0.589999
      vertex 35.0342 29.9602 0.589999
    endloop
  endfacet
  facet normal -0.603838 -0.797107 -0
    outer loop
      vertex 35.1138 29.8999 0.589999
      vertex 35.0342 29.9602 0
      vertex 35.1138 29.8999 0
    endloop
  endfacet
  facet normal -0.49045 -0.871469 0
    outer loop
      vertex 35.1138 29.8999 0
      vertex 35.2014 29.8506 0.589999
      vertex 35.1138 29.8999 0.589999
    endloop
  endfacet
  facet normal -0.49045 -0.871469 -0
    outer loop
      vertex 35.2014 29.8506 0.589999
      vertex 35.1138 29.8999 0
      vertex 35.2014 29.8506 0
    endloop
  endfacet
  facet normal -0.372394 -0.928075 0
    outer loop
      vertex 35.2014 29.8506 0
      vertex 35.2971 29.8122 0.589999
      vertex 35.2014 29.8506 0.589999
    endloop
  endfacet
  facet normal -0.372394 -0.928075 -0
    outer loop
      vertex 35.2971 29.8122 0.589999
      vertex 35.2014 29.8506 0
      vertex 35.2971 29.8122 0
    endloop
  endfacet
  facet normal -0.255227 -0.966881 0
    outer loop
      vertex 35.2971 29.8122 0
      vertex 35.4009 29.7848 0.589999
      vertex 35.2971 29.8122 0.589999
    endloop
  endfacet
  facet normal -0.255227 -0.966881 -0
    outer loop
      vertex 35.4009 29.7848 0.589999
      vertex 35.2971 29.8122 0
      vertex 35.4009 29.7848 0
    endloop
  endfacet
  facet normal -0.14501 -0.98943 0
    outer loop
      vertex 35.4009 29.7848 0
      vertex 35.5128 29.7684 0.589999
      vertex 35.4009 29.7848 0.589999
    endloop
  endfacet
  facet normal -0.14501 -0.98943 -0
    outer loop
      vertex 35.5128 29.7684 0.589999
      vertex 35.4009 29.7848 0
      vertex 35.5128 29.7684 0
    endloop
  endfacet
  facet normal -0.0458234 -0.99895 0
    outer loop
      vertex 35.5128 29.7684 0
      vertex 35.6327 29.7629 0.589999
      vertex 35.5128 29.7684 0.589999
    endloop
  endfacet
  facet normal -0.0458234 -0.99895 -0
    outer loop
      vertex 35.6327 29.7629 0.589999
      vertex 35.5128 29.7684 0
      vertex 35.6327 29.7629 0
    endloop
  endfacet
  facet normal 0.0428296 -0.999082 0
    outer loop
      vertex 35.6327 29.7629 0
      vertex 35.754 29.7681 0.589999
      vertex 35.6327 29.7629 0.589999
    endloop
  endfacet
  facet normal 0.0428296 -0.999082 0
    outer loop
      vertex 35.754 29.7681 0.589999
      vertex 35.6327 29.7629 0
      vertex 35.754 29.7681 0
    endloop
  endfacet
  facet normal 0 -1 0
    outer loop
      vertex 22.3248 36.3163 0
      vertex 23.9794 36.3163 0.589999
      vertex 22.3248 36.3163 0.589999
    endloop
  endfacet
  facet normal 0 -1 -0
    outer loop
      vertex 23.9794 36.3163 0.589999
      vertex 22.3248 36.3163 0
      vertex 23.9794 36.3163 0
    endloop
  endfacet
  facet normal -0.952603 -0.304217 0
    outer loop
      vertex 25.5473 31.4067 0
      vertex 23.9794 36.3163 0.589999
      vertex 23.9794 36.3163 0
    endloop
  endfacet
  facet normal -0.952603 -0.304217 0
    outer loop
      vertex 23.9794 36.3163 0.589999
      vertex 25.5473 31.4067 0
      vertex 25.5473 31.4067 0.589999
    endloop
  endfacet
  facet normal -0.96212 -0.272625 0
    outer loop
      vertex 25.824 30.4302 0
      vertex 25.5473 31.4067 0.589999
      vertex 25.5473 31.4067 0
    endloop
  endfacet
  facet normal -0.96212 -0.272625 0
    outer loop
      vertex 25.5473 31.4067 0.589999
      vertex 25.824 30.4302 0
      vertex 25.824 30.4302 0.589999
    endloop
  endfacet
  facet normal -0.971475 -0.237143 0
    outer loop
      vertex 25.9379 29.9636 0
      vertex 25.824 30.4302 0.589999
      vertex 25.824 30.4302 0
    endloop
  endfacet
  facet normal -0.971475 -0.237143 0
    outer loop
      vertex 25.824 30.4302 0.589999
      vertex 25.9379 29.9636 0
      vertex 25.9379 29.9636 0.589999
    endloop
  endfacet
  facet normal 0.966536 -0.256532 0
    outer loop
      vertex 25.9379 29.9636 0.589999
      vertex 26.0085 30.2296 0
      vertex 26.0085 30.2296 0.589999
    endloop
  endfacet
  facet normal 0.966536 -0.256532 0
    outer loop
      vertex 26.0085 30.2296 0
      vertex 25.9379 29.9636 0.589999
      vertex 25.9379 29.9636 0
    endloop
  endfacet
  facet normal 0.965646 -0.259861 0
    outer loop
      vertex 26.0085 30.2296 0.589999
      vertex 26.0747 30.4756 0
      vertex 26.0747 30.4756 0.589999
    endloop
  endfacet
  facet normal 0.965646 -0.259861 0
    outer loop
      vertex 26.0747 30.4756 0
      vertex 26.0085 30.2296 0.589999
      vertex 26.0085 30.2296 0
    endloop
  endfacet
  facet normal 0.964616 -0.263659 0
    outer loop
      vertex 26.0747 30.4756 0.589999
      vertex 26.1365 30.7017 0
      vertex 26.1365 30.7017 0.589999
    endloop
  endfacet
  facet normal 0.964616 -0.263659 0
    outer loop
      vertex 26.1365 30.7017 0
      vertex 26.0747 30.4756 0.589999
      vertex 26.0747 30.4756 0
    endloop
  endfacet
  facet normal 0.963337 -0.268295 0
    outer loop
      vertex 26.1365 30.7017 0.589999
      vertex 26.1939 30.9078 0
      vertex 26.1939 30.9078 0.589999
    endloop
  endfacet
  facet normal 0.963337 -0.268295 0
    outer loop
      vertex 26.1939 30.9078 0
      vertex 26.1365 30.7017 0.589999
      vertex 26.1365 30.7017 0
    endloop
  endfacet
  facet normal 0.961971 -0.273152 0
    outer loop
      vertex 26.1939 30.9078 0.589999
      vertex 26.2468 31.0941 0
      vertex 26.2468 31.0941 0.589999
    endloop
  endfacet
  facet normal 0.961971 -0.273152 0
    outer loop
      vertex 26.2468 31.0941 0
      vertex 26.1939 30.9078 0.589999
      vertex 26.1939 30.9078 0
    endloop
  endfacet
  facet normal 0.960006 -0.279978 0
    outer loop
      vertex 26.2468 31.0941 0.589999
      vertex 26.2953 31.2604 0
      vertex 26.2953 31.2604 0.589999
    endloop
  endfacet
  facet normal 0.960006 -0.279978 0
    outer loop
      vertex 26.2953 31.2604 0
      vertex 26.2468 31.0941 0.589999
      vertex 26.2468 31.0941 0
    endloop
  endfacet
  facet normal 0.957628 -0.288008 0
    outer loop
      vertex 26.2953 31.2604 0.589999
      vertex 26.3393 31.4067 0
      vertex 26.3393 31.4067 0.589999
    endloop
  endfacet
  facet normal 0.957628 -0.288008 0
    outer loop
      vertex 26.3393 31.4067 0
      vertex 26.2953 31.2604 0.589999
      vertex 26.2953 31.2604 0
    endloop
  endfacet
  facet normal 0.952304 -0.30515 0
    outer loop
      vertex 26.3393 31.4067 0.589999
      vertex 27.9125 36.3163 0
      vertex 27.9125 36.3163 0.589999
    endloop
  endfacet
  facet normal 0.952304 -0.30515 0
    outer loop
      vertex 27.9125 36.3163 0
      vertex 26.3393 31.4067 0.589999
      vertex 26.3393 31.4067 0
    endloop
  endfacet
  facet normal 0 -1 0
    outer loop
      vertex 27.9125 36.3163 0
      vertex 29.5835 36.3163 0.589999
      vertex 27.9125 36.3163 0.589999
    endloop
  endfacet
  facet normal 0 -1 -0
    outer loop
      vertex 29.5835 36.3163 0.589999
      vertex 27.9125 36.3163 0
      vertex 29.5835 36.3163 0
    endloop
  endfacet
  facet normal -0.93793 0.346825 0
    outer loop
      vertex 26.757 28.6725 0
      vertex 29.5835 36.3163 0.589999
      vertex 29.5835 36.3163 0
    endloop
  endfacet
  facet normal -0.93793 0.346825 0
    outer loop
      vertex 29.5835 36.3163 0.589999
      vertex 26.757 28.6725 0
      vertex 26.757 28.6725 0.589999
    endloop
  endfacet
  facet normal 0 1 -0
    outer loop
      vertex 26.757 28.6725 0
      vertex 25.1349 28.6725 0.589999
      vertex 26.757 28.6725 0.589999
    endloop
  endfacet
  facet normal 0 1 0
    outer loop
      vertex 25.1349 28.6725 0.589999
      vertex 26.757 28.6725 0
      vertex 25.1349 28.6725 0
    endloop
  endfacet
  facet normal 0.938583 0.345053 0
    outer loop
      vertex 25.1349 28.6725 0.589999
      vertex 22.3248 36.3163 0
      vertex 22.3248 36.3163 0.589999
    endloop
  endfacet
  facet normal 0.938583 0.345053 0
    outer loop
      vertex 22.3248 36.3163 0
      vertex 25.1349 28.6725 0.589999
      vertex 25.1349 28.6725 0
    endloop
  endfacet
endsolid OpenSCAD_Model
