solid OpenSCAD_Model
  facet normal 0 0 1
    outer loop
      vertex 45.45 0 8.8
      vertex 47.85 0 8.8
      vertex 47.8413 0.5 8.8
    endloop
  endfacet
  facet normal 0 0 1
    outer loop
      vertex 47.85 0 8.8
      vertex 45.45 0 8.8
      vertex 47.8413 -0.5 8.8
    endloop
  endfacet
  facet normal 0 -0 1
    outer loop
      vertex 45.45 0 8.8
      vertex 47.8413 0.5 8.8
      vertex 45.4413 0.5 8.8
    endloop
  endfacet
  facet normal 0 0 1
    outer loop
      vertex 47.8413 -0.5 8.8
      vertex 45.45 0 8.8
      vertex 45.4413 -0.5 8.8
    endloop
  endfacet
  facet normal 0 -1 0
    outer loop
      vertex 45.6279 0.5 13.5867
      vertex 47.8413 0.5 14
      vertex 46.0413 0.5 14
    endloop
  endfacet
  facet normal 0 -1 0
    outer loop
      vertex 45.4413 0.5 11.4
      vertex 45.6279 0.5 13.5867
      vertex 45.4413 0.5 13.4
    endloop
  endfacet
  facet normal 0 -1 -0
    outer loop
      vertex 45.6279 0.5 13.5867
      vertex 45.4413 0.5 11.4
      vertex 47.8413 0.5 14
    endloop
  endfacet
  facet normal 0 -1 0
    outer loop
      vertex 45.1413 0.5 10.7
      vertex 45.2358 0.5 11.1946
      vertex 45.1413 0.5 11.1
    endloop
  endfacet
  facet normal 0 -1 -0
    outer loop
      vertex 45.2358 0.5 11.1946
      vertex 45.1413 0.5 10.7
      vertex 45.3461 0.5 10.4952
    endloop
  endfacet
  facet normal 0 -1 0
    outer loop
      vertex 45.2358 0.5 11.1946
      vertex 45.3461 0.5 10.4952
      vertex 45.4413 0.5 11.4
    endloop
  endfacet
  facet normal 0 -1 0
    outer loop
      vertex 45.4413 0.5 10.4
      vertex 45.4413 0.5 11.4
      vertex 45.3461 0.5 10.4952
    endloop
  endfacet
  facet normal 0 -1 0
    outer loop
      vertex 47.8413 0.5 8.8
      vertex 45.4413 0.5 11.4
      vertex 45.4413 0.5 10.4
    endloop
  endfacet
  facet normal 0 -1 0
    outer loop
      vertex 47.8413 0.5 8.8
      vertex 45.4413 0.5 10.4
      vertex 45.4413 0.5 8.8
    endloop
  endfacet
  facet normal 0 -1 0
    outer loop
      vertex 45.4413 0.5 11.4
      vertex 47.8413 0.5 8.8
      vertex 47.8413 0.5 14
    endloop
  endfacet
  facet normal 0 1 0
    outer loop
      vertex 47.8413 -0.5 14
      vertex 45.8521 -0.5 13.8109
      vertex 46.0413 -0.5 14
    endloop
  endfacet
  facet normal 0 1 0
    outer loop
      vertex 45.4413 -0.5 11.4
      vertex 45.8521 -0.5 13.8109
      vertex 47.8413 -0.5 14
    endloop
  endfacet
  facet normal 0 1 0
    outer loop
      vertex 45.8521 -0.5 13.8109
      vertex 45.4413 -0.5 11.4
      vertex 45.4413 -0.5 13.4
    endloop
  endfacet
  facet normal 0 1 -0
    outer loop
      vertex 45.4413 -0.5 10.4
      vertex 45.3461 -0.5 11.3048
      vertex 45.4413 -0.5 11.4
    endloop
  endfacet
  facet normal 0 1 0
    outer loop
      vertex 45.3461 -0.5 11.3048
      vertex 45.2358 -0.5 10.6054
      vertex 45.1413 -0.5 11.1
    endloop
  endfacet
  facet normal 0 1 -0
    outer loop
      vertex 47.8413 -0.5 8.8
      vertex 45.4413 -0.5 11.4
      vertex 47.8413 -0.5 14
    endloop
  endfacet
  facet normal 0 1 0
    outer loop
      vertex 45.1413 -0.5 11.1
      vertex 45.2358 -0.5 10.6054
      vertex 45.1413 -0.5 10.7
    endloop
  endfacet
  facet normal 0 1 0
    outer loop
      vertex 45.3461 -0.5 11.3048
      vertex 45.4413 -0.5 10.4
      vertex 45.2358 -0.5 10.6054
    endloop
  endfacet
  facet normal 0 1 0
    outer loop
      vertex 45.4413 -0.5 11.4
      vertex 47.8413 -0.5 8.8
      vertex 45.4413 -0.5 10.4
    endloop
  endfacet
  facet normal 0 1 0
    outer loop
      vertex 45.4413 -0.5 10.4
      vertex 47.8413 -0.5 8.8
      vertex 45.4413 -0.5 8.8
    endloop
  endfacet
  facet normal 0.865906 -0.500208 0
    outer loop
      vertex 22.2876 39.6033 11.4
      vertex 22.24 39.5209 10.4952
      vertex 22.2876 39.6033 10.4
    endloop
  endfacet
  facet normal 0.866064 -0.499932 -3.34307e-05
    outer loop
      vertex 22.1849 39.4254 11.1946
      vertex 22.24 39.5209 10.4952
      vertex 22.2876 39.6033 11.4
    endloop
  endfacet
  facet normal 0.865957 -0.500119 0
    outer loop
      vertex 22.1376 39.3435 10.7
      vertex 22.1849 39.4254 11.1946
      vertex 22.1376 39.3435 11.1
    endloop
  endfacet
  facet normal 0.866053 -0.499952 -3.69573e-05
    outer loop
      vertex 22.1849 39.4254 11.1946
      vertex 22.1376 39.3435 10.7
      vertex 22.24 39.5209 10.4952
    endloop
  endfacet
  facet normal 0.866019 -0.500011 0.000204215
    outer loop
      vertex 22.381 39.7649 13.5867
      vertex 23.4876 41.6817 14
      vertex 22.5876 40.1229 14
    endloop
  endfacet
  facet normal 0.866042 -0.499971 -4.25307e-05
    outer loop
      vertex 23.4876 41.6817 14
      vertex 22.381 39.7649 13.5867
      vertex 22.2876 39.6033 11.4
    endloop
  endfacet
  facet normal 0.865793 -0.500403 0
    outer loop
      vertex 22.2876 39.6033 11.4
      vertex 22.381 39.7649 13.5867
      vertex 22.2876 39.6033 13.4
    endloop
  endfacet
  facet normal 0.866019 -0.500011 0
    outer loop
      vertex 23.4876 41.6817 14
      vertex 22.2876 39.6033 11.4
      vertex 23.4876 41.6817 8.8
    endloop
  endfacet
  facet normal 0.866019 -0.500011 0
    outer loop
      vertex 22.2876 39.6033 10.4
      vertex 23.4876 41.6817 8.8
      vertex 22.2876 39.6033 11.4
    endloop
  endfacet
  facet normal 0.866019 -0.500011 0
    outer loop
      vertex 23.4876 41.6817 8.8
      vertex 22.2876 39.6033 10.4
      vertex 22.2876 39.6033 8.8
    endloop
  endfacet
  facet normal 0 0 1
    outer loop
      vertex 22.725 39.3609 8.8
      vertex 23.925 41.4393 8.8
      vertex 23.4876 41.6817 8.8
    endloop
  endfacet
  facet normal 0 0 1
    outer loop
      vertex 23.925 41.4393 8.8
      vertex 22.725 39.3609 8.8
      vertex 24.3536 41.1817 8.8
    endloop
  endfacet
  facet normal 0 0 1
    outer loop
      vertex 24.3536 41.1817 8.8
      vertex 22.725 39.3609 8.8
      vertex 23.1536 39.1033 8.8
    endloop
  endfacet
  facet normal 0 -0 1
    outer loop
      vertex 22.725 39.3609 8.8
      vertex 23.4876 41.6817 8.8
      vertex 22.2876 39.6033 8.8
    endloop
  endfacet
  facet normal -0.865906 0.500208 0
    outer loop
      vertex 23.1536 39.1033 10.4
      vertex 23.106 39.0209 11.3048
      vertex 23.1536 39.1033 11.4
    endloop
  endfacet
  facet normal -0.866064 0.499932 -3.34307e-05
    outer loop
      vertex 23.0509 38.9254 10.6054
      vertex 23.106 39.0209 11.3048
      vertex 23.1536 39.1033 10.4
    endloop
  endfacet
  facet normal -0.865957 0.500119 0
    outer loop
      vertex 23.0036 38.8435 11.1
      vertex 23.0509 38.9254 10.6054
      vertex 23.0036 38.8435 10.7
    endloop
  endfacet
  facet normal -0.866053 0.499952 -3.69573e-05
    outer loop
      vertex 23.0509 38.9254 10.6054
      vertex 23.0036 38.8435 11.1
      vertex 23.106 39.0209 11.3048
    endloop
  endfacet
  facet normal -0.866019 0.500011 0
    outer loop
      vertex 23.1536 39.1033 11.4
      vertex 24.3536 41.1817 14
      vertex 24.3536 41.1817 8.8
    endloop
  endfacet
  facet normal -0.866019 0.500011 0
    outer loop
      vertex 23.1536 39.1033 13.4
      vertex 24.3536 41.1817 14
      vertex 23.1536 39.1033 11.4
    endloop
  endfacet
  facet normal -0.866019 0.500011 0
    outer loop
      vertex 23.1536 39.1033 10.4
      vertex 24.3536 41.1817 8.8
      vertex 23.1536 39.1033 8.8
    endloop
  endfacet
  facet normal -0.866019 0.500011 0
    outer loop
      vertex 23.1536 39.1033 11.4
      vertex 24.3536 41.1817 8.8
      vertex 23.1536 39.1033 10.4
    endloop
  endfacet
  facet normal -0.866019 0.500011 -0.000333164
    outer loop
      vertex 24.3536 41.1817 14
      vertex 23.3591 39.4591 13.8109
      vertex 23.4536 39.6229 14
    endloop
  endfacet
  facet normal -0.866045 0.499967 0.000204432
    outer loop
      vertex 24.3536 41.1817 14
      vertex 23.1536 39.1033 13.4
      vertex 23.3591 39.4591 13.8109
    endloop
  endfacet
  facet normal 0.865906 0.500208 0
    outer loop
      vertex -23.1536 39.1033 11.4
      vertex -23.106 39.0209 10.4952
      vertex -23.1536 39.1033 10.4
    endloop
  endfacet
  facet normal 0.866064 0.499932 3.34307e-05
    outer loop
      vertex -23.0509 38.9254 11.1946
      vertex -23.106 39.0209 10.4952
      vertex -23.1536 39.1033 11.4
    endloop
  endfacet
  facet normal 0.865957 0.500119 -0
    outer loop
      vertex -23.0036 38.8435 10.7
      vertex -23.0509 38.9254 11.1946
      vertex -23.0036 38.8435 11.1
    endloop
  endfacet
  facet normal 0.866053 0.499952 3.69573e-05
    outer loop
      vertex -23.0509 38.9254 11.1946
      vertex -23.0036 38.8435 10.7
      vertex -23.106 39.0209 10.4952
    endloop
  endfacet
  facet normal 0.866019 0.500011 -0.000204215
    outer loop
      vertex -23.247 39.2649 13.5867
      vertex -24.3536 41.1817 14
      vertex -23.4536 39.6229 14
    endloop
  endfacet
  facet normal 0.866042 0.499971 4.25307e-05
    outer loop
      vertex -24.3536 41.1817 14
      vertex -23.247 39.2649 13.5867
      vertex -23.1536 39.1033 11.4
    endloop
  endfacet
  facet normal 0.865793 0.500403 -0
    outer loop
      vertex -23.1536 39.1033 11.4
      vertex -23.247 39.2649 13.5867
      vertex -23.1536 39.1033 13.4
    endloop
  endfacet
  facet normal 0.866019 0.500011 0
    outer loop
      vertex -24.3536 41.1817 14
      vertex -23.1536 39.1033 11.4
      vertex -24.3536 41.1817 8.8
    endloop
  endfacet
  facet normal 0.866019 0.500011 -0
    outer loop
      vertex -23.1536 39.1033 10.4
      vertex -24.3536 41.1817 8.8
      vertex -23.1536 39.1033 11.4
    endloop
  endfacet
  facet normal 0.866019 0.500011 0
    outer loop
      vertex -24.3536 41.1817 8.8
      vertex -23.1536 39.1033 10.4
      vertex -23.1536 39.1033 8.8
    endloop
  endfacet
  facet normal 0 0 1
    outer loop
      vertex -23.4876 41.6817 8.8
      vertex -22.725 39.3609 8.8
      vertex -22.2876 39.6033 8.8
    endloop
  endfacet
  facet normal -0 0 1
    outer loop
      vertex -23.925 41.4393 8.8
      vertex -22.725 39.3609 8.8
      vertex -23.4876 41.6817 8.8
    endloop
  endfacet
  facet normal -0 0 1
    outer loop
      vertex -24.3536 41.1817 8.8
      vertex -22.725 39.3609 8.8
      vertex -23.925 41.4393 8.8
    endloop
  endfacet
  facet normal 0 0 1
    outer loop
      vertex -22.725 39.3609 8.8
      vertex -24.3536 41.1817 8.8
      vertex -23.1536 39.1033 8.8
    endloop
  endfacet
  facet normal -0.865906 -0.500208 0
    outer loop
      vertex -22.2876 39.6033 10.4
      vertex -22.24 39.5209 11.3048
      vertex -22.2876 39.6033 11.4
    endloop
  endfacet
  facet normal -0.866064 -0.499932 3.34307e-05
    outer loop
      vertex -22.1849 39.4254 10.6054
      vertex -22.24 39.5209 11.3048
      vertex -22.2876 39.6033 10.4
    endloop
  endfacet
  facet normal -0.865957 -0.500119 -0
    outer loop
      vertex -22.1376 39.3435 11.1
      vertex -22.1849 39.4254 10.6054
      vertex -22.1376 39.3435 10.7
    endloop
  endfacet
  facet normal -0.866053 -0.499952 3.69573e-05
    outer loop
      vertex -22.1849 39.4254 10.6054
      vertex -22.1376 39.3435 11.1
      vertex -22.24 39.5209 11.3048
    endloop
  endfacet
  facet normal -0.866019 -0.500011 0
    outer loop
      vertex -22.2876 39.6033 11.4
      vertex -23.4876 41.6817 14
      vertex -23.4876 41.6817 8.8
    endloop
  endfacet
  facet normal -0.866019 -0.500011 -0
    outer loop
      vertex -22.2876 39.6033 13.4
      vertex -23.4876 41.6817 14
      vertex -22.2876 39.6033 11.4
    endloop
  endfacet
  facet normal -0.866019 -0.500011 -0
    outer loop
      vertex -22.2876 39.6033 10.4
      vertex -23.4876 41.6817 8.8
      vertex -22.2876 39.6033 8.8
    endloop
  endfacet
  facet normal -0.866019 -0.500011 -0
    outer loop
      vertex -22.2876 39.6033 11.4
      vertex -23.4876 41.6817 8.8
      vertex -22.2876 39.6033 10.4
    endloop
  endfacet
  facet normal -0.866019 -0.500011 0.000333164
    outer loop
      vertex -23.4876 41.6817 14
      vertex -22.4931 39.9591 13.8109
      vertex -22.5876 40.1229 14
    endloop
  endfacet
  facet normal -0.866045 -0.499967 -0.000204432
    outer loop
      vertex -23.4876 41.6817 14
      vertex -22.2876 39.6033 13.4
      vertex -22.4931 39.9591 13.8109
    endloop
  endfacet
  facet normal 0 0 1
    outer loop
      vertex -45.4413 0.5 8.8
      vertex -47.8413 0.5 8.8
      vertex -45.45 0 8.8
    endloop
  endfacet
  facet normal 0 0 1
    outer loop
      vertex -47.85 0 8.8
      vertex -45.45 0 8.8
      vertex -47.8413 0.5 8.8
    endloop
  endfacet
  facet normal 0 -0 1
    outer loop
      vertex -47.8413 -0.5 8.8
      vertex -45.45 0 8.8
      vertex -47.85 0 8.8
    endloop
  endfacet
  facet normal 0 0 1
    outer loop
      vertex -45.45 0 8.8
      vertex -47.8413 -0.5 8.8
      vertex -45.4413 -0.5 8.8
    endloop
  endfacet
  facet normal 0 -1 0
    outer loop
      vertex -47.8413 0.5 14
      vertex -45.8521 0.5 13.8109
      vertex -46.0413 0.5 14
    endloop
  endfacet
  facet normal 0 -1 0
    outer loop
      vertex -45.4413 0.5 11.4
      vertex -45.8521 0.5 13.8109
      vertex -47.8413 0.5 14
    endloop
  endfacet
  facet normal 0 -1 0
    outer loop
      vertex -45.8521 0.5 13.8109
      vertex -45.4413 0.5 11.4
      vertex -45.4413 0.5 13.4
    endloop
  endfacet
  facet normal 0 -1 0
    outer loop
      vertex -45.4413 0.5 10.4
      vertex -45.3461 0.5 11.3048
      vertex -45.4413 0.5 11.4
    endloop
  endfacet
  facet normal 0 -1 0
    outer loop
      vertex -45.3461 0.5 11.3048
      vertex -45.2358 0.5 10.6054
      vertex -45.1413 0.5 11.1
    endloop
  endfacet
  facet normal 0 -1 0
    outer loop
      vertex -47.8413 0.5 8.8
      vertex -45.4413 0.5 11.4
      vertex -47.8413 0.5 14
    endloop
  endfacet
  facet normal 0 -1 -0
    outer loop
      vertex -45.1413 0.5 11.1
      vertex -45.2358 0.5 10.6054
      vertex -45.1413 0.5 10.7
    endloop
  endfacet
  facet normal 0 -1 -0
    outer loop
      vertex -45.3461 0.5 11.3048
      vertex -45.4413 0.5 10.4
      vertex -45.2358 0.5 10.6054
    endloop
  endfacet
  facet normal 0 -1 -0
    outer loop
      vertex -45.4413 0.5 11.4
      vertex -47.8413 0.5 8.8
      vertex -45.4413 0.5 10.4
    endloop
  endfacet
  facet normal 0 -1 -0
    outer loop
      vertex -45.4413 0.5 10.4
      vertex -47.8413 0.5 8.8
      vertex -45.4413 0.5 8.8
    endloop
  endfacet
  facet normal 0 1 0
    outer loop
      vertex -45.6279 -0.5 13.5867
      vertex -47.8413 -0.5 14
      vertex -46.0413 -0.5 14
    endloop
  endfacet
  facet normal 0 1 -0
    outer loop
      vertex -45.4413 -0.5 11.4
      vertex -45.6279 -0.5 13.5867
      vertex -45.4413 -0.5 13.4
    endloop
  endfacet
  facet normal 0 1 0
    outer loop
      vertex -45.6279 -0.5 13.5867
      vertex -45.4413 -0.5 11.4
      vertex -47.8413 -0.5 14
    endloop
  endfacet
  facet normal 0 1 -0
    outer loop
      vertex -45.1413 -0.5 10.7
      vertex -45.2358 -0.5 11.1946
      vertex -45.1413 -0.5 11.1
    endloop
  endfacet
  facet normal 0 1 0
    outer loop
      vertex -45.2358 -0.5 11.1946
      vertex -45.1413 -0.5 10.7
      vertex -45.3461 -0.5 10.4952
    endloop
  endfacet
  facet normal 0 1 0
    outer loop
      vertex -45.2358 -0.5 11.1946
      vertex -45.3461 -0.5 10.4952
      vertex -45.4413 -0.5 11.4
    endloop
  endfacet
  facet normal 0 1 0
    outer loop
      vertex -45.4413 -0.5 10.4
      vertex -45.4413 -0.5 11.4
      vertex -45.3461 -0.5 10.4952
    endloop
  endfacet
  facet normal 0 1 0
    outer loop
      vertex -47.8413 -0.5 8.8
      vertex -45.4413 -0.5 11.4
      vertex -45.4413 -0.5 10.4
    endloop
  endfacet
  facet normal 0 1 0
    outer loop
      vertex -47.8413 -0.5 8.8
      vertex -45.4413 -0.5 10.4
      vertex -45.4413 -0.5 8.8
    endloop
  endfacet
  facet normal 0 1 0
    outer loop
      vertex -45.4413 -0.5 11.4
      vertex -47.8413 -0.5 8.8
      vertex -47.8413 -0.5 14
    endloop
  endfacet
  facet normal 0 0 1
    outer loop
      vertex -22.725 -39.3609 8.8
      vertex -23.4876 -41.6817 8.8
      vertex -22.2876 -39.6033 8.8
    endloop
  endfacet
  facet normal 0 0 1
    outer loop
      vertex -24.3536 -41.1817 8.8
      vertex -22.725 -39.3609 8.8
      vertex -23.1536 -39.1033 8.8
    endloop
  endfacet
  facet normal 0 0 1
    outer loop
      vertex -22.725 -39.3609 8.8
      vertex -23.925 -41.4393 8.8
      vertex -23.4876 -41.6817 8.8
    endloop
  endfacet
  facet normal 0 0 1
    outer loop
      vertex -22.725 -39.3609 8.8
      vertex -24.3536 -41.1817 8.8
      vertex -23.925 -41.4393 8.8
    endloop
  endfacet
  facet normal -0.866019 0.500011 0
    outer loop
      vertex -23.4876 -41.6817 8.8
      vertex -22.2876 -39.6033 10.4
      vertex -22.2876 -39.6033 8.8
    endloop
  endfacet
  facet normal -0.866019 0.500011 0
    outer loop
      vertex -22.2876 -39.6033 10.4
      vertex -23.4876 -41.6817 8.8
      vertex -22.2876 -39.6033 11.4
    endloop
  endfacet
  facet normal -0.866019 0.500011 0
    outer loop
      vertex -23.4876 -41.6817 14
      vertex -22.2876 -39.6033 11.4
      vertex -23.4876 -41.6817 8.8
    endloop
  endfacet
  facet normal -0.866042 0.499971 -4.25307e-05
    outer loop
      vertex -22.381 -39.7649 13.5867
      vertex -22.2876 -39.6033 11.4
      vertex -23.4876 -41.6817 14
    endloop
  endfacet
  facet normal -0.865793 0.500403 0
    outer loop
      vertex -22.2876 -39.6033 11.4
      vertex -22.381 -39.7649 13.5867
      vertex -22.2876 -39.6033 13.4
    endloop
  endfacet
  facet normal -0.866019 0.500011 0.000204215
    outer loop
      vertex -22.381 -39.7649 13.5867
      vertex -23.4876 -41.6817 14
      vertex -22.5876 -40.1229 14
    endloop
  endfacet
  facet normal -0.865957 0.500119 0
    outer loop
      vertex -22.1376 -39.3435 10.7
      vertex -22.1849 -39.4254 11.1946
      vertex -22.1376 -39.3435 11.1
    endloop
  endfacet
  facet normal -0.866053 0.499952 -3.69573e-05
    outer loop
      vertex -22.24 -39.5209 10.4952
      vertex -22.1849 -39.4254 11.1946
      vertex -22.1376 -39.3435 10.7
    endloop
  endfacet
  facet normal -0.865906 0.500208 0
    outer loop
      vertex -22.2876 -39.6033 11.4
      vertex -22.24 -39.5209 10.4952
      vertex -22.2876 -39.6033 10.4
    endloop
  endfacet
  facet normal -0.866064 0.499932 -3.34307e-05
    outer loop
      vertex -22.24 -39.5209 10.4952
      vertex -22.2876 -39.6033 11.4
      vertex -22.1849 -39.4254 11.1946
    endloop
  endfacet
  facet normal 0.866019 -0.500011 0
    outer loop
      vertex -24.3536 -41.1817 14
      vertex -23.1536 -39.1033 11.4
      vertex -23.1536 -39.1033 13.4
    endloop
  endfacet
  facet normal 0.866019 -0.500011 0
    outer loop
      vertex -24.3536 -41.1817 8.8
      vertex -23.1536 -39.1033 11.4
      vertex -24.3536 -41.1817 14
    endloop
  endfacet
  facet normal 0.866045 -0.499967 0.000204432
    outer loop
      vertex -24.3536 -41.1817 14
      vertex -23.1536 -39.1033 13.4
      vertex -23.3591 -39.4591 13.8109
    endloop
  endfacet
  facet normal 0.866019 -0.500011 -0.000333164
    outer loop
      vertex -24.3536 -41.1817 14
      vertex -23.3591 -39.4591 13.8109
      vertex -23.4536 -39.6229 14
    endloop
  endfacet
  facet normal 0.866019 -0.500011 0
    outer loop
      vertex -23.1536 -39.1033 11.4
      vertex -24.3536 -41.1817 8.8
      vertex -23.1536 -39.1033 10.4
    endloop
  endfacet
  facet normal 0.866019 -0.500011 0
    outer loop
      vertex -23.1536 -39.1033 10.4
      vertex -24.3536 -41.1817 8.8
      vertex -23.1536 -39.1033 8.8
    endloop
  endfacet
  facet normal 0.865957 -0.500119 0
    outer loop
      vertex -23.0036 -38.8435 11.1
      vertex -23.0509 -38.9254 10.6054
      vertex -23.0036 -38.8435 10.7
    endloop
  endfacet
  facet normal 0.866053 -0.499952 -3.69573e-05
    outer loop
      vertex -23.106 -39.0209 11.3048
      vertex -23.0509 -38.9254 10.6054
      vertex -23.0036 -38.8435 11.1
    endloop
  endfacet
  facet normal 0.865906 -0.500208 0
    outer loop
      vertex -23.1536 -39.1033 10.4
      vertex -23.106 -39.0209 11.3048
      vertex -23.1536 -39.1033 11.4
    endloop
  endfacet
  facet normal 0.866064 -0.499932 -3.34307e-05
    outer loop
      vertex -23.106 -39.0209 11.3048
      vertex -23.1536 -39.1033 10.4
      vertex -23.0509 -38.9254 10.6054
    endloop
  endfacet
  facet normal 0 0 1
    outer loop
      vertex 22.725 -39.3609 8.8
      vertex 23.925 -41.4393 8.8
      vertex 24.3536 -41.1817 8.8
    endloop
  endfacet
  facet normal -0 0 1
    outer loop
      vertex 22.725 -39.3609 8.8
      vertex 24.3536 -41.1817 8.8
      vertex 23.1536 -39.1033 8.8
    endloop
  endfacet
  facet normal 0 0 1
    outer loop
      vertex 23.925 -41.4393 8.8
      vertex 22.725 -39.3609 8.8
      vertex 23.4876 -41.6817 8.8
    endloop
  endfacet
  facet normal 0 0 1
    outer loop
      vertex 23.4876 -41.6817 8.8
      vertex 22.725 -39.3609 8.8
      vertex 22.2876 -39.6033 8.8
    endloop
  endfacet
  facet normal -0.866019 -0.500011 0
    outer loop
      vertex 24.3536 -41.1817 8.8
      vertex 23.1536 -39.1033 10.4
      vertex 23.1536 -39.1033 8.8
    endloop
  endfacet
  facet normal -0.866019 -0.500011 0
    outer loop
      vertex 23.1536 -39.1033 10.4
      vertex 24.3536 -41.1817 8.8
      vertex 23.1536 -39.1033 11.4
    endloop
  endfacet
  facet normal -0.866019 -0.500011 -0
    outer loop
      vertex 24.3536 -41.1817 14
      vertex 23.1536 -39.1033 11.4
      vertex 24.3536 -41.1817 8.8
    endloop
  endfacet
  facet normal -0.866042 -0.499971 4.25307e-05
    outer loop
      vertex 23.247 -39.2649 13.5867
      vertex 23.1536 -39.1033 11.4
      vertex 24.3536 -41.1817 14
    endloop
  endfacet
  facet normal -0.865793 -0.500403 0
    outer loop
      vertex 23.1536 -39.1033 11.4
      vertex 23.247 -39.2649 13.5867
      vertex 23.1536 -39.1033 13.4
    endloop
  endfacet
  facet normal -0.866019 -0.500011 -0.000204215
    outer loop
      vertex 23.247 -39.2649 13.5867
      vertex 24.3536 -41.1817 14
      vertex 23.4536 -39.6229 14
    endloop
  endfacet
  facet normal -0.865957 -0.500119 0
    outer loop
      vertex 23.0036 -38.8435 10.7
      vertex 23.0509 -38.9254 11.1946
      vertex 23.0036 -38.8435 11.1
    endloop
  endfacet
  facet normal -0.866053 -0.499952 3.69573e-05
    outer loop
      vertex 23.106 -39.0209 10.4952
      vertex 23.0509 -38.9254 11.1946
      vertex 23.0036 -38.8435 10.7
    endloop
  endfacet
  facet normal -0.865906 -0.500208 -0
    outer loop
      vertex 23.1536 -39.1033 11.4
      vertex 23.106 -39.0209 10.4952
      vertex 23.1536 -39.1033 10.4
    endloop
  endfacet
  facet normal -0.866064 -0.499932 3.34307e-05
    outer loop
      vertex 23.106 -39.0209 10.4952
      vertex 23.1536 -39.1033 11.4
      vertex 23.0509 -38.9254 11.1946
    endloop
  endfacet
  facet normal 0.866019 0.500011 0
    outer loop
      vertex 23.4876 -41.6817 14
      vertex 22.2876 -39.6033 11.4
      vertex 22.2876 -39.6033 13.4
    endloop
  endfacet
  facet normal 0.866019 0.500011 -0
    outer loop
      vertex 23.4876 -41.6817 8.8
      vertex 22.2876 -39.6033 11.4
      vertex 23.4876 -41.6817 14
    endloop
  endfacet
  facet normal 0.866045 0.499967 -0.000204432
    outer loop
      vertex 23.4876 -41.6817 14
      vertex 22.2876 -39.6033 13.4
      vertex 22.4931 -39.9591 13.8109
    endloop
  endfacet
  facet normal 0.866019 0.500011 0.000333164
    outer loop
      vertex 23.4876 -41.6817 14
      vertex 22.4931 -39.9591 13.8109
      vertex 22.5876 -40.1229 14
    endloop
  endfacet
  facet normal 0.866019 0.500011 0
    outer loop
      vertex 22.2876 -39.6033 11.4
      vertex 23.4876 -41.6817 8.8
      vertex 22.2876 -39.6033 10.4
    endloop
  endfacet
  facet normal 0.866019 0.500011 0
    outer loop
      vertex 22.2876 -39.6033 10.4
      vertex 23.4876 -41.6817 8.8
      vertex 22.2876 -39.6033 8.8
    endloop
  endfacet
  facet normal 0.865957 0.500119 0
    outer loop
      vertex 22.1376 -39.3435 11.1
      vertex 22.1849 -39.4254 10.6054
      vertex 22.1376 -39.3435 10.7
    endloop
  endfacet
  facet normal 0.866053 0.499952 3.69573e-05
    outer loop
      vertex 22.24 -39.5209 11.3048
      vertex 22.1849 -39.4254 10.6054
      vertex 22.1376 -39.3435 11.1
    endloop
  endfacet
  facet normal 0.865906 0.500208 -0
    outer loop
      vertex 22.2876 -39.6033 10.4
      vertex 22.24 -39.5209 11.3048
      vertex 22.2876 -39.6033 11.4
    endloop
  endfacet
  facet normal 0.866064 0.499932 3.34307e-05
    outer loop
      vertex 22.24 -39.5209 11.3048
      vertex 22.2876 -39.6033 10.4
      vertex 22.1849 -39.4254 10.6054
    endloop
  endfacet
  facet normal 0.707139 -0.0123696 0.706967
    outer loop
      vertex -45.4413 0.5 13.4
      vertex -45.4223 1.58618 13.4
      vertex -45.8521 0.5 13.8109
    endloop
  endfacet
  facet normal 0.706866 -0.0123864 0.707239
    outer loop
      vertex -45.8521 0.5 13.8109
      vertex -46.0219 1.60712 14
      vertex -46.0413 0.5 14
    endloop
  endfacet
  facet normal 0.707074 -0.0123191 0.707032
    outer loop
      vertex -46.0219 1.60712 14
      vertex -45.8521 0.5 13.8109
      vertex -45.4223 1.58618 13.4
    endloop
  endfacet
  facet normal 0.999847 -0.0174898 0
    outer loop
      vertex -45.4413 0.5 13.4
      vertex -45.4223 1.58618 11.4
      vertex -45.4223 1.58618 13.4
    endloop
  endfacet
  facet normal 0.999847 -0.0174898 0
    outer loop
      vertex -45.4223 1.58618 11.4
      vertex -45.4413 0.5 13.4
      vertex -45.4413 0.5 11.4
    endloop
  endfacet
  facet normal 0.707053 -0.012357 0.707053
    outer loop
      vertex -45.1413 0.5 11.1
      vertex -45.1225 1.57571 11.1
      vertex -45.3461 0.5 11.3048
    endloop
  endfacet
  facet normal 0.707053 -0.0123681 0.707053
    outer loop
      vertex -45.3461 0.5 11.3048
      vertex -45.4223 1.58618 11.4
      vertex -45.4413 0.5 11.4
    endloop
  endfacet
  facet normal 0.707073 -0.012365 0.707033
    outer loop
      vertex -45.4223 1.58618 11.4
      vertex -45.3461 0.5 11.3048
      vertex -45.1225 1.57571 11.1
    endloop
  endfacet
  facet normal 0.999847 -0.0174742 0
    outer loop
      vertex -45.1413 0.5 11.1
      vertex -45.1225 1.57571 10.7
      vertex -45.1225 1.57571 11.1
    endloop
  endfacet
  facet normal 0.999847 -0.0174742 0
    outer loop
      vertex -45.1225 1.57571 10.7
      vertex -45.1413 0.5 11.1
      vertex -45.1413 0.5 10.7
    endloop
  endfacet
  facet normal 0.706881 -0.0123651 -0.707225
    outer loop
      vertex -45.4223 1.58618 10.4
      vertex -45.2358 0.5 10.6054
      vertex -45.4413 0.5 10.4
    endloop
  endfacet
  facet normal 0.707427 -0.0123636 -0.706679
    outer loop
      vertex -45.2358 0.5 10.6054
      vertex -45.1225 1.57571 10.7
      vertex -45.1413 0.5 10.7
    endloop
  endfacet
  facet normal 0.707074 -0.0122954 -0.707032
    outer loop
      vertex -45.1225 1.57571 10.7
      vertex -45.2358 0.5 10.6054
      vertex -45.4223 1.58618 10.4
    endloop
  endfacet
  facet normal 0.999847 -0.0174898 0
    outer loop
      vertex -45.4413 0.5 8.8
      vertex -45.4223 1.58618 10.4
      vertex -45.4413 0.5 10.4
    endloop
  endfacet
  facet normal 0.999847 -0.0174898 0
    outer loop
      vertex -45.4223 1.58618 10.4
      vertex -45.4413 0.5 8.8
      vertex -45.4223 1.58618 8
    endloop
  endfacet
  facet normal 0.999849 -0.0173974 0
    outer loop
      vertex -45.45 0 8
      vertex -45.4413 0.5 8.8
      vertex -45.45 0 8.8
    endloop
  endfacet
  facet normal 0.999848 -0.0174607 3.95812e-05
    outer loop
      vertex -45.4413 0.5 8.8
      vertex -45.45 0 8
      vertex -45.4223 1.58618 8
    endloop
  endfacet
  facet normal 0.999848 -0.0174561 0
    outer loop
      vertex -43 0 8
      vertex -42.9738 1.50068 0
      vertex -42.9738 1.50068 8
    endloop
  endfacet
  facet normal 0.999848 -0.0174561 0
    outer loop
      vertex -42.9738 1.50068 0
      vertex -43 0 8
      vertex -43 0 0
    endloop
  endfacet
  facet normal -0.999847 0.0175196 0
    outer loop
      vertex -47.8208 1.66994 0
      vertex -47.8413 0.5 8.8
      vertex -47.8208 1.66994 14
    endloop
  endfacet
  facet normal -0.999847 0.017483 -4.8662e-06
    outer loop
      vertex -47.85 0 0
      vertex -47.8413 0.5 8.8
      vertex -47.8208 1.66994 0
    endloop
  endfacet
  facet normal -0.999849 0.0173974 0
    outer loop
      vertex -47.8413 0.5 8.8
      vertex -47.85 0 0
      vertex -47.85 0 8.8
    endloop
  endfacet
  facet normal -0.999847 0.0175196 0
    outer loop
      vertex -47.8208 1.66994 14
      vertex -47.8413 0.5 8.8
      vertex -47.8413 0.5 14
    endloop
  endfacet
  facet normal 0.706212 -0.036999 0.707033
    outer loop
      vertex -45.4223 1.58618 13.4
      vertex -45.3393 3.17043 13.4
      vertex -46.0219 1.60712 14
    endloop
  endfacet
  facet normal 0.706215 -0.0370011 0.70703
    outer loop
      vertex -45.3393 3.17043 13.4
      vertex -45.9378 3.21228 14
      vertex -46.0219 1.60712 14
    endloop
  endfacet
  facet normal 0.99863 -0.052319 0
    outer loop
      vertex -45.4223 1.58618 13.4
      vertex -45.3393 3.17043 11.4
      vertex -45.3393 3.17043 13.4
    endloop
  endfacet
  facet normal 0.99863 -0.052319 0
    outer loop
      vertex -45.3393 3.17043 11.4
      vertex -45.4223 1.58618 13.4
      vertex -45.4223 1.58618 11.4
    endloop
  endfacet
  facet normal 0.706211 -0.0370205 0.707033
    outer loop
      vertex -45.1225 1.57571 11.1
      vertex -45.04 3.1495 11.1
      vertex -45.4223 1.58618 11.4
    endloop
  endfacet
  facet normal 0.706156 -0.036996 0.707089
    outer loop
      vertex -45.04 3.1495 11.1
      vertex -45.3393 3.17043 11.4
      vertex -45.4223 1.58618 11.4
    endloop
  endfacet
  facet normal 0.998629 -0.0523493 0
    outer loop
      vertex -45.1225 1.57571 11.1
      vertex -45.04 3.1495 10.7
      vertex -45.04 3.1495 11.1
    endloop
  endfacet
  facet normal 0.998629 -0.0523493 0
    outer loop
      vertex -45.04 3.1495 10.7
      vertex -45.1225 1.57571 11.1
      vertex -45.1225 1.57571 10.7
    endloop
  endfacet
  facet normal 0.706212 -0.036999 -0.707033
    outer loop
      vertex -45.3393 3.17043 10.4
      vertex -45.1225 1.57571 10.7
      vertex -45.4223 1.58618 10.4
    endloop
  endfacet
  facet normal 0.706155 -0.0370175 -0.707089
    outer loop
      vertex -45.04 3.1495 10.7
      vertex -45.1225 1.57571 10.7
      vertex -45.3393 3.17043 10.4
    endloop
  endfacet
  facet normal 0.99863 -0.052319 0
    outer loop
      vertex -45.4223 1.58618 10.4
      vertex -45.3393 3.17043 8
      vertex -45.3393 3.17043 10.4
    endloop
  endfacet
  facet normal 0.99863 -0.052319 0
    outer loop
      vertex -45.3393 3.17043 8
      vertex -45.4223 1.58618 10.4
      vertex -45.4223 1.58618 8
    endloop
  endfacet
  facet normal 0.998631 -0.0523018 0
    outer loop
      vertex -42.9738 1.50068 8
      vertex -42.8953 2.99953 0
      vertex -42.8953 2.99953 8
    endloop
  endfacet
  facet normal 0.998631 -0.0523018 0
    outer loop
      vertex -42.8953 2.99953 0
      vertex -42.9738 1.50068 8
      vertex -42.9738 1.50068 0
    endloop
  endfacet
  facet normal -0.99863 0.0523291 0
    outer loop
      vertex -47.8208 1.66994 0
      vertex -47.7334 3.33785 14
      vertex -47.7334 3.33785 0
    endloop
  endfacet
  facet normal -0.99863 0.0523291 0
    outer loop
      vertex -47.7334 3.33785 14
      vertex -47.8208 1.66994 0
      vertex -47.8208 1.66994 14
    endloop
  endfacet
  facet normal 0.704491 -0.0616501 0.70703
    outer loop
      vertex -45.3393 3.17043 13.4
      vertex -45.201 4.75082 13.4
      vertex -45.9378 3.21228 14
    endloop
  endfacet
  facet normal 0.704477 -0.0616376 0.707045
    outer loop
      vertex -45.201 4.75082 13.4
      vertex -45.7977 4.81353 14
      vertex -45.9378 3.21228 14
    endloop
  endfacet
  facet normal 0.996193 -0.0871769 0
    outer loop
      vertex -45.3393 3.17043 13.4
      vertex -45.201 4.75082 11.4
      vertex -45.201 4.75082 13.4
    endloop
  endfacet
  facet normal 0.996193 -0.0871769 0
    outer loop
      vertex -45.201 4.75082 11.4
      vertex -45.3393 3.17043 13.4
      vertex -45.3393 3.17043 11.4
    endloop
  endfacet
  facet normal 0.704435 -0.061606 0.70709
    outer loop
      vertex -45.04 3.1495 11.1
      vertex -44.9027 4.71946 11.1
      vertex -45.3393 3.17043 11.4
    endloop
  endfacet
  facet normal 0.704534 -0.0616538 0.706987
    outer loop
      vertex -44.9027 4.71946 11.1
      vertex -45.201 4.75082 11.4
      vertex -45.3393 3.17043 11.4
    endloop
  endfacet
  facet normal 0.996198 -0.0871219 0
    outer loop
      vertex -45.04 3.1495 11.1
      vertex -44.9027 4.71946 10.7
      vertex -44.9027 4.71946 11.1
    endloop
  endfacet
  facet normal 0.996198 -0.0871219 0
    outer loop
      vertex -44.9027 4.71946 10.7
      vertex -45.04 3.1495 11.1
      vertex -45.04 3.1495 10.7
    endloop
  endfacet
  facet normal 0.704432 -0.0616449 -0.707089
    outer loop
      vertex -45.201 4.75082 10.4
      vertex -45.04 3.1495 10.7
      vertex -45.3393 3.17043 10.4
    endloop
  endfacet
  facet normal 0.704538 -0.061615 -0.706986
    outer loop
      vertex -44.9027 4.71946 10.7
      vertex -45.04 3.1495 10.7
      vertex -45.201 4.75082 10.4
    endloop
  endfacet
  facet normal 0.996193 -0.0871769 0
    outer loop
      vertex -45.3393 3.17043 10.4
      vertex -45.201 4.75082 8
      vertex -45.201 4.75082 10.4
    endloop
  endfacet
  facet normal 0.996193 -0.0871769 0
    outer loop
      vertex -45.201 4.75082 8
      vertex -45.3393 3.17043 10.4
      vertex -45.3393 3.17043 8
    endloop
  endfacet
  facet normal 0.99619 -0.0872138 0
    outer loop
      vertex -42.8953 2.99953 8
      vertex -42.7644 4.49472 0
      vertex -42.7644 4.49472 8
    endloop
  endfacet
  facet normal 0.99619 -0.0872138 0
    outer loop
      vertex -42.7644 4.49472 0
      vertex -42.8953 2.99953 8
      vertex -42.8953 2.99953 0
    endloop
  endfacet
  facet normal -0.996198 0.0871159 0
    outer loop
      vertex -47.7334 3.33785 0
      vertex -47.5879 5.00169 14
      vertex -47.5879 5.00169 0
    endloop
  endfacet
  facet normal -0.996198 0.0871159 0
    outer loop
      vertex -47.5879 5.00169 14
      vertex -47.7334 3.33785 0
      vertex -47.7334 3.33785 14
    endloop
  endfacet
  facet normal 0.7019 -0.0861661 0.707045
    outer loop
      vertex -45.201 4.75082 13.4
      vertex -45.0077 6.32542 13.4
      vertex -45.7977 4.81353 14
    endloop
  endfacet
  facet normal 0.701925 -0.0861902 0.707017
    outer loop
      vertex -45.0077 6.32542 13.4
      vertex -45.6018 6.40892 14
      vertex -45.7977 4.81353 14
    endloop
  endfacet
  facet normal 0.992549 -0.121847 0
    outer loop
      vertex -45.201 4.75082 13.4
      vertex -45.0077 6.32542 11.4
      vertex -45.0077 6.32542 13.4
    endloop
  endfacet
  facet normal 0.992549 -0.121847 0
    outer loop
      vertex -45.0077 6.32542 11.4
      vertex -45.201 4.75082 13.4
      vertex -45.201 4.75082 11.4
    endloop
  endfacet
  facet normal 0.701953 -0.0862071 0.706987
    outer loop
      vertex -44.9027 4.71946 11.1
      vertex -44.7106 6.28366 11.1
      vertex -45.201 4.75082 11.4
    endloop
  endfacet
  facet normal 0.701868 -0.0861622 0.707077
    outer loop
      vertex -44.7106 6.28366 11.1
      vertex -45.0077 6.32542 11.4
      vertex -45.201 4.75082 11.4
    endloop
  endfacet
  facet normal 0.992543 -0.121895 0
    outer loop
      vertex -44.9027 4.71946 11.1
      vertex -44.7106 6.28366 10.7
      vertex -44.7106 6.28366 11.1
    endloop
  endfacet
  facet normal 0.992543 -0.121895 0
    outer loop
      vertex -44.7106 6.28366 10.7
      vertex -44.9027 4.71946 11.1
      vertex -44.9027 4.71946 10.7
    endloop
  endfacet
  facet normal 0.701957 -0.0861732 -0.706987
    outer loop
      vertex -45.0077 6.32542 10.4
      vertex -44.9027 4.71946 10.7
      vertex -45.201 4.75082 10.4
    endloop
  endfacet
  facet normal 0.701863 -0.0861961 -0.707077
    outer loop
      vertex -44.7106 6.28366 10.7
      vertex -44.9027 4.71946 10.7
      vertex -45.0077 6.32542 10.4
    endloop
  endfacet
  facet normal 0.992549 -0.121847 0
    outer loop
      vertex -45.201 4.75082 10.4
      vertex -45.0077 6.32542 8
      vertex -45.0077 6.32542 10.4
    endloop
  endfacet
  facet normal 0.992549 -0.121847 0
    outer loop
      vertex -45.0077 6.32542 8
      vertex -45.201 4.75082 10.4
      vertex -45.201 4.75082 8
    endloop
  endfacet
  facet normal 0.992547 -0.12186 0
    outer loop
      vertex -42.7644 4.49472 8
      vertex -42.5815 5.98444 0
      vertex -42.5815 5.98444 8
    endloop
  endfacet
  facet normal 0.992547 -0.12186 0
    outer loop
      vertex -42.5815 5.98444 0
      vertex -42.7644 4.49472 8
      vertex -42.7644 4.49472 0
    endloop
  endfacet
  facet normal -0.992542 0.121902 0
    outer loop
      vertex -47.5879 5.00169 0
      vertex -47.3843 6.65943 14
      vertex -47.3843 6.65943 0
    endloop
  endfacet
  facet normal -0.992542 0.121902 0
    outer loop
      vertex -47.3843 6.65943 14
      vertex -47.5879 5.00169 0
      vertex -47.5879 5.00169 14
    endloop
  endfacet
  facet normal 0.698488 -0.110643 0.707017
    outer loop
      vertex -45.0077 6.32542 13.4
      vertex -44.7595 7.89231 13.4
      vertex -45.6018 6.40892 14
    endloop
  endfacet
  facet normal 0.698449 -0.110602 0.707062
    outer loop
      vertex -44.7595 7.89231 13.4
      vertex -45.3504 7.9965 14
      vertex -45.6018 6.40892 14
    endloop
  endfacet
  facet normal 0.987686 -0.156452 0
    outer loop
      vertex -45.0077 6.32542 13.4
      vertex -44.7595 7.89231 11.4
      vertex -44.7595 7.89231 13.4
    endloop
  endfacet
  facet normal 0.987686 -0.156452 0
    outer loop
      vertex -44.7595 7.89231 11.4
      vertex -45.0077 6.32542 13.4
      vertex -45.0077 6.32542 11.4
    endloop
  endfacet
  facet normal 0.698433 -0.110606 0.707077
    outer loop
      vertex -44.7106 6.28366 11.1
      vertex -44.4641 7.84021 11.1
      vertex -45.0077 6.32542 11.4
    endloop
  endfacet
  facet normal 0.6985 -0.110644 0.707005
    outer loop
      vertex -44.4641 7.84021 11.1
      vertex -44.7595 7.89231 11.4
      vertex -45.0077 6.32542 11.4
    endloop
  endfacet
  facet normal 0.987692 -0.156414 0
    outer loop
      vertex -44.7106 6.28366 11.1
      vertex -44.4641 7.84021 10.7
      vertex -44.4641 7.84021 11.1
    endloop
  endfacet
  facet normal 0.987692 -0.156414 0
    outer loop
      vertex -44.4641 7.84021 10.7
      vertex -44.7106 6.28366 11.1
      vertex -44.7106 6.28366 10.7
    endloop
  endfacet
  facet normal 0.698428 -0.110633 -0.707077
    outer loop
      vertex -44.7595 7.89231 10.4
      vertex -44.7106 6.28366 10.7
      vertex -45.0077 6.32542 10.4
    endloop
  endfacet
  facet normal 0.698504 -0.110617 -0.707005
    outer loop
      vertex -44.4641 7.84021 10.7
      vertex -44.7106 6.28366 10.7
      vertex -44.7595 7.89231 10.4
    endloop
  endfacet
  facet normal 0.987686 -0.156452 0
    outer loop
      vertex -45.0077 6.32542 10.4
      vertex -44.7595 7.89231 8
      vertex -44.7595 7.89231 10.4
    endloop
  endfacet
  facet normal 0.987686 -0.156452 0
    outer loop
      vertex -44.7595 7.89231 8
      vertex -45.0077 6.32542 10.4
      vertex -45.0077 6.32542 8
    endloop
  endfacet
  facet normal 0.987688 -0.156438 0
    outer loop
      vertex -42.5815 5.98444 8
      vertex -42.3467 7.46687 0
      vertex -42.3467 7.46687 8
    endloop
  endfacet
  facet normal 0.987688 -0.156438 0
    outer loop
      vertex -42.3467 7.46687 0
      vertex -42.5815 5.98444 8
      vertex -42.5815 5.98444 0
    endloop
  endfacet
  facet normal -0.987686 0.156449 0
    outer loop
      vertex -47.3843 6.65943 0
      vertex -47.123 8.30906 14
      vertex -47.123 8.30906 0
    endloop
  endfacet
  facet normal -0.987686 0.156449 0
    outer loop
      vertex -47.123 8.30906 14
      vertex -47.3843 6.65943 0
      vertex -47.3843 6.65943 14
    endloop
  endfacet
  facet normal 0.694159 -0.13493 0.707062
    outer loop
      vertex -44.7595 7.89231 13.4
      vertex -44.4568 9.44958 13.4
      vertex -45.3504 7.9965 14
    endloop
  endfacet
  facet normal 0.694161 -0.134932 0.70706
    outer loop
      vertex -44.4568 9.44958 13.4
      vertex -45.0437 9.57433 14
      vertex -45.3504 7.9965 14
    endloop
  endfacet
  facet normal 0.981627 -0.190807 0
    outer loop
      vertex -44.7595 7.89231 13.4
      vertex -44.4568 9.44958 11.4
      vertex -44.4568 9.44958 13.4
    endloop
  endfacet
  facet normal 0.981627 -0.190807 0
    outer loop
      vertex -44.4568 9.44958 11.4
      vertex -44.7595 7.89231 13.4
      vertex -44.7595 7.89231 11.4
    endloop
  endfacet
  facet normal 0.694215 -0.134939 0.707005
    outer loop
      vertex -44.4641 7.84021 11.1
      vertex -44.1634 9.38721 11.1
      vertex -44.7595 7.89231 11.4
    endloop
  endfacet
  facet normal 0.694219 -0.134941 0.707001
    outer loop
      vertex -44.1634 9.38721 11.1
      vertex -44.4568 9.44958 11.4
      vertex -44.7595 7.89231 11.4
    endloop
  endfacet
  facet normal 0.981628 -0.190805 0
    outer loop
      vertex -44.4641 7.84021 11.1
      vertex -44.1634 9.38721 10.7
      vertex -44.1634 9.38721 11.1
    endloop
  endfacet
  facet normal 0.981628 -0.190805 0
    outer loop
      vertex -44.1634 9.38721 10.7
      vertex -44.4641 7.84021 11.1
      vertex -44.4641 7.84021 10.7
    endloop
  endfacet
  facet normal 0.694215 -0.134941 -0.707005
    outer loop
      vertex -44.4568 9.44958 10.4
      vertex -44.4641 7.84021 10.7
      vertex -44.7595 7.89231 10.4
    endloop
  endfacet
  facet normal 0.69422 -0.13494 -0.707001
    outer loop
      vertex -44.4568 9.44958 10.4
      vertex -44.1634 9.38721 10.7
      vertex -44.4641 7.84021 10.7
    endloop
  endfacet
  facet normal 0.981627 -0.190807 0
    outer loop
      vertex -44.7595 7.89231 10.4
      vertex -44.4568 9.44958 8
      vertex -44.4568 9.44958 10.4
    endloop
  endfacet
  facet normal 0.981627 -0.190807 0
    outer loop
      vertex -44.4568 9.44958 8
      vertex -44.7595 7.89231 10.4
      vertex -44.7595 7.89231 8
    endloop
  endfacet
  facet normal 0.981625 -0.190818 0
    outer loop
      vertex -42.3467 7.46687 8
      vertex -42.0603 8.9402 0
      vertex -42.0603 8.9402 8
    endloop
  endfacet
  facet normal 0.981625 -0.190818 0
    outer loop
      vertex -42.0603 8.9402 0
      vertex -42.3467 7.46687 8
      vertex -42.3467 7.46687 0
    endloop
  endfacet
  facet normal -0.981637 0.190758 0
    outer loop
      vertex -47.123 8.30906 0
      vertex -46.8044 9.94857 14
      vertex -46.8044 9.94857 0
    endloop
  endfacet
  facet normal -0.981637 0.190758 0
    outer loop
      vertex -46.8044 9.94857 14
      vertex -47.123 8.30906 0
      vertex -47.123 8.30906 14
    endloop
  endfacet
  facet normal 0.689025 -0.159093 0.70706
    outer loop
      vertex -44.4568 9.44958 13.4
      vertex -44.0999 10.9953 13.4
      vertex -45.0437 9.57433 14
    endloop
  endfacet
  facet normal 0.689015 -0.159081 0.707072
    outer loop
      vertex -44.0999 10.9953 13.4
      vertex -44.6821 11.1405 14
      vertex -45.0437 9.57433 14
    endloop
  endfacet
  facet normal 0.974364 -0.224976 0
    outer loop
      vertex -44.4568 9.44958 13.4
      vertex -44.0999 10.9953 11.4
      vertex -44.0999 10.9953 13.4
    endloop
  endfacet
  facet normal 0.974364 -0.224976 0
    outer loop
      vertex -44.0999 10.9953 11.4
      vertex -44.4568 9.44958 13.4
      vertex -44.4568 9.44958 11.4
    endloop
  endfacet
  facet normal 0.689079 -0.159123 0.707001
    outer loop
      vertex -44.1634 9.38721 11.1
      vertex -43.8088 10.9228 11.1
      vertex -44.4568 9.44958 11.4
    endloop
  endfacet
  facet normal 0.689039 -0.159096 0.707046
    outer loop
      vertex -43.8088 10.9228 11.1
      vertex -44.0999 10.9953 11.4
      vertex -44.4568 9.44958 11.4
    endloop
  endfacet
  facet normal 0.974359 -0.225 0
    outer loop
      vertex -44.1634 9.38721 11.1
      vertex -43.8088 10.9228 10.7
      vertex -43.8088 10.9228 11.1
    endloop
  endfacet
  facet normal 0.974359 -0.225 0
    outer loop
      vertex -43.8088 10.9228 10.7
      vertex -44.1634 9.38721 11.1
      vertex -44.1634 9.38721 10.7
    endloop
  endfacet
  facet normal 0.689083 -0.159106 -0.707001
    outer loop
      vertex -44.0999 10.9953 10.4
      vertex -44.1634 9.38721 10.7
      vertex -44.4568 9.44958 10.4
    endloop
  endfacet
  facet normal 0.689035 -0.159113 -0.707046
    outer loop
      vertex -44.0999 10.9953 10.4
      vertex -43.8088 10.9228 10.7
      vertex -44.1634 9.38721 10.7
    endloop
  endfacet
  facet normal 0.974364 -0.224976 0
    outer loop
      vertex -44.4568 9.44958 10.4
      vertex -44.0999 10.9953 8
      vertex -44.0999 10.9953 10.4
    endloop
  endfacet
  facet normal 0.974364 -0.224976 0
    outer loop
      vertex -44.0999 10.9953 8
      vertex -44.4568 9.44958 10.4
      vertex -44.4568 9.44958 8
    endloop
  endfacet
  facet normal 0.974373 -0.224937 0
    outer loop
      vertex -42.0603 8.9402 8
      vertex -41.7227 10.4026 0
      vertex -41.7227 10.4026 8
    endloop
  endfacet
  facet normal 0.974373 -0.224937 0
    outer loop
      vertex -41.7227 10.4026 0
      vertex -42.0603 8.9402 8
      vertex -42.0603 8.9402 0
    endloop
  endfacet
  facet normal -0.97436 0.224995 0
    outer loop
      vertex -46.8044 9.94857 0
      vertex -46.4286 11.576 14
      vertex -46.4286 11.576 0
    endloop
  endfacet
  facet normal -0.97436 0.224995 0
    outer loop
      vertex -46.4286 11.576 14
      vertex -46.8044 9.94857 0
      vertex -46.8044 9.94857 14
    endloop
  endfacet
  facet normal 0.683046 -0.183019 0.707073
    outer loop
      vertex -44.0999 10.9953 13.4
      vertex -43.6893 12.5277 13.4
      vertex -44.6821 11.1405 14
    endloop
  endfacet
  facet normal 0.683041 -0.183012 0.70708
    outer loop
      vertex -43.6893 12.5277 13.4
      vertex -44.2661 12.6931 14
      vertex -44.6821 11.1405 14
    endloop
  endfacet
  facet normal 0.965927 -0.258816 0
    outer loop
      vertex -44.0999 10.9953 13.4
      vertex -43.6893 12.5277 11.4
      vertex -43.6893 12.5277 13.4
    endloop
  endfacet
  facet normal 0.965927 -0.258816 0
    outer loop
      vertex -43.6893 12.5277 11.4
      vertex -44.0999 10.9953 13.4
      vertex -44.0999 10.9953 11.4
    endloop
  endfacet
  facet normal 0.683083 -0.182999 0.707043
    outer loop
      vertex -43.8088 10.9228 11.1
      vertex -43.401 12.445 11.1
      vertex -44.0999 10.9953 11.4
    endloop
  endfacet
  facet normal 0.683149 -0.183047 0.706966
    outer loop
      vertex -43.401 12.445 11.1
      vertex -43.6893 12.5277 11.4
      vertex -44.0999 10.9953 11.4
    endloop
  endfacet
  facet normal 0.965937 -0.258776 0
    outer loop
      vertex -43.8088 10.9228 11.1
      vertex -43.401 12.445 10.7
      vertex -43.401 12.445 11.1
    endloop
  endfacet
  facet normal 0.965937 -0.258776 0
    outer loop
      vertex -43.401 12.445 10.7
      vertex -43.8088 10.9228 11.1
      vertex -43.8088 10.9228 10.7
    endloop
  endfacet
  facet normal 0.683075 -0.183027 -0.707042
    outer loop
      vertex -43.6893 12.5277 10.4
      vertex -43.8088 10.9228 10.7
      vertex -44.0999 10.9953 10.4
    endloop
  endfacet
  facet normal 0.683157 -0.183019 -0.706966
    outer loop
      vertex -43.6893 12.5277 10.4
      vertex -43.401 12.445 10.7
      vertex -43.8088 10.9228 10.7
    endloop
  endfacet
  facet normal 0.965927 -0.258816 0
    outer loop
      vertex -44.0999 10.9953 10.4
      vertex -43.6893 12.5277 8
      vertex -43.6893 12.5277 10.4
    endloop
  endfacet
  facet normal 0.965927 -0.258816 0
    outer loop
      vertex -43.6893 12.5277 8
      vertex -44.0999 10.9953 10.4
      vertex -44.0999 10.9953 8
    endloop
  endfacet
  facet normal 0.965938 -0.258774 0
    outer loop
      vertex -41.7227 10.4026 8
      vertex -41.3343 11.8524 0
      vertex -41.3343 11.8524 8
    endloop
  endfacet
  facet normal 0.965938 -0.258774 0
    outer loop
      vertex -41.3343 11.8524 0
      vertex -41.7227 10.4026 8
      vertex -41.7227 10.4026 0
    endloop
  endfacet
  facet normal -0.965934 0.258788 0
    outer loop
      vertex -46.4286 11.576 0
      vertex -45.9964 13.1892 14
      vertex -45.9964 13.1892 0
    endloop
  endfacet
  facet normal -0.965934 0.258788 0
    outer loop
      vertex -45.9964 13.1892 14
      vertex -46.4286 11.576 0
      vertex -46.4286 11.576 14
    endloop
  endfacet
  facet normal 0.676238 -0.206736 0.70708
    outer loop
      vertex -43.6893 12.5277 13.4
      vertex -43.2255 14.0448 13.4
      vertex -44.2661 12.6931 14
    endloop
  endfacet
  facet normal 0.676273 -0.206784 0.707032
    outer loop
      vertex -43.2255 14.0448 13.4
      vertex -43.7961 14.2302 14
      vertex -44.2661 12.6931 14
    endloop
  endfacet
  facet normal 0.956309 -0.292358 0
    outer loop
      vertex -43.6893 12.5277 13.4
      vertex -43.2255 14.0448 11.4
      vertex -43.2255 14.0448 13.4
    endloop
  endfacet
  facet normal 0.956309 -0.292358 0
    outer loop
      vertex -43.2255 14.0448 11.4
      vertex -43.6893 12.5277 13.4
      vertex -43.6893 12.5277 11.4
    endloop
  endfacet
  facet normal 0.676339 -0.206792 0.706967
    outer loop
      vertex -43.401 12.445 11.1
      vertex -42.9402 13.9521 11.1
      vertex -43.6893 12.5277 11.4
    endloop
  endfacet
  facet normal 0.676284 -0.20675 0.707032
    outer loop
      vertex -42.9402 13.9521 11.1
      vertex -43.2255 14.0448 11.4
      vertex -43.6893 12.5277 11.4
    endloop
  endfacet
  facet normal 0.956299 -0.292391 0
    outer loop
      vertex -43.401 12.445 11.1
      vertex -42.9402 13.9521 10.7
      vertex -42.9402 13.9521 11.1
    endloop
  endfacet
  facet normal 0.956299 -0.292391 0
    outer loop
      vertex -42.9402 13.9521 10.7
      vertex -43.401 12.445 11.1
      vertex -43.401 12.445 10.7
    endloop
  endfacet
  facet normal 0.676346 -0.206769 -0.706968
    outer loop
      vertex -43.2255 14.0448 10.4
      vertex -43.401 12.445 10.7
      vertex -43.6893 12.5277 10.4
    endloop
  endfacet
  facet normal 0.676277 -0.206773 -0.707032
    outer loop
      vertex -43.2255 14.0448 10.4
      vertex -42.9402 13.9521 10.7
      vertex -43.401 12.445 10.7
    endloop
  endfacet
  facet normal 0.956309 -0.292358 0
    outer loop
      vertex -43.6893 12.5277 10.4
      vertex -43.2255 14.0448 8
      vertex -43.2255 14.0448 10.4
    endloop
  endfacet
  facet normal 0.956309 -0.292358 0
    outer loop
      vertex -43.2255 14.0448 8
      vertex -43.6893 12.5277 10.4
      vertex -43.6893 12.5277 8
    endloop
  endfacet
  facet normal 0.956289 -0.292423 0
    outer loop
      vertex -41.3343 11.8524 8
      vertex -40.8954 13.2877 0
      vertex -40.8954 13.2877 8
    endloop
  endfacet
  facet normal 0.956289 -0.292423 0
    outer loop
      vertex -40.8954 13.2877 0
      vertex -41.3343 11.8524 8
      vertex -41.3343 11.8524 0
    endloop
  endfacet
  facet normal -0.956295 0.292403 0
    outer loop
      vertex -45.9964 13.1892 0
      vertex -45.508 14.7865 14
      vertex -45.508 14.7865 0
    endloop
  endfacet
  facet normal -0.956295 0.292403 0
    outer loop
      vertex -45.508 14.7865 14
      vertex -45.9964 13.1892 0
      vertex -45.9964 13.1892 14
    endloop
  endfacet
  facet normal 0.668652 -0.230239 0.707032
    outer loop
      vertex -43.2255 14.0448 13.4
      vertex -42.709 15.5448 13.4
      vertex -43.7961 14.2302 14
    endloop
  endfacet
  facet normal 0.668645 -0.230229 0.707042
    outer loop
      vertex -42.709 15.5448 13.4
      vertex -43.2728 15.75 14
      vertex -43.7961 14.2302 14
    endloop
  endfacet
  facet normal 0.945517 -0.325573 0
    outer loop
      vertex -43.2255 14.0448 13.4
      vertex -42.709 15.5448 11.4
      vertex -42.709 15.5448 13.4
    endloop
  endfacet
  facet normal 0.945517 -0.325573 0
    outer loop
      vertex -42.709 15.5448 11.4
      vertex -43.2255 14.0448 13.4
      vertex -43.2255 14.0448 11.4
    endloop
  endfacet
  facet normal 0.668651 -0.230243 0.707032
    outer loop
      vertex -42.9402 13.9521 11.1
      vertex -42.4271 15.4422 11.1
      vertex -43.2255 14.0448 11.4
    endloop
  endfacet
  facet normal 0.668643 -0.230236 0.707042
    outer loop
      vertex -42.4271 15.4422 11.1
      vertex -42.709 15.5448 11.4
      vertex -43.2255 14.0448 11.4
    endloop
  endfacet
  facet normal 0.945515 -0.325578 0
    outer loop
      vertex -42.9402 13.9521 11.1
      vertex -42.4271 15.4422 10.7
      vertex -42.4271 15.4422 11.1
    endloop
  endfacet
  facet normal 0.945515 -0.325578 0
    outer loop
      vertex -42.4271 15.4422 10.7
      vertex -42.9402 13.9521 11.1
      vertex -42.9402 13.9521 10.7
    endloop
  endfacet
  facet normal 0.668652 -0.230239 -0.707032
    outer loop
      vertex -42.709 15.5448 10.4
      vertex -42.9402 13.9521 10.7
      vertex -43.2255 14.0448 10.4
    endloop
  endfacet
  facet normal 0.668641 -0.23024 -0.707042
    outer loop
      vertex -42.709 15.5448 10.4
      vertex -42.4271 15.4422 10.7
      vertex -42.9402 13.9521 10.7
    endloop
  endfacet
  facet normal 0.945517 -0.325573 0
    outer loop
      vertex -43.2255 14.0448 10.4
      vertex -42.709 15.5448 8
      vertex -42.709 15.5448 10.4
    endloop
  endfacet
  facet normal 0.945517 -0.325573 0
    outer loop
      vertex -42.709 15.5448 8
      vertex -43.2255 14.0448 10.4
      vertex -43.2255 14.0448 8
    endloop
  endfacet
  facet normal 0.945533 -0.325527 0
    outer loop
      vertex -40.8954 13.2877 8
      vertex -40.4068 14.7069 0
      vertex -40.4068 14.7069 8
    endloop
  endfacet
  facet normal 0.945533 -0.325527 0
    outer loop
      vertex -40.4068 14.7069 0
      vertex -40.8954 13.2877 8
      vertex -40.8954 13.2877 0
    endloop
  endfacet
  facet normal -0.94553 0.325535 0
    outer loop
      vertex -45.508 14.7865 0
      vertex -44.9643 16.3657 14
      vertex -44.9643 16.3657 0
    endloop
  endfacet
  facet normal -0.94553 0.325535 0
    outer loop
      vertex -44.9643 16.3657 14
      vertex -45.508 14.7865 0
      vertex -45.508 14.7865 14
    endloop
  endfacet
  facet normal 0.660208 -0.253412 0.707042
    outer loop
      vertex -42.709 15.5448 13.4
      vertex -42.1405 17.0259 13.4
      vertex -43.2728 15.75 14
    endloop
  endfacet
  facet normal 0.660213 -0.253421 0.707034
    outer loop
      vertex -42.1405 17.0259 13.4
      vertex -42.6968 17.2506 14
      vertex -43.2728 15.75 14
    endloop
  endfacet
  facet normal 0.933589 -0.358345 0
    outer loop
      vertex -42.709 15.5448 13.4
      vertex -42.1405 17.0259 11.4
      vertex -42.1405 17.0259 13.4
    endloop
  endfacet
  facet normal 0.933589 -0.358345 0
    outer loop
      vertex -42.1405 17.0259 11.4
      vertex -42.709 15.5448 13.4
      vertex -42.709 15.5448 11.4
    endloop
  endfacet
  facet normal 0.660199 -0.253436 0.707042
    outer loop
      vertex -42.4271 15.4422 11.1
      vertex -41.8623 16.9135 11.1
      vertex -42.709 15.5448 11.4
    endloop
  endfacet
  facet normal 0.660144 -0.253387 0.70711
    outer loop
      vertex -41.8623 16.9135 11.1
      vertex -42.1405 17.0259 11.4
      vertex -42.709 15.5448 11.4
    endloop
  endfacet
  facet normal 0.933576 -0.358379 0
    outer loop
      vertex -42.4271 15.4422 11.1
      vertex -41.8623 16.9135 10.7
      vertex -41.8623 16.9135 11.1
    endloop
  endfacet
  facet normal 0.933576 -0.358379 0
    outer loop
      vertex -41.8623 16.9135 10.7
      vertex -42.4271 15.4422 11.1
      vertex -42.4271 15.4422 10.7
    endloop
  endfacet
  facet normal 0.660208 -0.253412 -0.707042
    outer loop
      vertex -42.1405 17.0259 10.4
      vertex -42.4271 15.4422 10.7
      vertex -42.709 15.5448 10.4
    endloop
  endfacet
  facet normal 0.660135 -0.253411 -0.70711
    outer loop
      vertex -42.1405 17.0259 10.4
      vertex -41.8623 16.9135 10.7
      vertex -42.4271 15.4422 10.7
    endloop
  endfacet
  facet normal 0.933589 -0.358345 0
    outer loop
      vertex -42.709 15.5448 10.4
      vertex -42.1405 17.0259 8
      vertex -42.1405 17.0259 10.4
    endloop
  endfacet
  facet normal 0.933589 -0.358345 0
    outer loop
      vertex -42.1405 17.0259 8
      vertex -42.709 15.5448 10.4
      vertex -42.709 15.5448 8
    endloop
  endfacet
  facet normal 0.933574 -0.358385 0
    outer loop
      vertex -40.4068 14.7069 8
      vertex -39.8689 16.1081 0
      vertex -39.8689 16.1081 8
    endloop
  endfacet
  facet normal 0.933574 -0.358385 0
    outer loop
      vertex -39.8689 16.1081 0
      vertex -40.4068 14.7069 8
      vertex -40.4068 14.7069 0
    endloop
  endfacet
  facet normal -0.933565 0.358409 0
    outer loop
      vertex -44.9643 16.3657 0
      vertex -44.3657 17.9249 14
      vertex -44.3657 17.9249 0
    endloop
  endfacet
  facet normal -0.933565 0.358409 0
    outer loop
      vertex -44.3657 17.9249 14
      vertex -44.9643 16.3657 0
      vertex -44.9643 16.3657 14
    endloop
  endfacet
  facet normal 0.650957 -0.276333 0.707032
    outer loop
      vertex -42.1405 17.0259 13.4
      vertex -41.5206 18.4862 13.4
      vertex -42.6968 17.2506 14
    endloop
  endfacet
  facet normal 0.650926 -0.276278 0.707083
    outer loop
      vertex -41.5206 18.4862 13.4
      vertex -42.0688 18.7302 14
      vertex -42.6968 17.2506 14
    endloop
  endfacet
  facet normal 0.920496 -0.390752 0
    outer loop
      vertex -42.1405 17.0259 13.4
      vertex -41.5206 18.4862 11.4
      vertex -41.5206 18.4862 13.4
    endloop
  endfacet
  facet normal 0.920496 -0.390752 0
    outer loop
      vertex -41.5206 18.4862 11.4
      vertex -42.1405 17.0259 13.4
      vertex -42.1405 17.0259 11.4
    endloop
  endfacet
  facet normal 0.650906 -0.276255 0.70711
    outer loop
      vertex -41.8623 16.9135 11.1
      vertex -41.2466 18.3642 11.1
      vertex -42.1405 17.0259 11.4
    endloop
  endfacet
  facet normal 0.651011 -0.276355 0.706974
    outer loop
      vertex -41.2466 18.3642 11.1
      vertex -41.5206 18.4862 11.4
      vertex -42.1405 17.0259 11.4
    endloop
  endfacet
  facet normal 0.920524 -0.390685 0
    outer loop
      vertex -41.8623 16.9135 11.1
      vertex -41.2466 18.3642 10.7
      vertex -41.2466 18.3642 11.1
    endloop
  endfacet
  facet normal 0.920524 -0.390685 0
    outer loop
      vertex -41.2466 18.3642 10.7
      vertex -41.8623 16.9135 11.1
      vertex -41.8623 16.9135 10.7
    endloop
  endfacet
  facet normal 0.650886 -0.276302 -0.70711
    outer loop
      vertex -41.5206 18.4862 10.4
      vertex -41.8623 16.9135 10.7
      vertex -42.1405 17.0259 10.4
    endloop
  endfacet
  facet normal 0.651031 -0.276308 -0.706974
    outer loop
      vertex -41.5206 18.4862 10.4
      vertex -41.2466 18.3642 10.7
      vertex -41.8623 16.9135 10.7
    endloop
  endfacet
  facet normal 0.920496 -0.390752 0
    outer loop
      vertex -42.1405 17.0259 10.4
      vertex -41.5206 18.4862 8
      vertex -41.5206 18.4862 10.4
    endloop
  endfacet
  facet normal 0.920496 -0.390752 0
    outer loop
      vertex -41.5206 18.4862 8
      vertex -42.1405 17.0259 10.4
      vertex -42.1405 17.0259 8
    endloop
  endfacet
  facet normal 0.920518 -0.3907 0
    outer loop
      vertex -39.8689 16.1081 8
      vertex -39.2825 17.4897 0
      vertex -39.2825 17.4897 8
    endloop
  endfacet
  facet normal 0.920518 -0.3907 0
    outer loop
      vertex -39.2825 17.4897 0
      vertex -39.8689 16.1081 8
      vertex -39.8689 16.1081 0
    endloop
  endfacet
  facet normal -0.920502 0.390737 0
    outer loop
      vertex -44.3657 17.9249 0
      vertex -43.7131 19.4623 14
      vertex -43.7131 19.4623 0
    endloop
  endfacet
  facet normal -0.920502 0.390737 0
    outer loop
      vertex -43.7131 19.4623 14
      vertex -44.3657 17.9249 0
      vertex -44.3657 17.9249 14
    endloop
  endfacet
  facet normal 0.640889 -0.298826 0.707082
    outer loop
      vertex -41.5206 18.4862 13.4
      vertex -40.8502 19.924 13.4
      vertex -42.0688 18.7302 14
    endloop
  endfacet
  facet normal 0.640902 -0.29885 0.70706
    outer loop
      vertex -40.8502 19.924 13.4
      vertex -41.3895 20.187 14
      vertex -42.0688 18.7302 14
    endloop
  endfacet
  facet normal 0.906322 -0.422589 0
    outer loop
      vertex -41.5206 18.4862 13.4
      vertex -40.8502 19.924 11.4
      vertex -40.8502 19.924 13.4
    endloop
  endfacet
  facet normal 0.906322 -0.422589 0
    outer loop
      vertex -40.8502 19.924 11.4
      vertex -41.5206 18.4862 13.4
      vertex -41.5206 18.4862 11.4
    endloop
  endfacet
  facet normal 0.640964 -0.298919 0.706974
    outer loop
      vertex -41.2466 18.3642 11.1
      vertex -40.5805 19.7925 11.1
      vertex -41.5206 18.4862 11.4
    endloop
  endfacet
  facet normal 0.64086 -0.298813 0.707113
    outer loop
      vertex -40.5805 19.7925 11.1
      vertex -40.8502 19.924 11.4
      vertex -41.5206 18.4862 11.4
    endloop
  endfacet
  facet normal 0.90629 -0.422656 0
    outer loop
      vertex -41.2466 18.3642 11.1
      vertex -40.5805 19.7925 10.7
      vertex -40.5805 19.7925 11.1
    endloop
  endfacet
  facet normal 0.90629 -0.422656 0
    outer loop
      vertex -40.5805 19.7925 10.7
      vertex -41.2466 18.3642 11.1
      vertex -41.2466 18.3642 10.7
    endloop
  endfacet
  facet normal 0.640986 -0.298871 -0.706975
    outer loop
      vertex -40.8502 19.924 10.4
      vertex -41.2466 18.3642 10.7
      vertex -41.5206 18.4862 10.4
    endloop
  endfacet
  facet normal 0.640838 -0.29886 -0.707114
    outer loop
      vertex -40.8502 19.924 10.4
      vertex -40.5805 19.7925 10.7
      vertex -41.2466 18.3642 10.7
    endloop
  endfacet
  facet normal 0.906322 -0.422589 0
    outer loop
      vertex -41.5206 18.4862 10.4
      vertex -40.8502 19.924 8
      vertex -40.8502 19.924 10.4
    endloop
  endfacet
  facet normal 0.906322 -0.422589 0
    outer loop
      vertex -40.8502 19.924 8
      vertex -41.5206 18.4862 10.4
      vertex -41.5206 18.4862 8
    endloop
  endfacet
  facet normal 0.906287 -0.422663 0
    outer loop
      vertex -39.2825 17.4897 8
      vertex -38.6481 18.85 0
      vertex -38.6481 18.85 8
    endloop
  endfacet
  facet normal 0.906287 -0.422663 0
    outer loop
      vertex -38.6481 18.85 0
      vertex -39.2825 17.4897 8
      vertex -39.2825 17.4897 0
    endloop
  endfacet
  facet normal -0.90633 0.422571 0
    outer loop
      vertex -43.7131 19.4623 0
      vertex -43.0073 20.9761 14
      vertex -43.0073 20.9761 0
    endloop
  endfacet
  facet normal -0.90633 0.422571 0
    outer loop
      vertex -43.0073 20.9761 14
      vertex -43.7131 19.4623 0
      vertex -43.7131 19.4623 14
    endloop
  endfacet
  facet normal 0.630082 -0.321036 0.707059
    outer loop
      vertex -40.8502 19.924 13.4
      vertex -40.13 21.3375 13.4
      vertex -41.3895 20.187 14
    endloop
  endfacet
  facet normal 0.630102 -0.321079 0.707022
    outer loop
      vertex -40.13 21.3375 13.4
      vertex -40.6597 21.6192 14
      vertex -41.3895 20.187 14
    endloop
  endfacet
  facet normal 0.89101 -0.453983 0
    outer loop
      vertex -40.8502 19.924 13.4
      vertex -40.13 21.3375 11.4
      vertex -40.13 21.3375 13.4
    endloop
  endfacet
  facet normal 0.89101 -0.453983 0
    outer loop
      vertex -40.13 21.3375 11.4
      vertex -40.8502 19.924 13.4
      vertex -40.8502 19.924 11.4
    endloop
  endfacet
  facet normal 0.630037 -0.321009 0.707112
    outer loop
      vertex -40.5805 19.7925 11.1
      vertex -39.8651 21.1966 11.1
      vertex -40.8502 19.924 11.4
    endloop
  endfacet
  facet normal 0.630045 -0.321017 0.707101
    outer loop
      vertex -39.8651 21.1966 11.1
      vertex -40.13 21.3375 11.4
      vertex -40.8502 19.924 11.4
    endloop
  endfacet
  facet normal 0.891013 -0.453978 0
    outer loop
      vertex -40.5805 19.7925 11.1
      vertex -39.8651 21.1966 10.7
      vertex -39.8651 21.1966 11.1
    endloop
  endfacet
  facet normal 0.891013 -0.453978 0
    outer loop
      vertex -39.8651 21.1966 10.7
      vertex -40.5805 19.7925 11.1
      vertex -40.5805 19.7925 10.7
    endloop
  endfacet
  facet normal 0.630035 -0.321012 -0.707112
    outer loop
      vertex -40.13 21.3375 10.4
      vertex -40.5805 19.7925 10.7
      vertex -40.8502 19.924 10.4
    endloop
  endfacet
  facet normal 0.630047 -0.321014 -0.707101
    outer loop
      vertex -40.13 21.3375 10.4
      vertex -39.8651 21.1966 10.7
      vertex -40.5805 19.7925 10.7
    endloop
  endfacet
  facet normal 0.89101 -0.453983 0
    outer loop
      vertex -40.8502 19.924 10.4
      vertex -40.13 21.3375 8
      vertex -40.13 21.3375 10.4
    endloop
  endfacet
  facet normal 0.89101 -0.453983 0
    outer loop
      vertex -40.13 21.3375 8
      vertex -40.8502 19.924 10.4
      vertex -40.8502 19.924 8
    endloop
  endfacet
  facet normal 0.891003 -0.453997 0
    outer loop
      vertex -38.6481 18.85 8
      vertex -37.9667 20.1873 0
      vertex -37.9667 20.1873 8
    endloop
  endfacet
  facet normal 0.891003 -0.453997 0
    outer loop
      vertex -37.9667 20.1873 0
      vertex -38.6481 18.85 8
      vertex -38.6481 18.85 0
    endloop
  endfacet
  facet normal -0.890988 0.454026 0
    outer loop
      vertex -43.0073 20.9761 0
      vertex -42.249 22.4642 14
      vertex -42.249 22.4642 0
    endloop
  endfacet
  facet normal -0.890988 0.454026 0
    outer loop
      vertex -42.249 22.4642 14
      vertex -43.0073 20.9761 0
      vertex -43.0073 20.9761 14
    endloop
  endfacet
  facet normal 0.618524 -0.342852 0.707022
    outer loop
      vertex -40.13 21.3375 13.4
      vertex -39.3609 22.725 13.4
      vertex -40.6597 21.6192 14
    endloop
  endfacet
  facet normal 0.618513 -0.342826 0.707045
    outer loop
      vertex -39.3609 22.725 13.4
      vertex -39.8805 23.025 14
      vertex -40.6597 21.6192 14
    endloop
  endfacet
  facet normal 0.874621 -0.484808 0
    outer loop
      vertex -40.13 21.3375 13.4
      vertex -39.3609 22.725 11.4
      vertex -39.3609 22.725 13.4
    endloop
  endfacet
  facet normal 0.874621 -0.484808 0
    outer loop
      vertex -39.3609 22.725 11.4
      vertex -40.13 21.3375 13.4
      vertex -40.13 21.3375 11.4
    endloop
  endfacet
  facet normal 0.618446 -0.342828 0.707102
    outer loop
      vertex -39.8651 21.1966 11.1
      vertex -39.101 22.575 11.1
      vertex -40.13 21.3375 11.4
    endloop
  endfacet
  facet normal 0.618414 -0.342791 0.707148
    outer loop
      vertex -39.101 22.575 11.1
      vertex -39.3609 22.725 11.4
      vertex -40.13 21.3375 11.4
    endloop
  endfacet
  facet normal 0.874609 -0.484829 0
    outer loop
      vertex -39.8651 21.1966 11.1
      vertex -39.101 22.575 10.7
      vertex -39.101 22.575 11.1
    endloop
  endfacet
  facet normal 0.874609 -0.484829 0
    outer loop
      vertex -39.101 22.575 10.7
      vertex -39.8651 21.1966 11.1
      vertex -39.8651 21.1966 10.7
    endloop
  endfacet
  facet normal 0.618454 -0.342813 -0.707103
    outer loop
      vertex -39.3609 22.725 10.4
      vertex -39.8651 21.1966 10.7
      vertex -40.13 21.3375 10.4
    endloop
  endfacet
  facet normal 0.618406 -0.342806 -0.707148
    outer loop
      vertex -39.3609 22.725 10.4
      vertex -39.101 22.575 10.7
      vertex -39.8651 21.1966 10.7
    endloop
  endfacet
  facet normal 0.874621 -0.484808 0
    outer loop
      vertex -40.13 21.3375 10.4
      vertex -39.3609 22.725 8
      vertex -39.3609 22.725 10.4
    endloop
  endfacet
  facet normal 0.874621 -0.484808 0
    outer loop
      vertex -39.3609 22.725 8
      vertex -40.13 21.3375 10.4
      vertex -40.13 21.3375 8
    endloop
  endfacet
  facet normal 0.874631 -0.484788 0
    outer loop
      vertex -37.9667 20.1873 8
      vertex -37.2391 21.5 0
      vertex -37.2391 21.5 8
    endloop
  endfacet
  facet normal 0.874631 -0.484788 0
    outer loop
      vertex -37.2391 21.5 0
      vertex -37.9667 20.1873 8
      vertex -37.9667 20.1873 0
    endloop
  endfacet
  facet normal -0.874629 0.484794 0
    outer loop
      vertex -42.249 22.4642 0
      vertex -41.4393 23.925 14
      vertex -41.4393 23.925 0
    endloop
  endfacet
  facet normal -0.874629 0.484794 0
    outer loop
      vertex -41.4393 23.925 14
      vertex -42.249 22.4642 0
      vertex -42.249 22.4642 14
    endloop
  endfacet
  facet normal 0.606152 -0.364235 0.707045
    outer loop
      vertex -39.3609 22.725 13.4
      vertex -38.5438 24.0848 13.4
      vertex -39.8805 23.025 14
    endloop
  endfacet
  facet normal 0.606148 -0.364226 0.707053
    outer loop
      vertex -38.5438 24.0848 13.4
      vertex -39.0526 24.4028 14
      vertex -39.8805 23.025 14
    endloop
  endfacet
  facet normal 0.857153 -0.515061 0
    outer loop
      vertex -39.3609 22.725 13.4
      vertex -38.5438 24.0848 11.4
      vertex -38.5438 24.0848 13.4
    endloop
  endfacet
  facet normal 0.857153 -0.515061 0
    outer loop
      vertex -38.5438 24.0848 11.4
      vertex -39.3609 22.725 13.4
      vertex -39.3609 22.725 11.4
    endloop
  endfacet
  facet normal 0.606083 -0.364152 0.707146
    outer loop
      vertex -39.101 22.575 11.1
      vertex -38.2894 23.9258 11.1
      vertex -39.3609 22.725 11.4
    endloop
  endfacet
  facet normal 0.606145 -0.364231 0.707053
    outer loop
      vertex -38.2894 23.9258 11.1
      vertex -38.5438 24.0848 11.4
      vertex -39.3609 22.725 11.4
    endloop
  endfacet
  facet normal 0.857179 -0.515018 0
    outer loop
      vertex -39.101 22.575 11.1
      vertex -38.2894 23.9258 10.7
      vertex -38.2894 23.9258 11.1
    endloop
  endfacet
  facet normal 0.857179 -0.515018 0
    outer loop
      vertex -38.2894 23.9258 10.7
      vertex -39.101 22.575 11.1
      vertex -39.101 22.575 10.7
    endloop
  endfacet
  facet normal 0.606065 -0.364183 -0.707146
    outer loop
      vertex -38.5438 24.0848 10.4
      vertex -39.101 22.575 10.7
      vertex -39.3609 22.725 10.4
    endloop
  endfacet
  facet normal 0.606163 -0.364201 -0.707053
    outer loop
      vertex -38.5438 24.0848 10.4
      vertex -38.2894 23.9258 10.7
      vertex -39.101 22.575 10.7
    endloop
  endfacet
  facet normal 0.857153 -0.515061 0
    outer loop
      vertex -39.3609 22.725 10.4
      vertex -38.5438 24.0848 8
      vertex -38.5438 24.0848 10.4
    endloop
  endfacet
  facet normal 0.857153 -0.515061 0
    outer loop
      vertex -38.5438 24.0848 8
      vertex -39.3609 22.725 10.4
      vertex -39.3609 22.725 8
    endloop
  endfacet
  facet normal 0.857169 -0.515035 0
    outer loop
      vertex -37.2391 21.5 8
      vertex -36.4661 22.7865 0
      vertex -36.4661 22.7865 8
    endloop
  endfacet
  facet normal 0.857169 -0.515035 0
    outer loop
      vertex -36.4661 22.7865 0
      vertex -37.2391 21.5 8
      vertex -37.2391 21.5 0
    endloop
  endfacet
  facet normal -0.857165 0.515042 0
    outer loop
      vertex -41.4393 23.925 0
      vertex -40.5791 25.3566 14
      vertex -40.5791 25.3566 0
    endloop
  endfacet
  facet normal -0.857165 0.515042 0
    outer loop
      vertex -40.5791 25.3566 14
      vertex -41.4393 23.925 0
      vertex -41.4393 23.925 14
    endloop
  endfacet
  facet normal 0.593081 -0.385135 0.707054
    outer loop
      vertex -38.5438 24.0848 13.4
      vertex -37.6798 25.4153 13.4
      vertex -39.0526 24.4028 14
    endloop
  endfacet
  facet normal 0.593089 -0.385156 0.707037
    outer loop
      vertex -37.6798 25.4153 13.4
      vertex -38.1772 25.7508 14
      vertex -39.0526 24.4028 14
    endloop
  endfacet
  facet normal 0.838681 -0.544623 0
    outer loop
      vertex -38.5438 24.0848 13.4
      vertex -37.6798 25.4153 11.4
      vertex -37.6798 25.4153 13.4
    endloop
  endfacet
  facet normal 0.838681 -0.544623 0
    outer loop
      vertex -37.6798 25.4153 11.4
      vertex -38.5438 24.0848 13.4
      vertex -38.5438 24.0848 11.4
    endloop
  endfacet
  facet normal 0.593071 -0.385151 0.707054
    outer loop
      vertex -38.2894 23.9258 11.1
      vertex -37.431 25.2476 11.1
      vertex -38.5438 24.0848 11.4
    endloop
  endfacet
  facet normal 0.59304 -0.385108 0.707103
    outer loop
      vertex -37.431 25.2476 11.1
      vertex -37.6798 25.4153 11.4
      vertex -38.5438 24.0848 11.4
    endloop
  endfacet
  facet normal 0.838667 -0.544645 0
    outer loop
      vertex -38.2894 23.9258 11.1
      vertex -37.431 25.2476 10.7
      vertex -37.431 25.2476 11.1
    endloop
  endfacet
  facet normal 0.838667 -0.544645 0
    outer loop
      vertex -37.431 25.2476 10.7
      vertex -38.2894 23.9258 11.1
      vertex -38.2894 23.9258 10.7
    endloop
  endfacet
  facet normal 0.593081 -0.385135 -0.707054
    outer loop
      vertex -37.6798 25.4153 10.4
      vertex -38.2894 23.9258 10.7
      vertex -38.5438 24.0848 10.4
    endloop
  endfacet
  facet normal 0.59303 -0.385124 -0.707104
    outer loop
      vertex -37.6798 25.4153 10.4
      vertex -37.431 25.2476 10.7
      vertex -38.2894 23.9258 10.7
    endloop
  endfacet
  facet normal 0.838681 -0.544623 0
    outer loop
      vertex -38.5438 24.0848 10.4
      vertex -37.6798 25.4153 8
      vertex -37.6798 25.4153 10.4
    endloop
  endfacet
  facet normal 0.838681 -0.544623 0
    outer loop
      vertex -37.6798 25.4153 8
      vertex -38.5438 24.0848 10.4
      vertex -38.5438 24.0848 8
    endloop
  endfacet
  facet normal 0.838663 -0.544651 0
    outer loop
      vertex -36.4661 22.7865 8
      vertex -35.6486 24.0453 0
      vertex -35.6486 24.0453 8
    endloop
  endfacet
  facet normal 0.838663 -0.544651 0
    outer loop
      vertex -35.6486 24.0453 0
      vertex -36.4661 22.7865 8
      vertex -36.4661 22.7865 0
    endloop
  endfacet
  facet normal -0.838668 0.544643 0
    outer loop
      vertex -40.5791 25.3566 0
      vertex -39.6694 26.7574 14
      vertex -39.6694 26.7574 0
    endloop
  endfacet
  facet normal -0.838668 0.544643 0
    outer loop
      vertex -39.6694 26.7574 14
      vertex -40.5791 25.3566 0
      vertex -40.5791 25.3566 14
    endloop
  endfacet
  facet normal 0.579269 -0.405644 0.707036
    outer loop
      vertex -37.6798 25.4153 13.4
      vertex -36.7698 26.7148 13.4
      vertex -38.1772 25.7508 14
    endloop
  endfacet
  facet normal 0.57926 -0.405619 0.707058
    outer loop
      vertex -36.7698 26.7148 13.4
      vertex -37.2552 27.0675 14
      vertex -38.1772 25.7508 14
    endloop
  endfacet
  facet normal 0.819128 -0.57361 0
    outer loop
      vertex -37.6798 25.4153 13.4
      vertex -36.7698 26.7148 11.4
      vertex -36.7698 26.7148 13.4
    endloop
  endfacet
  facet normal 0.819128 -0.57361 0
    outer loop
      vertex -36.7698 26.7148 11.4
      vertex -37.6798 25.4153 13.4
      vertex -37.6798 25.4153 11.4
    endloop
  endfacet
  facet normal 0.579234 -0.405585 0.707099
    outer loop
      vertex -37.431 25.2476 11.1
      vertex -36.5271 26.5385 11.1
      vertex -37.6798 25.4153 11.4
    endloop
  endfacet
  facet normal 0.579279 -0.405651 0.707024
    outer loop
      vertex -36.5271 26.5385 11.1
      vertex -36.7698 26.7148 11.4
      vertex -37.6798 25.4153 11.4
    endloop
  endfacet
  facet normal 0.819151 -0.573577 0
    outer loop
      vertex -37.431 25.2476 11.1
      vertex -36.5271 26.5385 10.7
      vertex -36.5271 26.5385 11.1
    endloop
  endfacet
  facet normal 0.819151 -0.573577 0
    outer loop
      vertex -36.5271 26.5385 10.7
      vertex -37.431 25.2476 11.1
      vertex -37.431 25.2476 10.7
    endloop
  endfacet
  facet normal 0.579217 -0.405608 -0.707099
    outer loop
      vertex -36.7698 26.7148 10.4
      vertex -37.431 25.2476 10.7
      vertex -37.6798 25.4153 10.4
    endloop
  endfacet
  facet normal 0.579295 -0.405628 -0.707024
    outer loop
      vertex -36.7698 26.7148 10.4
      vertex -36.5271 26.5385 10.7
      vertex -37.431 25.2476 10.7
    endloop
  endfacet
  facet normal 0.819128 -0.57361 0
    outer loop
      vertex -37.6798 25.4153 10.4
      vertex -36.7698 26.7148 8
      vertex -36.7698 26.7148 10.4
    endloop
  endfacet
  facet normal 0.819128 -0.57361 0
    outer loop
      vertex -36.7698 26.7148 8
      vertex -37.6798 25.4153 10.4
      vertex -37.6798 25.4153 8
    endloop
  endfacet
  facet normal 0.819154 -0.573574 0
    outer loop
      vertex -35.6486 24.0453 8
      vertex -34.7877 25.2748 0
      vertex -34.7877 25.2748 8
    endloop
  endfacet
  facet normal 0.819154 -0.573574 0
    outer loop
      vertex -34.7877 25.2748 0
      vertex -35.6486 24.0453 8
      vertex -35.6486 24.0453 0
    endloop
  endfacet
  facet normal -0.819167 0.573555 0
    outer loop
      vertex -39.6694 26.7574 0
      vertex -38.7115 28.1255 14
      vertex -38.7115 28.1255 0
    endloop
  endfacet
  facet normal -0.819167 0.573555 0
    outer loop
      vertex -38.7115 28.1255 14
      vertex -39.6694 26.7574 0
      vertex -39.6694 26.7574 14
    endloop
  endfacet
  facet normal 0.56477 -0.425561 0.707059
    outer loop
      vertex -36.7698 26.7148 13.4
      vertex -35.8151 27.9818 13.4
      vertex -37.2552 27.0675 14
    endloop
  endfacet
  facet normal 0.564773 -0.425571 0.707051
    outer loop
      vertex -35.8151 27.9818 13.4
      vertex -36.2879 28.3512 14
      vertex -37.2552 27.0675 14
    endloop
  endfacet
  facet normal 0.798652 -0.601794 0
    outer loop
      vertex -36.7698 26.7148 13.4
      vertex -35.8151 27.9818 11.4
      vertex -35.8151 27.9818 13.4
    endloop
  endfacet
  facet normal 0.798652 -0.601794 0
    outer loop
      vertex -35.8151 27.9818 11.4
      vertex -36.7698 26.7148 13.4
      vertex -36.7698 26.7148 11.4
    endloop
  endfacet
  facet normal 0.564793 -0.425591 0.707023
    outer loop
      vertex -36.5271 26.5385 11.1
      vertex -35.5787 27.7971 11.1
      vertex -36.7698 26.7148 11.4
    endloop
  endfacet
  facet normal 0.564777 -0.425566 0.707051
    outer loop
      vertex -35.5787 27.7971 11.1
      vertex -35.8151 27.9818 11.4
      vertex -36.7698 26.7148 11.4
    endloop
  endfacet
  facet normal 0.798643 -0.601806 0
    outer loop
      vertex -36.5271 26.5385 11.1
      vertex -35.5787 27.7971 10.7
      vertex -35.5787 27.7971 11.1
    endloop
  endfacet
  facet normal 0.798643 -0.601806 0
    outer loop
      vertex -35.5787 27.7971 10.7
      vertex -36.5271 26.5385 11.1
      vertex -36.5271 26.5385 10.7
    endloop
  endfacet
  facet normal 0.564799 -0.425583 -0.707023
    outer loop
      vertex -35.8151 27.9818 10.4
      vertex -36.5271 26.5385 10.7
      vertex -36.7698 26.7148 10.4
    endloop
  endfacet
  facet normal 0.56477 -0.425574 -0.707051
    outer loop
      vertex -35.8151 27.9818 10.4
      vertex -35.5787 27.7971 10.7
      vertex -36.5271 26.5385 10.7
    endloop
  endfacet
  facet normal 0.798652 -0.601794 0
    outer loop
      vertex -36.7698 26.7148 10.4
      vertex -35.8151 27.9818 8
      vertex -35.8151 27.9818 10.4
    endloop
  endfacet
  facet normal 0.798652 -0.601794 0
    outer loop
      vertex -35.8151 27.9818 8
      vertex -36.7698 26.7148 10.4
      vertex -36.7698 26.7148 8
    endloop
  endfacet
  facet normal 0.798639 -0.601811 0
    outer loop
      vertex -34.7877 25.2748 8
      vertex -33.8845 26.4734 0
      vertex -33.8845 26.4734 8
    endloop
  endfacet
  facet normal 0.798639 -0.601811 0
    outer loop
      vertex -33.8845 26.4734 0
      vertex -34.7877 25.2748 8
      vertex -34.7877 25.2748 0
    endloop
  endfacet
  facet normal -0.798626 0.601828 0
    outer loop
      vertex -38.7115 28.1255 0
      vertex -37.7063 29.4594 14
      vertex -37.7063 29.4594 0
    endloop
  endfacet
  facet normal -0.798626 0.601828 0
    outer loop
      vertex -37.7063 29.4594 14
      vertex -38.7115 28.1255 0
      vertex -38.7115 28.1255 14
    endloop
  endfacet
  facet normal 0.549565 -0.445036 0.707051
    outer loop
      vertex -35.8151 27.9818 13.4
      vertex -34.8167 29.2147 13.4
      vertex -36.2879 28.3512 14
    endloop
  endfacet
  facet normal 0.549565 -0.445037 0.707051
    outer loop
      vertex -34.8167 29.2147 13.4
      vertex -35.2763 29.6004 14
      vertex -36.2879 28.3512 14
    endloop
  endfacet
  facet normal 0.777141 -0.629327 0
    outer loop
      vertex -35.8151 27.9818 13.4
      vertex -34.8167 29.2147 11.4
      vertex -34.8167 29.2147 13.4
    endloop
  endfacet
  facet normal 0.777141 -0.629327 0
    outer loop
      vertex -34.8167 29.2147 11.4
      vertex -35.8151 27.9818 13.4
      vertex -35.8151 27.9818 11.4
    endloop
  endfacet
  facet normal 0.549574 -0.445025 0.707051
    outer loop
      vertex -35.5787 27.7971 11.1
      vertex -34.5869 29.0219 11.1
      vertex -35.8151 27.9818 11.4
    endloop
  endfacet
  facet normal 0.549594 -0.44506 0.707014
    outer loop
      vertex -34.5869 29.0219 11.1
      vertex -34.8167 29.2147 11.4
      vertex -35.8151 27.9818 11.4
    endloop
  endfacet
  facet normal 0.777153 -0.629311 0
    outer loop
      vertex -35.5787 27.7971 11.1
      vertex -34.5869 29.0219 10.7
      vertex -34.5869 29.0219 11.1
    endloop
  endfacet
  facet normal 0.777153 -0.629311 0
    outer loop
      vertex -34.5869 29.0219 10.7
      vertex -35.5787 27.7971 11.1
      vertex -35.5787 27.7971 10.7
    endloop
  endfacet
  facet normal 0.549565 -0.445036 -0.707051
    outer loop
      vertex -34.8167 29.2147 10.4
      vertex -35.5787 27.7971 10.7
      vertex -35.8151 27.9818 10.4
    endloop
  endfacet
  facet normal 0.549603 -0.445049 -0.707014
    outer loop
      vertex -34.8167 29.2147 10.4
      vertex -34.5869 29.0219 10.7
      vertex -35.5787 27.7971 10.7
    endloop
  endfacet
  facet normal 0.777141 -0.629327 0
    outer loop
      vertex -35.8151 27.9818 10.4
      vertex -34.8167 29.2147 8
      vertex -34.8167 29.2147 10.4
    endloop
  endfacet
  facet normal 0.777141 -0.629327 0
    outer loop
      vertex -34.8167 29.2147 8
      vertex -35.8151 27.9818 10.4
      vertex -35.8151 27.9818 8
    endloop
  endfacet
  facet normal 0.77715 -0.629315 0
    outer loop
      vertex -33.8845 26.4734 8
      vertex -32.9399 27.6399 0
      vertex -32.9399 27.6399 8
    endloop
  endfacet
  facet normal 0.77715 -0.629315 0
    outer loop
      vertex -32.9399 27.6399 0
      vertex -33.8845 26.4734 8
      vertex -33.8845 26.4734 0
    endloop
  endfacet
  facet normal -0.777146 0.629321 0
    outer loop
      vertex -37.7063 29.4594 0
      vertex -36.6552 30.7574 14
      vertex -36.6552 30.7574 0
    endloop
  endfacet
  facet normal -0.777146 0.629321 0
    outer loop
      vertex -36.6552 30.7574 14
      vertex -37.7063 29.4594 0
      vertex -37.7063 29.4594 14
    endloop
  endfacet
  facet normal 0.533701 -0.463941 0.707052
    outer loop
      vertex -34.8167 29.2147 13.4
      vertex -33.7759 30.412 13.4
      vertex -35.2763 29.6004 14
    endloop
  endfacet
  facet normal 0.533697 -0.463922 0.707067
    outer loop
      vertex -33.7759 30.412 13.4
      vertex -34.2218 30.8135 14
      vertex -35.2763 29.6004 14
    endloop
  endfacet
  facet normal 0.754709 -0.65606 0
    outer loop
      vertex -34.8167 29.2147 13.4
      vertex -33.7759 30.412 11.4
      vertex -33.7759 30.412 13.4
    endloop
  endfacet
  facet normal 0.754709 -0.65606 0
    outer loop
      vertex -33.7759 30.412 11.4
      vertex -34.8167 29.2147 13.4
      vertex -34.8167 29.2147 11.4
    endloop
  endfacet
  facet normal 0.533718 -0.46398 0.707013
    outer loop
      vertex -34.5869 29.0219 11.1
      vertex -33.553 30.2112 11.1
      vertex -34.8167 29.2147 11.4
    endloop
  endfacet
  facet normal 0.533694 -0.463934 0.707061
    outer loop
      vertex -33.553 30.2112 11.1
      vertex -33.7759 30.412 11.4
      vertex -34.8167 29.2147 11.4
    endloop
  endfacet
  facet normal 0.754692 -0.65608 0
    outer loop
      vertex -34.5869 29.0219 11.1
      vertex -33.553 30.2112 10.7
      vertex -33.553 30.2112 11.1
    endloop
  endfacet
  facet normal 0.754692 -0.65608 0
    outer loop
      vertex -33.553 30.2112 10.7
      vertex -34.5869 29.0219 11.1
      vertex -34.5869 29.0219 10.7
    endloop
  endfacet
  facet normal 0.53373 -0.463966 -0.707013
    outer loop
      vertex -33.7759 30.412 10.4
      vertex -34.5869 29.0219 10.7
      vertex -34.8167 29.2147 10.4
    endloop
  endfacet
  facet normal 0.533682 -0.463948 -0.707061
    outer loop
      vertex -33.7759 30.412 10.4
      vertex -33.553 30.2112 10.7
      vertex -34.5869 29.0219 10.7
    endloop
  endfacet
  facet normal 0.754709 -0.65606 0
    outer loop
      vertex -34.8167 29.2147 10.4
      vertex -33.7759 30.412 8
      vertex -33.7759 30.412 10.4
    endloop
  endfacet
  facet normal 0.754709 -0.65606 0
    outer loop
      vertex -33.7759 30.412 8
      vertex -34.8167 29.2147 10.4
      vertex -34.8167 29.2147 8
    endloop
  endfacet
  facet normal 0.75469 -0.656081 0
    outer loop
      vertex -32.9399 27.6399 8
      vertex -31.9552 28.7726 0
      vertex -31.9552 28.7726 8
    endloop
  endfacet
  facet normal 0.75469 -0.656081 0
    outer loop
      vertex -31.9552 28.7726 0
      vertex -32.9399 27.6399 8
      vertex -32.9399 27.6399 0
    endloop
  endfacet
  facet normal -0.75472 0.656047 0
    outer loop
      vertex -36.6552 30.7574 0
      vertex -35.5595 32.0179 14
      vertex -35.5595 32.0179 0
    endloop
  endfacet
  facet normal -0.75472 0.656047 0
    outer loop
      vertex -35.5595 32.0179 14
      vertex -36.6552 30.7574 0
      vertex -36.6552 30.7574 14
    endloop
  endfacet
  facet normal 0.517175 -0.482272 0.707067
    outer loop
      vertex -33.7759 30.412 13.4
      vertex -32.694 31.5722 13.4
      vertex -34.2218 30.8135 14
    endloop
  endfacet
  facet normal 0.517178 -0.482289 0.707053
    outer loop
      vertex -32.694 31.5722 13.4
      vertex -33.1256 31.989 14
      vertex -34.2218 30.8135 14
    endloop
  endfacet
  facet normal 0.731355 -0.681997 0
    outer loop
      vertex -33.7759 30.412 13.4
      vertex -32.694 31.5722 11.4
      vertex -32.694 31.5722 13.4
    endloop
  endfacet
  facet normal 0.731355 -0.681997 0
    outer loop
      vertex -32.694 31.5722 11.4
      vertex -33.7759 30.412 13.4
      vertex -33.7759 30.412 11.4
    endloop
  endfacet
  facet normal 0.51718 -0.482271 0.707064
    outer loop
      vertex -33.553 30.2112 11.1
      vertex -32.4782 31.3638 11.1
      vertex -33.7759 30.412 11.4
    endloop
  endfacet
  facet normal 0.517185 -0.482281 0.707053
    outer loop
      vertex -32.4782 31.3638 11.1
      vertex -32.694 31.5722 11.4
      vertex -33.7759 30.412 11.4
    endloop
  endfacet
  facet normal 0.731359 -0.681993 0
    outer loop
      vertex -33.553 30.2112 11.1
      vertex -32.4782 31.3638 10.7
      vertex -32.4782 31.3638 11.1
    endloop
  endfacet
  facet normal 0.731359 -0.681993 0
    outer loop
      vertex -32.4782 31.3638 10.7
      vertex -33.553 30.2112 11.1
      vertex -33.553 30.2112 10.7
    endloop
  endfacet
  facet normal 0.517177 -0.482274 -0.707064
    outer loop
      vertex -32.694 31.5722 10.4
      vertex -33.553 30.2112 10.7
      vertex -33.7759 30.412 10.4
    endloop
  endfacet
  facet normal 0.517188 -0.482278 -0.707053
    outer loop
      vertex -32.694 31.5722 10.4
      vertex -32.4782 31.3638 10.7
      vertex -33.553 30.2112 10.7
    endloop
  endfacet
  facet normal 0.731355 -0.681997 0
    outer loop
      vertex -33.7759 30.412 10.4
      vertex -32.694 31.5722 8
      vertex -32.694 31.5722 10.4
    endloop
  endfacet
  facet normal 0.731355 -0.681997 0
    outer loop
      vertex -32.694 31.5722 8
      vertex -33.7759 30.412 10.4
      vertex -33.7759 30.412 8
    endloop
  endfacet
  facet normal 0.731361 -0.681991 0
    outer loop
      vertex -31.9552 28.7726 8
      vertex -30.9316 29.8703 0
      vertex -30.9316 29.8703 8
    endloop
  endfacet
  facet normal 0.731361 -0.681991 0
    outer loop
      vertex -30.9316 29.8703 0
      vertex -31.9552 28.7726 8
      vertex -31.9552 28.7726 0
    endloop
  endfacet
  facet normal -0.731344 0.682009 0
    outer loop
      vertex -35.5595 32.0179 0
      vertex -34.4204 33.2394 14
      vertex -34.4204 33.2394 0
    endloop
  endfacet
  facet normal -0.731344 0.682009 0
    outer loop
      vertex -34.4204 33.2394 14
      vertex -35.5595 32.0179 0
      vertex -35.5595 32.0179 14
    endloop
  endfacet
  facet normal 0.500038 -0.500038 0.707053
    outer loop
      vertex -31.989 33.1256 14
      vertex -32.694 31.5722 13.4
      vertex -31.5722 32.694 13.4
    endloop
  endfacet
  facet normal 0.500038 -0.500038 0.707053
    outer loop
      vertex -32.694 31.5722 13.4
      vertex -31.989 33.1256 14
      vertex -33.1256 31.989 14
    endloop
  endfacet
  facet normal 0.707107 -0.707107 0
    outer loop
      vertex -32.694 31.5722 13.4
      vertex -31.5722 32.694 11.4
      vertex -31.5722 32.694 13.4
    endloop
  endfacet
  facet normal 0.707107 -0.707107 0
    outer loop
      vertex -31.5722 32.694 11.4
      vertex -32.694 31.5722 13.4
      vertex -32.694 31.5722 11.4
    endloop
  endfacet
  facet normal 0.500038 -0.500038 0.707053
    outer loop
      vertex -31.5722 32.694 11.4
      vertex -32.4782 31.3638 11.1
      vertex -31.3638 32.4782 11.1
    endloop
  endfacet
  facet normal 0.500038 -0.500038 0.707053
    outer loop
      vertex -32.4782 31.3638 11.1
      vertex -31.5722 32.694 11.4
      vertex -32.694 31.5722 11.4
    endloop
  endfacet
  facet normal 0.707107 -0.707107 0
    outer loop
      vertex -32.4782 31.3638 11.1
      vertex -31.3638 32.4782 10.7
      vertex -31.3638 32.4782 11.1
    endloop
  endfacet
  facet normal 0.707107 -0.707107 0
    outer loop
      vertex -31.3638 32.4782 10.7
      vertex -32.4782 31.3638 11.1
      vertex -32.4782 31.3638 10.7
    endloop
  endfacet
  facet normal 0.500038 -0.500038 -0.707053
    outer loop
      vertex -32.4782 31.3638 10.7
      vertex -31.5722 32.694 10.4
      vertex -31.3638 32.4782 10.7
    endloop
  endfacet
  facet normal 0.500038 -0.500038 -0.707053
    outer loop
      vertex -31.5722 32.694 10.4
      vertex -32.4782 31.3638 10.7
      vertex -32.694 31.5722 10.4
    endloop
  endfacet
  facet normal 0.707107 -0.707107 0
    outer loop
      vertex -32.694 31.5722 10.4
      vertex -31.5722 32.694 8
      vertex -31.5722 32.694 10.4
    endloop
  endfacet
  facet normal 0.707107 -0.707107 0
    outer loop
      vertex -31.5722 32.694 8
      vertex -32.694 31.5722 10.4
      vertex -32.694 31.5722 8
    endloop
  endfacet
  facet normal 0.707107 -0.707107 0
    outer loop
      vertex -30.9316 29.8703 8
      vertex -29.8703 30.9316 0
      vertex -29.8703 30.9316 8
    endloop
  endfacet
  facet normal 0.707107 -0.707107 0
    outer loop
      vertex -29.8703 30.9316 0
      vertex -30.9316 29.8703 8
      vertex -30.9316 29.8703 0
    endloop
  endfacet
  facet normal -0.707107 0.707107 0
    outer loop
      vertex -34.4204 33.2394 0
      vertex -33.2394 34.4204 14
      vertex -33.2394 34.4204 0
    endloop
  endfacet
  facet normal -0.707107 0.707107 0
    outer loop
      vertex -33.2394 34.4204 14
      vertex -34.4204 33.2394 0
      vertex -34.4204 33.2394 14
    endloop
  endfacet
  facet normal 0.482281 -0.517185 0.707053
    outer loop
      vertex -31.5722 32.694 13.4
      vertex -30.412 33.7759 13.4
      vertex -31.989 33.1256 14
    endloop
  endfacet
  facet normal 0.482279 -0.517168 0.707067
    outer loop
      vertex -30.412 33.7759 13.4
      vertex -30.8135 34.2218 14
      vertex -31.989 33.1256 14
    endloop
  endfacet
  facet normal 0.681997 -0.731355 0
    outer loop
      vertex -31.5722 32.694 11.4
      vertex -30.412 33.7759 13.4
      vertex -31.5722 32.694 13.4
    endloop
  endfacet
  facet normal 0.681997 -0.731355 0
    outer loop
      vertex -30.412 33.7759 13.4
      vertex -31.5722 32.694 11.4
      vertex -30.412 33.7759 11.4
    endloop
  endfacet
  facet normal 0.482278 -0.517188 0.707053
    outer loop
      vertex -31.3638 32.4782 11.1
      vertex -30.2112 33.553 11.1
      vertex -31.5722 32.694 11.4
    endloop
  endfacet
  facet normal 0.482274 -0.517177 0.707064
    outer loop
      vertex -30.2112 33.553 11.1
      vertex -30.412 33.7759 11.4
      vertex -31.5722 32.694 11.4
    endloop
  endfacet
  facet normal 0.681993 -0.731359 0
    outer loop
      vertex -31.3638 32.4782 10.7
      vertex -30.2112 33.553 11.1
      vertex -31.3638 32.4782 11.1
    endloop
  endfacet
  facet normal 0.681993 -0.731359 0
    outer loop
      vertex -30.2112 33.553 11.1
      vertex -31.3638 32.4782 10.7
      vertex -30.2112 33.553 10.7
    endloop
  endfacet
  facet normal 0.482281 -0.517185 -0.707053
    outer loop
      vertex -30.412 33.7759 10.4
      vertex -31.3638 32.4782 10.7
      vertex -31.5722 32.694 10.4
    endloop
  endfacet
  facet normal 0.482271 -0.51718 -0.707064
    outer loop
      vertex -30.412 33.7759 10.4
      vertex -30.2112 33.553 10.7
      vertex -31.3638 32.4782 10.7
    endloop
  endfacet
  facet normal 0.681997 -0.731355 0
    outer loop
      vertex -31.5722 32.694 8
      vertex -30.412 33.7759 10.4
      vertex -31.5722 32.694 10.4
    endloop
  endfacet
  facet normal 0.681997 -0.731355 0
    outer loop
      vertex -30.412 33.7759 10.4
      vertex -31.5722 32.694 8
      vertex -30.412 33.7759 8
    endloop
  endfacet
  facet normal 0.681991 -0.731361 0
    outer loop
      vertex -29.8703 30.9316 0
      vertex -28.7726 31.9552 8
      vertex -29.8703 30.9316 8
    endloop
  endfacet
  facet normal 0.681991 -0.731361 0
    outer loop
      vertex -28.7726 31.9552 8
      vertex -29.8703 30.9316 0
      vertex -28.7726 31.9552 0
    endloop
  endfacet
  facet normal -0.682009 0.731344 0
    outer loop
      vertex -32.0179 35.5595 0
      vertex -33.2394 34.4204 14
      vertex -32.0179 35.5595 14
    endloop
  endfacet
  facet normal -0.682009 0.731344 0
    outer loop
      vertex -33.2394 34.4204 14
      vertex -32.0179 35.5595 0
      vertex -33.2394 34.4204 0
    endloop
  endfacet
  facet normal 0.463931 -0.53369 0.707067
    outer loop
      vertex -30.412 33.7759 13.4
      vertex -29.2147 34.8167 13.4
      vertex -30.8135 34.2218 14
    endloop
  endfacet
  facet normal 0.463932 -0.533709 0.707052
    outer loop
      vertex -29.2147 34.8167 13.4
      vertex -29.6004 35.2763 14
      vertex -30.8135 34.2218 14
    endloop
  endfacet
  facet normal 0.65606 -0.754709 0
    outer loop
      vertex -30.412 33.7759 11.4
      vertex -29.2147 34.8167 13.4
      vertex -30.412 33.7759 13.4
    endloop
  endfacet
  facet normal 0.65606 -0.754709 0
    outer loop
      vertex -29.2147 34.8167 13.4
      vertex -30.412 33.7759 11.4
      vertex -29.2147 34.8167 11.4
    endloop
  endfacet
  facet normal 0.463948 -0.533682 0.707061
    outer loop
      vertex -30.2112 33.553 11.1
      vertex -29.0219 34.5869 11.1
      vertex -30.412 33.7759 11.4
    endloop
  endfacet
  facet normal 0.463966 -0.53373 0.707013
    outer loop
      vertex -29.0219 34.5869 11.1
      vertex -29.2147 34.8167 11.4
      vertex -30.412 33.7759 11.4
    endloop
  endfacet
  facet normal 0.65608 -0.754692 0
    outer loop
      vertex -30.2112 33.553 10.7
      vertex -29.0219 34.5869 11.1
      vertex -30.2112 33.553 11.1
    endloop
  endfacet
  facet normal 0.65608 -0.754692 0
    outer loop
      vertex -29.0219 34.5869 11.1
      vertex -30.2112 33.553 10.7
      vertex -29.0219 34.5869 10.7
    endloop
  endfacet
  facet normal 0.463934 -0.533694 -0.707061
    outer loop
      vertex -29.2147 34.8167 10.4
      vertex -30.2112 33.553 10.7
      vertex -30.412 33.7759 10.4
    endloop
  endfacet
  facet normal 0.46398 -0.533718 -0.707013
    outer loop
      vertex -29.2147 34.8167 10.4
      vertex -29.0219 34.5869 10.7
      vertex -30.2112 33.553 10.7
    endloop
  endfacet
  facet normal 0.65606 -0.754709 0
    outer loop
      vertex -30.412 33.7759 8
      vertex -29.2147 34.8167 10.4
      vertex -30.412 33.7759 10.4
    endloop
  endfacet
  facet normal 0.65606 -0.754709 0
    outer loop
      vertex -29.2147 34.8167 10.4
      vertex -30.412 33.7759 8
      vertex -29.2147 34.8167 8
    endloop
  endfacet
  facet normal 0.656081 -0.75469 0
    outer loop
      vertex -28.7726 31.9552 0
      vertex -27.6399 32.9399 8
      vertex -28.7726 31.9552 8
    endloop
  endfacet
  facet normal 0.656081 -0.75469 0
    outer loop
      vertex -27.6399 32.9399 8
      vertex -28.7726 31.9552 0
      vertex -27.6399 32.9399 0
    endloop
  endfacet
  facet normal -0.656047 0.75472 0
    outer loop
      vertex -30.7574 36.6552 0
      vertex -32.0179 35.5595 14
      vertex -30.7574 36.6552 14
    endloop
  endfacet
  facet normal -0.656047 0.75472 0
    outer loop
      vertex -32.0179 35.5595 14
      vertex -30.7574 36.6552 0
      vertex -32.0179 35.5595 0
    endloop
  endfacet
  facet normal 0.445037 -0.549565 0.707051
    outer loop
      vertex -29.2147 34.8167 13.4
      vertex -27.9818 35.8151 13.4
      vertex -29.6004 35.2763 14
    endloop
  endfacet
  facet normal 0.445036 -0.549565 0.707051
    outer loop
      vertex -27.9818 35.8151 13.4
      vertex -28.3512 36.2879 14
      vertex -29.6004 35.2763 14
    endloop
  endfacet
  facet normal 0.629327 -0.777141 0
    outer loop
      vertex -29.2147 34.8167 11.4
      vertex -27.9818 35.8151 13.4
      vertex -29.2147 34.8167 13.4
    endloop
  endfacet
  facet normal 0.629327 -0.777141 0
    outer loop
      vertex -27.9818 35.8151 13.4
      vertex -29.2147 34.8167 11.4
      vertex -27.9818 35.8151 11.4
    endloop
  endfacet
  facet normal 0.445049 -0.549603 0.707014
    outer loop
      vertex -29.0219 34.5869 11.1
      vertex -27.7971 35.5787 11.1
      vertex -29.2147 34.8167 11.4
    endloop
  endfacet
  facet normal 0.445036 -0.549565 0.707051
    outer loop
      vertex -27.7971 35.5787 11.1
      vertex -27.9818 35.8151 11.4
      vertex -29.2147 34.8167 11.4
    endloop
  endfacet
  facet normal 0.629311 -0.777153 0
    outer loop
      vertex -29.0219 34.5869 10.7
      vertex -27.7971 35.5787 11.1
      vertex -29.0219 34.5869 11.1
    endloop
  endfacet
  facet normal 0.629311 -0.777153 0
    outer loop
      vertex -27.7971 35.5787 11.1
      vertex -29.0219 34.5869 10.7
      vertex -27.7971 35.5787 10.7
    endloop
  endfacet
  facet normal 0.44506 -0.549594 -0.707014
    outer loop
      vertex -27.9818 35.8151 10.4
      vertex -29.0219 34.5869 10.7
      vertex -29.2147 34.8167 10.4
    endloop
  endfacet
  facet normal 0.445025 -0.549574 -0.707051
    outer loop
      vertex -27.9818 35.8151 10.4
      vertex -27.7971 35.5787 10.7
      vertex -29.0219 34.5869 10.7
    endloop
  endfacet
  facet normal 0.629327 -0.777141 0
    outer loop
      vertex -29.2147 34.8167 8
      vertex -27.9818 35.8151 10.4
      vertex -29.2147 34.8167 10.4
    endloop
  endfacet
  facet normal 0.629327 -0.777141 0
    outer loop
      vertex -27.9818 35.8151 10.4
      vertex -29.2147 34.8167 8
      vertex -27.9818 35.8151 8
    endloop
  endfacet
  facet normal 0.629315 -0.77715 0
    outer loop
      vertex -27.6399 32.9399 0
      vertex -26.4734 33.8845 8
      vertex -27.6399 32.9399 8
    endloop
  endfacet
  facet normal 0.629315 -0.77715 0
    outer loop
      vertex -26.4734 33.8845 8
      vertex -27.6399 32.9399 0
      vertex -26.4734 33.8845 0
    endloop
  endfacet
  facet normal -0.629321 0.777146 0
    outer loop
      vertex -29.4594 37.7063 0
      vertex -30.7574 36.6552 14
      vertex -29.4594 37.7063 14
    endloop
  endfacet
  facet normal -0.629321 0.777146 0
    outer loop
      vertex -30.7574 36.6552 14
      vertex -29.4594 37.7063 0
      vertex -30.7574 36.6552 0
    endloop
  endfacet
  facet normal 0.425566 -0.564777 0.707051
    outer loop
      vertex -27.9818 35.8151 13.4
      vertex -26.7148 36.7698 13.4
      vertex -28.3512 36.2879 14
    endloop
  endfacet
  facet normal 0.425566 -0.564767 0.707058
    outer loop
      vertex -26.7148 36.7698 13.4
      vertex -27.0675 37.2552 14
      vertex -28.3512 36.2879 14
    endloop
  endfacet
  facet normal 0.601794 -0.798652 0
    outer loop
      vertex -27.9818 35.8151 11.4
      vertex -26.7148 36.7698 13.4
      vertex -27.9818 35.8151 13.4
    endloop
  endfacet
  facet normal 0.601794 -0.798652 0
    outer loop
      vertex -26.7148 36.7698 13.4
      vertex -27.9818 35.8151 11.4
      vertex -26.7148 36.7698 11.4
    endloop
  endfacet
  facet normal 0.425574 -0.56477 0.707051
    outer loop
      vertex -27.7971 35.5787 11.1
      vertex -26.5385 36.5271 11.1
      vertex -27.9818 35.8151 11.4
    endloop
  endfacet
  facet normal 0.425583 -0.564799 0.707023
    outer loop
      vertex -26.5385 36.5271 11.1
      vertex -26.7148 36.7698 11.4
      vertex -27.9818 35.8151 11.4
    endloop
  endfacet
  facet normal 0.601806 -0.798643 0
    outer loop
      vertex -27.7971 35.5787 10.7
      vertex -26.5385 36.5271 11.1
      vertex -27.7971 35.5787 11.1
    endloop
  endfacet
  facet normal 0.601806 -0.798643 0
    outer loop
      vertex -26.5385 36.5271 11.1
      vertex -27.7971 35.5787 10.7
      vertex -26.5385 36.5271 10.7
    endloop
  endfacet
  facet normal 0.425566 -0.564777 -0.707051
    outer loop
      vertex -26.7148 36.7698 10.4
      vertex -27.7971 35.5787 10.7
      vertex -27.9818 35.8151 10.4
    endloop
  endfacet
  facet normal 0.425591 -0.564793 -0.707023
    outer loop
      vertex -26.7148 36.7698 10.4
      vertex -26.5385 36.5271 10.7
      vertex -27.7971 35.5787 10.7
    endloop
  endfacet
  facet normal 0.601794 -0.798652 0
    outer loop
      vertex -27.9818 35.8151 8
      vertex -26.7148 36.7698 10.4
      vertex -27.9818 35.8151 10.4
    endloop
  endfacet
  facet normal 0.601794 -0.798652 0
    outer loop
      vertex -26.7148 36.7698 10.4
      vertex -27.9818 35.8151 8
      vertex -26.7148 36.7698 8
    endloop
  endfacet
  facet normal 0.601811 -0.798639 0
    outer loop
      vertex -26.4734 33.8845 0
      vertex -25.2748 34.7877 8
      vertex -26.4734 33.8845 8
    endloop
  endfacet
  facet normal 0.601811 -0.798639 0
    outer loop
      vertex -25.2748 34.7877 8
      vertex -26.4734 33.8845 0
      vertex -25.2748 34.7877 0
    endloop
  endfacet
  facet normal -0.601828 0.798626 0
    outer loop
      vertex -28.1255 38.7115 0
      vertex -29.4594 37.7063 14
      vertex -28.1255 38.7115 14
    endloop
  endfacet
  facet normal -0.601828 0.798626 0
    outer loop
      vertex -29.4594 37.7063 14
      vertex -28.1255 38.7115 0
      vertex -29.4594 37.7063 0
    endloop
  endfacet
  facet normal 0.405632 -0.579251 0.707058
    outer loop
      vertex -26.7148 36.7698 13.4
      vertex -25.4153 37.6798 13.4
      vertex -27.0675 37.2552 14
    endloop
  endfacet
  facet normal 0.405631 -0.579278 0.707037
    outer loop
      vertex -25.4153 37.6798 13.4
      vertex -25.7508 38.1772 14
      vertex -27.0675 37.2552 14
    endloop
  endfacet
  facet normal 0.57361 -0.819128 0
    outer loop
      vertex -26.7148 36.7698 11.4
      vertex -25.4153 37.6798 13.4
      vertex -26.7148 36.7698 13.4
    endloop
  endfacet
  facet normal 0.57361 -0.819128 0
    outer loop
      vertex -25.4153 37.6798 13.4
      vertex -26.7148 36.7698 11.4
      vertex -25.4153 37.6798 11.4
    endloop
  endfacet
  facet normal 0.405628 -0.579295 0.707024
    outer loop
      vertex -26.5385 36.5271 11.1
      vertex -25.2476 37.431 11.1
      vertex -26.7148 36.7698 11.4
    endloop
  endfacet
  facet normal 0.405608 -0.579217 0.707099
    outer loop
      vertex -25.2476 37.431 11.1
      vertex -25.4153 37.6798 11.4
      vertex -26.7148 36.7698 11.4
    endloop
  endfacet
  facet normal 0.573577 -0.819151 0
    outer loop
      vertex -26.5385 36.5271 10.7
      vertex -25.2476 37.431 11.1
      vertex -26.5385 36.5271 11.1
    endloop
  endfacet
  facet normal 0.573577 -0.819151 0
    outer loop
      vertex -25.2476 37.431 11.1
      vertex -26.5385 36.5271 10.7
      vertex -25.2476 37.431 10.7
    endloop
  endfacet
  facet normal 0.405651 -0.579279 -0.707024
    outer loop
      vertex -25.4153 37.6798 10.4
      vertex -26.5385 36.5271 10.7
      vertex -26.7148 36.7698 10.4
    endloop
  endfacet
  facet normal 0.405585 -0.579234 -0.707099
    outer loop
      vertex -25.4153 37.6798 10.4
      vertex -25.2476 37.431 10.7
      vertex -26.5385 36.5271 10.7
    endloop
  endfacet
  facet normal 0.57361 -0.819128 0
    outer loop
      vertex -26.7148 36.7698 8
      vertex -25.4153 37.6798 10.4
      vertex -26.7148 36.7698 10.4
    endloop
  endfacet
  facet normal 0.57361 -0.819128 0
    outer loop
      vertex -25.4153 37.6798 10.4
      vertex -26.7148 36.7698 8
      vertex -25.4153 37.6798 8
    endloop
  endfacet
  facet normal 0.573574 -0.819154 0
    outer loop
      vertex -25.2748 34.7877 0
      vertex -24.0453 35.6486 8
      vertex -25.2748 34.7877 8
    endloop
  endfacet
  facet normal 0.573574 -0.819154 0
    outer loop
      vertex -24.0453 35.6486 8
      vertex -25.2748 34.7877 0
      vertex -24.0453 35.6486 0
    endloop
  endfacet
  facet normal -0.573555 0.819167 0
    outer loop
      vertex -26.7574 39.6694 0
      vertex -28.1255 38.7115 14
      vertex -26.7574 39.6694 14
    endloop
  endfacet
  facet normal -0.573555 0.819167 0
    outer loop
      vertex -28.1255 38.7115 14
      vertex -26.7574 39.6694 0
      vertex -28.1255 38.7115 0
    endloop
  endfacet
  facet normal 0.385145 -0.593096 0.707037
    outer loop
      vertex -25.4153 37.6798 13.4
      vertex -24.0848 38.5438 13.4
      vertex -25.7508 38.1772 14
    endloop
  endfacet
  facet normal 0.385146 -0.593074 0.707054
    outer loop
      vertex -24.0848 38.5438 13.4
      vertex -24.4028 39.0526 14
      vertex -25.7508 38.1772 14
    endloop
  endfacet
  facet normal 0.544623 -0.838681 0
    outer loop
      vertex -25.4153 37.6798 11.4
      vertex -24.0848 38.5438 13.4
      vertex -25.4153 37.6798 13.4
    endloop
  endfacet
  facet normal 0.544623 -0.838681 0
    outer loop
      vertex -24.0848 38.5438 13.4
      vertex -25.4153 37.6798 11.4
      vertex -24.0848 38.5438 11.4
    endloop
  endfacet
  facet normal 0.385124 -0.59303 0.707104
    outer loop
      vertex -25.2476 37.431 11.1
      vertex -23.9258 38.2894 11.1
      vertex -25.4153 37.6798 11.4
    endloop
  endfacet
  facet normal 0.385135 -0.593081 0.707054
    outer loop
      vertex -23.9258 38.2894 11.1
      vertex -24.0848 38.5438 11.4
      vertex -25.4153 37.6798 11.4
    endloop
  endfacet
  facet normal 0.544645 -0.838667 0
    outer loop
      vertex -25.2476 37.431 10.7
      vertex -23.9258 38.2894 11.1
      vertex -25.2476 37.431 11.1
    endloop
  endfacet
  facet normal 0.544645 -0.838667 0
    outer loop
      vertex -23.9258 38.2894 11.1
      vertex -25.2476 37.431 10.7
      vertex -23.9258 38.2894 10.7
    endloop
  endfacet
  facet normal 0.385108 -0.59304 -0.707103
    outer loop
      vertex -24.0848 38.5438 10.4
      vertex -25.2476 37.431 10.7
      vertex -25.4153 37.6798 10.4
    endloop
  endfacet
  facet normal 0.385151 -0.593071 -0.707054
    outer loop
      vertex -24.0848 38.5438 10.4
      vertex -23.9258 38.2894 10.7
      vertex -25.2476 37.431 10.7
    endloop
  endfacet
  facet normal 0.544623 -0.838681 0
    outer loop
      vertex -25.4153 37.6798 8
      vertex -24.0848 38.5438 10.4
      vertex -25.4153 37.6798 10.4
    endloop
  endfacet
  facet normal 0.544623 -0.838681 0
    outer loop
      vertex -24.0848 38.5438 10.4
      vertex -25.4153 37.6798 8
      vertex -24.0848 38.5438 8
    endloop
  endfacet
  facet normal 0.544651 -0.838663 0
    outer loop
      vertex -24.0453 35.6486 0
      vertex -22.7865 36.4661 8
      vertex -24.0453 35.6486 8
    endloop
  endfacet
  facet normal 0.544651 -0.838663 0
    outer loop
      vertex -22.7865 36.4661 8
      vertex -24.0453 35.6486 0
      vertex -22.7865 36.4661 0
    endloop
  endfacet
  facet normal -0.544643 0.838668 0
    outer loop
      vertex -25.3566 40.5791 0
      vertex -26.7574 39.6694 14
      vertex -25.3566 40.5791 14
    endloop
  endfacet
  facet normal -0.544643 0.838668 0
    outer loop
      vertex -26.7574 39.6694 14
      vertex -25.3566 40.5791 0
      vertex -26.7574 39.6694 0
    endloop
  endfacet
  facet normal 0.364252 -0.60624 0.706961
    outer loop
      vertex -23.247 39.2649 13.5867
      vertex -24.0848 38.5438 13.4
      vertex -23.1536 39.1033 13.4
    endloop
  endfacet
  facet normal 0.364178 -0.606178 0.707053
    outer loop
      vertex -24.0848 38.5438 13.4
      vertex -23.247 39.2649 13.5867
      vertex -24.4028 39.0526 14
    endloop
  endfacet
  facet normal 0.364182 -0.606139 0.707084
    outer loop
      vertex -23.247 39.2649 13.5867
      vertex -23.4536 39.6229 14
      vertex -24.4028 39.0526 14
    endloop
  endfacet
  facet normal 0.515024 -0.857176 0
    outer loop
      vertex -24.0848 38.5438 11.4
      vertex -23.1536 39.1033 13.4
      vertex -24.0848 38.5438 13.4
    endloop
  endfacet
  facet normal 0.515024 -0.857176 0
    outer loop
      vertex -23.1536 39.1033 13.4
      vertex -24.0848 38.5438 11.4
      vertex -23.1536 39.1033 11.4
    endloop
  endfacet
  facet normal 0.364251 -0.60623 0.70697
    outer loop
      vertex -23.0509 38.9254 11.1946
      vertex -23.9258 38.2894 11.1
      vertex -23.0036 38.8435 11.1
    endloop
  endfacet
  facet normal 0.364196 -0.606167 0.707053
    outer loop
      vertex -23.9258 38.2894 11.1
      vertex -23.0509 38.9254 11.1946
      vertex -24.0848 38.5438 11.4
    endloop
  endfacet
  facet normal 0.36419 -0.606138 0.70708
    outer loop
      vertex -23.0509 38.9254 11.1946
      vertex -23.1536 39.1033 11.4
      vertex -24.0848 38.5438 11.4
    endloop
  endfacet
  facet normal 0.515029 -0.857173 0
    outer loop
      vertex -23.9258 38.2894 10.7
      vertex -23.0036 38.8435 11.1
      vertex -23.9258 38.2894 11.1
    endloop
  endfacet
  facet normal 0.515029 -0.857173 0
    outer loop
      vertex -23.0036 38.8435 11.1
      vertex -23.9258 38.2894 10.7
      vertex -23.0036 38.8435 10.7
    endloop
  endfacet
  facet normal 0.364226 -0.606148 -0.707053
    outer loop
      vertex -24.0848 38.5438 10.4
      vertex -23.106 39.0209 10.4952
      vertex -23.9258 38.2894 10.7
    endloop
  endfacet
  facet normal 0.364279 -0.606286 -0.706908
    outer loop
      vertex -23.106 39.0209 10.4952
      vertex -24.0848 38.5438 10.4
      vertex -23.1536 39.1033 10.4
    endloop
  endfacet
  facet normal 0.364179 -0.606111 -0.707109
    outer loop
      vertex -23.106 39.0209 10.4952
      vertex -23.0036 38.8435 10.7
      vertex -23.9258 38.2894 10.7
    endloop
  endfacet
  facet normal 0.515024 -0.857176 0
    outer loop
      vertex -24.0848 38.5438 10.4
      vertex -23.1536 39.1033 8.8
      vertex -23.1536 39.1033 10.4
    endloop
  endfacet
  facet normal 0.515024 -0.857176 0
    outer loop
      vertex -24.0848 38.5438 8
      vertex -23.1536 39.1033 8.8
      vertex -24.0848 38.5438 10.4
    endloop
  endfacet
  facet normal 0.515061 -0.857153 -5.94265e-05
    outer loop
      vertex -22.725 39.3609 8
      vertex -23.1536 39.1033 8.8
      vertex -24.0848 38.5438 8
    endloop
  endfacet
  facet normal 0.515143 -0.857104 0
    outer loop
      vertex -23.1536 39.1033 8.8
      vertex -22.725 39.3609 8
      vertex -22.725 39.3609 8.8
    endloop
  endfacet
  facet normal 0.515035 -0.857169 0
    outer loop
      vertex -22.7865 36.4661 0
      vertex -21.5 37.2391 8
      vertex -22.7865 36.4661 8
    endloop
  endfacet
  facet normal 0.515035 -0.857169 0
    outer loop
      vertex -21.5 37.2391 8
      vertex -22.7865 36.4661 0
      vertex -21.5 37.2391 0
    endloop
  endfacet
  facet normal -0.515143 0.857104 0
    outer loop
      vertex -23.925 41.4393 8.8
      vertex -23.925 41.4393 0
      vertex -24.3536 41.1817 8.8
    endloop
  endfacet
  facet normal -0.514998 0.857191 0
    outer loop
      vertex -24.3536 41.1817 8.8
      vertex -25.3566 40.5791 14
      vertex -24.3536 41.1817 14
    endloop
  endfacet
  facet normal -0.515042 0.857165 6.69779e-06
    outer loop
      vertex -25.3566 40.5791 0
      vertex -24.3536 41.1817 8.8
      vertex -23.925 41.4393 0
    endloop
  endfacet
  facet normal -0.514998 0.857191 0
    outer loop
      vertex -24.3536 41.1817 8.8
      vertex -25.3566 40.5791 0
      vertex -25.3566 40.5791 14
    endloop
  endfacet
  facet normal 0.342872 -0.618497 0.707037
    outer loop
      vertex -22.2876 39.6033 13.4
      vertex -21.3375 40.13 13.4
      vertex -22.4931 39.9591 13.8109
    endloop
  endfacet
  facet normal 0.342869 -0.618515 0.707022
    outer loop
      vertex -21.6192 40.6597 14
      vertex -22.4931 39.9591 13.8109
      vertex -21.3375 40.13 13.4
    endloop
  endfacet
  facet normal 0.342836 -0.618485 0.707064
    outer loop
      vertex -22.4931 39.9591 13.8109
      vertex -21.6192 40.6597 14
      vertex -22.5876 40.1229 14
    endloop
  endfacet
  facet normal 0.484846 -0.8746 0
    outer loop
      vertex -22.2876 39.6033 11.4
      vertex -21.3375 40.13 13.4
      vertex -22.2876 39.6033 13.4
    endloop
  endfacet
  facet normal 0.484846 -0.8746 0
    outer loop
      vertex -21.3375 40.13 13.4
      vertex -22.2876 39.6033 11.4
      vertex -21.3375 40.13 11.4
    endloop
  endfacet
  facet normal 0.342808 -0.618448 0.70711
    outer loop
      vertex -22.1376 39.3435 11.1
      vertex -21.1966 39.8651 11.1
      vertex -22.24 39.5209 11.3048
    endloop
  endfacet
  facet normal 0.342809 -0.618456 0.707103
    outer loop
      vertex -21.3375 40.13 11.4
      vertex -22.24 39.5209 11.3048
      vertex -21.1966 39.8651 11.1
    endloop
  endfacet
  facet normal 0.342935 -0.618612 0.706905
    outer loop
      vertex -22.24 39.5209 11.3048
      vertex -21.3375 40.13 11.4
      vertex -22.2876 39.6033 11.4
    endloop
  endfacet
  facet normal 0.484806 -0.874622 0
    outer loop
      vertex -22.1376 39.3435 10.7
      vertex -21.1966 39.8651 11.1
      vertex -22.1376 39.3435 11.1
    endloop
  endfacet
  facet normal 0.484806 -0.874622 0
    outer loop
      vertex -21.1966 39.8651 11.1
      vertex -22.1376 39.3435 10.7
      vertex -21.1966 39.8651 10.7
    endloop
  endfacet
  facet normal 0.34285 -0.618458 -0.707081
    outer loop
      vertex -21.3375 40.13 10.4
      vertex -22.1849 39.4254 10.6054
      vertex -22.2876 39.6033 10.4
    endloop
  endfacet
  facet normal 0.342877 -0.618572 -0.706968
    outer loop
      vertex -22.1849 39.4254 10.6054
      vertex -21.1966 39.8651 10.7
      vertex -22.1376 39.3435 10.7
    endloop
  endfacet
  facet normal 0.342833 -0.618443 -0.707102
    outer loop
      vertex -21.1966 39.8651 10.7
      vertex -22.1849 39.4254 10.6054
      vertex -21.3375 40.13 10.4
    endloop
  endfacet
  facet normal 0.484726 -0.874666 0
    outer loop
      vertex -22.725 39.3609 8.8
      vertex -22.725 39.3609 8
      vertex -22.2876 39.6033 8.8
    endloop
  endfacet
  facet normal 0.484846 -0.8746 0
    outer loop
      vertex -22.2876 39.6033 8.8
      vertex -21.3375 40.13 10.4
      vertex -22.2876 39.6033 10.4
    endloop
  endfacet
  facet normal 0.484808 -0.874621 -5.8576e-05
    outer loop
      vertex -21.3375 40.13 8
      vertex -22.2876 39.6033 8.8
      vertex -22.725 39.3609 8
    endloop
  endfacet
  facet normal 0.484846 -0.8746 0
    outer loop
      vertex -22.2876 39.6033 8.8
      vertex -21.3375 40.13 8
      vertex -21.3375 40.13 10.4
    endloop
  endfacet
  facet normal 0.484788 -0.874631 0
    outer loop
      vertex -21.5 37.2391 0
      vertex -20.1873 37.9667 8
      vertex -21.5 37.2391 8
    endloop
  endfacet
  facet normal 0.484788 -0.874631 0
    outer loop
      vertex -20.1873 37.9667 8
      vertex -21.5 37.2391 0
      vertex -20.1873 37.9667 0
    endloop
  endfacet
  facet normal -0.484823 0.874612 0
    outer loop
      vertex -22.4642 42.249 14
      vertex -23.4876 41.6817 8.8
      vertex -23.4876 41.6817 14
    endloop
  endfacet
  facet normal -0.484823 0.874612 0
    outer loop
      vertex -22.4642 42.249 0
      vertex -23.4876 41.6817 8.8
      vertex -22.4642 42.249 14
    endloop
  endfacet
  facet normal -0.484794 0.874629 4.41293e-06
    outer loop
      vertex -23.925 41.4393 0
      vertex -23.4876 41.6817 8.8
      vertex -22.4642 42.249 0
    endloop
  endfacet
  facet normal -0.484726 0.874666 0
    outer loop
      vertex -23.4876 41.6817 8.8
      vertex -23.925 41.4393 0
      vertex -23.925 41.4393 8.8
    endloop
  endfacet
  facet normal 0.321053 -0.630115 0.707021
    outer loop
      vertex -21.3375 40.13 13.4
      vertex -19.924 40.8502 13.4
      vertex -21.6192 40.6597 14
    endloop
  endfacet
  facet normal 0.321062 -0.630069 0.707059
    outer loop
      vertex -19.924 40.8502 13.4
      vertex -20.187 41.3895 14
      vertex -21.6192 40.6597 14
    endloop
  endfacet
  facet normal 0.453983 -0.89101 0
    outer loop
      vertex -21.3375 40.13 11.4
      vertex -19.924 40.8502 13.4
      vertex -21.3375 40.13 13.4
    endloop
  endfacet
  facet normal 0.453983 -0.89101 0
    outer loop
      vertex -19.924 40.8502 13.4
      vertex -21.3375 40.13 11.4
      vertex -19.924 40.8502 11.4
    endloop
  endfacet
  facet normal 0.321014 -0.630047 0.707101
    outer loop
      vertex -21.1966 39.8651 11.1
      vertex -19.7925 40.5805 11.1
      vertex -21.3375 40.13 11.4
    endloop
  endfacet
  facet normal 0.321012 -0.630035 0.707112
    outer loop
      vertex -19.7925 40.5805 11.1
      vertex -19.924 40.8502 11.4
      vertex -21.3375 40.13 11.4
    endloop
  endfacet
  facet normal 0.453978 -0.891013 0
    outer loop
      vertex -21.1966 39.8651 10.7
      vertex -19.7925 40.5805 11.1
      vertex -21.1966 39.8651 11.1
    endloop
  endfacet
  facet normal 0.453978 -0.891013 0
    outer loop
      vertex -19.7925 40.5805 11.1
      vertex -21.1966 39.8651 10.7
      vertex -19.7925 40.5805 10.7
    endloop
  endfacet
  facet normal 0.321017 -0.630045 -0.707101
    outer loop
      vertex -19.924 40.8502 10.4
      vertex -21.1966 39.8651 10.7
      vertex -21.3375 40.13 10.4
    endloop
  endfacet
  facet normal 0.321009 -0.630037 -0.707112
    outer loop
      vertex -19.924 40.8502 10.4
      vertex -19.7925 40.5805 10.7
      vertex -21.1966 39.8651 10.7
    endloop
  endfacet
  facet normal 0.453983 -0.89101 0
    outer loop
      vertex -21.3375 40.13 8
      vertex -19.924 40.8502 10.4
      vertex -21.3375 40.13 10.4
    endloop
  endfacet
  facet normal 0.453983 -0.89101 0
    outer loop
      vertex -19.924 40.8502 10.4
      vertex -21.3375 40.13 8
      vertex -19.924 40.8502 8
    endloop
  endfacet
  facet normal 0.453997 -0.891003 0
    outer loop
      vertex -20.1873 37.9667 0
      vertex -18.85 38.6481 8
      vertex -20.1873 37.9667 8
    endloop
  endfacet
  facet normal 0.453997 -0.891003 0
    outer loop
      vertex -18.85 38.6481 8
      vertex -20.1873 37.9667 0
      vertex -18.85 38.6481 0
    endloop
  endfacet
  facet normal -0.454026 0.890988 0
    outer loop
      vertex -20.9761 43.0073 0
      vertex -22.4642 42.249 14
      vertex -20.9761 43.0073 14
    endloop
  endfacet
  facet normal -0.454026 0.890988 0
    outer loop
      vertex -22.4642 42.249 14
      vertex -20.9761 43.0073 0
      vertex -22.4642 42.249 0
    endloop
  endfacet
  facet normal 0.298835 -0.640909 0.70706
    outer loop
      vertex -19.924 40.8502 13.4
      vertex -18.4862 41.5206 13.4
      vertex -20.187 41.3895 14
    endloop
  endfacet
  facet normal 0.298841 -0.640882 0.707081
    outer loop
      vertex -18.4862 41.5206 13.4
      vertex -18.7302 42.0688 14
      vertex -20.187 41.3895 14
    endloop
  endfacet
  facet normal 0.422589 -0.906322 0
    outer loop
      vertex -19.924 40.8502 11.4
      vertex -18.4862 41.5206 13.4
      vertex -19.924 40.8502 13.4
    endloop
  endfacet
  facet normal 0.422589 -0.906322 0
    outer loop
      vertex -18.4862 41.5206 13.4
      vertex -19.924 40.8502 11.4
      vertex -18.4862 41.5206 11.4
    endloop
  endfacet
  facet normal 0.29886 -0.640838 0.707114
    outer loop
      vertex -19.7925 40.5805 11.1
      vertex -18.3642 41.2466 11.1
      vertex -19.924 40.8502 11.4
    endloop
  endfacet
  facet normal 0.298871 -0.640986 0.706975
    outer loop
      vertex -18.3642 41.2466 11.1
      vertex -18.4862 41.5206 11.4
      vertex -19.924 40.8502 11.4
    endloop
  endfacet
  facet normal 0.422656 -0.90629 0
    outer loop
      vertex -19.7925 40.5805 10.7
      vertex -18.3642 41.2466 11.1
      vertex -19.7925 40.5805 11.1
    endloop
  endfacet
  facet normal 0.422656 -0.90629 0
    outer loop
      vertex -18.3642 41.2466 11.1
      vertex -19.7925 40.5805 10.7
      vertex -18.3642 41.2466 10.7
    endloop
  endfacet
  facet normal 0.298813 -0.64086 -0.707113
    outer loop
      vertex -18.4862 41.5206 10.4
      vertex -19.7925 40.5805 10.7
      vertex -19.924 40.8502 10.4
    endloop
  endfacet
  facet normal 0.298919 -0.640964 -0.706974
    outer loop
      vertex -18.4862 41.5206 10.4
      vertex -18.3642 41.2466 10.7
      vertex -19.7925 40.5805 10.7
    endloop
  endfacet
  facet normal 0.422589 -0.906322 0
    outer loop
      vertex -19.924 40.8502 8
      vertex -18.4862 41.5206 10.4
      vertex -19.924 40.8502 10.4
    endloop
  endfacet
  facet normal 0.422589 -0.906322 0
    outer loop
      vertex -18.4862 41.5206 10.4
      vertex -19.924 40.8502 8
      vertex -18.4862 41.5206 8
    endloop
  endfacet
  facet normal 0.422663 -0.906287 0
    outer loop
      vertex -18.85 38.6481 0
      vertex -17.4897 39.2825 8
      vertex -18.85 38.6481 8
    endloop
  endfacet
  facet normal 0.422663 -0.906287 0
    outer loop
      vertex -17.4897 39.2825 8
      vertex -18.85 38.6481 0
      vertex -17.4897 39.2825 0
    endloop
  endfacet
  facet normal -0.422571 0.90633 0
    outer loop
      vertex -19.4623 43.7131 0
      vertex -20.9761 43.0073 14
      vertex -19.4623 43.7131 14
    endloop
  endfacet
  facet normal -0.422571 0.90633 0
    outer loop
      vertex -20.9761 43.0073 14
      vertex -19.4623 43.7131 0
      vertex -20.9761 43.0073 0
    endloop
  endfacet
  facet normal 0.276313 -0.650911 0.707083
    outer loop
      vertex -18.4862 41.5206 13.4
      vertex -17.0259 42.1405 13.4
      vertex -18.7302 42.0688 14
    endloop
  endfacet
  facet normal 0.276298 -0.650972 0.707033
    outer loop
      vertex -17.0259 42.1405 13.4
      vertex -17.2506 42.6968 14
      vertex -18.7302 42.0688 14
    endloop
  endfacet
  facet normal 0.390752 -0.920496 0
    outer loop
      vertex -18.4862 41.5206 11.4
      vertex -17.0259 42.1405 13.4
      vertex -18.4862 41.5206 13.4
    endloop
  endfacet
  facet normal 0.390752 -0.920496 0
    outer loop
      vertex -17.0259 42.1405 13.4
      vertex -18.4862 41.5206 11.4
      vertex -17.0259 42.1405 11.4
    endloop
  endfacet
  facet normal 0.276308 -0.651031 0.706974
    outer loop
      vertex -18.3642 41.2466 11.1
      vertex -16.9135 41.8623 11.1
      vertex -18.4862 41.5206 11.4
    endloop
  endfacet
  facet normal 0.276302 -0.650886 0.70711
    outer loop
      vertex -16.9135 41.8623 11.1
      vertex -17.0259 42.1405 11.4
      vertex -18.4862 41.5206 11.4
    endloop
  endfacet
  facet normal 0.390685 -0.920524 0
    outer loop
      vertex -18.3642 41.2466 10.7
      vertex -16.9135 41.8623 11.1
      vertex -18.3642 41.2466 11.1
    endloop
  endfacet
  facet normal 0.390685 -0.920524 0
    outer loop
      vertex -16.9135 41.8623 11.1
      vertex -18.3642 41.2466 10.7
      vertex -16.9135 41.8623 10.7
    endloop
  endfacet
  facet normal 0.276355 -0.651011 -0.706974
    outer loop
      vertex -17.0259 42.1405 10.4
      vertex -18.3642 41.2466 10.7
      vertex -18.4862 41.5206 10.4
    endloop
  endfacet
  facet normal 0.276255 -0.650906 -0.70711
    outer loop
      vertex -17.0259 42.1405 10.4
      vertex -16.9135 41.8623 10.7
      vertex -18.3642 41.2466 10.7
    endloop
  endfacet
  facet normal 0.390752 -0.920496 0
    outer loop
      vertex -18.4862 41.5206 8
      vertex -17.0259 42.1405 10.4
      vertex -18.4862 41.5206 10.4
    endloop
  endfacet
  facet normal 0.390752 -0.920496 0
    outer loop
      vertex -17.0259 42.1405 10.4
      vertex -18.4862 41.5206 8
      vertex -17.0259 42.1405 8
    endloop
  endfacet
  facet normal 0.3907 -0.920518 0
    outer loop
      vertex -17.4897 39.2825 0
      vertex -16.1081 39.8689 8
      vertex -17.4897 39.2825 8
    endloop
  endfacet
  facet normal 0.3907 -0.920518 0
    outer loop
      vertex -16.1081 39.8689 8
      vertex -17.4897 39.2825 0
      vertex -16.1081 39.8689 0
    endloop
  endfacet
  facet normal -0.390737 0.920502 0
    outer loop
      vertex -17.9249 44.3657 0
      vertex -19.4623 43.7131 14
      vertex -17.9249 44.3657 14
    endloop
  endfacet
  facet normal -0.390737 0.920502 0
    outer loop
      vertex -19.4623 43.7131 14
      vertex -17.9249 44.3657 0
      vertex -19.4623 43.7131 0
    endloop
  endfacet
  facet normal 0.253415 -0.660215 0.707034
    outer loop
      vertex -17.0259 42.1405 13.4
      vertex -15.5448 42.709 13.4
      vertex -17.2506 42.6968 14
    endloop
  endfacet
  facet normal 0.253418 -0.660205 0.707042
    outer loop
      vertex -15.5448 42.709 13.4
      vertex -15.75 43.2728 14
      vertex -17.2506 42.6968 14
    endloop
  endfacet
  facet normal 0.358345 -0.933589 0
    outer loop
      vertex -17.0259 42.1405 11.4
      vertex -15.5448 42.709 13.4
      vertex -17.0259 42.1405 13.4
    endloop
  endfacet
  facet normal 0.358345 -0.933589 0
    outer loop
      vertex -15.5448 42.709 13.4
      vertex -17.0259 42.1405 11.4
      vertex -15.5448 42.709 11.4
    endloop
  endfacet
  facet normal 0.253411 -0.660135 0.70711
    outer loop
      vertex -16.9135 41.8623 11.1
      vertex -15.4422 42.4271 11.1
      vertex -17.0259 42.1405 11.4
    endloop
  endfacet
  facet normal 0.253412 -0.660208 0.707042
    outer loop
      vertex -15.4422 42.4271 11.1
      vertex -15.5448 42.709 11.4
      vertex -17.0259 42.1405 11.4
    endloop
  endfacet
  facet normal 0.358379 -0.933576 0
    outer loop
      vertex -16.9135 41.8623 10.7
      vertex -15.4422 42.4271 11.1
      vertex -16.9135 41.8623 11.1
    endloop
  endfacet
  facet normal 0.358379 -0.933576 0
    outer loop
      vertex -15.4422 42.4271 11.1
      vertex -16.9135 41.8623 10.7
      vertex -15.4422 42.4271 10.7
    endloop
  endfacet
  facet normal 0.253387 -0.660144 -0.70711
    outer loop
      vertex -15.5448 42.709 10.4
      vertex -16.9135 41.8623 10.7
      vertex -17.0259 42.1405 10.4
    endloop
  endfacet
  facet normal 0.253436 -0.660199 -0.707042
    outer loop
      vertex -15.5448 42.709 10.4
      vertex -15.4422 42.4271 10.7
      vertex -16.9135 41.8623 10.7
    endloop
  endfacet
  facet normal 0.358345 -0.933589 0
    outer loop
      vertex -17.0259 42.1405 8
      vertex -15.5448 42.709 10.4
      vertex -17.0259 42.1405 10.4
    endloop
  endfacet
  facet normal 0.358345 -0.933589 0
    outer loop
      vertex -15.5448 42.709 10.4
      vertex -17.0259 42.1405 8
      vertex -15.5448 42.709 8
    endloop
  endfacet
  facet normal 0.358385 -0.933574 0
    outer loop
      vertex -16.1081 39.8689 0
      vertex -14.7069 40.4068 8
      vertex -16.1081 39.8689 8
    endloop
  endfacet
  facet normal 0.358385 -0.933574 0
    outer loop
      vertex -14.7069 40.4068 8
      vertex -16.1081 39.8689 0
      vertex -14.7069 40.4068 0
    endloop
  endfacet
  facet normal -0.358409 0.933565 0
    outer loop
      vertex -16.3657 44.9643 0
      vertex -17.9249 44.3657 14
      vertex -16.3657 44.9643 14
    endloop
  endfacet
  facet normal -0.358409 0.933565 0
    outer loop
      vertex -17.9249 44.3657 14
      vertex -16.3657 44.9643 0
      vertex -17.9249 44.3657 0
    endloop
  endfacet
  facet normal 0.230236 -0.668643 0.707042
    outer loop
      vertex -15.5448 42.709 13.4
      vertex -14.0448 43.2255 13.4
      vertex -15.75 43.2728 14
    endloop
  endfacet
  facet normal 0.230232 -0.668654 0.707032
    outer loop
      vertex -14.0448 43.2255 13.4
      vertex -14.2302 43.7961 14
      vertex -15.75 43.2728 14
    endloop
  endfacet
  facet normal 0.325573 -0.945517 0
    outer loop
      vertex -15.5448 42.709 11.4
      vertex -14.0448 43.2255 13.4
      vertex -15.5448 42.709 13.4
    endloop
  endfacet
  facet normal 0.325573 -0.945517 0
    outer loop
      vertex -14.0448 43.2255 13.4
      vertex -15.5448 42.709 11.4
      vertex -14.0448 43.2255 11.4
    endloop
  endfacet
  facet normal 0.23024 -0.668641 0.707042
    outer loop
      vertex -15.4422 42.4271 11.1
      vertex -13.9521 42.9402 11.1
      vertex -15.5448 42.709 11.4
    endloop
  endfacet
  facet normal 0.230239 -0.668652 0.707032
    outer loop
      vertex -13.9521 42.9402 11.1
      vertex -14.0448 43.2255 11.4
      vertex -15.5448 42.709 11.4
    endloop
  endfacet
  facet normal 0.325578 -0.945515 0
    outer loop
      vertex -15.4422 42.4271 10.7
      vertex -13.9521 42.9402 11.1
      vertex -15.4422 42.4271 11.1
    endloop
  endfacet
  facet normal 0.325578 -0.945515 0
    outer loop
      vertex -13.9521 42.9402 11.1
      vertex -15.4422 42.4271 10.7
      vertex -13.9521 42.9402 10.7
    endloop
  endfacet
  facet normal 0.230236 -0.668643 -0.707042
    outer loop
      vertex -14.0448 43.2255 10.4
      vertex -15.4422 42.4271 10.7
      vertex -15.5448 42.709 10.4
    endloop
  endfacet
  facet normal 0.230243 -0.668651 -0.707032
    outer loop
      vertex -14.0448 43.2255 10.4
      vertex -13.9521 42.9402 10.7
      vertex -15.4422 42.4271 10.7
    endloop
  endfacet
  facet normal 0.325573 -0.945517 0
    outer loop
      vertex -15.5448 42.709 8
      vertex -14.0448 43.2255 10.4
      vertex -15.5448 42.709 10.4
    endloop
  endfacet
  facet normal 0.325573 -0.945517 0
    outer loop
      vertex -14.0448 43.2255 10.4
      vertex -15.5448 42.709 8
      vertex -14.0448 43.2255 8
    endloop
  endfacet
  facet normal 0.325527 -0.945533 0
    outer loop
      vertex -14.7069 40.4068 0
      vertex -13.2877 40.8954 8
      vertex -14.7069 40.4068 8
    endloop
  endfacet
  facet normal 0.325527 -0.945533 0
    outer loop
      vertex -13.2877 40.8954 8
      vertex -14.7069 40.4068 0
      vertex -13.2877 40.8954 0
    endloop
  endfacet
  facet normal -0.325535 0.94553 0
    outer loop
      vertex -14.7865 45.508 0
      vertex -16.3657 44.9643 14
      vertex -14.7865 45.508 14
    endloop
  endfacet
  facet normal -0.325535 0.94553 0
    outer loop
      vertex -16.3657 44.9643 14
      vertex -14.7865 45.508 0
      vertex -16.3657 44.9643 0
    endloop
  endfacet
  facet normal 0.20675 -0.676284 0.707032
    outer loop
      vertex -14.0448 43.2255 13.4
      vertex -12.5277 43.6893 13.4
      vertex -14.2302 43.7961 14
    endloop
  endfacet
  facet normal 0.206771 -0.676228 0.70708
    outer loop
      vertex -12.5277 43.6893 13.4
      vertex -12.6931 44.2661 14
      vertex -14.2302 43.7961 14
    endloop
  endfacet
  facet normal 0.292358 -0.956309 0
    outer loop
      vertex -14.0448 43.2255 11.4
      vertex -12.5277 43.6893 13.4
      vertex -14.0448 43.2255 13.4
    endloop
  endfacet
  facet normal 0.292358 -0.956309 0
    outer loop
      vertex -12.5277 43.6893 13.4
      vertex -14.0448 43.2255 11.4
      vertex -12.5277 43.6893 11.4
    endloop
  endfacet
  facet normal 0.206773 -0.676277 0.707032
    outer loop
      vertex -13.9521 42.9402 11.1
      vertex -12.445 43.401 11.1
      vertex -14.0448 43.2255 11.4
    endloop
  endfacet
  facet normal 0.206769 -0.676346 0.706968
    outer loop
      vertex -12.445 43.401 11.1
      vertex -12.5277 43.6893 11.4
      vertex -14.0448 43.2255 11.4
    endloop
  endfacet
  facet normal 0.292391 -0.956299 0
    outer loop
      vertex -13.9521 42.9402 10.7
      vertex -12.445 43.401 11.1
      vertex -13.9521 42.9402 11.1
    endloop
  endfacet
  facet normal 0.292391 -0.956299 0
    outer loop
      vertex -12.445 43.401 11.1
      vertex -13.9521 42.9402 10.7
      vertex -12.445 43.401 10.7
    endloop
  endfacet
  facet normal 0.20675 -0.676284 -0.707032
    outer loop
      vertex -12.5277 43.6893 10.4
      vertex -13.9521 42.9402 10.7
      vertex -14.0448 43.2255 10.4
    endloop
  endfacet
  facet normal 0.206792 -0.676339 -0.706967
    outer loop
      vertex -12.5277 43.6893 10.4
      vertex -12.445 43.401 10.7
      vertex -13.9521 42.9402 10.7
    endloop
  endfacet
  facet normal 0.292358 -0.956309 0
    outer loop
      vertex -14.0448 43.2255 8
      vertex -12.5277 43.6893 10.4
      vertex -14.0448 43.2255 10.4
    endloop
  endfacet
  facet normal 0.292358 -0.956309 0
    outer loop
      vertex -12.5277 43.6893 10.4
      vertex -14.0448 43.2255 8
      vertex -12.5277 43.6893 8
    endloop
  endfacet
  facet normal 0.292423 -0.956289 0
    outer loop
      vertex -13.2877 40.8954 0
      vertex -11.8524 41.3343 8
      vertex -13.2877 40.8954 8
    endloop
  endfacet
  facet normal 0.292423 -0.956289 0
    outer loop
      vertex -11.8524 41.3343 8
      vertex -13.2877 40.8954 0
      vertex -11.8524 41.3343 0
    endloop
  endfacet
  facet normal -0.292403 0.956295 0
    outer loop
      vertex -13.1892 45.9964 0
      vertex -14.7865 45.508 14
      vertex -13.1892 45.9964 14
    endloop
  endfacet
  facet normal -0.292403 0.956295 0
    outer loop
      vertex -14.7865 45.508 14
      vertex -13.1892 45.9964 0
      vertex -14.7865 45.508 0
    endloop
  endfacet
  facet normal 0.183017 -0.683039 0.70708
    outer loop
      vertex -12.5277 43.6893 13.4
      vertex -10.9953 44.0999 13.4
      vertex -12.6931 44.2661 14
    endloop
  endfacet
  facet normal 0.183014 -0.683047 0.707073
    outer loop
      vertex -10.9953 44.0999 13.4
      vertex -11.1405 44.6821 14
      vertex -12.6931 44.2661 14
    endloop
  endfacet
  facet normal 0.258816 -0.965927 0
    outer loop
      vertex -12.5277 43.6893 11.4
      vertex -10.9953 44.0999 13.4
      vertex -12.5277 43.6893 13.4
    endloop
  endfacet
  facet normal 0.258816 -0.965927 0
    outer loop
      vertex -10.9953 44.0999 13.4
      vertex -12.5277 43.6893 11.4
      vertex -10.9953 44.0999 11.4
    endloop
  endfacet
  facet normal 0.183019 -0.683157 0.706966
    outer loop
      vertex -12.445 43.401 11.1
      vertex -10.9228 43.8088 11.1
      vertex -12.5277 43.6893 11.4
    endloop
  endfacet
  facet normal 0.183027 -0.683075 0.707042
    outer loop
      vertex -10.9228 43.8088 11.1
      vertex -10.9953 44.0999 11.4
      vertex -12.5277 43.6893 11.4
    endloop
  endfacet
  facet normal 0.258776 -0.965937 0
    outer loop
      vertex -12.445 43.401 10.7
      vertex -10.9228 43.8088 11.1
      vertex -12.445 43.401 11.1
    endloop
  endfacet
  facet normal 0.258776 -0.965937 0
    outer loop
      vertex -10.9228 43.8088 11.1
      vertex -12.445 43.401 10.7
      vertex -10.9228 43.8088 10.7
    endloop
  endfacet
  facet normal 0.183047 -0.683149 -0.706966
    outer loop
      vertex -10.9953 44.0999 10.4
      vertex -12.445 43.401 10.7
      vertex -12.5277 43.6893 10.4
    endloop
  endfacet
  facet normal 0.182999 -0.683083 -0.707043
    outer loop
      vertex -10.9953 44.0999 10.4
      vertex -10.9228 43.8088 10.7
      vertex -12.445 43.401 10.7
    endloop
  endfacet
  facet normal 0.258816 -0.965927 0
    outer loop
      vertex -12.5277 43.6893 8
      vertex -10.9953 44.0999 10.4
      vertex -12.5277 43.6893 10.4
    endloop
  endfacet
  facet normal 0.258816 -0.965927 0
    outer loop
      vertex -10.9953 44.0999 10.4
      vertex -12.5277 43.6893 8
      vertex -10.9953 44.0999 8
    endloop
  endfacet
  facet normal 0.258774 -0.965938 0
    outer loop
      vertex -11.8524 41.3343 0
      vertex -10.4026 41.7227 8
      vertex -11.8524 41.3343 8
    endloop
  endfacet
  facet normal 0.258774 -0.965938 0
    outer loop
      vertex -10.4026 41.7227 8
      vertex -11.8524 41.3343 0
      vertex -10.4026 41.7227 0
    endloop
  endfacet
  facet normal -0.258788 0.965934 0
    outer loop
      vertex -11.576 46.4286 0
      vertex -13.1892 45.9964 14
      vertex -11.576 46.4286 14
    endloop
  endfacet
  facet normal -0.258788 0.965934 0
    outer loop
      vertex -13.1892 45.9964 14
      vertex -11.576 46.4286 0
      vertex -13.1892 45.9964 0
    endloop
  endfacet
  facet normal 0.15909 -0.689013 0.707072
    outer loop
      vertex -10.9953 44.0999 13.4
      vertex -9.44958 44.4568 13.4
      vertex -11.1405 44.6821 14
    endloop
  endfacet
  facet normal 0.159084 -0.689027 0.70706
    outer loop
      vertex -9.44958 44.4568 13.4
      vertex -9.57433 45.0437 14
      vertex -11.1405 44.6821 14
    endloop
  endfacet
  facet normal 0.224976 -0.974364 0
    outer loop
      vertex -10.9953 44.0999 11.4
      vertex -9.44958 44.4568 13.4
      vertex -10.9953 44.0999 13.4
    endloop
  endfacet
  facet normal 0.224976 -0.974364 0
    outer loop
      vertex -9.44958 44.4568 13.4
      vertex -10.9953 44.0999 11.4
      vertex -9.44958 44.4568 11.4
    endloop
  endfacet
  facet normal 0.159113 -0.689035 0.707046
    outer loop
      vertex -10.9228 43.8088 11.1
      vertex -9.38721 44.1634 11.1
      vertex -10.9953 44.0999 11.4
    endloop
  endfacet
  facet normal 0.159106 -0.689083 0.707001
    outer loop
      vertex -9.38721 44.1634 11.1
      vertex -9.44958 44.4568 11.4
      vertex -10.9953 44.0999 11.4
    endloop
  endfacet
  facet normal 0.225 -0.974359 0
    outer loop
      vertex -10.9228 43.8088 10.7
      vertex -9.38721 44.1634 11.1
      vertex -10.9228 43.8088 11.1
    endloop
  endfacet
  facet normal 0.225 -0.974359 0
    outer loop
      vertex -9.38721 44.1634 11.1
      vertex -10.9228 43.8088 10.7
      vertex -9.38721 44.1634 10.7
    endloop
  endfacet
  facet normal 0.159096 -0.689039 -0.707046
    outer loop
      vertex -9.44958 44.4568 10.4
      vertex -10.9228 43.8088 10.7
      vertex -10.9953 44.0999 10.4
    endloop
  endfacet
  facet normal 0.159123 -0.689079 -0.707001
    outer loop
      vertex -9.44958 44.4568 10.4
      vertex -9.38721 44.1634 10.7
      vertex -10.9228 43.8088 10.7
    endloop
  endfacet
  facet normal 0.224976 -0.974364 0
    outer loop
      vertex -10.9953 44.0999 8
      vertex -9.44958 44.4568 10.4
      vertex -10.9953 44.0999 10.4
    endloop
  endfacet
  facet normal 0.224976 -0.974364 0
    outer loop
      vertex -9.44958 44.4568 10.4
      vertex -10.9953 44.0999 8
      vertex -9.44958 44.4568 8
    endloop
  endfacet
  facet normal 0.224937 -0.974373 0
    outer loop
      vertex -10.4026 41.7227 0
      vertex -8.9402 42.0603 8
      vertex -10.4026 41.7227 8
    endloop
  endfacet
  facet normal 0.224937 -0.974373 0
    outer loop
      vertex -8.9402 42.0603 8
      vertex -10.4026 41.7227 0
      vertex -8.9402 42.0603 0
    endloop
  endfacet
  facet normal -0.224995 0.97436 0
    outer loop
      vertex -9.94857 46.8044 0
      vertex -11.576 46.4286 14
      vertex -9.94857 46.8044 14
    endloop
  endfacet
  facet normal -0.224995 0.97436 0
    outer loop
      vertex -11.576 46.4286 14
      vertex -9.94857 46.8044 0
      vertex -11.576 46.4286 0
    endloop
  endfacet
  facet normal 0.13493 -0.694162 0.70706
    outer loop
      vertex -9.44958 44.4568 13.4
      vertex -7.89231 44.7595 13.4
      vertex -9.57433 45.0437 14
    endloop
  endfacet
  facet normal 0.134931 -0.694159 0.707062
    outer loop
      vertex -7.89231 44.7595 13.4
      vertex -7.9965 45.3504 14
      vertex -9.57433 45.0437 14
    endloop
  endfacet
  facet normal 0.190807 -0.981627 0
    outer loop
      vertex -9.44958 44.4568 11.4
      vertex -7.89231 44.7595 13.4
      vertex -9.44958 44.4568 13.4
    endloop
  endfacet
  facet normal 0.190807 -0.981627 0
    outer loop
      vertex -7.89231 44.7595 13.4
      vertex -9.44958 44.4568 11.4
      vertex -7.89231 44.7595 11.4
    endloop
  endfacet
  facet normal 0.13494 -0.69422 0.707001
    outer loop
      vertex -9.38721 44.1634 11.1
      vertex -7.84021 44.4641 11.1
      vertex -9.44958 44.4568 11.4
    endloop
  endfacet
  facet normal 0.134941 -0.694215 0.707005
    outer loop
      vertex -7.84021 44.4641 11.1
      vertex -7.89231 44.7595 11.4
      vertex -9.44958 44.4568 11.4
    endloop
  endfacet
  facet normal 0.190805 -0.981628 0
    outer loop
      vertex -9.38721 44.1634 10.7
      vertex -7.84021 44.4641 11.1
      vertex -9.38721 44.1634 11.1
    endloop
  endfacet
  facet normal 0.190805 -0.981628 0
    outer loop
      vertex -7.84021 44.4641 11.1
      vertex -9.38721 44.1634 10.7
      vertex -7.84021 44.4641 10.7
    endloop
  endfacet
  facet normal 0.134941 -0.694219 -0.707001
    outer loop
      vertex -7.89231 44.7595 10.4
      vertex -9.38721 44.1634 10.7
      vertex -9.44958 44.4568 10.4
    endloop
  endfacet
  facet normal 0.134939 -0.694215 -0.707005
    outer loop
      vertex -7.89231 44.7595 10.4
      vertex -7.84021 44.4641 10.7
      vertex -9.38721 44.1634 10.7
    endloop
  endfacet
  facet normal 0.190807 -0.981627 0
    outer loop
      vertex -9.44958 44.4568 8
      vertex -7.89231 44.7595 10.4
      vertex -9.44958 44.4568 10.4
    endloop
  endfacet
  facet normal 0.190807 -0.981627 0
    outer loop
      vertex -7.89231 44.7595 10.4
      vertex -9.44958 44.4568 8
      vertex -7.89231 44.7595 8
    endloop
  endfacet
  facet normal 0.190818 -0.981625 0
    outer loop
      vertex -8.9402 42.0603 0
      vertex -7.46687 42.3467 8
      vertex -8.9402 42.0603 8
    endloop
  endfacet
  facet normal 0.190818 -0.981625 0
    outer loop
      vertex -7.46687 42.3467 8
      vertex -8.9402 42.0603 0
      vertex -7.46687 42.3467 0
    endloop
  endfacet
  facet normal -0.190758 0.981637 0
    outer loop
      vertex -8.30906 47.123 0
      vertex -9.94857 46.8044 14
      vertex -8.30906 47.123 14
    endloop
  endfacet
  facet normal -0.190758 0.981637 0
    outer loop
      vertex -9.94857 46.8044 14
      vertex -8.30906 47.123 0
      vertex -9.94857 46.8044 0
    endloop
  endfacet
  facet normal 0.110635 -0.698443 0.707062
    outer loop
      vertex -7.89231 44.7595 13.4
      vertex -6.32542 45.0077 13.4
      vertex -7.9965 45.3504 14
    endloop
  endfacet
  facet normal 0.110609 -0.698493 0.707017
    outer loop
      vertex -6.32542 45.0077 13.4
      vertex -6.40892 45.6018 14
      vertex -7.9965 45.3504 14
    endloop
  endfacet
  facet normal 0.156452 -0.987686 0
    outer loop
      vertex -7.89231 44.7595 11.4
      vertex -6.32542 45.0077 13.4
      vertex -7.89231 44.7595 13.4
    endloop
  endfacet
  facet normal 0.156452 -0.987686 0
    outer loop
      vertex -6.32542 45.0077 13.4
      vertex -7.89231 44.7595 11.4
      vertex -6.32542 45.0077 11.4
    endloop
  endfacet
  facet normal 0.110617 -0.698504 0.707005
    outer loop
      vertex -7.84021 44.4641 11.1
      vertex -6.28366 44.7106 11.1
      vertex -7.89231 44.7595 11.4
    endloop
  endfacet
  facet normal 0.110633 -0.698428 0.707077
    outer loop
      vertex -6.28366 44.7106 11.1
      vertex -6.32542 45.0077 11.4
      vertex -7.89231 44.7595 11.4
    endloop
  endfacet
  facet normal 0.156414 -0.987692 0
    outer loop
      vertex -7.84021 44.4641 10.7
      vertex -6.28366 44.7106 11.1
      vertex -7.84021 44.4641 11.1
    endloop
  endfacet
  facet normal 0.156414 -0.987692 0
    outer loop
      vertex -6.28366 44.7106 11.1
      vertex -7.84021 44.4641 10.7
      vertex -6.28366 44.7106 10.7
    endloop
  endfacet
  facet normal 0.110644 -0.6985 -0.707005
    outer loop
      vertex -6.32542 45.0077 10.4
      vertex -7.84021 44.4641 10.7
      vertex -7.89231 44.7595 10.4
    endloop
  endfacet
  facet normal 0.110606 -0.698433 -0.707077
    outer loop
      vertex -6.32542 45.0077 10.4
      vertex -6.28366 44.7106 10.7
      vertex -7.84021 44.4641 10.7
    endloop
  endfacet
  facet normal 0.156452 -0.987686 0
    outer loop
      vertex -7.89231 44.7595 8
      vertex -6.32542 45.0077 10.4
      vertex -7.89231 44.7595 10.4
    endloop
  endfacet
  facet normal 0.156452 -0.987686 0
    outer loop
      vertex -6.32542 45.0077 10.4
      vertex -7.89231 44.7595 8
      vertex -6.32542 45.0077 8
    endloop
  endfacet
  facet normal 0.156438 -0.987688 0
    outer loop
      vertex -7.46687 42.3467 0
      vertex -5.98444 42.5815 8
      vertex -7.46687 42.3467 8
    endloop
  endfacet
  facet normal 0.156438 -0.987688 0
    outer loop
      vertex -5.98444 42.5815 8
      vertex -7.46687 42.3467 0
      vertex -5.98444 42.5815 0
    endloop
  endfacet
  facet normal -0.156449 0.987686 0
    outer loop
      vertex -6.65943 47.3843 0
      vertex -8.30906 47.123 14
      vertex -6.65943 47.3843 14
    endloop
  endfacet
  facet normal -0.156449 0.987686 0
    outer loop
      vertex -8.30906 47.123 14
      vertex -6.65943 47.3843 0
      vertex -8.30906 47.123 0
    endloop
  endfacet
  facet normal 0.0861695 -0.701927 0.707017
    outer loop
      vertex -6.32542 45.0077 13.4
      vertex -4.75082 45.201 13.4
      vertex -6.40892 45.6018 14
    endloop
  endfacet
  facet normal 0.0861869 -0.701897 0.707045
    outer loop
      vertex -4.75082 45.201 13.4
      vertex -4.81353 45.7977 14
      vertex -6.40892 45.6018 14
    endloop
  endfacet
  facet normal 0.121847 -0.992549 0
    outer loop
      vertex -6.32542 45.0077 11.4
      vertex -4.75082 45.201 13.4
      vertex -6.32542 45.0077 13.4
    endloop
  endfacet
  facet normal 0.121847 -0.992549 0
    outer loop
      vertex -4.75082 45.201 13.4
      vertex -6.32542 45.0077 11.4
      vertex -4.75082 45.201 11.4
    endloop
  endfacet
  facet normal 0.0861961 -0.701863 0.707077
    outer loop
      vertex -6.28366 44.7106 11.1
      vertex -4.71946 44.9027 11.1
      vertex -6.32542 45.0077 11.4
    endloop
  endfacet
  facet normal 0.0861732 -0.701957 0.706987
    outer loop
      vertex -4.71946 44.9027 11.1
      vertex -4.75082 45.201 11.4
      vertex -6.32542 45.0077 11.4
    endloop
  endfacet
  facet normal 0.121895 -0.992543 0
    outer loop
      vertex -6.28366 44.7106 10.7
      vertex -4.71946 44.9027 11.1
      vertex -6.28366 44.7106 11.1
    endloop
  endfacet
  facet normal 0.121895 -0.992543 0
    outer loop
      vertex -4.71946 44.9027 11.1
      vertex -6.28366 44.7106 10.7
      vertex -4.71946 44.9027 10.7
    endloop
  endfacet
  facet normal 0.0861622 -0.701868 -0.707077
    outer loop
      vertex -4.75082 45.201 10.4
      vertex -6.28366 44.7106 10.7
      vertex -6.32542 45.0077 10.4
    endloop
  endfacet
  facet normal 0.0862071 -0.701953 -0.706987
    outer loop
      vertex -4.75082 45.201 10.4
      vertex -4.71946 44.9027 10.7
      vertex -6.28366 44.7106 10.7
    endloop
  endfacet
  facet normal 0.121847 -0.992549 0
    outer loop
      vertex -6.32542 45.0077 8
      vertex -4.75082 45.201 10.4
      vertex -6.32542 45.0077 10.4
    endloop
  endfacet
  facet normal 0.121847 -0.992549 0
    outer loop
      vertex -4.75082 45.201 10.4
      vertex -6.32542 45.0077 8
      vertex -4.75082 45.201 8
    endloop
  endfacet
  facet normal 0.12186 -0.992547 0
    outer loop
      vertex -5.98444 42.5815 0
      vertex -4.49472 42.7644 8
      vertex -5.98444 42.5815 8
    endloop
  endfacet
  facet normal 0.12186 -0.992547 0
    outer loop
      vertex -4.49472 42.7644 8
      vertex -5.98444 42.5815 0
      vertex -4.49472 42.7644 0
    endloop
  endfacet
  facet normal -0.121902 0.992542 0
    outer loop
      vertex -5.00169 47.5879 0
      vertex -6.65943 47.3843 14
      vertex -5.00169 47.5879 14
    endloop
  endfacet
  facet normal -0.121902 0.992542 0
    outer loop
      vertex -6.65943 47.3843 14
      vertex -5.00169 47.5879 0
      vertex -6.65943 47.3843 0
    endloop
  endfacet
  facet normal 0.0616488 -0.704476 0.707045
    outer loop
      vertex -4.75082 45.201 13.4
      vertex -3.17043 45.3393 13.4
      vertex -4.81353 45.7977 14
    endloop
  endfacet
  facet normal 0.0616389 -0.704492 0.70703
    outer loop
      vertex -3.17043 45.3393 13.4
      vertex -3.21228 45.9378 14
      vertex -4.81353 45.7977 14
    endloop
  endfacet
  facet normal 0.0871769 -0.996193 0
    outer loop
      vertex -4.75082 45.201 11.4
      vertex -3.17043 45.3393 13.4
      vertex -4.75082 45.201 13.4
    endloop
  endfacet
  facet normal 0.0871769 -0.996193 0
    outer loop
      vertex -3.17043 45.3393 13.4
      vertex -4.75082 45.201 11.4
      vertex -3.17043 45.3393 11.4
    endloop
  endfacet
  facet normal 0.061615 -0.704538 0.706986
    outer loop
      vertex -4.71946 44.9027 11.1
      vertex -3.1495 45.04 11.1
      vertex -4.75082 45.201 11.4
    endloop
  endfacet
  facet normal 0.0616449 -0.704432 0.707089
    outer loop
      vertex -3.1495 45.04 11.1
      vertex -3.17043 45.3393 11.4
      vertex -4.75082 45.201 11.4
    endloop
  endfacet
  facet normal 0.0871219 -0.996198 0
    outer loop
      vertex -4.71946 44.9027 10.7
      vertex -3.1495 45.04 11.1
      vertex -4.71946 44.9027 11.1
    endloop
  endfacet
  facet normal 0.0871219 -0.996198 0
    outer loop
      vertex -3.1495 45.04 11.1
      vertex -4.71946 44.9027 10.7
      vertex -3.1495 45.04 10.7
    endloop
  endfacet
  facet normal 0.0616538 -0.704534 -0.706987
    outer loop
      vertex -3.17043 45.3393 10.4
      vertex -4.71946 44.9027 10.7
      vertex -4.75082 45.201 10.4
    endloop
  endfacet
  facet normal 0.061606 -0.704435 -0.70709
    outer loop
      vertex -3.17043 45.3393 10.4
      vertex -3.1495 45.04 10.7
      vertex -4.71946 44.9027 10.7
    endloop
  endfacet
  facet normal 0.0871769 -0.996193 0
    outer loop
      vertex -4.75082 45.201 8
      vertex -3.17043 45.3393 10.4
      vertex -4.75082 45.201 10.4
    endloop
  endfacet
  facet normal 0.0871769 -0.996193 0
    outer loop
      vertex -3.17043 45.3393 10.4
      vertex -4.75082 45.201 8
      vertex -3.17043 45.3393 8
    endloop
  endfacet
  facet normal 0.0872138 -0.99619 0
    outer loop
      vertex -4.49472 42.7644 0
      vertex -2.99953 42.8953 8
      vertex -4.49472 42.7644 8
    endloop
  endfacet
  facet normal 0.0872138 -0.99619 0
    outer loop
      vertex -2.99953 42.8953 8
      vertex -4.49472 42.7644 0
      vertex -2.99953 42.8953 0
    endloop
  endfacet
  facet normal -0.0871159 0.996198 0
    outer loop
      vertex -3.33785 47.7334 0
      vertex -5.00169 47.5879 14
      vertex -3.33785 47.7334 14
    endloop
  endfacet
  facet normal -0.0871159 0.996198 0
    outer loop
      vertex -5.00169 47.5879 14
      vertex -3.33785 47.7334 0
      vertex -5.00169 47.5879 0
    endloop
  endfacet
  facet normal 0.0369991 -0.706215 0.70703
    outer loop
      vertex -3.17043 45.3393 13.4
      vertex -1.58618 45.4223 13.4
      vertex -3.21228 45.9378 14
    endloop
  endfacet
  facet normal 0.037001 -0.706212 0.707033
    outer loop
      vertex -1.58618 45.4223 13.4
      vertex -1.60712 46.0219 14
      vertex -3.21228 45.9378 14
    endloop
  endfacet
  facet normal 0.052319 -0.99863 0
    outer loop
      vertex -3.17043 45.3393 11.4
      vertex -1.58618 45.4223 13.4
      vertex -3.17043 45.3393 13.4
    endloop
  endfacet
  facet normal 0.052319 -0.99863 0
    outer loop
      vertex -1.58618 45.4223 13.4
      vertex -3.17043 45.3393 11.4
      vertex -1.58618 45.4223 11.4
    endloop
  endfacet
  facet normal 0.0370175 -0.706155 0.707089
    outer loop
      vertex -3.1495 45.04 11.1
      vertex -1.57571 45.1225 11.1
      vertex -3.17043 45.3393 11.4
    endloop
  endfacet
  facet normal 0.036999 -0.706212 0.707033
    outer loop
      vertex -1.57571 45.1225 11.1
      vertex -1.58618 45.4223 11.4
      vertex -3.17043 45.3393 11.4
    endloop
  endfacet
  facet normal 0.0523493 -0.998629 0
    outer loop
      vertex -3.1495 45.04 10.7
      vertex -1.57571 45.1225 11.1
      vertex -3.1495 45.04 11.1
    endloop
  endfacet
  facet normal 0.0523493 -0.998629 0
    outer loop
      vertex -1.57571 45.1225 11.1
      vertex -3.1495 45.04 10.7
      vertex -1.57571 45.1225 10.7
    endloop
  endfacet
  facet normal 0.036996 -0.706156 -0.707089
    outer loop
      vertex -1.58618 45.4223 10.4
      vertex -3.1495 45.04 10.7
      vertex -3.17043 45.3393 10.4
    endloop
  endfacet
  facet normal 0.0370205 -0.706211 -0.707033
    outer loop
      vertex -1.58618 45.4223 10.4
      vertex -1.57571 45.1225 10.7
      vertex -3.1495 45.04 10.7
    endloop
  endfacet
  facet normal 0.052319 -0.99863 0
    outer loop
      vertex -3.17043 45.3393 8
      vertex -1.58618 45.4223 10.4
      vertex -3.17043 45.3393 10.4
    endloop
  endfacet
  facet normal 0.052319 -0.99863 0
    outer loop
      vertex -1.58618 45.4223 10.4
      vertex -3.17043 45.3393 8
      vertex -1.58618 45.4223 8
    endloop
  endfacet
  facet normal 0.0523018 -0.998631 0
    outer loop
      vertex -2.99953 42.8953 0
      vertex -1.50068 42.9738 8
      vertex -2.99953 42.8953 8
    endloop
  endfacet
  facet normal 0.0523018 -0.998631 0
    outer loop
      vertex -1.50068 42.9738 8
      vertex -2.99953 42.8953 0
      vertex -1.50068 42.9738 0
    endloop
  endfacet
  facet normal -0.0523291 0.99863 0
    outer loop
      vertex -1.66994 47.8208 0
      vertex -3.33785 47.7334 14
      vertex -1.66994 47.8208 14
    endloop
  endfacet
  facet normal -0.0523291 0.99863 0
    outer loop
      vertex -3.33785 47.7334 14
      vertex -1.66994 47.8208 0
      vertex -3.33785 47.7334 0
    endloop
  endfacet
  facet normal 0.0123479 -0.707073 0.707033
    outer loop
      vertex -1.58618 45.4223 13.4
      vertex 0 45.45 13.4
      vertex -1.60712 46.0219 14
    endloop
  endfacet
  facet normal 0.0123626 -0.707053 0.707053
    outer loop
      vertex 0 45.45 13.4
      vertex 0 46.05 14
      vertex -1.60712 46.0219 14
    endloop
  endfacet
  facet normal 0.0174607 -0.999848 0
    outer loop
      vertex -1.58618 45.4223 11.4
      vertex 0 45.45 13.4
      vertex -1.58618 45.4223 13.4
    endloop
  endfacet
  facet normal 0.0174607 -0.999848 0
    outer loop
      vertex 0 45.45 13.4
      vertex -1.58618 45.4223 11.4
      vertex 0 45.45 11.4
    endloop
  endfacet
  facet normal 0.0123402 -0.707073 0.707033
    outer loop
      vertex -1.57571 45.1225 11.1
      vertex 0 45.15 11.1
      vertex -1.58618 45.4223 11.4
    endloop
  endfacet
  facet normal 0.0123475 -0.707053 0.707053
    outer loop
      vertex 0 45.15 11.1
      vertex 0 45.45 11.4
      vertex -1.58618 45.4223 11.4
    endloop
  endfacet
  facet normal 0.0174498 -0.999848 0
    outer loop
      vertex -1.57571 45.1225 10.7
      vertex 0 45.15 11.1
      vertex -1.57571 45.1225 11.1
    endloop
  endfacet
  facet normal 0.0174498 -0.999848 0
    outer loop
      vertex 0 45.15 11.1
      vertex -1.57571 45.1225 10.7
      vertex 0 45.15 10.7
    endloop
  endfacet
  facet normal 0.0123479 -0.707073 -0.707033
    outer loop
      vertex 0 45.45 10.4
      vertex -1.57571 45.1225 10.7
      vertex -1.58618 45.4223 10.4
    endloop
  endfacet
  facet normal 0.0123398 -0.707053 -0.707053
    outer loop
      vertex 0 45.45 10.4
      vertex 0 45.15 10.7
      vertex -1.57571 45.1225 10.7
    endloop
  endfacet
  facet normal 0.0174607 -0.999848 0
    outer loop
      vertex -1.58618 45.4223 8
      vertex 0 45.45 10.4
      vertex -1.58618 45.4223 10.4
    endloop
  endfacet
  facet normal 0.0174607 -0.999848 0
    outer loop
      vertex 0 45.45 10.4
      vertex -1.58618 45.4223 8
      vertex 0 45.45 8
    endloop
  endfacet
  facet normal 0.0174561 -0.999848 0
    outer loop
      vertex -1.50068 42.9738 0
      vertex 0 43 8
      vertex -1.50068 42.9738 8
    endloop
  endfacet
  facet normal 0.0174561 -0.999848 0
    outer loop
      vertex 0 43 8
      vertex -1.50068 42.9738 0
      vertex 0 43 0
    endloop
  endfacet
  facet normal -0.017483 0.999847 0
    outer loop
      vertex 0 47.85 0
      vertex -1.66994 47.8208 14
      vertex 0 47.85 14
    endloop
  endfacet
  facet normal -0.017483 0.999847 0
    outer loop
      vertex -1.66994 47.8208 14
      vertex 0 47.85 0
      vertex -1.66994 47.8208 0
    endloop
  endfacet
  facet normal -0.0123475 -0.707053 0.707053
    outer loop
      vertex 1.58618 45.4223 13.4
      vertex 0 46.05 14
      vertex 0 45.45 13.4
    endloop
  endfacet
  facet normal -0.0123629 -0.707073 0.707033
    outer loop
      vertex 1.58618 45.4223 13.4
      vertex 1.60712 46.0219 14
      vertex 0 46.05 14
    endloop
  endfacet
  facet normal -0.0174607 -0.999848 0
    outer loop
      vertex 0 45.45 11.4
      vertex 1.58618 45.4223 13.4
      vertex 0 45.45 13.4
    endloop
  endfacet
  facet normal -0.0174607 -0.999848 -0
    outer loop
      vertex 1.58618 45.4223 13.4
      vertex 0 45.45 11.4
      vertex 1.58618 45.4223 11.4
    endloop
  endfacet
  facet normal -0.0123398 -0.707053 0.707053
    outer loop
      vertex 1.57571 45.1225 11.1
      vertex 0 45.45 11.4
      vertex 0 45.15 11.1
    endloop
  endfacet
  facet normal -0.0123479 -0.707073 0.707033
    outer loop
      vertex 1.57571 45.1225 11.1
      vertex 1.58618 45.4223 11.4
      vertex 0 45.45 11.4
    endloop
  endfacet
  facet normal -0.0174498 -0.999848 0
    outer loop
      vertex 0 45.15 10.7
      vertex 1.57571 45.1225 11.1
      vertex 0 45.15 11.1
    endloop
  endfacet
  facet normal -0.0174498 -0.999848 -0
    outer loop
      vertex 1.57571 45.1225 11.1
      vertex 0 45.15 10.7
      vertex 1.57571 45.1225 10.7
    endloop
  endfacet
  facet normal -0.0123475 -0.707053 -0.707053
    outer loop
      vertex 0 45.45 10.4
      vertex 1.58618 45.4223 10.4
      vertex 0 45.15 10.7
    endloop
  endfacet
  facet normal -0.0123402 -0.707073 -0.707033
    outer loop
      vertex 1.58618 45.4223 10.4
      vertex 1.57571 45.1225 10.7
      vertex 0 45.15 10.7
    endloop
  endfacet
  facet normal -0.0174607 -0.999848 0
    outer loop
      vertex 0 45.45 8
      vertex 1.58618 45.4223 10.4
      vertex 0 45.45 10.4
    endloop
  endfacet
  facet normal -0.0174607 -0.999848 -0
    outer loop
      vertex 1.58618 45.4223 10.4
      vertex 0 45.45 8
      vertex 1.58618 45.4223 8
    endloop
  endfacet
  facet normal -0.0174561 -0.999848 0
    outer loop
      vertex 0 43 0
      vertex 1.50068 42.9738 8
      vertex 0 43 8
    endloop
  endfacet
  facet normal -0.0174561 -0.999848 -0
    outer loop
      vertex 1.50068 42.9738 8
      vertex 0 43 0
      vertex 1.50068 42.9738 0
    endloop
  endfacet
  facet normal 0.017483 0.999847 -0
    outer loop
      vertex 1.66994 47.8208 0
      vertex 0 47.85 14
      vertex 1.66994 47.8208 14
    endloop
  endfacet
  facet normal 0.017483 0.999847 0
    outer loop
      vertex 0 47.85 14
      vertex 1.66994 47.8208 0
      vertex 0 47.85 0
    endloop
  endfacet
  facet normal -0.036999 -0.706212 0.707033
    outer loop
      vertex 3.17043 45.3393 13.4
      vertex 1.60712 46.0219 14
      vertex 1.58618 45.4223 13.4
    endloop
  endfacet
  facet normal -0.0370011 -0.706215 0.70703
    outer loop
      vertex 3.17043 45.3393 13.4
      vertex 3.21228 45.9378 14
      vertex 1.60712 46.0219 14
    endloop
  endfacet
  facet normal -0.052319 -0.99863 0
    outer loop
      vertex 1.58618 45.4223 11.4
      vertex 3.17043 45.3393 13.4
      vertex 1.58618 45.4223 13.4
    endloop
  endfacet
  facet normal -0.052319 -0.99863 -0
    outer loop
      vertex 3.17043 45.3393 13.4
      vertex 1.58618 45.4223 11.4
      vertex 3.17043 45.3393 11.4
    endloop
  endfacet
  facet normal -0.0370205 -0.706211 0.707033
    outer loop
      vertex 3.1495 45.04 11.1
      vertex 1.58618 45.4223 11.4
      vertex 1.57571 45.1225 11.1
    endloop
  endfacet
  facet normal -0.036996 -0.706156 0.707089
    outer loop
      vertex 3.1495 45.04 11.1
      vertex 3.17043 45.3393 11.4
      vertex 1.58618 45.4223 11.4
    endloop
  endfacet
  facet normal -0.0523493 -0.998629 0
    outer loop
      vertex 1.57571 45.1225 10.7
      vertex 3.1495 45.04 11.1
      vertex 1.57571 45.1225 11.1
    endloop
  endfacet
  facet normal -0.0523493 -0.998629 -0
    outer loop
      vertex 3.1495 45.04 11.1
      vertex 1.57571 45.1225 10.7
      vertex 3.1495 45.04 10.7
    endloop
  endfacet
  facet normal -0.036999 -0.706212 -0.707033
    outer loop
      vertex 1.58618 45.4223 10.4
      vertex 3.17043 45.3393 10.4
      vertex 1.57571 45.1225 10.7
    endloop
  endfacet
  facet normal -0.0370175 -0.706155 -0.707089
    outer loop
      vertex 3.17043 45.3393 10.4
      vertex 3.1495 45.04 10.7
      vertex 1.57571 45.1225 10.7
    endloop
  endfacet
  facet normal -0.052319 -0.99863 0
    outer loop
      vertex 1.58618 45.4223 8
      vertex 3.17043 45.3393 10.4
      vertex 1.58618 45.4223 10.4
    endloop
  endfacet
  facet normal -0.052319 -0.99863 -0
    outer loop
      vertex 3.17043 45.3393 10.4
      vertex 1.58618 45.4223 8
      vertex 3.17043 45.3393 8
    endloop
  endfacet
  facet normal -0.0523018 -0.998631 0
    outer loop
      vertex 1.50068 42.9738 0
      vertex 2.99953 42.8953 8
      vertex 1.50068 42.9738 8
    endloop
  endfacet
  facet normal -0.0523018 -0.998631 -0
    outer loop
      vertex 2.99953 42.8953 8
      vertex 1.50068 42.9738 0
      vertex 2.99953 42.8953 0
    endloop
  endfacet
  facet normal 0.0523291 0.99863 -0
    outer loop
      vertex 3.33785 47.7334 0
      vertex 1.66994 47.8208 14
      vertex 3.33785 47.7334 14
    endloop
  endfacet
  facet normal 0.0523291 0.99863 0
    outer loop
      vertex 1.66994 47.8208 14
      vertex 3.33785 47.7334 0
      vertex 1.66994 47.8208 0
    endloop
  endfacet
  facet normal -0.0616501 -0.704491 0.70703
    outer loop
      vertex 4.75082 45.201 13.4
      vertex 3.21228 45.9378 14
      vertex 3.17043 45.3393 13.4
    endloop
  endfacet
  facet normal -0.0616376 -0.704477 0.707045
    outer loop
      vertex 4.75082 45.201 13.4
      vertex 4.81353 45.7977 14
      vertex 3.21228 45.9378 14
    endloop
  endfacet
  facet normal -0.0871769 -0.996193 0
    outer loop
      vertex 3.17043 45.3393 11.4
      vertex 4.75082 45.201 13.4
      vertex 3.17043 45.3393 13.4
    endloop
  endfacet
  facet normal -0.0871769 -0.996193 -0
    outer loop
      vertex 4.75082 45.201 13.4
      vertex 3.17043 45.3393 11.4
      vertex 4.75082 45.201 11.4
    endloop
  endfacet
  facet normal -0.061606 -0.704435 0.70709
    outer loop
      vertex 4.71946 44.9027 11.1
      vertex 3.17043 45.3393 11.4
      vertex 3.1495 45.04 11.1
    endloop
  endfacet
  facet normal -0.0616538 -0.704534 0.706987
    outer loop
      vertex 4.71946 44.9027 11.1
      vertex 4.75082 45.201 11.4
      vertex 3.17043 45.3393 11.4
    endloop
  endfacet
  facet normal -0.0871219 -0.996198 0
    outer loop
      vertex 3.1495 45.04 10.7
      vertex 4.71946 44.9027 11.1
      vertex 3.1495 45.04 11.1
    endloop
  endfacet
  facet normal -0.0871219 -0.996198 -0
    outer loop
      vertex 4.71946 44.9027 11.1
      vertex 3.1495 45.04 10.7
      vertex 4.71946 44.9027 10.7
    endloop
  endfacet
  facet normal -0.0616449 -0.704432 -0.707089
    outer loop
      vertex 3.17043 45.3393 10.4
      vertex 4.75082 45.201 10.4
      vertex 3.1495 45.04 10.7
    endloop
  endfacet
  facet normal -0.061615 -0.704538 -0.706986
    outer loop
      vertex 4.75082 45.201 10.4
      vertex 4.71946 44.9027 10.7
      vertex 3.1495 45.04 10.7
    endloop
  endfacet
  facet normal -0.0871769 -0.996193 0
    outer loop
      vertex 3.17043 45.3393 8
      vertex 4.75082 45.201 10.4
      vertex 3.17043 45.3393 10.4
    endloop
  endfacet
  facet normal -0.0871769 -0.996193 -0
    outer loop
      vertex 4.75082 45.201 10.4
      vertex 3.17043 45.3393 8
      vertex 4.75082 45.201 8
    endloop
  endfacet
  facet normal -0.0872138 -0.99619 0
    outer loop
      vertex 2.99953 42.8953 0
      vertex 4.49472 42.7644 8
      vertex 2.99953 42.8953 8
    endloop
  endfacet
  facet normal -0.0872138 -0.99619 -0
    outer loop
      vertex 4.49472 42.7644 8
      vertex 2.99953 42.8953 0
      vertex 4.49472 42.7644 0
    endloop
  endfacet
  facet normal 0.0871159 0.996198 -0
    outer loop
      vertex 5.00169 47.5879 0
      vertex 3.33785 47.7334 14
      vertex 5.00169 47.5879 14
    endloop
  endfacet
  facet normal 0.0871159 0.996198 0
    outer loop
      vertex 3.33785 47.7334 14
      vertex 5.00169 47.5879 0
      vertex 3.33785 47.7334 0
    endloop
  endfacet
  facet normal -0.0861661 -0.7019 0.707045
    outer loop
      vertex 6.32542 45.0077 13.4
      vertex 4.81353 45.7977 14
      vertex 4.75082 45.201 13.4
    endloop
  endfacet
  facet normal -0.0861902 -0.701925 0.707017
    outer loop
      vertex 6.32542 45.0077 13.4
      vertex 6.40892 45.6018 14
      vertex 4.81353 45.7977 14
    endloop
  endfacet
  facet normal -0.121847 -0.992549 0
    outer loop
      vertex 4.75082 45.201 11.4
      vertex 6.32542 45.0077 13.4
      vertex 4.75082 45.201 13.4
    endloop
  endfacet
  facet normal -0.121847 -0.992549 -0
    outer loop
      vertex 6.32542 45.0077 13.4
      vertex 4.75082 45.201 11.4
      vertex 6.32542 45.0077 11.4
    endloop
  endfacet
  facet normal -0.0862071 -0.701953 0.706987
    outer loop
      vertex 6.28366 44.7106 11.1
      vertex 4.75082 45.201 11.4
      vertex 4.71946 44.9027 11.1
    endloop
  endfacet
  facet normal -0.0861622 -0.701868 0.707077
    outer loop
      vertex 6.28366 44.7106 11.1
      vertex 6.32542 45.0077 11.4
      vertex 4.75082 45.201 11.4
    endloop
  endfacet
  facet normal -0.121895 -0.992543 0
    outer loop
      vertex 4.71946 44.9027 10.7
      vertex 6.28366 44.7106 11.1
      vertex 4.71946 44.9027 11.1
    endloop
  endfacet
  facet normal -0.121895 -0.992543 -0
    outer loop
      vertex 6.28366 44.7106 11.1
      vertex 4.71946 44.9027 10.7
      vertex 6.28366 44.7106 10.7
    endloop
  endfacet
  facet normal -0.0861732 -0.701957 -0.706987
    outer loop
      vertex 4.75082 45.201 10.4
      vertex 6.32542 45.0077 10.4
      vertex 4.71946 44.9027 10.7
    endloop
  endfacet
  facet normal -0.0861961 -0.701863 -0.707077
    outer loop
      vertex 6.32542 45.0077 10.4
      vertex 6.28366 44.7106 10.7
      vertex 4.71946 44.9027 10.7
    endloop
  endfacet
  facet normal -0.121847 -0.992549 0
    outer loop
      vertex 4.75082 45.201 8
      vertex 6.32542 45.0077 10.4
      vertex 4.75082 45.201 10.4
    endloop
  endfacet
  facet normal -0.121847 -0.992549 -0
    outer loop
      vertex 6.32542 45.0077 10.4
      vertex 4.75082 45.201 8
      vertex 6.32542 45.0077 8
    endloop
  endfacet
  facet normal -0.12186 -0.992547 0
    outer loop
      vertex 4.49472 42.7644 0
      vertex 5.98444 42.5815 8
      vertex 4.49472 42.7644 8
    endloop
  endfacet
  facet normal -0.12186 -0.992547 -0
    outer loop
      vertex 5.98444 42.5815 8
      vertex 4.49472 42.7644 0
      vertex 5.98444 42.5815 0
    endloop
  endfacet
  facet normal 0.121902 0.992542 -0
    outer loop
      vertex 6.65943 47.3843 0
      vertex 5.00169 47.5879 14
      vertex 6.65943 47.3843 14
    endloop
  endfacet
  facet normal 0.121902 0.992542 0
    outer loop
      vertex 5.00169 47.5879 14
      vertex 6.65943 47.3843 0
      vertex 5.00169 47.5879 0
    endloop
  endfacet
  facet normal -0.110643 -0.698488 0.707017
    outer loop
      vertex 7.89231 44.7595 13.4
      vertex 6.40892 45.6018 14
      vertex 6.32542 45.0077 13.4
    endloop
  endfacet
  facet normal -0.110602 -0.698449 0.707062
    outer loop
      vertex 7.89231 44.7595 13.4
      vertex 7.9965 45.3504 14
      vertex 6.40892 45.6018 14
    endloop
  endfacet
  facet normal -0.156452 -0.987686 0
    outer loop
      vertex 6.32542 45.0077 11.4
      vertex 7.89231 44.7595 13.4
      vertex 6.32542 45.0077 13.4
    endloop
  endfacet
  facet normal -0.156452 -0.987686 -0
    outer loop
      vertex 7.89231 44.7595 13.4
      vertex 6.32542 45.0077 11.4
      vertex 7.89231 44.7595 11.4
    endloop
  endfacet
  facet normal -0.110606 -0.698433 0.707077
    outer loop
      vertex 7.84021 44.4641 11.1
      vertex 6.32542 45.0077 11.4
      vertex 6.28366 44.7106 11.1
    endloop
  endfacet
  facet normal -0.110644 -0.6985 0.707005
    outer loop
      vertex 7.84021 44.4641 11.1
      vertex 7.89231 44.7595 11.4
      vertex 6.32542 45.0077 11.4
    endloop
  endfacet
  facet normal -0.156414 -0.987692 0
    outer loop
      vertex 6.28366 44.7106 10.7
      vertex 7.84021 44.4641 11.1
      vertex 6.28366 44.7106 11.1
    endloop
  endfacet
  facet normal -0.156414 -0.987692 -0
    outer loop
      vertex 7.84021 44.4641 11.1
      vertex 6.28366 44.7106 10.7
      vertex 7.84021 44.4641 10.7
    endloop
  endfacet
  facet normal -0.110633 -0.698428 -0.707077
    outer loop
      vertex 6.32542 45.0077 10.4
      vertex 7.89231 44.7595 10.4
      vertex 6.28366 44.7106 10.7
    endloop
  endfacet
  facet normal -0.110617 -0.698504 -0.707005
    outer loop
      vertex 7.89231 44.7595 10.4
      vertex 7.84021 44.4641 10.7
      vertex 6.28366 44.7106 10.7
    endloop
  endfacet
  facet normal -0.156452 -0.987686 0
    outer loop
      vertex 6.32542 45.0077 8
      vertex 7.89231 44.7595 10.4
      vertex 6.32542 45.0077 10.4
    endloop
  endfacet
  facet normal -0.156452 -0.987686 -0
    outer loop
      vertex 7.89231 44.7595 10.4
      vertex 6.32542 45.0077 8
      vertex 7.89231 44.7595 8
    endloop
  endfacet
  facet normal -0.156438 -0.987688 0
    outer loop
      vertex 5.98444 42.5815 0
      vertex 7.46687 42.3467 8
      vertex 5.98444 42.5815 8
    endloop
  endfacet
  facet normal -0.156438 -0.987688 -0
    outer loop
      vertex 7.46687 42.3467 8
      vertex 5.98444 42.5815 0
      vertex 7.46687 42.3467 0
    endloop
  endfacet
  facet normal 0.156449 0.987686 -0
    outer loop
      vertex 8.30906 47.123 0
      vertex 6.65943 47.3843 14
      vertex 8.30906 47.123 14
    endloop
  endfacet
  facet normal 0.156449 0.987686 0
    outer loop
      vertex 6.65943 47.3843 14
      vertex 8.30906 47.123 0
      vertex 6.65943 47.3843 0
    endloop
  endfacet
  facet normal -0.13493 -0.694159 0.707062
    outer loop
      vertex 9.44958 44.4568 13.4
      vertex 7.9965 45.3504 14
      vertex 7.89231 44.7595 13.4
    endloop
  endfacet
  facet normal -0.134932 -0.694161 0.70706
    outer loop
      vertex 9.44958 44.4568 13.4
      vertex 9.57433 45.0437 14
      vertex 7.9965 45.3504 14
    endloop
  endfacet
  facet normal -0.190807 -0.981627 0
    outer loop
      vertex 7.89231 44.7595 11.4
      vertex 9.44958 44.4568 13.4
      vertex 7.89231 44.7595 13.4
    endloop
  endfacet
  facet normal -0.190807 -0.981627 -0
    outer loop
      vertex 9.44958 44.4568 13.4
      vertex 7.89231 44.7595 11.4
      vertex 9.44958 44.4568 11.4
    endloop
  endfacet
  facet normal -0.134939 -0.694215 0.707005
    outer loop
      vertex 9.38721 44.1634 11.1
      vertex 7.89231 44.7595 11.4
      vertex 7.84021 44.4641 11.1
    endloop
  endfacet
  facet normal -0.134941 -0.694219 0.707001
    outer loop
      vertex 9.38721 44.1634 11.1
      vertex 9.44958 44.4568 11.4
      vertex 7.89231 44.7595 11.4
    endloop
  endfacet
  facet normal -0.190805 -0.981628 0
    outer loop
      vertex 7.84021 44.4641 10.7
      vertex 9.38721 44.1634 11.1
      vertex 7.84021 44.4641 11.1
    endloop
  endfacet
  facet normal -0.190805 -0.981628 -0
    outer loop
      vertex 9.38721 44.1634 11.1
      vertex 7.84021 44.4641 10.7
      vertex 9.38721 44.1634 10.7
    endloop
  endfacet
  facet normal -0.134941 -0.694215 -0.707005
    outer loop
      vertex 7.89231 44.7595 10.4
      vertex 9.44958 44.4568 10.4
      vertex 7.84021 44.4641 10.7
    endloop
  endfacet
  facet normal -0.13494 -0.69422 -0.707001
    outer loop
      vertex 9.44958 44.4568 10.4
      vertex 9.38721 44.1634 10.7
      vertex 7.84021 44.4641 10.7
    endloop
  endfacet
  facet normal -0.190807 -0.981627 0
    outer loop
      vertex 7.89231 44.7595 8
      vertex 9.44958 44.4568 10.4
      vertex 7.89231 44.7595 10.4
    endloop
  endfacet
  facet normal -0.190807 -0.981627 -0
    outer loop
      vertex 9.44958 44.4568 10.4
      vertex 7.89231 44.7595 8
      vertex 9.44958 44.4568 8
    endloop
  endfacet
  facet normal -0.190818 -0.981625 0
    outer loop
      vertex 7.46687 42.3467 0
      vertex 8.9402 42.0603 8
      vertex 7.46687 42.3467 8
    endloop
  endfacet
  facet normal -0.190818 -0.981625 -0
    outer loop
      vertex 8.9402 42.0603 8
      vertex 7.46687 42.3467 0
      vertex 8.9402 42.0603 0
    endloop
  endfacet
  facet normal 0.190758 0.981637 -0
    outer loop
      vertex 9.94857 46.8044 0
      vertex 8.30906 47.123 14
      vertex 9.94857 46.8044 14
    endloop
  endfacet
  facet normal 0.190758 0.981637 0
    outer loop
      vertex 8.30906 47.123 14
      vertex 9.94857 46.8044 0
      vertex 8.30906 47.123 0
    endloop
  endfacet
  facet normal -0.159093 -0.689025 0.70706
    outer loop
      vertex 10.9953 44.0999 13.4
      vertex 9.57433 45.0437 14
      vertex 9.44958 44.4568 13.4
    endloop
  endfacet
  facet normal -0.159081 -0.689015 0.707072
    outer loop
      vertex 10.9953 44.0999 13.4
      vertex 11.1405 44.6821 14
      vertex 9.57433 45.0437 14
    endloop
  endfacet
  facet normal -0.224976 -0.974364 0
    outer loop
      vertex 9.44958 44.4568 11.4
      vertex 10.9953 44.0999 13.4
      vertex 9.44958 44.4568 13.4
    endloop
  endfacet
  facet normal -0.224976 -0.974364 -0
    outer loop
      vertex 10.9953 44.0999 13.4
      vertex 9.44958 44.4568 11.4
      vertex 10.9953 44.0999 11.4
    endloop
  endfacet
  facet normal -0.159123 -0.689079 0.707001
    outer loop
      vertex 10.9228 43.8088 11.1
      vertex 9.44958 44.4568 11.4
      vertex 9.38721 44.1634 11.1
    endloop
  endfacet
  facet normal -0.159096 -0.689039 0.707046
    outer loop
      vertex 10.9228 43.8088 11.1
      vertex 10.9953 44.0999 11.4
      vertex 9.44958 44.4568 11.4
    endloop
  endfacet
  facet normal -0.225 -0.974359 0
    outer loop
      vertex 9.38721 44.1634 10.7
      vertex 10.9228 43.8088 11.1
      vertex 9.38721 44.1634 11.1
    endloop
  endfacet
  facet normal -0.225 -0.974359 -0
    outer loop
      vertex 10.9228 43.8088 11.1
      vertex 9.38721 44.1634 10.7
      vertex 10.9228 43.8088 10.7
    endloop
  endfacet
  facet normal -0.159106 -0.689083 -0.707001
    outer loop
      vertex 9.44958 44.4568 10.4
      vertex 10.9953 44.0999 10.4
      vertex 9.38721 44.1634 10.7
    endloop
  endfacet
  facet normal -0.159113 -0.689035 -0.707046
    outer loop
      vertex 10.9953 44.0999 10.4
      vertex 10.9228 43.8088 10.7
      vertex 9.38721 44.1634 10.7
    endloop
  endfacet
  facet normal -0.224976 -0.974364 0
    outer loop
      vertex 9.44958 44.4568 8
      vertex 10.9953 44.0999 10.4
      vertex 9.44958 44.4568 10.4
    endloop
  endfacet
  facet normal -0.224976 -0.974364 -0
    outer loop
      vertex 10.9953 44.0999 10.4
      vertex 9.44958 44.4568 8
      vertex 10.9953 44.0999 8
    endloop
  endfacet
  facet normal -0.224937 -0.974373 0
    outer loop
      vertex 8.9402 42.0603 0
      vertex 10.4026 41.7227 8
      vertex 8.9402 42.0603 8
    endloop
  endfacet
  facet normal -0.224937 -0.974373 -0
    outer loop
      vertex 10.4026 41.7227 8
      vertex 8.9402 42.0603 0
      vertex 10.4026 41.7227 0
    endloop
  endfacet
  facet normal 0.224995 0.97436 -0
    outer loop
      vertex 11.576 46.4286 0
      vertex 9.94857 46.8044 14
      vertex 11.576 46.4286 14
    endloop
  endfacet
  facet normal 0.224995 0.97436 0
    outer loop
      vertex 9.94857 46.8044 14
      vertex 11.576 46.4286 0
      vertex 9.94857 46.8044 0
    endloop
  endfacet
  facet normal -0.183019 -0.683046 0.707073
    outer loop
      vertex 12.5277 43.6893 13.4
      vertex 11.1405 44.6821 14
      vertex 10.9953 44.0999 13.4
    endloop
  endfacet
  facet normal -0.183012 -0.683041 0.70708
    outer loop
      vertex 12.5277 43.6893 13.4
      vertex 12.6931 44.2661 14
      vertex 11.1405 44.6821 14
    endloop
  endfacet
  facet normal -0.258816 -0.965927 0
    outer loop
      vertex 10.9953 44.0999 11.4
      vertex 12.5277 43.6893 13.4
      vertex 10.9953 44.0999 13.4
    endloop
  endfacet
  facet normal -0.258816 -0.965927 -0
    outer loop
      vertex 12.5277 43.6893 13.4
      vertex 10.9953 44.0999 11.4
      vertex 12.5277 43.6893 11.4
    endloop
  endfacet
  facet normal -0.182999 -0.683083 0.707043
    outer loop
      vertex 12.445 43.401 11.1
      vertex 10.9953 44.0999 11.4
      vertex 10.9228 43.8088 11.1
    endloop
  endfacet
  facet normal -0.183047 -0.683149 0.706966
    outer loop
      vertex 12.445 43.401 11.1
      vertex 12.5277 43.6893 11.4
      vertex 10.9953 44.0999 11.4
    endloop
  endfacet
  facet normal -0.258776 -0.965937 0
    outer loop
      vertex 10.9228 43.8088 10.7
      vertex 12.445 43.401 11.1
      vertex 10.9228 43.8088 11.1
    endloop
  endfacet
  facet normal -0.258776 -0.965937 -0
    outer loop
      vertex 12.445 43.401 11.1
      vertex 10.9228 43.8088 10.7
      vertex 12.445 43.401 10.7
    endloop
  endfacet
  facet normal -0.183027 -0.683075 -0.707042
    outer loop
      vertex 10.9953 44.0999 10.4
      vertex 12.5277 43.6893 10.4
      vertex 10.9228 43.8088 10.7
    endloop
  endfacet
  facet normal -0.183019 -0.683157 -0.706966
    outer loop
      vertex 12.5277 43.6893 10.4
      vertex 12.445 43.401 10.7
      vertex 10.9228 43.8088 10.7
    endloop
  endfacet
  facet normal -0.258816 -0.965927 0
    outer loop
      vertex 10.9953 44.0999 8
      vertex 12.5277 43.6893 10.4
      vertex 10.9953 44.0999 10.4
    endloop
  endfacet
  facet normal -0.258816 -0.965927 -0
    outer loop
      vertex 12.5277 43.6893 10.4
      vertex 10.9953 44.0999 8
      vertex 12.5277 43.6893 8
    endloop
  endfacet
  facet normal -0.258774 -0.965938 0
    outer loop
      vertex 10.4026 41.7227 0
      vertex 11.8524 41.3343 8
      vertex 10.4026 41.7227 8
    endloop
  endfacet
  facet normal -0.258774 -0.965938 -0
    outer loop
      vertex 11.8524 41.3343 8
      vertex 10.4026 41.7227 0
      vertex 11.8524 41.3343 0
    endloop
  endfacet
  facet normal 0.258788 0.965934 -0
    outer loop
      vertex 13.1892 45.9964 0
      vertex 11.576 46.4286 14
      vertex 13.1892 45.9964 14
    endloop
  endfacet
  facet normal 0.258788 0.965934 0
    outer loop
      vertex 11.576 46.4286 14
      vertex 13.1892 45.9964 0
      vertex 11.576 46.4286 0
    endloop
  endfacet
  facet normal -0.206736 -0.676238 0.70708
    outer loop
      vertex 14.0448 43.2255 13.4
      vertex 12.6931 44.2661 14
      vertex 12.5277 43.6893 13.4
    endloop
  endfacet
  facet normal -0.206784 -0.676273 0.707032
    outer loop
      vertex 14.0448 43.2255 13.4
      vertex 14.2302 43.7961 14
      vertex 12.6931 44.2661 14
    endloop
  endfacet
  facet normal -0.292358 -0.956309 0
    outer loop
      vertex 12.5277 43.6893 11.4
      vertex 14.0448 43.2255 13.4
      vertex 12.5277 43.6893 13.4
    endloop
  endfacet
  facet normal -0.292358 -0.956309 -0
    outer loop
      vertex 14.0448 43.2255 13.4
      vertex 12.5277 43.6893 11.4
      vertex 14.0448 43.2255 11.4
    endloop
  endfacet
  facet normal -0.206792 -0.676339 0.706967
    outer loop
      vertex 13.9521 42.9402 11.1
      vertex 12.5277 43.6893 11.4
      vertex 12.445 43.401 11.1
    endloop
  endfacet
  facet normal -0.20675 -0.676284 0.707032
    outer loop
      vertex 13.9521 42.9402 11.1
      vertex 14.0448 43.2255 11.4
      vertex 12.5277 43.6893 11.4
    endloop
  endfacet
  facet normal -0.292391 -0.956299 0
    outer loop
      vertex 12.445 43.401 10.7
      vertex 13.9521 42.9402 11.1
      vertex 12.445 43.401 11.1
    endloop
  endfacet
  facet normal -0.292391 -0.956299 -0
    outer loop
      vertex 13.9521 42.9402 11.1
      vertex 12.445 43.401 10.7
      vertex 13.9521 42.9402 10.7
    endloop
  endfacet
  facet normal -0.206769 -0.676346 -0.706968
    outer loop
      vertex 12.5277 43.6893 10.4
      vertex 14.0448 43.2255 10.4
      vertex 12.445 43.401 10.7
    endloop
  endfacet
  facet normal -0.206773 -0.676277 -0.707032
    outer loop
      vertex 14.0448 43.2255 10.4
      vertex 13.9521 42.9402 10.7
      vertex 12.445 43.401 10.7
    endloop
  endfacet
  facet normal -0.292358 -0.956309 0
    outer loop
      vertex 12.5277 43.6893 8
      vertex 14.0448 43.2255 10.4
      vertex 12.5277 43.6893 10.4
    endloop
  endfacet
  facet normal -0.292358 -0.956309 -0
    outer loop
      vertex 14.0448 43.2255 10.4
      vertex 12.5277 43.6893 8
      vertex 14.0448 43.2255 8
    endloop
  endfacet
  facet normal -0.292423 -0.956289 0
    outer loop
      vertex 11.8524 41.3343 0
      vertex 13.2877 40.8954 8
      vertex 11.8524 41.3343 8
    endloop
  endfacet
  facet normal -0.292423 -0.956289 -0
    outer loop
      vertex 13.2877 40.8954 8
      vertex 11.8524 41.3343 0
      vertex 13.2877 40.8954 0
    endloop
  endfacet
  facet normal 0.292403 0.956295 -0
    outer loop
      vertex 14.7865 45.508 0
      vertex 13.1892 45.9964 14
      vertex 14.7865 45.508 14
    endloop
  endfacet
  facet normal 0.292403 0.956295 0
    outer loop
      vertex 13.1892 45.9964 14
      vertex 14.7865 45.508 0
      vertex 13.1892 45.9964 0
    endloop
  endfacet
  facet normal -0.230239 -0.668652 0.707032
    outer loop
      vertex 15.5448 42.709 13.4
      vertex 14.2302 43.7961 14
      vertex 14.0448 43.2255 13.4
    endloop
  endfacet
  facet normal -0.230229 -0.668645 0.707042
    outer loop
      vertex 15.5448 42.709 13.4
      vertex 15.75 43.2728 14
      vertex 14.2302 43.7961 14
    endloop
  endfacet
  facet normal -0.325573 -0.945517 0
    outer loop
      vertex 14.0448 43.2255 11.4
      vertex 15.5448 42.709 13.4
      vertex 14.0448 43.2255 13.4
    endloop
  endfacet
  facet normal -0.325573 -0.945517 -0
    outer loop
      vertex 15.5448 42.709 13.4
      vertex 14.0448 43.2255 11.4
      vertex 15.5448 42.709 11.4
    endloop
  endfacet
  facet normal -0.230243 -0.668651 0.707032
    outer loop
      vertex 15.4422 42.4271 11.1
      vertex 14.0448 43.2255 11.4
      vertex 13.9521 42.9402 11.1
    endloop
  endfacet
  facet normal -0.230236 -0.668643 0.707042
    outer loop
      vertex 15.4422 42.4271 11.1
      vertex 15.5448 42.709 11.4
      vertex 14.0448 43.2255 11.4
    endloop
  endfacet
  facet normal -0.325578 -0.945515 0
    outer loop
      vertex 13.9521 42.9402 10.7
      vertex 15.4422 42.4271 11.1
      vertex 13.9521 42.9402 11.1
    endloop
  endfacet
  facet normal -0.325578 -0.945515 -0
    outer loop
      vertex 15.4422 42.4271 11.1
      vertex 13.9521 42.9402 10.7
      vertex 15.4422 42.4271 10.7
    endloop
  endfacet
  facet normal -0.230239 -0.668652 -0.707032
    outer loop
      vertex 14.0448 43.2255 10.4
      vertex 15.5448 42.709 10.4
      vertex 13.9521 42.9402 10.7
    endloop
  endfacet
  facet normal -0.23024 -0.668641 -0.707042
    outer loop
      vertex 15.5448 42.709 10.4
      vertex 15.4422 42.4271 10.7
      vertex 13.9521 42.9402 10.7
    endloop
  endfacet
  facet normal -0.325573 -0.945517 0
    outer loop
      vertex 14.0448 43.2255 8
      vertex 15.5448 42.709 10.4
      vertex 14.0448 43.2255 10.4
    endloop
  endfacet
  facet normal -0.325573 -0.945517 -0
    outer loop
      vertex 15.5448 42.709 10.4
      vertex 14.0448 43.2255 8
      vertex 15.5448 42.709 8
    endloop
  endfacet
  facet normal -0.325527 -0.945533 0
    outer loop
      vertex 13.2877 40.8954 0
      vertex 14.7069 40.4068 8
      vertex 13.2877 40.8954 8
    endloop
  endfacet
  facet normal -0.325527 -0.945533 -0
    outer loop
      vertex 14.7069 40.4068 8
      vertex 13.2877 40.8954 0
      vertex 14.7069 40.4068 0
    endloop
  endfacet
  facet normal 0.325535 0.94553 -0
    outer loop
      vertex 16.3657 44.9643 0
      vertex 14.7865 45.508 14
      vertex 16.3657 44.9643 14
    endloop
  endfacet
  facet normal 0.325535 0.94553 0
    outer loop
      vertex 14.7865 45.508 14
      vertex 16.3657 44.9643 0
      vertex 14.7865 45.508 0
    endloop
  endfacet
  facet normal -0.253412 -0.660208 0.707042
    outer loop
      vertex 17.0259 42.1405 13.4
      vertex 15.75 43.2728 14
      vertex 15.5448 42.709 13.4
    endloop
  endfacet
  facet normal -0.253421 -0.660213 0.707034
    outer loop
      vertex 17.0259 42.1405 13.4
      vertex 17.2506 42.6968 14
      vertex 15.75 43.2728 14
    endloop
  endfacet
  facet normal -0.358345 -0.933589 0
    outer loop
      vertex 15.5448 42.709 11.4
      vertex 17.0259 42.1405 13.4
      vertex 15.5448 42.709 13.4
    endloop
  endfacet
  facet normal -0.358345 -0.933589 -0
    outer loop
      vertex 17.0259 42.1405 13.4
      vertex 15.5448 42.709 11.4
      vertex 17.0259 42.1405 11.4
    endloop
  endfacet
  facet normal -0.253436 -0.660199 0.707042
    outer loop
      vertex 16.9135 41.8623 11.1
      vertex 15.5448 42.709 11.4
      vertex 15.4422 42.4271 11.1
    endloop
  endfacet
  facet normal -0.253387 -0.660144 0.70711
    outer loop
      vertex 16.9135 41.8623 11.1
      vertex 17.0259 42.1405 11.4
      vertex 15.5448 42.709 11.4
    endloop
  endfacet
  facet normal -0.358379 -0.933576 0
    outer loop
      vertex 15.4422 42.4271 10.7
      vertex 16.9135 41.8623 11.1
      vertex 15.4422 42.4271 11.1
    endloop
  endfacet
  facet normal -0.358379 -0.933576 -0
    outer loop
      vertex 16.9135 41.8623 11.1
      vertex 15.4422 42.4271 10.7
      vertex 16.9135 41.8623 10.7
    endloop
  endfacet
  facet normal -0.253412 -0.660208 -0.707042
    outer loop
      vertex 15.5448 42.709 10.4
      vertex 17.0259 42.1405 10.4
      vertex 15.4422 42.4271 10.7
    endloop
  endfacet
  facet normal -0.253411 -0.660135 -0.70711
    outer loop
      vertex 17.0259 42.1405 10.4
      vertex 16.9135 41.8623 10.7
      vertex 15.4422 42.4271 10.7
    endloop
  endfacet
  facet normal -0.358345 -0.933589 0
    outer loop
      vertex 15.5448 42.709 8
      vertex 17.0259 42.1405 10.4
      vertex 15.5448 42.709 10.4
    endloop
  endfacet
  facet normal -0.358345 -0.933589 -0
    outer loop
      vertex 17.0259 42.1405 10.4
      vertex 15.5448 42.709 8
      vertex 17.0259 42.1405 8
    endloop
  endfacet
  facet normal -0.358385 -0.933574 0
    outer loop
      vertex 14.7069 40.4068 0
      vertex 16.1081 39.8689 8
      vertex 14.7069 40.4068 8
    endloop
  endfacet
  facet normal -0.358385 -0.933574 -0
    outer loop
      vertex 16.1081 39.8689 8
      vertex 14.7069 40.4068 0
      vertex 16.1081 39.8689 0
    endloop
  endfacet
  facet normal 0.358409 0.933565 -0
    outer loop
      vertex 17.9249 44.3657 0
      vertex 16.3657 44.9643 14
      vertex 17.9249 44.3657 14
    endloop
  endfacet
  facet normal 0.358409 0.933565 0
    outer loop
      vertex 16.3657 44.9643 14
      vertex 17.9249 44.3657 0
      vertex 16.3657 44.9643 0
    endloop
  endfacet
  facet normal -0.276333 -0.650957 0.707032
    outer loop
      vertex 18.4862 41.5206 13.4
      vertex 17.2506 42.6968 14
      vertex 17.0259 42.1405 13.4
    endloop
  endfacet
  facet normal -0.276278 -0.650926 0.707083
    outer loop
      vertex 18.4862 41.5206 13.4
      vertex 18.7302 42.0688 14
      vertex 17.2506 42.6968 14
    endloop
  endfacet
  facet normal -0.390752 -0.920496 0
    outer loop
      vertex 17.0259 42.1405 11.4
      vertex 18.4862 41.5206 13.4
      vertex 17.0259 42.1405 13.4
    endloop
  endfacet
  facet normal -0.390752 -0.920496 -0
    outer loop
      vertex 18.4862 41.5206 13.4
      vertex 17.0259 42.1405 11.4
      vertex 18.4862 41.5206 11.4
    endloop
  endfacet
  facet normal -0.276255 -0.650906 0.70711
    outer loop
      vertex 18.3642 41.2466 11.1
      vertex 17.0259 42.1405 11.4
      vertex 16.9135 41.8623 11.1
    endloop
  endfacet
  facet normal -0.276355 -0.651011 0.706974
    outer loop
      vertex 18.3642 41.2466 11.1
      vertex 18.4862 41.5206 11.4
      vertex 17.0259 42.1405 11.4
    endloop
  endfacet
  facet normal -0.390685 -0.920524 0
    outer loop
      vertex 16.9135 41.8623 10.7
      vertex 18.3642 41.2466 11.1
      vertex 16.9135 41.8623 11.1
    endloop
  endfacet
  facet normal -0.390685 -0.920524 -0
    outer loop
      vertex 18.3642 41.2466 11.1
      vertex 16.9135 41.8623 10.7
      vertex 18.3642 41.2466 10.7
    endloop
  endfacet
  facet normal -0.276302 -0.650886 -0.70711
    outer loop
      vertex 17.0259 42.1405 10.4
      vertex 18.4862 41.5206 10.4
      vertex 16.9135 41.8623 10.7
    endloop
  endfacet
  facet normal -0.276308 -0.651031 -0.706974
    outer loop
      vertex 18.4862 41.5206 10.4
      vertex 18.3642 41.2466 10.7
      vertex 16.9135 41.8623 10.7
    endloop
  endfacet
  facet normal -0.390752 -0.920496 0
    outer loop
      vertex 17.0259 42.1405 8
      vertex 18.4862 41.5206 10.4
      vertex 17.0259 42.1405 10.4
    endloop
  endfacet
  facet normal -0.390752 -0.920496 -0
    outer loop
      vertex 18.4862 41.5206 10.4
      vertex 17.0259 42.1405 8
      vertex 18.4862 41.5206 8
    endloop
  endfacet
  facet normal -0.3907 -0.920518 0
    outer loop
      vertex 16.1081 39.8689 0
      vertex 17.4897 39.2825 8
      vertex 16.1081 39.8689 8
    endloop
  endfacet
  facet normal -0.3907 -0.920518 -0
    outer loop
      vertex 17.4897 39.2825 8
      vertex 16.1081 39.8689 0
      vertex 17.4897 39.2825 0
    endloop
  endfacet
  facet normal 0.390737 0.920502 -0
    outer loop
      vertex 19.4623 43.7131 0
      vertex 17.9249 44.3657 14
      vertex 19.4623 43.7131 14
    endloop
  endfacet
  facet normal 0.390737 0.920502 0
    outer loop
      vertex 17.9249 44.3657 14
      vertex 19.4623 43.7131 0
      vertex 17.9249 44.3657 0
    endloop
  endfacet
  facet normal -0.298826 -0.640889 0.707082
    outer loop
      vertex 19.924 40.8502 13.4
      vertex 18.7302 42.0688 14
      vertex 18.4862 41.5206 13.4
    endloop
  endfacet
  facet normal -0.29885 -0.640902 0.70706
    outer loop
      vertex 19.924 40.8502 13.4
      vertex 20.187 41.3895 14
      vertex 18.7302 42.0688 14
    endloop
  endfacet
  facet normal -0.422589 -0.906322 0
    outer loop
      vertex 18.4862 41.5206 11.4
      vertex 19.924 40.8502 13.4
      vertex 18.4862 41.5206 13.4
    endloop
  endfacet
  facet normal -0.422589 -0.906322 -0
    outer loop
      vertex 19.924 40.8502 13.4
      vertex 18.4862 41.5206 11.4
      vertex 19.924 40.8502 11.4
    endloop
  endfacet
  facet normal -0.298919 -0.640964 0.706974
    outer loop
      vertex 19.7925 40.5805 11.1
      vertex 18.4862 41.5206 11.4
      vertex 18.3642 41.2466 11.1
    endloop
  endfacet
  facet normal -0.298813 -0.64086 0.707113
    outer loop
      vertex 19.7925 40.5805 11.1
      vertex 19.924 40.8502 11.4
      vertex 18.4862 41.5206 11.4
    endloop
  endfacet
  facet normal -0.422656 -0.90629 0
    outer loop
      vertex 18.3642 41.2466 10.7
      vertex 19.7925 40.5805 11.1
      vertex 18.3642 41.2466 11.1
    endloop
  endfacet
  facet normal -0.422656 -0.90629 -0
    outer loop
      vertex 19.7925 40.5805 11.1
      vertex 18.3642 41.2466 10.7
      vertex 19.7925 40.5805 10.7
    endloop
  endfacet
  facet normal -0.298871 -0.640986 -0.706975
    outer loop
      vertex 18.4862 41.5206 10.4
      vertex 19.924 40.8502 10.4
      vertex 18.3642 41.2466 10.7
    endloop
  endfacet
  facet normal -0.29886 -0.640838 -0.707114
    outer loop
      vertex 19.924 40.8502 10.4
      vertex 19.7925 40.5805 10.7
      vertex 18.3642 41.2466 10.7
    endloop
  endfacet
  facet normal -0.422589 -0.906322 0
    outer loop
      vertex 18.4862 41.5206 8
      vertex 19.924 40.8502 10.4
      vertex 18.4862 41.5206 10.4
    endloop
  endfacet
  facet normal -0.422589 -0.906322 -0
    outer loop
      vertex 19.924 40.8502 10.4
      vertex 18.4862 41.5206 8
      vertex 19.924 40.8502 8
    endloop
  endfacet
  facet normal -0.422663 -0.906287 0
    outer loop
      vertex 17.4897 39.2825 0
      vertex 18.85 38.6481 8
      vertex 17.4897 39.2825 8
    endloop
  endfacet
  facet normal -0.422663 -0.906287 -0
    outer loop
      vertex 18.85 38.6481 8
      vertex 17.4897 39.2825 0
      vertex 18.85 38.6481 0
    endloop
  endfacet
  facet normal 0.422571 0.90633 -0
    outer loop
      vertex 20.9761 43.0073 0
      vertex 19.4623 43.7131 14
      vertex 20.9761 43.0073 14
    endloop
  endfacet
  facet normal 0.422571 0.90633 0
    outer loop
      vertex 19.4623 43.7131 14
      vertex 20.9761 43.0073 0
      vertex 19.4623 43.7131 0
    endloop
  endfacet
  facet normal -0.321036 -0.630082 0.707059
    outer loop
      vertex 21.3375 40.13 13.4
      vertex 20.187 41.3895 14
      vertex 19.924 40.8502 13.4
    endloop
  endfacet
  facet normal -0.321079 -0.630102 0.707022
    outer loop
      vertex 21.3375 40.13 13.4
      vertex 21.6192 40.6597 14
      vertex 20.187 41.3895 14
    endloop
  endfacet
  facet normal -0.453983 -0.89101 0
    outer loop
      vertex 19.924 40.8502 11.4
      vertex 21.3375 40.13 13.4
      vertex 19.924 40.8502 13.4
    endloop
  endfacet
  facet normal -0.453983 -0.89101 -0
    outer loop
      vertex 21.3375 40.13 13.4
      vertex 19.924 40.8502 11.4
      vertex 21.3375 40.13 11.4
    endloop
  endfacet
  facet normal -0.321009 -0.630037 0.707112
    outer loop
      vertex 21.1966 39.8651 11.1
      vertex 19.924 40.8502 11.4
      vertex 19.7925 40.5805 11.1
    endloop
  endfacet
  facet normal -0.321017 -0.630045 0.707101
    outer loop
      vertex 21.1966 39.8651 11.1
      vertex 21.3375 40.13 11.4
      vertex 19.924 40.8502 11.4
    endloop
  endfacet
  facet normal -0.453978 -0.891013 0
    outer loop
      vertex 19.7925 40.5805 10.7
      vertex 21.1966 39.8651 11.1
      vertex 19.7925 40.5805 11.1
    endloop
  endfacet
  facet normal -0.453978 -0.891013 -0
    outer loop
      vertex 21.1966 39.8651 11.1
      vertex 19.7925 40.5805 10.7
      vertex 21.1966 39.8651 10.7
    endloop
  endfacet
  facet normal -0.321012 -0.630035 -0.707112
    outer loop
      vertex 19.924 40.8502 10.4
      vertex 21.3375 40.13 10.4
      vertex 19.7925 40.5805 10.7
    endloop
  endfacet
  facet normal -0.321014 -0.630047 -0.707101
    outer loop
      vertex 21.3375 40.13 10.4
      vertex 21.1966 39.8651 10.7
      vertex 19.7925 40.5805 10.7
    endloop
  endfacet
  facet normal -0.453983 -0.89101 0
    outer loop
      vertex 19.924 40.8502 8
      vertex 21.3375 40.13 10.4
      vertex 19.924 40.8502 10.4
    endloop
  endfacet
  facet normal -0.453983 -0.89101 -0
    outer loop
      vertex 21.3375 40.13 10.4
      vertex 19.924 40.8502 8
      vertex 21.3375 40.13 8
    endloop
  endfacet
  facet normal -0.453997 -0.891003 0
    outer loop
      vertex 18.85 38.6481 0
      vertex 20.1873 37.9667 8
      vertex 18.85 38.6481 8
    endloop
  endfacet
  facet normal -0.453997 -0.891003 -0
    outer loop
      vertex 20.1873 37.9667 8
      vertex 18.85 38.6481 0
      vertex 20.1873 37.9667 0
    endloop
  endfacet
  facet normal 0.454026 0.890988 -0
    outer loop
      vertex 22.4642 42.249 0
      vertex 20.9761 43.0073 14
      vertex 22.4642 42.249 14
    endloop
  endfacet
  facet normal 0.454026 0.890988 0
    outer loop
      vertex 20.9761 43.0073 14
      vertex 22.4642 42.249 0
      vertex 20.9761 43.0073 0
    endloop
  endfacet
  facet normal -0.342899 -0.618498 0.707022
    outer loop
      vertex 21.3375 40.13 13.4
      vertex 22.381 39.7649 13.5867
      vertex 21.6192 40.6597 14
    endloop
  endfacet
  facet normal -0.342911 -0.618568 0.706955
    outer loop
      vertex 22.381 39.7649 13.5867
      vertex 21.3375 40.13 13.4
      vertex 22.2876 39.6033 13.4
    endloop
  endfacet
  facet normal -0.342826 -0.618466 0.707086
    outer loop
      vertex 22.381 39.7649 13.5867
      vertex 22.5876 40.1229 14
      vertex 21.6192 40.6597 14
    endloop
  endfacet
  facet normal -0.484846 -0.8746 0
    outer loop
      vertex 21.3375 40.13 11.4
      vertex 22.2876 39.6033 13.4
      vertex 21.3375 40.13 13.4
    endloop
  endfacet
  facet normal -0.484846 -0.8746 -0
    outer loop
      vertex 22.2876 39.6033 13.4
      vertex 21.3375 40.13 11.4
      vertex 22.2876 39.6033 11.4
    endloop
  endfacet
  facet normal -0.342833 -0.618443 0.707102
    outer loop
      vertex 21.1966 39.8651 11.1
      vertex 22.1849 39.4254 11.1946
      vertex 21.3375 40.13 11.4
    endloop
  endfacet
  facet normal -0.342877 -0.618572 0.706968
    outer loop
      vertex 22.1849 39.4254 11.1946
      vertex 21.1966 39.8651 11.1
      vertex 22.1376 39.3435 11.1
    endloop
  endfacet
  facet normal -0.34285 -0.618458 0.707081
    outer loop
      vertex 22.1849 39.4254 11.1946
      vertex 22.2876 39.6033 11.4
      vertex 21.3375 40.13 11.4
    endloop
  endfacet
  facet normal -0.484806 -0.874622 0
    outer loop
      vertex 21.1966 39.8651 10.7
      vertex 22.1376 39.3435 11.1
      vertex 21.1966 39.8651 11.1
    endloop
  endfacet
  facet normal -0.484806 -0.874622 -0
    outer loop
      vertex 22.1376 39.3435 11.1
      vertex 21.1966 39.8651 10.7
      vertex 22.1376 39.3435 10.7
    endloop
  endfacet
  facet normal -0.342935 -0.618612 -0.706905
    outer loop
      vertex 22.24 39.5209 10.4952
      vertex 21.3375 40.13 10.4
      vertex 22.2876 39.6033 10.4
    endloop
  endfacet
  facet normal -0.342809 -0.618456 -0.707103
    outer loop
      vertex 21.3375 40.13 10.4
      vertex 22.24 39.5209 10.4952
      vertex 21.1966 39.8651 10.7
    endloop
  endfacet
  facet normal -0.342808 -0.618448 -0.70711
    outer loop
      vertex 22.24 39.5209 10.4952
      vertex 22.1376 39.3435 10.7
      vertex 21.1966 39.8651 10.7
    endloop
  endfacet
  facet normal -0.484846 -0.8746 0
    outer loop
      vertex 21.3375 40.13 10.4
      vertex 22.2876 39.6033 8.8
      vertex 22.2876 39.6033 10.4
    endloop
  endfacet
  facet normal -0.484846 -0.8746 0
    outer loop
      vertex 21.3375 40.13 8
      vertex 22.2876 39.6033 8.8
      vertex 21.3375 40.13 10.4
    endloop
  endfacet
  facet normal -0.484808 -0.874621 -5.8576e-05
    outer loop
      vertex 22.725 39.3609 8
      vertex 22.2876 39.6033 8.8
      vertex 21.3375 40.13 8
    endloop
  endfacet
  facet normal -0.484726 -0.874666 0
    outer loop
      vertex 22.2876 39.6033 8.8
      vertex 22.725 39.3609 8
      vertex 22.725 39.3609 8.8
    endloop
  endfacet
  facet normal -0.484788 -0.874631 0
    outer loop
      vertex 20.1873 37.9667 0
      vertex 21.5 37.2391 8
      vertex 20.1873 37.9667 8
    endloop
  endfacet
  facet normal -0.484788 -0.874631 -0
    outer loop
      vertex 21.5 37.2391 8
      vertex 20.1873 37.9667 0
      vertex 21.5 37.2391 0
    endloop
  endfacet
  facet normal 0.484726 0.874666 0
    outer loop
      vertex 23.925 41.4393 8.8
      vertex 23.925 41.4393 0
      vertex 23.4876 41.6817 8.8
    endloop
  endfacet
  facet normal 0.484823 0.874612 -0
    outer loop
      vertex 23.4876 41.6817 8.8
      vertex 22.4642 42.249 14
      vertex 23.4876 41.6817 14
    endloop
  endfacet
  facet normal 0.484794 0.874629 4.41293e-06
    outer loop
      vertex 22.4642 42.249 0
      vertex 23.4876 41.6817 8.8
      vertex 23.925 41.4393 0
    endloop
  endfacet
  facet normal 0.484823 0.874612 0
    outer loop
      vertex 23.4876 41.6817 8.8
      vertex 22.4642 42.249 0
      vertex 22.4642 42.249 14
    endloop
  endfacet
  facet normal -0.364212 -0.606174 0.707038
    outer loop
      vertex 24.0848 38.5438 13.4
      vertex 23.3591 39.4591 13.8109
      vertex 23.1536 39.1033 13.4
    endloop
  endfacet
  facet normal -0.364193 -0.606159 0.70706
    outer loop
      vertex 23.3591 39.4591 13.8109
      vertex 24.4028 39.0526 14
      vertex 23.4536 39.6229 14
    endloop
  endfacet
  facet normal -0.364195 -0.606167 0.707053
    outer loop
      vertex 24.4028 39.0526 14
      vertex 23.3591 39.4591 13.8109
      vertex 24.0848 38.5438 13.4
    endloop
  endfacet
  facet normal -0.515024 -0.857176 0
    outer loop
      vertex 23.1536 39.1033 11.4
      vertex 24.0848 38.5438 13.4
      vertex 23.1536 39.1033 13.4
    endloop
  endfacet
  facet normal -0.515024 -0.857176 -0
    outer loop
      vertex 24.0848 38.5438 13.4
      vertex 23.1536 39.1033 11.4
      vertex 24.0848 38.5438 11.4
    endloop
  endfacet
  facet normal -0.364179 -0.606111 0.707109
    outer loop
      vertex 23.9258 38.2894 11.1
      vertex 23.106 39.0209 11.3048
      vertex 23.0036 38.8435 11.1
    endloop
  endfacet
  facet normal -0.364279 -0.606286 0.706908
    outer loop
      vertex 23.106 39.0209 11.3048
      vertex 24.0848 38.5438 11.4
      vertex 23.1536 39.1033 11.4
    endloop
  endfacet
  facet normal -0.364226 -0.606148 0.707053
    outer loop
      vertex 24.0848 38.5438 11.4
      vertex 23.106 39.0209 11.3048
      vertex 23.9258 38.2894 11.1
    endloop
  endfacet
  facet normal -0.515029 -0.857173 0
    outer loop
      vertex 23.0036 38.8435 10.7
      vertex 23.9258 38.2894 11.1
      vertex 23.0036 38.8435 11.1
    endloop
  endfacet
  facet normal -0.515029 -0.857173 -0
    outer loop
      vertex 23.9258 38.2894 11.1
      vertex 23.0036 38.8435 10.7
      vertex 23.9258 38.2894 10.7
    endloop
  endfacet
  facet normal -0.36419 -0.606138 -0.70708
    outer loop
      vertex 23.1536 39.1033 10.4
      vertex 24.0848 38.5438 10.4
      vertex 23.0509 38.9254 10.6054
    endloop
  endfacet
  facet normal -0.364196 -0.606167 -0.707053
    outer loop
      vertex 23.9258 38.2894 10.7
      vertex 23.0509 38.9254 10.6054
      vertex 24.0848 38.5438 10.4
    endloop
  endfacet
  facet normal -0.364251 -0.60623 -0.70697
    outer loop
      vertex 23.0509 38.9254 10.6054
      vertex 23.9258 38.2894 10.7
      vertex 23.0036 38.8435 10.7
    endloop
  endfacet
  facet normal -0.515143 -0.857104 -0
    outer loop
      vertex 22.725 39.3609 8.8
      vertex 22.725 39.3609 8
      vertex 23.1536 39.1033 8.8
    endloop
  endfacet
  facet normal -0.515024 -0.857176 0
    outer loop
      vertex 23.1536 39.1033 8.8
      vertex 24.0848 38.5438 10.4
      vertex 23.1536 39.1033 10.4
    endloop
  endfacet
  facet normal -0.515061 -0.857153 -5.94265e-05
    outer loop
      vertex 24.0848 38.5438 8
      vertex 23.1536 39.1033 8.8
      vertex 22.725 39.3609 8
    endloop
  endfacet
  facet normal -0.515024 -0.857176 0
    outer loop
      vertex 23.1536 39.1033 8.8
      vertex 24.0848 38.5438 8
      vertex 24.0848 38.5438 10.4
    endloop
  endfacet
  facet normal -0.515035 -0.857169 0
    outer loop
      vertex 21.5 37.2391 0
      vertex 22.7865 36.4661 8
      vertex 21.5 37.2391 8
    endloop
  endfacet
  facet normal -0.515035 -0.857169 -0
    outer loop
      vertex 22.7865 36.4661 8
      vertex 21.5 37.2391 0
      vertex 22.7865 36.4661 0
    endloop
  endfacet
  facet normal 0.514998 0.857191 0
    outer loop
      vertex 25.3566 40.5791 14
      vertex 24.3536 41.1817 8.8
      vertex 24.3536 41.1817 14
    endloop
  endfacet
  facet normal 0.514998 0.857191 -0
    outer loop
      vertex 25.3566 40.5791 0
      vertex 24.3536 41.1817 8.8
      vertex 25.3566 40.5791 14
    endloop
  endfacet
  facet normal 0.515042 0.857165 6.69779e-06
    outer loop
      vertex 23.925 41.4393 0
      vertex 24.3536 41.1817 8.8
      vertex 25.3566 40.5791 0
    endloop
  endfacet
  facet normal 0.515143 0.857104 0
    outer loop
      vertex 24.3536 41.1817 8.8
      vertex 23.925 41.4393 0
      vertex 23.925 41.4393 8.8
    endloop
  endfacet
  facet normal -0.385135 -0.593081 0.707054
    outer loop
      vertex 25.4153 37.6798 13.4
      vertex 24.4028 39.0526 14
      vertex 24.0848 38.5438 13.4
    endloop
  endfacet
  facet normal -0.385156 -0.593089 0.707037
    outer loop
      vertex 25.4153 37.6798 13.4
      vertex 25.7508 38.1772 14
      vertex 24.4028 39.0526 14
    endloop
  endfacet
  facet normal -0.544623 -0.838681 0
    outer loop
      vertex 24.0848 38.5438 11.4
      vertex 25.4153 37.6798 13.4
      vertex 24.0848 38.5438 13.4
    endloop
  endfacet
  facet normal -0.544623 -0.838681 -0
    outer loop
      vertex 25.4153 37.6798 13.4
      vertex 24.0848 38.5438 11.4
      vertex 25.4153 37.6798 11.4
    endloop
  endfacet
  facet normal -0.385151 -0.593071 0.707054
    outer loop
      vertex 25.2476 37.431 11.1
      vertex 24.0848 38.5438 11.4
      vertex 23.9258 38.2894 11.1
    endloop
  endfacet
  facet normal -0.385108 -0.59304 0.707103
    outer loop
      vertex 25.2476 37.431 11.1
      vertex 25.4153 37.6798 11.4
      vertex 24.0848 38.5438 11.4
    endloop
  endfacet
  facet normal -0.544645 -0.838667 0
    outer loop
      vertex 23.9258 38.2894 10.7
      vertex 25.2476 37.431 11.1
      vertex 23.9258 38.2894 11.1
    endloop
  endfacet
  facet normal -0.544645 -0.838667 -0
    outer loop
      vertex 25.2476 37.431 11.1
      vertex 23.9258 38.2894 10.7
      vertex 25.2476 37.431 10.7
    endloop
  endfacet
  facet normal -0.385135 -0.593081 -0.707054
    outer loop
      vertex 24.0848 38.5438 10.4
      vertex 25.4153 37.6798 10.4
      vertex 23.9258 38.2894 10.7
    endloop
  endfacet
  facet normal -0.385124 -0.59303 -0.707104
    outer loop
      vertex 25.4153 37.6798 10.4
      vertex 25.2476 37.431 10.7
      vertex 23.9258 38.2894 10.7
    endloop
  endfacet
  facet normal -0.544623 -0.838681 0
    outer loop
      vertex 24.0848 38.5438 8
      vertex 25.4153 37.6798 10.4
      vertex 24.0848 38.5438 10.4
    endloop
  endfacet
  facet normal -0.544623 -0.838681 -0
    outer loop
      vertex 25.4153 37.6798 10.4
      vertex 24.0848 38.5438 8
      vertex 25.4153 37.6798 8
    endloop
  endfacet
  facet normal -0.544651 -0.838663 0
    outer loop
      vertex 22.7865 36.4661 0
      vertex 24.0453 35.6486 8
      vertex 22.7865 36.4661 8
    endloop
  endfacet
  facet normal -0.544651 -0.838663 -0
    outer loop
      vertex 24.0453 35.6486 8
      vertex 22.7865 36.4661 0
      vertex 24.0453 35.6486 0
    endloop
  endfacet
  facet normal 0.544643 0.838668 -0
    outer loop
      vertex 26.7574 39.6694 0
      vertex 25.3566 40.5791 14
      vertex 26.7574 39.6694 14
    endloop
  endfacet
  facet normal 0.544643 0.838668 0
    outer loop
      vertex 25.3566 40.5791 14
      vertex 26.7574 39.6694 0
      vertex 25.3566 40.5791 0
    endloop
  endfacet
  facet normal -0.405644 -0.579269 0.707036
    outer loop
      vertex 26.7148 36.7698 13.4
      vertex 25.7508 38.1772 14
      vertex 25.4153 37.6798 13.4
    endloop
  endfacet
  facet normal -0.405619 -0.57926 0.707058
    outer loop
      vertex 26.7148 36.7698 13.4
      vertex 27.0675 37.2552 14
      vertex 25.7508 38.1772 14
    endloop
  endfacet
  facet normal -0.57361 -0.819128 0
    outer loop
      vertex 25.4153 37.6798 11.4
      vertex 26.7148 36.7698 13.4
      vertex 25.4153 37.6798 13.4
    endloop
  endfacet
  facet normal -0.57361 -0.819128 -0
    outer loop
      vertex 26.7148 36.7698 13.4
      vertex 25.4153 37.6798 11.4
      vertex 26.7148 36.7698 11.4
    endloop
  endfacet
  facet normal -0.405585 -0.579234 0.707099
    outer loop
      vertex 26.5385 36.5271 11.1
      vertex 25.4153 37.6798 11.4
      vertex 25.2476 37.431 11.1
    endloop
  endfacet
  facet normal -0.405651 -0.579279 0.707024
    outer loop
      vertex 26.5385 36.5271 11.1
      vertex 26.7148 36.7698 11.4
      vertex 25.4153 37.6798 11.4
    endloop
  endfacet
  facet normal -0.573577 -0.819151 0
    outer loop
      vertex 25.2476 37.431 10.7
      vertex 26.5385 36.5271 11.1
      vertex 25.2476 37.431 11.1
    endloop
  endfacet
  facet normal -0.573577 -0.819151 -0
    outer loop
      vertex 26.5385 36.5271 11.1
      vertex 25.2476 37.431 10.7
      vertex 26.5385 36.5271 10.7
    endloop
  endfacet
  facet normal -0.405608 -0.579217 -0.707099
    outer loop
      vertex 25.4153 37.6798 10.4
      vertex 26.7148 36.7698 10.4
      vertex 25.2476 37.431 10.7
    endloop
  endfacet
  facet normal -0.405628 -0.579295 -0.707024
    outer loop
      vertex 26.7148 36.7698 10.4
      vertex 26.5385 36.5271 10.7
      vertex 25.2476 37.431 10.7
    endloop
  endfacet
  facet normal -0.57361 -0.819128 0
    outer loop
      vertex 25.4153 37.6798 8
      vertex 26.7148 36.7698 10.4
      vertex 25.4153 37.6798 10.4
    endloop
  endfacet
  facet normal -0.57361 -0.819128 -0
    outer loop
      vertex 26.7148 36.7698 10.4
      vertex 25.4153 37.6798 8
      vertex 26.7148 36.7698 8
    endloop
  endfacet
  facet normal -0.573574 -0.819154 0
    outer loop
      vertex 24.0453 35.6486 0
      vertex 25.2748 34.7877 8
      vertex 24.0453 35.6486 8
    endloop
  endfacet
  facet normal -0.573574 -0.819154 -0
    outer loop
      vertex 25.2748 34.7877 8
      vertex 24.0453 35.6486 0
      vertex 25.2748 34.7877 0
    endloop
  endfacet
  facet normal 0.573555 0.819167 -0
    outer loop
      vertex 28.1255 38.7115 0
      vertex 26.7574 39.6694 14
      vertex 28.1255 38.7115 14
    endloop
  endfacet
  facet normal 0.573555 0.819167 0
    outer loop
      vertex 26.7574 39.6694 14
      vertex 28.1255 38.7115 0
      vertex 26.7574 39.6694 0
    endloop
  endfacet
  facet normal -0.425561 -0.56477 0.707059
    outer loop
      vertex 27.9818 35.8151 13.4
      vertex 27.0675 37.2552 14
      vertex 26.7148 36.7698 13.4
    endloop
  endfacet
  facet normal -0.425571 -0.564773 0.707051
    outer loop
      vertex 27.9818 35.8151 13.4
      vertex 28.3512 36.2879 14
      vertex 27.0675 37.2552 14
    endloop
  endfacet
  facet normal -0.601794 -0.798652 0
    outer loop
      vertex 26.7148 36.7698 11.4
      vertex 27.9818 35.8151 13.4
      vertex 26.7148 36.7698 13.4
    endloop
  endfacet
  facet normal -0.601794 -0.798652 -0
    outer loop
      vertex 27.9818 35.8151 13.4
      vertex 26.7148 36.7698 11.4
      vertex 27.9818 35.8151 11.4
    endloop
  endfacet
  facet normal -0.425591 -0.564793 0.707023
    outer loop
      vertex 27.7971 35.5787 11.1
      vertex 26.7148 36.7698 11.4
      vertex 26.5385 36.5271 11.1
    endloop
  endfacet
  facet normal -0.425566 -0.564777 0.707051
    outer loop
      vertex 27.7971 35.5787 11.1
      vertex 27.9818 35.8151 11.4
      vertex 26.7148 36.7698 11.4
    endloop
  endfacet
  facet normal -0.601806 -0.798643 0
    outer loop
      vertex 26.5385 36.5271 10.7
      vertex 27.7971 35.5787 11.1
      vertex 26.5385 36.5271 11.1
    endloop
  endfacet
  facet normal -0.601806 -0.798643 -0
    outer loop
      vertex 27.7971 35.5787 11.1
      vertex 26.5385 36.5271 10.7
      vertex 27.7971 35.5787 10.7
    endloop
  endfacet
  facet normal -0.425583 -0.564799 -0.707023
    outer loop
      vertex 26.7148 36.7698 10.4
      vertex 27.9818 35.8151 10.4
      vertex 26.5385 36.5271 10.7
    endloop
  endfacet
  facet normal -0.425574 -0.56477 -0.707051
    outer loop
      vertex 27.9818 35.8151 10.4
      vertex 27.7971 35.5787 10.7
      vertex 26.5385 36.5271 10.7
    endloop
  endfacet
  facet normal -0.601794 -0.798652 0
    outer loop
      vertex 26.7148 36.7698 8
      vertex 27.9818 35.8151 10.4
      vertex 26.7148 36.7698 10.4
    endloop
  endfacet
  facet normal -0.601794 -0.798652 -0
    outer loop
      vertex 27.9818 35.8151 10.4
      vertex 26.7148 36.7698 8
      vertex 27.9818 35.8151 8
    endloop
  endfacet
  facet normal -0.601811 -0.798639 0
    outer loop
      vertex 25.2748 34.7877 0
      vertex 26.4734 33.8845 8
      vertex 25.2748 34.7877 8
    endloop
  endfacet
  facet normal -0.601811 -0.798639 -0
    outer loop
      vertex 26.4734 33.8845 8
      vertex 25.2748 34.7877 0
      vertex 26.4734 33.8845 0
    endloop
  endfacet
  facet normal 0.601828 0.798626 -0
    outer loop
      vertex 29.4594 37.7063 0
      vertex 28.1255 38.7115 14
      vertex 29.4594 37.7063 14
    endloop
  endfacet
  facet normal 0.601828 0.798626 0
    outer loop
      vertex 28.1255 38.7115 14
      vertex 29.4594 37.7063 0
      vertex 28.1255 38.7115 0
    endloop
  endfacet
  facet normal -0.445036 -0.549565 0.707051
    outer loop
      vertex 29.2147 34.8167 13.4
      vertex 28.3512 36.2879 14
      vertex 27.9818 35.8151 13.4
    endloop
  endfacet
  facet normal -0.445037 -0.549565 0.707051
    outer loop
      vertex 29.2147 34.8167 13.4
      vertex 29.6004 35.2763 14
      vertex 28.3512 36.2879 14
    endloop
  endfacet
  facet normal -0.629327 -0.777141 0
    outer loop
      vertex 27.9818 35.8151 11.4
      vertex 29.2147 34.8167 13.4
      vertex 27.9818 35.8151 13.4
    endloop
  endfacet
  facet normal -0.629327 -0.777141 -0
    outer loop
      vertex 29.2147 34.8167 13.4
      vertex 27.9818 35.8151 11.4
      vertex 29.2147 34.8167 11.4
    endloop
  endfacet
  facet normal -0.445025 -0.549574 0.707051
    outer loop
      vertex 29.0219 34.5869 11.1
      vertex 27.9818 35.8151 11.4
      vertex 27.7971 35.5787 11.1
    endloop
  endfacet
  facet normal -0.44506 -0.549594 0.707014
    outer loop
      vertex 29.0219 34.5869 11.1
      vertex 29.2147 34.8167 11.4
      vertex 27.9818 35.8151 11.4
    endloop
  endfacet
  facet normal -0.629311 -0.777153 0
    outer loop
      vertex 27.7971 35.5787 10.7
      vertex 29.0219 34.5869 11.1
      vertex 27.7971 35.5787 11.1
    endloop
  endfacet
  facet normal -0.629311 -0.777153 -0
    outer loop
      vertex 29.0219 34.5869 11.1
      vertex 27.7971 35.5787 10.7
      vertex 29.0219 34.5869 10.7
    endloop
  endfacet
  facet normal -0.445036 -0.549565 -0.707051
    outer loop
      vertex 27.9818 35.8151 10.4
      vertex 29.2147 34.8167 10.4
      vertex 27.7971 35.5787 10.7
    endloop
  endfacet
  facet normal -0.445049 -0.549603 -0.707014
    outer loop
      vertex 29.2147 34.8167 10.4
      vertex 29.0219 34.5869 10.7
      vertex 27.7971 35.5787 10.7
    endloop
  endfacet
  facet normal -0.629327 -0.777141 0
    outer loop
      vertex 27.9818 35.8151 8
      vertex 29.2147 34.8167 10.4
      vertex 27.9818 35.8151 10.4
    endloop
  endfacet
  facet normal -0.629327 -0.777141 -0
    outer loop
      vertex 29.2147 34.8167 10.4
      vertex 27.9818 35.8151 8
      vertex 29.2147 34.8167 8
    endloop
  endfacet
  facet normal -0.629315 -0.77715 0
    outer loop
      vertex 26.4734 33.8845 0
      vertex 27.6399 32.9399 8
      vertex 26.4734 33.8845 8
    endloop
  endfacet
  facet normal -0.629315 -0.77715 -0
    outer loop
      vertex 27.6399 32.9399 8
      vertex 26.4734 33.8845 0
      vertex 27.6399 32.9399 0
    endloop
  endfacet
  facet normal 0.629321 0.777146 -0
    outer loop
      vertex 30.7574 36.6552 0
      vertex 29.4594 37.7063 14
      vertex 30.7574 36.6552 14
    endloop
  endfacet
  facet normal 0.629321 0.777146 0
    outer loop
      vertex 29.4594 37.7063 14
      vertex 30.7574 36.6552 0
      vertex 29.4594 37.7063 0
    endloop
  endfacet
  facet normal -0.463941 -0.533701 0.707052
    outer loop
      vertex 30.412 33.7759 13.4
      vertex 29.6004 35.2763 14
      vertex 29.2147 34.8167 13.4
    endloop
  endfacet
  facet normal -0.463922 -0.533697 0.707067
    outer loop
      vertex 30.412 33.7759 13.4
      vertex 30.8135 34.2218 14
      vertex 29.6004 35.2763 14
    endloop
  endfacet
  facet normal -0.65606 -0.754709 0
    outer loop
      vertex 29.2147 34.8167 11.4
      vertex 30.412 33.7759 13.4
      vertex 29.2147 34.8167 13.4
    endloop
  endfacet
  facet normal -0.65606 -0.754709 -0
    outer loop
      vertex 30.412 33.7759 13.4
      vertex 29.2147 34.8167 11.4
      vertex 30.412 33.7759 11.4
    endloop
  endfacet
  facet normal -0.46398 -0.533718 0.707013
    outer loop
      vertex 30.2112 33.553 11.1
      vertex 29.2147 34.8167 11.4
      vertex 29.0219 34.5869 11.1
    endloop
  endfacet
  facet normal -0.463934 -0.533694 0.707061
    outer loop
      vertex 30.2112 33.553 11.1
      vertex 30.412 33.7759 11.4
      vertex 29.2147 34.8167 11.4
    endloop
  endfacet
  facet normal -0.65608 -0.754692 0
    outer loop
      vertex 29.0219 34.5869 10.7
      vertex 30.2112 33.553 11.1
      vertex 29.0219 34.5869 11.1
    endloop
  endfacet
  facet normal -0.65608 -0.754692 -0
    outer loop
      vertex 30.2112 33.553 11.1
      vertex 29.0219 34.5869 10.7
      vertex 30.2112 33.553 10.7
    endloop
  endfacet
  facet normal -0.463966 -0.53373 -0.707013
    outer loop
      vertex 29.2147 34.8167 10.4
      vertex 30.412 33.7759 10.4
      vertex 29.0219 34.5869 10.7
    endloop
  endfacet
  facet normal -0.463948 -0.533682 -0.707061
    outer loop
      vertex 30.412 33.7759 10.4
      vertex 30.2112 33.553 10.7
      vertex 29.0219 34.5869 10.7
    endloop
  endfacet
  facet normal -0.65606 -0.754709 0
    outer loop
      vertex 29.2147 34.8167 8
      vertex 30.412 33.7759 10.4
      vertex 29.2147 34.8167 10.4
    endloop
  endfacet
  facet normal -0.65606 -0.754709 -0
    outer loop
      vertex 30.412 33.7759 10.4
      vertex 29.2147 34.8167 8
      vertex 30.412 33.7759 8
    endloop
  endfacet
  facet normal -0.656081 -0.75469 0
    outer loop
      vertex 27.6399 32.9399 0
      vertex 28.7726 31.9552 8
      vertex 27.6399 32.9399 8
    endloop
  endfacet
  facet normal -0.656081 -0.75469 -0
    outer loop
      vertex 28.7726 31.9552 8
      vertex 27.6399 32.9399 0
      vertex 28.7726 31.9552 0
    endloop
  endfacet
  facet normal 0.656047 0.75472 -0
    outer loop
      vertex 32.0179 35.5595 0
      vertex 30.7574 36.6552 14
      vertex 32.0179 35.5595 14
    endloop
  endfacet
  facet normal 0.656047 0.75472 0
    outer loop
      vertex 30.7574 36.6552 14
      vertex 32.0179 35.5595 0
      vertex 30.7574 36.6552 0
    endloop
  endfacet
  facet normal -0.482272 -0.517175 0.707067
    outer loop
      vertex 31.5722 32.694 13.4
      vertex 30.8135 34.2218 14
      vertex 30.412 33.7759 13.4
    endloop
  endfacet
  facet normal -0.482289 -0.517178 0.707053
    outer loop
      vertex 31.5722 32.694 13.4
      vertex 31.989 33.1256 14
      vertex 30.8135 34.2218 14
    endloop
  endfacet
  facet normal -0.681997 -0.731355 0
    outer loop
      vertex 30.412 33.7759 11.4
      vertex 31.5722 32.694 13.4
      vertex 30.412 33.7759 13.4
    endloop
  endfacet
  facet normal -0.681997 -0.731355 -0
    outer loop
      vertex 31.5722 32.694 13.4
      vertex 30.412 33.7759 11.4
      vertex 31.5722 32.694 11.4
    endloop
  endfacet
  facet normal -0.482271 -0.51718 0.707064
    outer loop
      vertex 31.3638 32.4782 11.1
      vertex 30.412 33.7759 11.4
      vertex 30.2112 33.553 11.1
    endloop
  endfacet
  facet normal -0.482281 -0.517185 0.707053
    outer loop
      vertex 31.3638 32.4782 11.1
      vertex 31.5722 32.694 11.4
      vertex 30.412 33.7759 11.4
    endloop
  endfacet
  facet normal -0.681993 -0.731359 0
    outer loop
      vertex 30.2112 33.553 10.7
      vertex 31.3638 32.4782 11.1
      vertex 30.2112 33.553 11.1
    endloop
  endfacet
  facet normal -0.681993 -0.731359 -0
    outer loop
      vertex 31.3638 32.4782 11.1
      vertex 30.2112 33.553 10.7
      vertex 31.3638 32.4782 10.7
    endloop
  endfacet
  facet normal -0.482274 -0.517177 -0.707064
    outer loop
      vertex 30.412 33.7759 10.4
      vertex 31.5722 32.694 10.4
      vertex 30.2112 33.553 10.7
    endloop
  endfacet
  facet normal -0.482278 -0.517188 -0.707053
    outer loop
      vertex 31.5722 32.694 10.4
      vertex 31.3638 32.4782 10.7
      vertex 30.2112 33.553 10.7
    endloop
  endfacet
  facet normal -0.681997 -0.731355 0
    outer loop
      vertex 30.412 33.7759 8
      vertex 31.5722 32.694 10.4
      vertex 30.412 33.7759 10.4
    endloop
  endfacet
  facet normal -0.681997 -0.731355 -0
    outer loop
      vertex 31.5722 32.694 10.4
      vertex 30.412 33.7759 8
      vertex 31.5722 32.694 8
    endloop
  endfacet
  facet normal -0.681991 -0.731361 0
    outer loop
      vertex 28.7726 31.9552 0
      vertex 29.8703 30.9316 8
      vertex 28.7726 31.9552 8
    endloop
  endfacet
  facet normal -0.681991 -0.731361 -0
    outer loop
      vertex 29.8703 30.9316 8
      vertex 28.7726 31.9552 0
      vertex 29.8703 30.9316 0
    endloop
  endfacet
  facet normal 0.682009 0.731344 -0
    outer loop
      vertex 33.2394 34.4204 0
      vertex 32.0179 35.5595 14
      vertex 33.2394 34.4204 14
    endloop
  endfacet
  facet normal 0.682009 0.731344 0
    outer loop
      vertex 32.0179 35.5595 14
      vertex 33.2394 34.4204 0
      vertex 32.0179 35.5595 0
    endloop
  endfacet
  facet normal -0.500038 -0.500038 0.707053
    outer loop
      vertex 31.989 33.1256 14
      vertex 32.694 31.5722 13.4
      vertex 33.1256 31.989 14
    endloop
  endfacet
  facet normal -0.500038 -0.500038 0.707053
    outer loop
      vertex 32.694 31.5722 13.4
      vertex 31.989 33.1256 14
      vertex 31.5722 32.694 13.4
    endloop
  endfacet
  facet normal -0.707107 -0.707107 0
    outer loop
      vertex 32.694 31.5722 11.4
      vertex 31.5722 32.694 13.4
      vertex 31.5722 32.694 11.4
    endloop
  endfacet
  facet normal -0.707107 -0.707107 0
    outer loop
      vertex 31.5722 32.694 13.4
      vertex 32.694 31.5722 11.4
      vertex 32.694 31.5722 13.4
    endloop
  endfacet
  facet normal -0.500038 -0.500038 0.707053
    outer loop
      vertex 31.5722 32.694 11.4
      vertex 32.4782 31.3638 11.1
      vertex 32.694 31.5722 11.4
    endloop
  endfacet
  facet normal -0.500038 -0.500038 0.707053
    outer loop
      vertex 32.4782 31.3638 11.1
      vertex 31.5722 32.694 11.4
      vertex 31.3638 32.4782 11.1
    endloop
  endfacet
  facet normal -0.707107 -0.707107 0
    outer loop
      vertex 32.4782 31.3638 10.7
      vertex 31.3638 32.4782 11.1
      vertex 31.3638 32.4782 10.7
    endloop
  endfacet
  facet normal -0.707107 -0.707107 0
    outer loop
      vertex 31.3638 32.4782 11.1
      vertex 32.4782 31.3638 10.7
      vertex 32.4782 31.3638 11.1
    endloop
  endfacet
  facet normal -0.500038 -0.500038 -0.707053
    outer loop
      vertex 32.4782 31.3638 10.7
      vertex 31.5722 32.694 10.4
      vertex 32.694 31.5722 10.4
    endloop
  endfacet
  facet normal -0.500038 -0.500038 -0.707053
    outer loop
      vertex 31.5722 32.694 10.4
      vertex 32.4782 31.3638 10.7
      vertex 31.3638 32.4782 10.7
    endloop
  endfacet
  facet normal -0.707107 -0.707107 0
    outer loop
      vertex 32.694 31.5722 8
      vertex 31.5722 32.694 10.4
      vertex 31.5722 32.694 8
    endloop
  endfacet
  facet normal -0.707107 -0.707107 0
    outer loop
      vertex 31.5722 32.694 10.4
      vertex 32.694 31.5722 8
      vertex 32.694 31.5722 10.4
    endloop
  endfacet
  facet normal -0.707107 -0.707107 0
    outer loop
      vertex 30.9316 29.8703 0
      vertex 29.8703 30.9316 8
      vertex 29.8703 30.9316 0
    endloop
  endfacet
  facet normal -0.707107 -0.707107 0
    outer loop
      vertex 29.8703 30.9316 8
      vertex 30.9316 29.8703 0
      vertex 30.9316 29.8703 8
    endloop
  endfacet
  facet normal 0.707107 0.707107 0
    outer loop
      vertex 34.4204 33.2394 14
      vertex 33.2394 34.4204 0
      vertex 33.2394 34.4204 14
    endloop
  endfacet
  facet normal 0.707107 0.707107 0
    outer loop
      vertex 33.2394 34.4204 0
      vertex 34.4204 33.2394 14
      vertex 34.4204 33.2394 0
    endloop
  endfacet
  facet normal -0.517185 -0.482281 0.707053
    outer loop
      vertex 33.7759 30.412 13.4
      vertex 33.1256 31.989 14
      vertex 32.694 31.5722 13.4
    endloop
  endfacet
  facet normal -0.517168 -0.482279 0.707067
    outer loop
      vertex 33.7759 30.412 13.4
      vertex 34.2218 30.8135 14
      vertex 33.1256 31.989 14
    endloop
  endfacet
  facet normal -0.731355 -0.681997 0
    outer loop
      vertex 33.7759 30.412 11.4
      vertex 32.694 31.5722 13.4
      vertex 32.694 31.5722 11.4
    endloop
  endfacet
  facet normal -0.731355 -0.681997 0
    outer loop
      vertex 32.694 31.5722 13.4
      vertex 33.7759 30.412 11.4
      vertex 33.7759 30.412 13.4
    endloop
  endfacet
  facet normal -0.517188 -0.482278 0.707053
    outer loop
      vertex 33.553 30.2112 11.1
      vertex 32.694 31.5722 11.4
      vertex 32.4782 31.3638 11.1
    endloop
  endfacet
  facet normal -0.517177 -0.482274 0.707064
    outer loop
      vertex 33.553 30.2112 11.1
      vertex 33.7759 30.412 11.4
      vertex 32.694 31.5722 11.4
    endloop
  endfacet
  facet normal -0.731359 -0.681993 0
    outer loop
      vertex 33.553 30.2112 10.7
      vertex 32.4782 31.3638 11.1
      vertex 32.4782 31.3638 10.7
    endloop
  endfacet
  facet normal -0.731359 -0.681993 0
    outer loop
      vertex 32.4782 31.3638 11.1
      vertex 33.553 30.2112 10.7
      vertex 33.553 30.2112 11.1
    endloop
  endfacet
  facet normal -0.517185 -0.482281 -0.707053
    outer loop
      vertex 32.694 31.5722 10.4
      vertex 33.7759 30.412 10.4
      vertex 32.4782 31.3638 10.7
    endloop
  endfacet
  facet normal -0.51718 -0.482271 -0.707064
    outer loop
      vertex 33.7759 30.412 10.4
      vertex 33.553 30.2112 10.7
      vertex 32.4782 31.3638 10.7
    endloop
  endfacet
  facet normal -0.731355 -0.681997 0
    outer loop
      vertex 33.7759 30.412 8
      vertex 32.694 31.5722 10.4
      vertex 32.694 31.5722 8
    endloop
  endfacet
  facet normal -0.731355 -0.681997 0
    outer loop
      vertex 32.694 31.5722 10.4
      vertex 33.7759 30.412 8
      vertex 33.7759 30.412 10.4
    endloop
  endfacet
  facet normal -0.731361 -0.681991 0
    outer loop
      vertex 31.9552 28.7726 0
      vertex 30.9316 29.8703 8
      vertex 30.9316 29.8703 0
    endloop
  endfacet
  facet normal -0.731361 -0.681991 0
    outer loop
      vertex 30.9316 29.8703 8
      vertex 31.9552 28.7726 0
      vertex 31.9552 28.7726 8
    endloop
  endfacet
  facet normal 0.731344 0.682009 0
    outer loop
      vertex 35.5595 32.0179 14
      vertex 34.4204 33.2394 0
      vertex 34.4204 33.2394 14
    endloop
  endfacet
  facet normal 0.731344 0.682009 0
    outer loop
      vertex 34.4204 33.2394 0
      vertex 35.5595 32.0179 14
      vertex 35.5595 32.0179 0
    endloop
  endfacet
  facet normal -0.53369 -0.463931 0.707067
    outer loop
      vertex 34.8167 29.2147 13.4
      vertex 34.2218 30.8135 14
      vertex 33.7759 30.412 13.4
    endloop
  endfacet
  facet normal -0.533709 -0.463932 0.707052
    outer loop
      vertex 34.8167 29.2147 13.4
      vertex 35.2763 29.6004 14
      vertex 34.2218 30.8135 14
    endloop
  endfacet
  facet normal -0.754709 -0.65606 0
    outer loop
      vertex 34.8167 29.2147 11.4
      vertex 33.7759 30.412 13.4
      vertex 33.7759 30.412 11.4
    endloop
  endfacet
  facet normal -0.754709 -0.65606 0
    outer loop
      vertex 33.7759 30.412 13.4
      vertex 34.8167 29.2147 11.4
      vertex 34.8167 29.2147 13.4
    endloop
  endfacet
  facet normal -0.533682 -0.463948 0.707061
    outer loop
      vertex 34.5869 29.0219 11.1
      vertex 33.7759 30.412 11.4
      vertex 33.553 30.2112 11.1
    endloop
  endfacet
  facet normal -0.53373 -0.463966 0.707013
    outer loop
      vertex 34.5869 29.0219 11.1
      vertex 34.8167 29.2147 11.4
      vertex 33.7759 30.412 11.4
    endloop
  endfacet
  facet normal -0.754692 -0.65608 0
    outer loop
      vertex 34.5869 29.0219 10.7
      vertex 33.553 30.2112 11.1
      vertex 33.553 30.2112 10.7
    endloop
  endfacet
  facet normal -0.754692 -0.65608 0
    outer loop
      vertex 33.553 30.2112 11.1
      vertex 34.5869 29.0219 10.7
      vertex 34.5869 29.0219 11.1
    endloop
  endfacet
  facet normal -0.533694 -0.463934 -0.707061
    outer loop
      vertex 33.7759 30.412 10.4
      vertex 34.8167 29.2147 10.4
      vertex 33.553 30.2112 10.7
    endloop
  endfacet
  facet normal -0.533718 -0.46398 -0.707013
    outer loop
      vertex 34.8167 29.2147 10.4
      vertex 34.5869 29.0219 10.7
      vertex 33.553 30.2112 10.7
    endloop
  endfacet
  facet normal -0.754709 -0.65606 0
    outer loop
      vertex 34.8167 29.2147 8
      vertex 33.7759 30.412 10.4
      vertex 33.7759 30.412 8
    endloop
  endfacet
  facet normal -0.754709 -0.65606 0
    outer loop
      vertex 33.7759 30.412 10.4
      vertex 34.8167 29.2147 8
      vertex 34.8167 29.2147 10.4
    endloop
  endfacet
  facet normal -0.75469 -0.656081 0
    outer loop
      vertex 32.9399 27.6399 0
      vertex 31.9552 28.7726 8
      vertex 31.9552 28.7726 0
    endloop
  endfacet
  facet normal -0.75469 -0.656081 0
    outer loop
      vertex 31.9552 28.7726 8
      vertex 32.9399 27.6399 0
      vertex 32.9399 27.6399 8
    endloop
  endfacet
  facet normal 0.75472 0.656047 0
    outer loop
      vertex 36.6552 30.7574 14
      vertex 35.5595 32.0179 0
      vertex 35.5595 32.0179 14
    endloop
  endfacet
  facet normal 0.75472 0.656047 0
    outer loop
      vertex 35.5595 32.0179 0
      vertex 36.6552 30.7574 14
      vertex 36.6552 30.7574 0
    endloop
  endfacet
  facet normal -0.549565 -0.445037 0.707051
    outer loop
      vertex 35.8151 27.9818 13.4
      vertex 35.2763 29.6004 14
      vertex 34.8167 29.2147 13.4
    endloop
  endfacet
  facet normal -0.549565 -0.445036 0.707051
    outer loop
      vertex 35.8151 27.9818 13.4
      vertex 36.2879 28.3512 14
      vertex 35.2763 29.6004 14
    endloop
  endfacet
  facet normal -0.777141 -0.629327 0
    outer loop
      vertex 35.8151 27.9818 11.4
      vertex 34.8167 29.2147 13.4
      vertex 34.8167 29.2147 11.4
    endloop
  endfacet
  facet normal -0.777141 -0.629327 0
    outer loop
      vertex 34.8167 29.2147 13.4
      vertex 35.8151 27.9818 11.4
      vertex 35.8151 27.9818 13.4
    endloop
  endfacet
  facet normal -0.549603 -0.445049 0.707014
    outer loop
      vertex 35.5787 27.7971 11.1
      vertex 34.8167 29.2147 11.4
      vertex 34.5869 29.0219 11.1
    endloop
  endfacet
  facet normal -0.549565 -0.445036 0.707051
    outer loop
      vertex 35.5787 27.7971 11.1
      vertex 35.8151 27.9818 11.4
      vertex 34.8167 29.2147 11.4
    endloop
  endfacet
  facet normal -0.777153 -0.629311 0
    outer loop
      vertex 35.5787 27.7971 10.7
      vertex 34.5869 29.0219 11.1
      vertex 34.5869 29.0219 10.7
    endloop
  endfacet
  facet normal -0.777153 -0.629311 0
    outer loop
      vertex 34.5869 29.0219 11.1
      vertex 35.5787 27.7971 10.7
      vertex 35.5787 27.7971 11.1
    endloop
  endfacet
  facet normal -0.549594 -0.44506 -0.707014
    outer loop
      vertex 34.8167 29.2147 10.4
      vertex 35.8151 27.9818 10.4
      vertex 34.5869 29.0219 10.7
    endloop
  endfacet
  facet normal -0.549574 -0.445025 -0.707051
    outer loop
      vertex 35.8151 27.9818 10.4
      vertex 35.5787 27.7971 10.7
      vertex 34.5869 29.0219 10.7
    endloop
  endfacet
  facet normal -0.777141 -0.629327 0
    outer loop
      vertex 35.8151 27.9818 8
      vertex 34.8167 29.2147 10.4
      vertex 34.8167 29.2147 8
    endloop
  endfacet
  facet normal -0.777141 -0.629327 0
    outer loop
      vertex 34.8167 29.2147 10.4
      vertex 35.8151 27.9818 8
      vertex 35.8151 27.9818 10.4
    endloop
  endfacet
  facet normal -0.77715 -0.629315 0
    outer loop
      vertex 33.8845 26.4734 0
      vertex 32.9399 27.6399 8
      vertex 32.9399 27.6399 0
    endloop
  endfacet
  facet normal -0.77715 -0.629315 0
    outer loop
      vertex 32.9399 27.6399 8
      vertex 33.8845 26.4734 0
      vertex 33.8845 26.4734 8
    endloop
  endfacet
  facet normal 0.777146 0.629321 0
    outer loop
      vertex 37.7063 29.4594 14
      vertex 36.6552 30.7574 0
      vertex 36.6552 30.7574 14
    endloop
  endfacet
  facet normal 0.777146 0.629321 0
    outer loop
      vertex 36.6552 30.7574 0
      vertex 37.7063 29.4594 14
      vertex 37.7063 29.4594 0
    endloop
  endfacet
  facet normal -0.564777 -0.425566 0.707051
    outer loop
      vertex 36.7698 26.7148 13.4
      vertex 36.2879 28.3512 14
      vertex 35.8151 27.9818 13.4
    endloop
  endfacet
  facet normal -0.564767 -0.425566 0.707058
    outer loop
      vertex 36.7698 26.7148 13.4
      vertex 37.2552 27.0675 14
      vertex 36.2879 28.3512 14
    endloop
  endfacet
  facet normal -0.798652 -0.601794 0
    outer loop
      vertex 36.7698 26.7148 11.4
      vertex 35.8151 27.9818 13.4
      vertex 35.8151 27.9818 11.4
    endloop
  endfacet
  facet normal -0.798652 -0.601794 0
    outer loop
      vertex 35.8151 27.9818 13.4
      vertex 36.7698 26.7148 11.4
      vertex 36.7698 26.7148 13.4
    endloop
  endfacet
  facet normal -0.56477 -0.425574 0.707051
    outer loop
      vertex 36.5271 26.5385 11.1
      vertex 35.8151 27.9818 11.4
      vertex 35.5787 27.7971 11.1
    endloop
  endfacet
  facet normal -0.564799 -0.425583 0.707023
    outer loop
      vertex 36.5271 26.5385 11.1
      vertex 36.7698 26.7148 11.4
      vertex 35.8151 27.9818 11.4
    endloop
  endfacet
  facet normal -0.798643 -0.601806 0
    outer loop
      vertex 36.5271 26.5385 10.7
      vertex 35.5787 27.7971 11.1
      vertex 35.5787 27.7971 10.7
    endloop
  endfacet
  facet normal -0.798643 -0.601806 0
    outer loop
      vertex 35.5787 27.7971 11.1
      vertex 36.5271 26.5385 10.7
      vertex 36.5271 26.5385 11.1
    endloop
  endfacet
  facet normal -0.564777 -0.425566 -0.707051
    outer loop
      vertex 35.8151 27.9818 10.4
      vertex 36.7698 26.7148 10.4
      vertex 35.5787 27.7971 10.7
    endloop
  endfacet
  facet normal -0.564793 -0.425591 -0.707023
    outer loop
      vertex 36.7698 26.7148 10.4
      vertex 36.5271 26.5385 10.7
      vertex 35.5787 27.7971 10.7
    endloop
  endfacet
  facet normal -0.798652 -0.601794 0
    outer loop
      vertex 36.7698 26.7148 8
      vertex 35.8151 27.9818 10.4
      vertex 35.8151 27.9818 8
    endloop
  endfacet
  facet normal -0.798652 -0.601794 0
    outer loop
      vertex 35.8151 27.9818 10.4
      vertex 36.7698 26.7148 8
      vertex 36.7698 26.7148 10.4
    endloop
  endfacet
  facet normal -0.798639 -0.601811 0
    outer loop
      vertex 34.7877 25.2748 0
      vertex 33.8845 26.4734 8
      vertex 33.8845 26.4734 0
    endloop
  endfacet
  facet normal -0.798639 -0.601811 0
    outer loop
      vertex 33.8845 26.4734 8
      vertex 34.7877 25.2748 0
      vertex 34.7877 25.2748 8
    endloop
  endfacet
  facet normal 0.798626 0.601828 0
    outer loop
      vertex 38.7115 28.1255 14
      vertex 37.7063 29.4594 0
      vertex 37.7063 29.4594 14
    endloop
  endfacet
  facet normal 0.798626 0.601828 0
    outer loop
      vertex 37.7063 29.4594 0
      vertex 38.7115 28.1255 14
      vertex 38.7115 28.1255 0
    endloop
  endfacet
  facet normal -0.579251 -0.405632 0.707058
    outer loop
      vertex 37.6798 25.4153 13.4
      vertex 37.2552 27.0675 14
      vertex 36.7698 26.7148 13.4
    endloop
  endfacet
  facet normal -0.579278 -0.405631 0.707037
    outer loop
      vertex 37.6798 25.4153 13.4
      vertex 38.1772 25.7508 14
      vertex 37.2552 27.0675 14
    endloop
  endfacet
  facet normal -0.819128 -0.57361 0
    outer loop
      vertex 37.6798 25.4153 11.4
      vertex 36.7698 26.7148 13.4
      vertex 36.7698 26.7148 11.4
    endloop
  endfacet
  facet normal -0.819128 -0.57361 0
    outer loop
      vertex 36.7698 26.7148 13.4
      vertex 37.6798 25.4153 11.4
      vertex 37.6798 25.4153 13.4
    endloop
  endfacet
  facet normal -0.579295 -0.405628 0.707024
    outer loop
      vertex 37.431 25.2476 11.1
      vertex 36.7698 26.7148 11.4
      vertex 36.5271 26.5385 11.1
    endloop
  endfacet
  facet normal -0.579217 -0.405608 0.707099
    outer loop
      vertex 37.431 25.2476 11.1
      vertex 37.6798 25.4153 11.4
      vertex 36.7698 26.7148 11.4
    endloop
  endfacet
  facet normal -0.819151 -0.573577 0
    outer loop
      vertex 37.431 25.2476 10.7
      vertex 36.5271 26.5385 11.1
      vertex 36.5271 26.5385 10.7
    endloop
  endfacet
  facet normal -0.819151 -0.573577 0
    outer loop
      vertex 36.5271 26.5385 11.1
      vertex 37.431 25.2476 10.7
      vertex 37.431 25.2476 11.1
    endloop
  endfacet
  facet normal -0.579279 -0.405651 -0.707024
    outer loop
      vertex 36.7698 26.7148 10.4
      vertex 37.6798 25.4153 10.4
      vertex 36.5271 26.5385 10.7
    endloop
  endfacet
  facet normal -0.579234 -0.405585 -0.707099
    outer loop
      vertex 37.6798 25.4153 10.4
      vertex 37.431 25.2476 10.7
      vertex 36.5271 26.5385 10.7
    endloop
  endfacet
  facet normal -0.819128 -0.57361 0
    outer loop
      vertex 37.6798 25.4153 8
      vertex 36.7698 26.7148 10.4
      vertex 36.7698 26.7148 8
    endloop
  endfacet
  facet normal -0.819128 -0.57361 0
    outer loop
      vertex 36.7698 26.7148 10.4
      vertex 37.6798 25.4153 8
      vertex 37.6798 25.4153 10.4
    endloop
  endfacet
  facet normal -0.819154 -0.573574 0
    outer loop
      vertex 35.6486 24.0453 0
      vertex 34.7877 25.2748 8
      vertex 34.7877 25.2748 0
    endloop
  endfacet
  facet normal -0.819154 -0.573574 0
    outer loop
      vertex 34.7877 25.2748 8
      vertex 35.6486 24.0453 0
      vertex 35.6486 24.0453 8
    endloop
  endfacet
  facet normal 0.819167 0.573555 0
    outer loop
      vertex 39.6694 26.7574 14
      vertex 38.7115 28.1255 0
      vertex 38.7115 28.1255 14
    endloop
  endfacet
  facet normal 0.819167 0.573555 0
    outer loop
      vertex 38.7115 28.1255 0
      vertex 39.6694 26.7574 14
      vertex 39.6694 26.7574 0
    endloop
  endfacet
  facet normal -0.593096 -0.385145 0.707037
    outer loop
      vertex 38.5438 24.0848 13.4
      vertex 38.1772 25.7508 14
      vertex 37.6798 25.4153 13.4
    endloop
  endfacet
  facet normal -0.593074 -0.385146 0.707054
    outer loop
      vertex 38.5438 24.0848 13.4
      vertex 39.0526 24.4028 14
      vertex 38.1772 25.7508 14
    endloop
  endfacet
  facet normal -0.838681 -0.544623 0
    outer loop
      vertex 38.5438 24.0848 11.4
      vertex 37.6798 25.4153 13.4
      vertex 37.6798 25.4153 11.4
    endloop
  endfacet
  facet normal -0.838681 -0.544623 0
    outer loop
      vertex 37.6798 25.4153 13.4
      vertex 38.5438 24.0848 11.4
      vertex 38.5438 24.0848 13.4
    endloop
  endfacet
  facet normal -0.59303 -0.385124 0.707104
    outer loop
      vertex 38.2894 23.9258 11.1
      vertex 37.6798 25.4153 11.4
      vertex 37.431 25.2476 11.1
    endloop
  endfacet
  facet normal -0.593081 -0.385135 0.707054
    outer loop
      vertex 38.2894 23.9258 11.1
      vertex 38.5438 24.0848 11.4
      vertex 37.6798 25.4153 11.4
    endloop
  endfacet
  facet normal -0.838667 -0.544645 0
    outer loop
      vertex 38.2894 23.9258 10.7
      vertex 37.431 25.2476 11.1
      vertex 37.431 25.2476 10.7
    endloop
  endfacet
  facet normal -0.838667 -0.544645 0
    outer loop
      vertex 37.431 25.2476 11.1
      vertex 38.2894 23.9258 10.7
      vertex 38.2894 23.9258 11.1
    endloop
  endfacet
  facet normal -0.59304 -0.385108 -0.707103
    outer loop
      vertex 37.6798 25.4153 10.4
      vertex 38.5438 24.0848 10.4
      vertex 37.431 25.2476 10.7
    endloop
  endfacet
  facet normal -0.593071 -0.385151 -0.707054
    outer loop
      vertex 38.5438 24.0848 10.4
      vertex 38.2894 23.9258 10.7
      vertex 37.431 25.2476 10.7
    endloop
  endfacet
  facet normal -0.838681 -0.544623 0
    outer loop
      vertex 38.5438 24.0848 8
      vertex 37.6798 25.4153 10.4
      vertex 37.6798 25.4153 8
    endloop
  endfacet
  facet normal -0.838681 -0.544623 0
    outer loop
      vertex 37.6798 25.4153 10.4
      vertex 38.5438 24.0848 8
      vertex 38.5438 24.0848 10.4
    endloop
  endfacet
  facet normal -0.838663 -0.544651 0
    outer loop
      vertex 36.4661 22.7865 0
      vertex 35.6486 24.0453 8
      vertex 35.6486 24.0453 0
    endloop
  endfacet
  facet normal -0.838663 -0.544651 0
    outer loop
      vertex 35.6486 24.0453 8
      vertex 36.4661 22.7865 0
      vertex 36.4661 22.7865 8
    endloop
  endfacet
  facet normal 0.838668 0.544643 0
    outer loop
      vertex 40.5791 25.3566 14
      vertex 39.6694 26.7574 0
      vertex 39.6694 26.7574 14
    endloop
  endfacet
  facet normal 0.838668 0.544643 0
    outer loop
      vertex 39.6694 26.7574 0
      vertex 40.5791 25.3566 14
      vertex 40.5791 25.3566 0
    endloop
  endfacet
  facet normal -0.606145 -0.364231 0.707053
    outer loop
      vertex 39.3609 22.725 13.4
      vertex 39.0526 24.4028 14
      vertex 38.5438 24.0848 13.4
    endloop
  endfacet
  facet normal -0.606155 -0.36423 0.707045
    outer loop
      vertex 39.3609 22.725 13.4
      vertex 39.8805 23.025 14
      vertex 39.0526 24.4028 14
    endloop
  endfacet
  facet normal -0.857153 -0.515061 0
    outer loop
      vertex 39.3609 22.725 11.4
      vertex 38.5438 24.0848 13.4
      vertex 38.5438 24.0848 11.4
    endloop
  endfacet
  facet normal -0.857153 -0.515061 0
    outer loop
      vertex 38.5438 24.0848 13.4
      vertex 39.3609 22.725 11.4
      vertex 39.3609 22.725 13.4
    endloop
  endfacet
  facet normal -0.606163 -0.364201 0.707053
    outer loop
      vertex 39.101 22.575 11.1
      vertex 38.5438 24.0848 11.4
      vertex 38.2894 23.9258 11.1
    endloop
  endfacet
  facet normal -0.606065 -0.364183 0.707146
    outer loop
      vertex 39.101 22.575 11.1
      vertex 39.3609 22.725 11.4
      vertex 38.5438 24.0848 11.4
    endloop
  endfacet
  facet normal -0.857179 -0.515018 0
    outer loop
      vertex 39.101 22.575 10.7
      vertex 38.2894 23.9258 11.1
      vertex 38.2894 23.9258 10.7
    endloop
  endfacet
  facet normal -0.857179 -0.515018 0
    outer loop
      vertex 38.2894 23.9258 11.1
      vertex 39.101 22.575 10.7
      vertex 39.101 22.575 11.1
    endloop
  endfacet
  facet normal -0.606145 -0.364231 -0.707053
    outer loop
      vertex 38.5438 24.0848 10.4
      vertex 39.3609 22.725 10.4
      vertex 38.2894 23.9258 10.7
    endloop
  endfacet
  facet normal -0.606083 -0.364152 -0.707146
    outer loop
      vertex 39.3609 22.725 10.4
      vertex 39.101 22.575 10.7
      vertex 38.2894 23.9258 10.7
    endloop
  endfacet
  facet normal -0.857153 -0.515061 0
    outer loop
      vertex 39.3609 22.725 8
      vertex 38.5438 24.0848 10.4
      vertex 38.5438 24.0848 8
    endloop
  endfacet
  facet normal -0.857153 -0.515061 0
    outer loop
      vertex 38.5438 24.0848 10.4
      vertex 39.3609 22.725 8
      vertex 39.3609 22.725 10.4
    endloop
  endfacet
  facet normal -0.857169 -0.515035 0
    outer loop
      vertex 37.2391 21.5 0
      vertex 36.4661 22.7865 8
      vertex 36.4661 22.7865 0
    endloop
  endfacet
  facet normal -0.857169 -0.515035 0
    outer loop
      vertex 36.4661 22.7865 8
      vertex 37.2391 21.5 0
      vertex 37.2391 21.5 8
    endloop
  endfacet
  facet normal 0.857165 0.515042 0
    outer loop
      vertex 41.4393 23.925 14
      vertex 40.5791 25.3566 0
      vertex 40.5791 25.3566 14
    endloop
  endfacet
  facet normal 0.857165 0.515042 0
    outer loop
      vertex 40.5791 25.3566 0
      vertex 41.4393 23.925 14
      vertex 41.4393 23.925 0
    endloop
  endfacet
  facet normal -0.618504 -0.342841 0.707045
    outer loop
      vertex 40.13 21.3375 13.4
      vertex 39.8805 23.025 14
      vertex 39.3609 22.725 13.4
    endloop
  endfacet
  facet normal -0.618532 -0.342837 0.707023
    outer loop
      vertex 40.13 21.3375 13.4
      vertex 40.6597 21.6192 14
      vertex 39.8805 23.025 14
    endloop
  endfacet
  facet normal -0.874621 -0.484808 0
    outer loop
      vertex 40.13 21.3375 11.4
      vertex 39.3609 22.725 13.4
      vertex 39.3609 22.725 11.4
    endloop
  endfacet
  facet normal -0.874621 -0.484808 0
    outer loop
      vertex 39.3609 22.725 13.4
      vertex 40.13 21.3375 11.4
      vertex 40.13 21.3375 13.4
    endloop
  endfacet
  facet normal -0.618406 -0.342806 0.707148
    outer loop
      vertex 39.8651 21.1966 11.1
      vertex 39.3609 22.725 11.4
      vertex 39.101 22.575 11.1
    endloop
  endfacet
  facet normal -0.618454 -0.342813 0.707103
    outer loop
      vertex 39.8651 21.1966 11.1
      vertex 40.13 21.3375 11.4
      vertex 39.3609 22.725 11.4
    endloop
  endfacet
  facet normal -0.874609 -0.484829 0
    outer loop
      vertex 39.8651 21.1966 10.7
      vertex 39.101 22.575 11.1
      vertex 39.101 22.575 10.7
    endloop
  endfacet
  facet normal -0.874609 -0.484829 0
    outer loop
      vertex 39.101 22.575 11.1
      vertex 39.8651 21.1966 10.7
      vertex 39.8651 21.1966 11.1
    endloop
  endfacet
  facet normal -0.618414 -0.342791 -0.707148
    outer loop
      vertex 39.3609 22.725 10.4
      vertex 40.13 21.3375 10.4
      vertex 39.101 22.575 10.7
    endloop
  endfacet
  facet normal -0.618446 -0.342828 -0.707102
    outer loop
      vertex 40.13 21.3375 10.4
      vertex 39.8651 21.1966 10.7
      vertex 39.101 22.575 10.7
    endloop
  endfacet
  facet normal -0.874621 -0.484808 0
    outer loop
      vertex 40.13 21.3375 8
      vertex 39.3609 22.725 10.4
      vertex 39.3609 22.725 8
    endloop
  endfacet
  facet normal -0.874621 -0.484808 0
    outer loop
      vertex 39.3609 22.725 10.4
      vertex 40.13 21.3375 8
      vertex 40.13 21.3375 10.4
    endloop
  endfacet
  facet normal -0.874631 -0.484788 0
    outer loop
      vertex 37.9667 20.1873 0
      vertex 37.2391 21.5 8
      vertex 37.2391 21.5 0
    endloop
  endfacet
  facet normal -0.874631 -0.484788 0
    outer loop
      vertex 37.2391 21.5 8
      vertex 37.9667 20.1873 0
      vertex 37.9667 20.1873 8
    endloop
  endfacet
  facet normal 0.874629 0.484794 0
    outer loop
      vertex 42.249 22.4642 14
      vertex 41.4393 23.925 0
      vertex 41.4393 23.925 14
    endloop
  endfacet
  facet normal 0.874629 0.484794 0
    outer loop
      vertex 41.4393 23.925 0
      vertex 42.249 22.4642 14
      vertex 42.249 22.4642 0
    endloop
  endfacet
  facet normal -0.630115 -0.321053 0.707021
    outer loop
      vertex 40.8502 19.924 13.4
      vertex 40.6597 21.6192 14
      vertex 40.13 21.3375 13.4
    endloop
  endfacet
  facet normal -0.630069 -0.321062 0.707059
    outer loop
      vertex 40.8502 19.924 13.4
      vertex 41.3895 20.187 14
      vertex 40.6597 21.6192 14
    endloop
  endfacet
  facet normal -0.89101 -0.453983 0
    outer loop
      vertex 40.8502 19.924 11.4
      vertex 40.13 21.3375 13.4
      vertex 40.13 21.3375 11.4
    endloop
  endfacet
  facet normal -0.89101 -0.453983 0
    outer loop
      vertex 40.13 21.3375 13.4
      vertex 40.8502 19.924 11.4
      vertex 40.8502 19.924 13.4
    endloop
  endfacet
  facet normal -0.630047 -0.321014 0.707101
    outer loop
      vertex 40.5805 19.7925 11.1
      vertex 40.13 21.3375 11.4
      vertex 39.8651 21.1966 11.1
    endloop
  endfacet
  facet normal -0.630035 -0.321012 0.707112
    outer loop
      vertex 40.5805 19.7925 11.1
      vertex 40.8502 19.924 11.4
      vertex 40.13 21.3375 11.4
    endloop
  endfacet
  facet normal -0.891013 -0.453978 0
    outer loop
      vertex 40.5805 19.7925 10.7
      vertex 39.8651 21.1966 11.1
      vertex 39.8651 21.1966 10.7
    endloop
  endfacet
  facet normal -0.891013 -0.453978 0
    outer loop
      vertex 39.8651 21.1966 11.1
      vertex 40.5805 19.7925 10.7
      vertex 40.5805 19.7925 11.1
    endloop
  endfacet
  facet normal -0.630045 -0.321017 -0.707101
    outer loop
      vertex 40.13 21.3375 10.4
      vertex 40.8502 19.924 10.4
      vertex 39.8651 21.1966 10.7
    endloop
  endfacet
  facet normal -0.630037 -0.321009 -0.707112
    outer loop
      vertex 40.8502 19.924 10.4
      vertex 40.5805 19.7925 10.7
      vertex 39.8651 21.1966 10.7
    endloop
  endfacet
  facet normal -0.89101 -0.453983 0
    outer loop
      vertex 40.8502 19.924 8
      vertex 40.13 21.3375 10.4
      vertex 40.13 21.3375 8
    endloop
  endfacet
  facet normal -0.89101 -0.453983 0
    outer loop
      vertex 40.13 21.3375 10.4
      vertex 40.8502 19.924 8
      vertex 40.8502 19.924 10.4
    endloop
  endfacet
  facet normal -0.891003 -0.453997 0
    outer loop
      vertex 38.6481 18.85 0
      vertex 37.9667 20.1873 8
      vertex 37.9667 20.1873 0
    endloop
  endfacet
  facet normal -0.891003 -0.453997 0
    outer loop
      vertex 37.9667 20.1873 8
      vertex 38.6481 18.85 0
      vertex 38.6481 18.85 8
    endloop
  endfacet
  facet normal 0.890988 0.454026 0
    outer loop
      vertex 43.0073 20.9761 14
      vertex 42.249 22.4642 0
      vertex 42.249 22.4642 14
    endloop
  endfacet
  facet normal 0.890988 0.454026 0
    outer loop
      vertex 42.249 22.4642 0
      vertex 43.0073 20.9761 14
      vertex 43.0073 20.9761 0
    endloop
  endfacet
  facet normal -0.640909 -0.298835 0.70706
    outer loop
      vertex 41.5206 18.4862 13.4
      vertex 41.3895 20.187 14
      vertex 40.8502 19.924 13.4
    endloop
  endfacet
  facet normal -0.640882 -0.298841 0.707081
    outer loop
      vertex 41.5206 18.4862 13.4
      vertex 42.0688 18.7302 14
      vertex 41.3895 20.187 14
    endloop
  endfacet
  facet normal -0.906322 -0.422589 0
    outer loop
      vertex 41.5206 18.4862 11.4
      vertex 40.8502 19.924 13.4
      vertex 40.8502 19.924 11.4
    endloop
  endfacet
  facet normal -0.906322 -0.422589 0
    outer loop
      vertex 40.8502 19.924 13.4
      vertex 41.5206 18.4862 11.4
      vertex 41.5206 18.4862 13.4
    endloop
  endfacet
  facet normal -0.640838 -0.29886 0.707114
    outer loop
      vertex 41.2466 18.3642 11.1
      vertex 40.8502 19.924 11.4
      vertex 40.5805 19.7925 11.1
    endloop
  endfacet
  facet normal -0.640986 -0.298871 0.706975
    outer loop
      vertex 41.2466 18.3642 11.1
      vertex 41.5206 18.4862 11.4
      vertex 40.8502 19.924 11.4
    endloop
  endfacet
  facet normal -0.90629 -0.422656 0
    outer loop
      vertex 41.2466 18.3642 10.7
      vertex 40.5805 19.7925 11.1
      vertex 40.5805 19.7925 10.7
    endloop
  endfacet
  facet normal -0.90629 -0.422656 0
    outer loop
      vertex 40.5805 19.7925 11.1
      vertex 41.2466 18.3642 10.7
      vertex 41.2466 18.3642 11.1
    endloop
  endfacet
  facet normal -0.64086 -0.298813 -0.707113
    outer loop
      vertex 40.8502 19.924 10.4
      vertex 41.5206 18.4862 10.4
      vertex 40.5805 19.7925 10.7
    endloop
  endfacet
  facet normal -0.640964 -0.298919 -0.706974
    outer loop
      vertex 41.5206 18.4862 10.4
      vertex 41.2466 18.3642 10.7
      vertex 40.5805 19.7925 10.7
    endloop
  endfacet
  facet normal -0.906322 -0.422589 0
    outer loop
      vertex 41.5206 18.4862 8
      vertex 40.8502 19.924 10.4
      vertex 40.8502 19.924 8
    endloop
  endfacet
  facet normal -0.906322 -0.422589 0
    outer loop
      vertex 40.8502 19.924 10.4
      vertex 41.5206 18.4862 8
      vertex 41.5206 18.4862 10.4
    endloop
  endfacet
  facet normal -0.906287 -0.422663 0
    outer loop
      vertex 39.2825 17.4897 0
      vertex 38.6481 18.85 8
      vertex 38.6481 18.85 0
    endloop
  endfacet
  facet normal -0.906287 -0.422663 0
    outer loop
      vertex 38.6481 18.85 8
      vertex 39.2825 17.4897 0
      vertex 39.2825 17.4897 8
    endloop
  endfacet
  facet normal 0.90633 0.422571 0
    outer loop
      vertex 43.7131 19.4623 14
      vertex 43.0073 20.9761 0
      vertex 43.0073 20.9761 14
    endloop
  endfacet
  facet normal 0.90633 0.422571 0
    outer loop
      vertex 43.0073 20.9761 0
      vertex 43.7131 19.4623 14
      vertex 43.7131 19.4623 0
    endloop
  endfacet
  facet normal -0.650911 -0.276313 0.707083
    outer loop
      vertex 42.1405 17.0259 13.4
      vertex 42.0688 18.7302 14
      vertex 41.5206 18.4862 13.4
    endloop
  endfacet
  facet normal -0.650972 -0.276298 0.707033
    outer loop
      vertex 42.1405 17.0259 13.4
      vertex 42.6968 17.2506 14
      vertex 42.0688 18.7302 14
    endloop
  endfacet
  facet normal -0.920496 -0.390752 0
    outer loop
      vertex 42.1405 17.0259 11.4
      vertex 41.5206 18.4862 13.4
      vertex 41.5206 18.4862 11.4
    endloop
  endfacet
  facet normal -0.920496 -0.390752 0
    outer loop
      vertex 41.5206 18.4862 13.4
      vertex 42.1405 17.0259 11.4
      vertex 42.1405 17.0259 13.4
    endloop
  endfacet
  facet normal -0.651031 -0.276308 0.706974
    outer loop
      vertex 41.8623 16.9135 11.1
      vertex 41.5206 18.4862 11.4
      vertex 41.2466 18.3642 11.1
    endloop
  endfacet
  facet normal -0.650886 -0.276302 0.70711
    outer loop
      vertex 41.8623 16.9135 11.1
      vertex 42.1405 17.0259 11.4
      vertex 41.5206 18.4862 11.4
    endloop
  endfacet
  facet normal -0.920524 -0.390685 0
    outer loop
      vertex 41.8623 16.9135 10.7
      vertex 41.2466 18.3642 11.1
      vertex 41.2466 18.3642 10.7
    endloop
  endfacet
  facet normal -0.920524 -0.390685 0
    outer loop
      vertex 41.2466 18.3642 11.1
      vertex 41.8623 16.9135 10.7
      vertex 41.8623 16.9135 11.1
    endloop
  endfacet
  facet normal -0.651011 -0.276355 -0.706974
    outer loop
      vertex 41.5206 18.4862 10.4
      vertex 42.1405 17.0259 10.4
      vertex 41.2466 18.3642 10.7
    endloop
  endfacet
  facet normal -0.650906 -0.276255 -0.70711
    outer loop
      vertex 42.1405 17.0259 10.4
      vertex 41.8623 16.9135 10.7
      vertex 41.2466 18.3642 10.7
    endloop
  endfacet
  facet normal -0.920496 -0.390752 0
    outer loop
      vertex 42.1405 17.0259 8
      vertex 41.5206 18.4862 10.4
      vertex 41.5206 18.4862 8
    endloop
  endfacet
  facet normal -0.920496 -0.390752 0
    outer loop
      vertex 41.5206 18.4862 10.4
      vertex 42.1405 17.0259 8
      vertex 42.1405 17.0259 10.4
    endloop
  endfacet
  facet normal -0.920518 -0.3907 0
    outer loop
      vertex 39.8689 16.1081 0
      vertex 39.2825 17.4897 8
      vertex 39.2825 17.4897 0
    endloop
  endfacet
  facet normal -0.920518 -0.3907 0
    outer loop
      vertex 39.2825 17.4897 8
      vertex 39.8689 16.1081 0
      vertex 39.8689 16.1081 8
    endloop
  endfacet
  facet normal 0.920502 0.390737 0
    outer loop
      vertex 44.3657 17.9249 14
      vertex 43.7131 19.4623 0
      vertex 43.7131 19.4623 14
    endloop
  endfacet
  facet normal 0.920502 0.390737 0
    outer loop
      vertex 43.7131 19.4623 0
      vertex 44.3657 17.9249 14
      vertex 44.3657 17.9249 0
    endloop
  endfacet
  facet normal -0.660215 -0.253415 0.707034
    outer loop
      vertex 42.709 15.5448 13.4
      vertex 42.6968 17.2506 14
      vertex 42.1405 17.0259 13.4
    endloop
  endfacet
  facet normal -0.660205 -0.253418 0.707042
    outer loop
      vertex 42.709 15.5448 13.4
      vertex 43.2728 15.75 14
      vertex 42.6968 17.2506 14
    endloop
  endfacet
  facet normal -0.933589 -0.358345 0
    outer loop
      vertex 42.709 15.5448 11.4
      vertex 42.1405 17.0259 13.4
      vertex 42.1405 17.0259 11.4
    endloop
  endfacet
  facet normal -0.933589 -0.358345 0
    outer loop
      vertex 42.1405 17.0259 13.4
      vertex 42.709 15.5448 11.4
      vertex 42.709 15.5448 13.4
    endloop
  endfacet
  facet normal -0.660135 -0.253411 0.70711
    outer loop
      vertex 42.4271 15.4422 11.1
      vertex 42.1405 17.0259 11.4
      vertex 41.8623 16.9135 11.1
    endloop
  endfacet
  facet normal -0.660208 -0.253412 0.707042
    outer loop
      vertex 42.4271 15.4422 11.1
      vertex 42.709 15.5448 11.4
      vertex 42.1405 17.0259 11.4
    endloop
  endfacet
  facet normal -0.933576 -0.358379 0
    outer loop
      vertex 42.4271 15.4422 10.7
      vertex 41.8623 16.9135 11.1
      vertex 41.8623 16.9135 10.7
    endloop
  endfacet
  facet normal -0.933576 -0.358379 0
    outer loop
      vertex 41.8623 16.9135 11.1
      vertex 42.4271 15.4422 10.7
      vertex 42.4271 15.4422 11.1
    endloop
  endfacet
  facet normal -0.660144 -0.253387 -0.70711
    outer loop
      vertex 42.1405 17.0259 10.4
      vertex 42.709 15.5448 10.4
      vertex 41.8623 16.9135 10.7
    endloop
  endfacet
  facet normal -0.660199 -0.253436 -0.707042
    outer loop
      vertex 42.709 15.5448 10.4
      vertex 42.4271 15.4422 10.7
      vertex 41.8623 16.9135 10.7
    endloop
  endfacet
  facet normal -0.933589 -0.358345 0
    outer loop
      vertex 42.709 15.5448 8
      vertex 42.1405 17.0259 10.4
      vertex 42.1405 17.0259 8
    endloop
  endfacet
  facet normal -0.933589 -0.358345 0
    outer loop
      vertex 42.1405 17.0259 10.4
      vertex 42.709 15.5448 8
      vertex 42.709 15.5448 10.4
    endloop
  endfacet
  facet normal -0.933574 -0.358385 0
    outer loop
      vertex 40.4068 14.7069 0
      vertex 39.8689 16.1081 8
      vertex 39.8689 16.1081 0
    endloop
  endfacet
  facet normal -0.933574 -0.358385 0
    outer loop
      vertex 39.8689 16.1081 8
      vertex 40.4068 14.7069 0
      vertex 40.4068 14.7069 8
    endloop
  endfacet
  facet normal 0.933565 0.358409 0
    outer loop
      vertex 44.9643 16.3657 14
      vertex 44.3657 17.9249 0
      vertex 44.3657 17.9249 14
    endloop
  endfacet
  facet normal 0.933565 0.358409 0
    outer loop
      vertex 44.3657 17.9249 0
      vertex 44.9643 16.3657 14
      vertex 44.9643 16.3657 0
    endloop
  endfacet
  facet normal -0.668643 -0.230236 0.707042
    outer loop
      vertex 43.2255 14.0448 13.4
      vertex 43.2728 15.75 14
      vertex 42.709 15.5448 13.4
    endloop
  endfacet
  facet normal -0.668654 -0.230232 0.707032
    outer loop
      vertex 43.7961 14.2302 14
      vertex 43.2728 15.75 14
      vertex 43.2255 14.0448 13.4
    endloop
  endfacet
  facet normal -0.945517 -0.325573 0
    outer loop
      vertex 43.2255 14.0448 11.4
      vertex 42.709 15.5448 13.4
      vertex 42.709 15.5448 11.4
    endloop
  endfacet
  facet normal -0.945517 -0.325573 0
    outer loop
      vertex 42.709 15.5448 13.4
      vertex 43.2255 14.0448 11.4
      vertex 43.2255 14.0448 13.4
    endloop
  endfacet
  facet normal -0.668641 -0.23024 0.707042
    outer loop
      vertex 42.9402 13.9521 11.1
      vertex 42.709 15.5448 11.4
      vertex 42.4271 15.4422 11.1
    endloop
  endfacet
  facet normal -0.668652 -0.230239 0.707032
    outer loop
      vertex 42.9402 13.9521 11.1
      vertex 43.2255 14.0448 11.4
      vertex 42.709 15.5448 11.4
    endloop
  endfacet
  facet normal -0.945515 -0.325578 0
    outer loop
      vertex 42.9402 13.9521 10.7
      vertex 42.4271 15.4422 11.1
      vertex 42.4271 15.4422 10.7
    endloop
  endfacet
  facet normal -0.945515 -0.325578 0
    outer loop
      vertex 42.4271 15.4422 11.1
      vertex 42.9402 13.9521 10.7
      vertex 42.9402 13.9521 11.1
    endloop
  endfacet
  facet normal -0.668643 -0.230236 -0.707042
    outer loop
      vertex 42.709 15.5448 10.4
      vertex 43.2255 14.0448 10.4
      vertex 42.4271 15.4422 10.7
    endloop
  endfacet
  facet normal -0.668651 -0.230243 -0.707032
    outer loop
      vertex 43.2255 14.0448 10.4
      vertex 42.9402 13.9521 10.7
      vertex 42.4271 15.4422 10.7
    endloop
  endfacet
  facet normal -0.945517 -0.325573 0
    outer loop
      vertex 43.2255 14.0448 8
      vertex 42.709 15.5448 10.4
      vertex 42.709 15.5448 8
    endloop
  endfacet
  facet normal -0.945517 -0.325573 0
    outer loop
      vertex 42.709 15.5448 10.4
      vertex 43.2255 14.0448 8
      vertex 43.2255 14.0448 10.4
    endloop
  endfacet
  facet normal -0.945533 -0.325527 0
    outer loop
      vertex 40.8954 13.2877 0
      vertex 40.4068 14.7069 8
      vertex 40.4068 14.7069 0
    endloop
  endfacet
  facet normal -0.945533 -0.325527 0
    outer loop
      vertex 40.4068 14.7069 8
      vertex 40.8954 13.2877 0
      vertex 40.8954 13.2877 8
    endloop
  endfacet
  facet normal 0.94553 0.325535 0
    outer loop
      vertex 45.508 14.7865 14
      vertex 44.9643 16.3657 0
      vertex 44.9643 16.3657 14
    endloop
  endfacet
  facet normal 0.94553 0.325535 0
    outer loop
      vertex 44.9643 16.3657 0
      vertex 45.508 14.7865 14
      vertex 45.508 14.7865 0
    endloop
  endfacet
  facet normal -0.676284 -0.20675 0.707032
    outer loop
      vertex 43.6893 12.5277 13.4
      vertex 43.7961 14.2302 14
      vertex 43.2255 14.0448 13.4
    endloop
  endfacet
  facet normal -0.676228 -0.206771 0.70708
    outer loop
      vertex 44.2661 12.6931 14
      vertex 43.7961 14.2302 14
      vertex 43.6893 12.5277 13.4
    endloop
  endfacet
  facet normal -0.956309 -0.292358 0
    outer loop
      vertex 43.6893 12.5277 11.4
      vertex 43.2255 14.0448 13.4
      vertex 43.2255 14.0448 11.4
    endloop
  endfacet
  facet normal -0.956309 -0.292358 0
    outer loop
      vertex 43.2255 14.0448 13.4
      vertex 43.6893 12.5277 11.4
      vertex 43.6893 12.5277 13.4
    endloop
  endfacet
  facet normal -0.676277 -0.206773 0.707032
    outer loop
      vertex 43.401 12.445 11.1
      vertex 43.2255 14.0448 11.4
      vertex 42.9402 13.9521 11.1
    endloop
  endfacet
  facet normal -0.676346 -0.206769 0.706968
    outer loop
      vertex 43.401 12.445 11.1
      vertex 43.6893 12.5277 11.4
      vertex 43.2255 14.0448 11.4
    endloop
  endfacet
  facet normal -0.956299 -0.292391 0
    outer loop
      vertex 43.401 12.445 10.7
      vertex 42.9402 13.9521 11.1
      vertex 42.9402 13.9521 10.7
    endloop
  endfacet
  facet normal -0.956299 -0.292391 0
    outer loop
      vertex 42.9402 13.9521 11.1
      vertex 43.401 12.445 10.7
      vertex 43.401 12.445 11.1
    endloop
  endfacet
  facet normal -0.676284 -0.20675 -0.707032
    outer loop
      vertex 43.2255 14.0448 10.4
      vertex 43.6893 12.5277 10.4
      vertex 42.9402 13.9521 10.7
    endloop
  endfacet
  facet normal -0.676339 -0.206792 -0.706967
    outer loop
      vertex 43.6893 12.5277 10.4
      vertex 43.401 12.445 10.7
      vertex 42.9402 13.9521 10.7
    endloop
  endfacet
  facet normal -0.956309 -0.292358 0
    outer loop
      vertex 43.6893 12.5277 8
      vertex 43.2255 14.0448 10.4
      vertex 43.2255 14.0448 8
    endloop
  endfacet
  facet normal -0.956309 -0.292358 0
    outer loop
      vertex 43.2255 14.0448 10.4
      vertex 43.6893 12.5277 8
      vertex 43.6893 12.5277 10.4
    endloop
  endfacet
  facet normal -0.956289 -0.292423 0
    outer loop
      vertex 41.3343 11.8524 0
      vertex 40.8954 13.2877 8
      vertex 40.8954 13.2877 0
    endloop
  endfacet
  facet normal -0.956289 -0.292423 0
    outer loop
      vertex 40.8954 13.2877 8
      vertex 41.3343 11.8524 0
      vertex 41.3343 11.8524 8
    endloop
  endfacet
  facet normal 0.956295 0.292403 0
    outer loop
      vertex 45.9964 13.1892 14
      vertex 45.508 14.7865 0
      vertex 45.508 14.7865 14
    endloop
  endfacet
  facet normal 0.956295 0.292403 0
    outer loop
      vertex 45.508 14.7865 0
      vertex 45.9964 13.1892 14
      vertex 45.9964 13.1892 0
    endloop
  endfacet
  facet normal -0.683039 -0.183017 0.70708
    outer loop
      vertex 44.0999 10.9953 13.4
      vertex 44.2661 12.6931 14
      vertex 43.6893 12.5277 13.4
    endloop
  endfacet
  facet normal -0.683047 -0.183014 0.707073
    outer loop
      vertex 44.6821 11.1405 14
      vertex 44.2661 12.6931 14
      vertex 44.0999 10.9953 13.4
    endloop
  endfacet
  facet normal -0.965927 -0.258816 0
    outer loop
      vertex 44.0999 10.9953 11.4
      vertex 43.6893 12.5277 13.4
      vertex 43.6893 12.5277 11.4
    endloop
  endfacet
  facet normal -0.965927 -0.258816 0
    outer loop
      vertex 43.6893 12.5277 13.4
      vertex 44.0999 10.9953 11.4
      vertex 44.0999 10.9953 13.4
    endloop
  endfacet
  facet normal -0.683157 -0.183019 0.706966
    outer loop
      vertex 43.8088 10.9228 11.1
      vertex 43.6893 12.5277 11.4
      vertex 43.401 12.445 11.1
    endloop
  endfacet
  facet normal -0.683075 -0.183027 0.707042
    outer loop
      vertex 43.8088 10.9228 11.1
      vertex 44.0999 10.9953 11.4
      vertex 43.6893 12.5277 11.4
    endloop
  endfacet
  facet normal -0.965937 -0.258776 0
    outer loop
      vertex 43.8088 10.9228 10.7
      vertex 43.401 12.445 11.1
      vertex 43.401 12.445 10.7
    endloop
  endfacet
  facet normal -0.965937 -0.258776 0
    outer loop
      vertex 43.401 12.445 11.1
      vertex 43.8088 10.9228 10.7
      vertex 43.8088 10.9228 11.1
    endloop
  endfacet
  facet normal -0.683149 -0.183047 -0.706966
    outer loop
      vertex 43.6893 12.5277 10.4
      vertex 44.0999 10.9953 10.4
      vertex 43.401 12.445 10.7
    endloop
  endfacet
  facet normal -0.683083 -0.182999 -0.707043
    outer loop
      vertex 44.0999 10.9953 10.4
      vertex 43.8088 10.9228 10.7
      vertex 43.401 12.445 10.7
    endloop
  endfacet
  facet normal -0.965927 -0.258816 0
    outer loop
      vertex 44.0999 10.9953 8
      vertex 43.6893 12.5277 10.4
      vertex 43.6893 12.5277 8
    endloop
  endfacet
  facet normal -0.965927 -0.258816 0
    outer loop
      vertex 43.6893 12.5277 10.4
      vertex 44.0999 10.9953 8
      vertex 44.0999 10.9953 10.4
    endloop
  endfacet
  facet normal -0.965938 -0.258774 0
    outer loop
      vertex 41.7227 10.4026 0
      vertex 41.3343 11.8524 8
      vertex 41.3343 11.8524 0
    endloop
  endfacet
  facet normal -0.965938 -0.258774 0
    outer loop
      vertex 41.3343 11.8524 8
      vertex 41.7227 10.4026 0
      vertex 41.7227 10.4026 8
    endloop
  endfacet
  facet normal 0.965934 0.258788 0
    outer loop
      vertex 46.4286 11.576 14
      vertex 45.9964 13.1892 0
      vertex 45.9964 13.1892 14
    endloop
  endfacet
  facet normal 0.965934 0.258788 0
    outer loop
      vertex 45.9964 13.1892 0
      vertex 46.4286 11.576 14
      vertex 46.4286 11.576 0
    endloop
  endfacet
  facet normal -0.689013 -0.15909 0.707072
    outer loop
      vertex 44.4568 9.44958 13.4
      vertex 44.6821 11.1405 14
      vertex 44.0999 10.9953 13.4
    endloop
  endfacet
  facet normal -0.689027 -0.159084 0.70706
    outer loop
      vertex 45.0437 9.57433 14
      vertex 44.6821 11.1405 14
      vertex 44.4568 9.44958 13.4
    endloop
  endfacet
  facet normal -0.974364 -0.224976 0
    outer loop
      vertex 44.4568 9.44958 11.4
      vertex 44.0999 10.9953 13.4
      vertex 44.0999 10.9953 11.4
    endloop
  endfacet
  facet normal -0.974364 -0.224976 0
    outer loop
      vertex 44.0999 10.9953 13.4
      vertex 44.4568 9.44958 11.4
      vertex 44.4568 9.44958 13.4
    endloop
  endfacet
  facet normal -0.689035 -0.159113 0.707046
    outer loop
      vertex 44.1634 9.38721 11.1
      vertex 44.0999 10.9953 11.4
      vertex 43.8088 10.9228 11.1
    endloop
  endfacet
  facet normal -0.689083 -0.159106 0.707001
    outer loop
      vertex 44.1634 9.38721 11.1
      vertex 44.4568 9.44958 11.4
      vertex 44.0999 10.9953 11.4
    endloop
  endfacet
  facet normal -0.974359 -0.225 0
    outer loop
      vertex 44.1634 9.38721 10.7
      vertex 43.8088 10.9228 11.1
      vertex 43.8088 10.9228 10.7
    endloop
  endfacet
  facet normal -0.974359 -0.225 0
    outer loop
      vertex 43.8088 10.9228 11.1
      vertex 44.1634 9.38721 10.7
      vertex 44.1634 9.38721 11.1
    endloop
  endfacet
  facet normal -0.689039 -0.159096 -0.707046
    outer loop
      vertex 44.0999 10.9953 10.4
      vertex 44.4568 9.44958 10.4
      vertex 43.8088 10.9228 10.7
    endloop
  endfacet
  facet normal -0.689079 -0.159123 -0.707001
    outer loop
      vertex 44.4568 9.44958 10.4
      vertex 44.1634 9.38721 10.7
      vertex 43.8088 10.9228 10.7
    endloop
  endfacet
  facet normal -0.974364 -0.224976 0
    outer loop
      vertex 44.4568 9.44958 8
      vertex 44.0999 10.9953 10.4
      vertex 44.0999 10.9953 8
    endloop
  endfacet
  facet normal -0.974364 -0.224976 0
    outer loop
      vertex 44.0999 10.9953 10.4
      vertex 44.4568 9.44958 8
      vertex 44.4568 9.44958 10.4
    endloop
  endfacet
  facet normal -0.974373 -0.224937 0
    outer loop
      vertex 42.0603 8.9402 0
      vertex 41.7227 10.4026 8
      vertex 41.7227 10.4026 0
    endloop
  endfacet
  facet normal -0.974373 -0.224937 0
    outer loop
      vertex 41.7227 10.4026 8
      vertex 42.0603 8.9402 0
      vertex 42.0603 8.9402 8
    endloop
  endfacet
  facet normal 0.97436 0.224995 0
    outer loop
      vertex 46.8044 9.94857 14
      vertex 46.4286 11.576 0
      vertex 46.4286 11.576 14
    endloop
  endfacet
  facet normal 0.97436 0.224995 0
    outer loop
      vertex 46.4286 11.576 0
      vertex 46.8044 9.94857 14
      vertex 46.8044 9.94857 0
    endloop
  endfacet
  facet normal -0.694162 -0.13493 0.70706
    outer loop
      vertex 44.7595 7.89231 13.4
      vertex 45.0437 9.57433 14
      vertex 44.4568 9.44958 13.4
    endloop
  endfacet
  facet normal -0.694159 -0.134931 0.707062
    outer loop
      vertex 45.3504 7.9965 14
      vertex 45.0437 9.57433 14
      vertex 44.7595 7.89231 13.4
    endloop
  endfacet
  facet normal -0.981627 -0.190807 0
    outer loop
      vertex 44.7595 7.89231 11.4
      vertex 44.4568 9.44958 13.4
      vertex 44.4568 9.44958 11.4
    endloop
  endfacet
  facet normal -0.981627 -0.190807 0
    outer loop
      vertex 44.4568 9.44958 13.4
      vertex 44.7595 7.89231 11.4
      vertex 44.7595 7.89231 13.4
    endloop
  endfacet
  facet normal -0.69422 -0.13494 0.707001
    outer loop
      vertex 44.4641 7.84021 11.1
      vertex 44.4568 9.44958 11.4
      vertex 44.1634 9.38721 11.1
    endloop
  endfacet
  facet normal -0.694215 -0.134941 0.707005
    outer loop
      vertex 44.4641 7.84021 11.1
      vertex 44.7595 7.89231 11.4
      vertex 44.4568 9.44958 11.4
    endloop
  endfacet
  facet normal -0.981628 -0.190805 0
    outer loop
      vertex 44.4641 7.84021 10.7
      vertex 44.1634 9.38721 11.1
      vertex 44.1634 9.38721 10.7
    endloop
  endfacet
  facet normal -0.981628 -0.190805 0
    outer loop
      vertex 44.1634 9.38721 11.1
      vertex 44.4641 7.84021 10.7
      vertex 44.4641 7.84021 11.1
    endloop
  endfacet
  facet normal -0.694219 -0.134941 -0.707001
    outer loop
      vertex 44.4568 9.44958 10.4
      vertex 44.7595 7.89231 10.4
      vertex 44.1634 9.38721 10.7
    endloop
  endfacet
  facet normal -0.694215 -0.134939 -0.707005
    outer loop
      vertex 44.7595 7.89231 10.4
      vertex 44.4641 7.84021 10.7
      vertex 44.1634 9.38721 10.7
    endloop
  endfacet
  facet normal -0.981627 -0.190807 0
    outer loop
      vertex 44.7595 7.89231 8
      vertex 44.4568 9.44958 10.4
      vertex 44.4568 9.44958 8
    endloop
  endfacet
  facet normal -0.981627 -0.190807 0
    outer loop
      vertex 44.4568 9.44958 10.4
      vertex 44.7595 7.89231 8
      vertex 44.7595 7.89231 10.4
    endloop
  endfacet
  facet normal -0.981625 -0.190818 0
    outer loop
      vertex 42.3467 7.46687 0
      vertex 42.0603 8.9402 8
      vertex 42.0603 8.9402 0
    endloop
  endfacet
  facet normal -0.981625 -0.190818 0
    outer loop
      vertex 42.0603 8.9402 8
      vertex 42.3467 7.46687 0
      vertex 42.3467 7.46687 8
    endloop
  endfacet
  facet normal 0.981637 0.190758 0
    outer loop
      vertex 47.123 8.30906 14
      vertex 46.8044 9.94857 0
      vertex 46.8044 9.94857 14
    endloop
  endfacet
  facet normal 0.981637 0.190758 0
    outer loop
      vertex 46.8044 9.94857 0
      vertex 47.123 8.30906 14
      vertex 47.123 8.30906 0
    endloop
  endfacet
  facet normal -0.698443 -0.110635 0.707062
    outer loop
      vertex 45.0077 6.32542 13.4
      vertex 45.3504 7.9965 14
      vertex 44.7595 7.89231 13.4
    endloop
  endfacet
  facet normal -0.698493 -0.110609 0.707017
    outer loop
      vertex 45.6018 6.40892 14
      vertex 45.3504 7.9965 14
      vertex 45.0077 6.32542 13.4
    endloop
  endfacet
  facet normal -0.987686 -0.156452 0
    outer loop
      vertex 45.0077 6.32542 11.4
      vertex 44.7595 7.89231 13.4
      vertex 44.7595 7.89231 11.4
    endloop
  endfacet
  facet normal -0.987686 -0.156452 0
    outer loop
      vertex 44.7595 7.89231 13.4
      vertex 45.0077 6.32542 11.4
      vertex 45.0077 6.32542 13.4
    endloop
  endfacet
  facet normal -0.698504 -0.110617 0.707005
    outer loop
      vertex 44.7106 6.28366 11.1
      vertex 44.7595 7.89231 11.4
      vertex 44.4641 7.84021 11.1
    endloop
  endfacet
  facet normal -0.698428 -0.110633 0.707077
    outer loop
      vertex 45.0077 6.32542 11.4
      vertex 44.7595 7.89231 11.4
      vertex 44.7106 6.28366 11.1
    endloop
  endfacet
  facet normal -0.987692 -0.156414 0
    outer loop
      vertex 44.7106 6.28366 10.7
      vertex 44.4641 7.84021 11.1
      vertex 44.4641 7.84021 10.7
    endloop
  endfacet
  facet normal -0.987692 -0.156414 0
    outer loop
      vertex 44.4641 7.84021 11.1
      vertex 44.7106 6.28366 10.7
      vertex 44.7106 6.28366 11.1
    endloop
  endfacet
  facet normal -0.6985 -0.110644 -0.707005
    outer loop
      vertex 44.7595 7.89231 10.4
      vertex 45.0077 6.32542 10.4
      vertex 44.4641 7.84021 10.7
    endloop
  endfacet
  facet normal -0.698433 -0.110606 -0.707077
    outer loop
      vertex 45.0077 6.32542 10.4
      vertex 44.7106 6.28366 10.7
      vertex 44.4641 7.84021 10.7
    endloop
  endfacet
  facet normal -0.987686 -0.156452 0
    outer loop
      vertex 45.0077 6.32542 8
      vertex 44.7595 7.89231 10.4
      vertex 44.7595 7.89231 8
    endloop
  endfacet
  facet normal -0.987686 -0.156452 0
    outer loop
      vertex 44.7595 7.89231 10.4
      vertex 45.0077 6.32542 8
      vertex 45.0077 6.32542 10.4
    endloop
  endfacet
  facet normal -0.987688 -0.156438 0
    outer loop
      vertex 42.5815 5.98444 0
      vertex 42.3467 7.46687 8
      vertex 42.3467 7.46687 0
    endloop
  endfacet
  facet normal -0.987688 -0.156438 0
    outer loop
      vertex 42.3467 7.46687 8
      vertex 42.5815 5.98444 0
      vertex 42.5815 5.98444 8
    endloop
  endfacet
  facet normal 0.987686 0.156449 0
    outer loop
      vertex 47.3843 6.65943 14
      vertex 47.123 8.30906 0
      vertex 47.123 8.30906 14
    endloop
  endfacet
  facet normal 0.987686 0.156449 0
    outer loop
      vertex 47.123 8.30906 0
      vertex 47.3843 6.65943 14
      vertex 47.3843 6.65943 0
    endloop
  endfacet
  facet normal -0.701927 -0.0861695 0.707017
    outer loop
      vertex 45.201 4.75082 13.4
      vertex 45.6018 6.40892 14
      vertex 45.0077 6.32542 13.4
    endloop
  endfacet
  facet normal -0.701897 -0.0861869 0.707045
    outer loop
      vertex 45.7977 4.81353 14
      vertex 45.6018 6.40892 14
      vertex 45.201 4.75082 13.4
    endloop
  endfacet
  facet normal -0.992549 -0.121847 0
    outer loop
      vertex 45.201 4.75082 11.4
      vertex 45.0077 6.32542 13.4
      vertex 45.0077 6.32542 11.4
    endloop
  endfacet
  facet normal -0.992549 -0.121847 0
    outer loop
      vertex 45.0077 6.32542 13.4
      vertex 45.201 4.75082 11.4
      vertex 45.201 4.75082 13.4
    endloop
  endfacet
  facet normal -0.701863 -0.0861961 0.707077
    outer loop
      vertex 44.9027 4.71946 11.1
      vertex 45.0077 6.32542 11.4
      vertex 44.7106 6.28366 11.1
    endloop
  endfacet
  facet normal -0.701957 -0.0861732 0.706987
    outer loop
      vertex 45.201 4.75082 11.4
      vertex 45.0077 6.32542 11.4
      vertex 44.9027 4.71946 11.1
    endloop
  endfacet
  facet normal -0.992543 -0.121895 0
    outer loop
      vertex 44.9027 4.71946 10.7
      vertex 44.7106 6.28366 11.1
      vertex 44.7106 6.28366 10.7
    endloop
  endfacet
  facet normal -0.992543 -0.121895 0
    outer loop
      vertex 44.7106 6.28366 11.1
      vertex 44.9027 4.71946 10.7
      vertex 44.9027 4.71946 11.1
    endloop
  endfacet
  facet normal -0.701868 -0.0861622 -0.707077
    outer loop
      vertex 45.0077 6.32542 10.4
      vertex 45.201 4.75082 10.4
      vertex 44.7106 6.28366 10.7
    endloop
  endfacet
  facet normal -0.701953 -0.0862071 -0.706987
    outer loop
      vertex 45.201 4.75082 10.4
      vertex 44.9027 4.71946 10.7
      vertex 44.7106 6.28366 10.7
    endloop
  endfacet
  facet normal -0.992549 -0.121847 0
    outer loop
      vertex 45.201 4.75082 8
      vertex 45.0077 6.32542 10.4
      vertex 45.0077 6.32542 8
    endloop
  endfacet
  facet normal -0.992549 -0.121847 0
    outer loop
      vertex 45.0077 6.32542 10.4
      vertex 45.201 4.75082 8
      vertex 45.201 4.75082 10.4
    endloop
  endfacet
  facet normal -0.992547 -0.12186 0
    outer loop
      vertex 42.7644 4.49472 0
      vertex 42.5815 5.98444 8
      vertex 42.5815 5.98444 0
    endloop
  endfacet
  facet normal -0.992547 -0.12186 0
    outer loop
      vertex 42.5815 5.98444 8
      vertex 42.7644 4.49472 0
      vertex 42.7644 4.49472 8
    endloop
  endfacet
  facet normal 0.992542 0.121902 0
    outer loop
      vertex 47.5879 5.00169 14
      vertex 47.3843 6.65943 0
      vertex 47.3843 6.65943 14
    endloop
  endfacet
  facet normal 0.992542 0.121902 0
    outer loop
      vertex 47.3843 6.65943 0
      vertex 47.5879 5.00169 14
      vertex 47.5879 5.00169 0
    endloop
  endfacet
  facet normal -0.704476 -0.0616488 0.707045
    outer loop
      vertex 45.3393 3.17043 13.4
      vertex 45.7977 4.81353 14
      vertex 45.201 4.75082 13.4
    endloop
  endfacet
  facet normal -0.704492 -0.0616389 0.70703
    outer loop
      vertex 45.9378 3.21228 14
      vertex 45.7977 4.81353 14
      vertex 45.3393 3.17043 13.4
    endloop
  endfacet
  facet normal -0.996193 -0.0871769 0
    outer loop
      vertex 45.3393 3.17043 11.4
      vertex 45.201 4.75082 13.4
      vertex 45.201 4.75082 11.4
    endloop
  endfacet
  facet normal -0.996193 -0.0871769 0
    outer loop
      vertex 45.201 4.75082 13.4
      vertex 45.3393 3.17043 11.4
      vertex 45.3393 3.17043 13.4
    endloop
  endfacet
  facet normal -0.704538 -0.061615 0.706986
    outer loop
      vertex 45.04 3.1495 11.1
      vertex 45.201 4.75082 11.4
      vertex 44.9027 4.71946 11.1
    endloop
  endfacet
  facet normal -0.704432 -0.0616449 0.707089
    outer loop
      vertex 45.3393 3.17043 11.4
      vertex 45.201 4.75082 11.4
      vertex 45.04 3.1495 11.1
    endloop
  endfacet
  facet normal -0.996198 -0.0871219 0
    outer loop
      vertex 45.04 3.1495 10.7
      vertex 44.9027 4.71946 11.1
      vertex 44.9027 4.71946 10.7
    endloop
  endfacet
  facet normal -0.996198 -0.0871219 0
    outer loop
      vertex 44.9027 4.71946 11.1
      vertex 45.04 3.1495 10.7
      vertex 45.04 3.1495 11.1
    endloop
  endfacet
  facet normal -0.704534 -0.0616538 -0.706987
    outer loop
      vertex 45.201 4.75082 10.4
      vertex 45.3393 3.17043 10.4
      vertex 44.9027 4.71946 10.7
    endloop
  endfacet
  facet normal -0.704435 -0.061606 -0.70709
    outer loop
      vertex 45.3393 3.17043 10.4
      vertex 45.04 3.1495 10.7
      vertex 44.9027 4.71946 10.7
    endloop
  endfacet
  facet normal -0.996193 -0.0871769 0
    outer loop
      vertex 45.3393 3.17043 8
      vertex 45.201 4.75082 10.4
      vertex 45.201 4.75082 8
    endloop
  endfacet
  facet normal -0.996193 -0.0871769 0
    outer loop
      vertex 45.201 4.75082 10.4
      vertex 45.3393 3.17043 8
      vertex 45.3393 3.17043 10.4
    endloop
  endfacet
  facet normal -0.99619 -0.0872138 0
    outer loop
      vertex 42.8953 2.99953 0
      vertex 42.7644 4.49472 8
      vertex 42.7644 4.49472 0
    endloop
  endfacet
  facet normal -0.99619 -0.0872138 0
    outer loop
      vertex 42.7644 4.49472 8
      vertex 42.8953 2.99953 0
      vertex 42.8953 2.99953 8
    endloop
  endfacet
  facet normal 0.996198 0.0871159 0
    outer loop
      vertex 47.7334 3.33785 14
      vertex 47.5879 5.00169 0
      vertex 47.5879 5.00169 14
    endloop
  endfacet
  facet normal 0.996198 0.0871159 0
    outer loop
      vertex 47.5879 5.00169 0
      vertex 47.7334 3.33785 14
      vertex 47.7334 3.33785 0
    endloop
  endfacet
  facet normal -0.706215 -0.0369991 0.70703
    outer loop
      vertex 45.4223 1.58618 13.4
      vertex 45.9378 3.21228 14
      vertex 45.3393 3.17043 13.4
    endloop
  endfacet
  facet normal -0.706212 -0.037001 0.707033
    outer loop
      vertex 46.0219 1.60712 14
      vertex 45.9378 3.21228 14
      vertex 45.4223 1.58618 13.4
    endloop
  endfacet
  facet normal -0.99863 -0.052319 0
    outer loop
      vertex 45.4223 1.58618 11.4
      vertex 45.3393 3.17043 13.4
      vertex 45.3393 3.17043 11.4
    endloop
  endfacet
  facet normal -0.99863 -0.052319 0
    outer loop
      vertex 45.3393 3.17043 13.4
      vertex 45.4223 1.58618 11.4
      vertex 45.4223 1.58618 13.4
    endloop
  endfacet
  facet normal -0.706155 -0.0370175 0.707089
    outer loop
      vertex 45.1225 1.57571 11.1
      vertex 45.3393 3.17043 11.4
      vertex 45.04 3.1495 11.1
    endloop
  endfacet
  facet normal -0.706212 -0.036999 0.707033
    outer loop
      vertex 45.4223 1.58618 11.4
      vertex 45.3393 3.17043 11.4
      vertex 45.1225 1.57571 11.1
    endloop
  endfacet
  facet normal -0.998629 -0.0523493 0
    outer loop
      vertex 45.1225 1.57571 10.7
      vertex 45.04 3.1495 11.1
      vertex 45.04 3.1495 10.7
    endloop
  endfacet
  facet normal -0.998629 -0.0523493 0
    outer loop
      vertex 45.04 3.1495 11.1
      vertex 45.1225 1.57571 10.7
      vertex 45.1225 1.57571 11.1
    endloop
  endfacet
  facet normal -0.706156 -0.036996 -0.707089
    outer loop
      vertex 45.3393 3.17043 10.4
      vertex 45.4223 1.58618 10.4
      vertex 45.04 3.1495 10.7
    endloop
  endfacet
  facet normal -0.706211 -0.0370205 -0.707033
    outer loop
      vertex 45.4223 1.58618 10.4
      vertex 45.1225 1.57571 10.7
      vertex 45.04 3.1495 10.7
    endloop
  endfacet
  facet normal -0.99863 -0.052319 0
    outer loop
      vertex 45.4223 1.58618 8
      vertex 45.3393 3.17043 10.4
      vertex 45.3393 3.17043 8
    endloop
  endfacet
  facet normal -0.99863 -0.052319 0
    outer loop
      vertex 45.3393 3.17043 10.4
      vertex 45.4223 1.58618 8
      vertex 45.4223 1.58618 10.4
    endloop
  endfacet
  facet normal -0.998631 -0.0523018 0
    outer loop
      vertex 42.9738 1.50068 0
      vertex 42.8953 2.99953 8
      vertex 42.8953 2.99953 0
    endloop
  endfacet
  facet normal -0.998631 -0.0523018 0
    outer loop
      vertex 42.8953 2.99953 8
      vertex 42.9738 1.50068 0
      vertex 42.9738 1.50068 8
    endloop
  endfacet
  facet normal 0.99863 0.0523291 0
    outer loop
      vertex 47.8208 1.66994 14
      vertex 47.7334 3.33785 0
      vertex 47.7334 3.33785 14
    endloop
  endfacet
  facet normal 0.99863 0.0523291 0
    outer loop
      vertex 47.7334 3.33785 0
      vertex 47.8208 1.66994 14
      vertex 47.8208 1.66994 0
    endloop
  endfacet
  facet normal -0.707242 -0.0123714 0.706863
    outer loop
      vertex 45.6279 0.5 13.5867
      vertex 45.4223 1.58618 13.4
      vertex 45.4413 0.5 13.4
    endloop
  endfacet
  facet normal -0.707074 -0.0123106 0.707032
    outer loop
      vertex 45.4223 1.58618 13.4
      vertex 45.6279 0.5 13.5867
      vertex 46.0219 1.60712 14
    endloop
  endfacet
  facet normal -0.706967 -0.0123881 0.707138
    outer loop
      vertex 46.0413 0.5 14
      vertex 46.0219 1.60712 14
      vertex 45.6279 0.5 13.5867
    endloop
  endfacet
  facet normal -0.999847 -0.0174898 0
    outer loop
      vertex 45.4413 0.5 11.4
      vertex 45.4223 1.58618 13.4
      vertex 45.4223 1.58618 11.4
    endloop
  endfacet
  facet normal -0.999847 -0.0174898 0
    outer loop
      vertex 45.4223 1.58618 13.4
      vertex 45.4413 0.5 11.4
      vertex 45.4413 0.5 13.4
    endloop
  endfacet
  facet normal -0.707427 -0.0123636 0.706679
    outer loop
      vertex 45.2358 0.5 11.1946
      vertex 45.1225 1.57571 11.1
      vertex 45.1413 0.5 11.1
    endloop
  endfacet
  facet normal -0.707074 -0.0122954 0.707032
    outer loop
      vertex 45.1225 1.57571 11.1
      vertex 45.2358 0.5 11.1946
      vertex 45.4223 1.58618 11.4
    endloop
  endfacet
  facet normal -0.706881 -0.0123651 0.707225
    outer loop
      vertex 45.4413 0.5 11.4
      vertex 45.4223 1.58618 11.4
      vertex 45.2358 0.5 11.1946
    endloop
  endfacet
  facet normal -0.999847 -0.0174742 0
    outer loop
      vertex 45.1413 0.5 10.7
      vertex 45.1225 1.57571 11.1
      vertex 45.1225 1.57571 10.7
    endloop
  endfacet
  facet normal -0.999847 -0.0174742 0
    outer loop
      vertex 45.1225 1.57571 11.1
      vertex 45.1413 0.5 10.7
      vertex 45.1413 0.5 11.1
    endloop
  endfacet
  facet normal -0.707053 -0.0123681 -0.707053
    outer loop
      vertex 45.3461 0.5 10.4952
      vertex 45.4223 1.58618 10.4
      vertex 45.4413 0.5 10.4
    endloop
  endfacet
  facet normal -0.707073 -0.012365 -0.707033
    outer loop
      vertex 45.4223 1.58618 10.4
      vertex 45.3461 0.5 10.4952
      vertex 45.1225 1.57571 10.7
    endloop
  endfacet
  facet normal -0.707053 -0.012357 -0.707053
    outer loop
      vertex 45.3461 0.5 10.4952
      vertex 45.1413 0.5 10.7
      vertex 45.1225 1.57571 10.7
    endloop
  endfacet
  facet normal -0.999847 -0.0174898 0
    outer loop
      vertex 45.4223 1.58618 8
      vertex 45.4413 0.5 8.8
      vertex 45.4223 1.58618 10.4
    endloop
  endfacet
  facet normal -0.999848 -0.0174607 3.95812e-05
    outer loop
      vertex 45.45 0 8
      vertex 45.4413 0.5 8.8
      vertex 45.4223 1.58618 8
    endloop
  endfacet
  facet normal -0.999849 -0.0173974 0
    outer loop
      vertex 45.4413 0.5 8.8
      vertex 45.45 0 8
      vertex 45.45 0 8.8
    endloop
  endfacet
  facet normal -0.999847 -0.0174898 0
    outer loop
      vertex 45.4223 1.58618 10.4
      vertex 45.4413 0.5 8.8
      vertex 45.4413 0.5 10.4
    endloop
  endfacet
  facet normal -0.999848 -0.0174561 0
    outer loop
      vertex 43 0 0
      vertex 42.9738 1.50068 8
      vertex 42.9738 1.50068 0
    endloop
  endfacet
  facet normal -0.999848 -0.0174561 0
    outer loop
      vertex 42.9738 1.50068 8
      vertex 43 0 0
      vertex 43 0 8
    endloop
  endfacet
  facet normal 0.999847 0.0175196 -0
    outer loop
      vertex 47.8413 0.5 8.8
      vertex 47.8208 1.66994 14
      vertex 47.8413 0.5 14
    endloop
  endfacet
  facet normal 0.999847 0.0175196 0
    outer loop
      vertex 47.8208 1.66994 14
      vertex 47.8413 0.5 8.8
      vertex 47.8208 1.66994 0
    endloop
  endfacet
  facet normal 0.999849 0.0173974 -0
    outer loop
      vertex 47.85 0 0
      vertex 47.8413 0.5 8.8
      vertex 47.85 0 8.8
    endloop
  endfacet
  facet normal 0.999847 0.017483 -4.8662e-06
    outer loop
      vertex 47.8413 0.5 8.8
      vertex 47.85 0 0
      vertex 47.8208 1.66994 0
    endloop
  endfacet
  facet normal -0.707139 0.0123696 0.706967
    outer loop
      vertex 45.8521 -0.5 13.8109
      vertex 45.4413 -0.5 13.4
      vertex 45.4223 -1.58618 13.4
    endloop
  endfacet
  facet normal -0.707074 0.0123191 0.707032
    outer loop
      vertex 46.0219 -1.60712 14
      vertex 45.8521 -0.5 13.8109
      vertex 45.4223 -1.58618 13.4
    endloop
  endfacet
  facet normal -0.706866 0.0123864 0.707239
    outer loop
      vertex 45.8521 -0.5 13.8109
      vertex 46.0219 -1.60712 14
      vertex 46.0413 -0.5 14
    endloop
  endfacet
  facet normal -0.999847 0.0174898 0
    outer loop
      vertex 45.4223 -1.58618 11.4
      vertex 45.4413 -0.5 13.4
      vertex 45.4413 -0.5 11.4
    endloop
  endfacet
  facet normal -0.999847 0.0174898 0
    outer loop
      vertex 45.4413 -0.5 13.4
      vertex 45.4223 -1.58618 11.4
      vertex 45.4223 -1.58618 13.4
    endloop
  endfacet
  facet normal -0.707053 0.012357 0.707053
    outer loop
      vertex 45.3461 -0.5 11.3048
      vertex 45.1413 -0.5 11.1
      vertex 45.1225 -1.57571 11.1
    endloop
  endfacet
  facet normal -0.707073 0.012365 0.707033
    outer loop
      vertex 45.4223 -1.58618 11.4
      vertex 45.3461 -0.5 11.3048
      vertex 45.1225 -1.57571 11.1
    endloop
  endfacet
  facet normal -0.707053 0.0123681 0.707053
    outer loop
      vertex 45.3461 -0.5 11.3048
      vertex 45.4223 -1.58618 11.4
      vertex 45.4413 -0.5 11.4
    endloop
  endfacet
  facet normal -0.999847 0.0174742 0
    outer loop
      vertex 45.1225 -1.57571 10.7
      vertex 45.1413 -0.5 11.1
      vertex 45.1413 -0.5 10.7
    endloop
  endfacet
  facet normal -0.999847 0.0174742 0
    outer loop
      vertex 45.1413 -0.5 11.1
      vertex 45.1225 -1.57571 10.7
      vertex 45.1225 -1.57571 11.1
    endloop
  endfacet
  facet normal -0.706881 0.0123651 -0.707225
    outer loop
      vertex 45.4413 -0.5 10.4
      vertex 45.4223 -1.58618 10.4
      vertex 45.2358 -0.5 10.6054
    endloop
  endfacet
  facet normal -0.707427 0.0123636 -0.706679
    outer loop
      vertex 45.2358 -0.5 10.6054
      vertex 45.1225 -1.57571 10.7
      vertex 45.1413 -0.5 10.7
    endloop
  endfacet
  facet normal -0.707074 0.0122954 -0.707032
    outer loop
      vertex 45.1225 -1.57571 10.7
      vertex 45.2358 -0.5 10.6054
      vertex 45.4223 -1.58618 10.4
    endloop
  endfacet
  facet normal -0.999849 0.0173974 0
    outer loop
      vertex 45.45 0 8
      vertex 45.4413 -0.5 8.8
      vertex 45.45 0 8.8
    endloop
  endfacet
  facet normal -0.999848 0.0174607 3.95812e-05
    outer loop
      vertex 45.4223 -1.58618 8
      vertex 45.4413 -0.5 8.8
      vertex 45.45 0 8
    endloop
  endfacet
  facet normal -0.999847 0.0174898 0
    outer loop
      vertex 45.4223 -1.58618 10.4
      vertex 45.4413 -0.5 8.8
      vertex 45.4223 -1.58618 8
    endloop
  endfacet
  facet normal -0.999847 0.0174898 0
    outer loop
      vertex 45.4413 -0.5 8.8
      vertex 45.4223 -1.58618 10.4
      vertex 45.4413 -0.5 10.4
    endloop
  endfacet
  facet normal -0.999848 0.0174561 0
    outer loop
      vertex 42.9738 -1.50068 0
      vertex 43 0 8
      vertex 43 0 0
    endloop
  endfacet
  facet normal -0.999848 0.0174561 0
    outer loop
      vertex 43 0 8
      vertex 42.9738 -1.50068 0
      vertex 42.9738 -1.50068 8
    endloop
  endfacet
  facet normal 0.999847 -0.0175196 0
    outer loop
      vertex 47.8413 -0.5 14
      vertex 47.8208 -1.66994 14
      vertex 47.8413 -0.5 8.8
    endloop
  endfacet
  facet normal 0.999849 -0.0173974 0
    outer loop
      vertex 47.8413 -0.5 8.8
      vertex 47.85 0 0
      vertex 47.85 0 8.8
    endloop
  endfacet
  facet normal 0.999847 -0.0175196 0
    outer loop
      vertex 47.8208 -1.66994 0
      vertex 47.8413 -0.5 8.8
      vertex 47.8208 -1.66994 14
    endloop
  endfacet
  facet normal 0.999847 -0.017483 -4.8662e-06
    outer loop
      vertex 47.8413 -0.5 8.8
      vertex 47.8208 -1.66994 0
      vertex 47.85 0 0
    endloop
  endfacet
  facet normal -0.706212 0.036999 0.707033
    outer loop
      vertex 46.0219 -1.60712 14
      vertex 45.4223 -1.58618 13.4
      vertex 45.3393 -3.17043 13.4
    endloop
  endfacet
  facet normal -0.706215 0.0370011 0.70703
    outer loop
      vertex 45.9378 -3.21228 14
      vertex 46.0219 -1.60712 14
      vertex 45.3393 -3.17043 13.4
    endloop
  endfacet
  facet normal -0.99863 0.052319 0
    outer loop
      vertex 45.3393 -3.17043 11.4
      vertex 45.4223 -1.58618 13.4
      vertex 45.4223 -1.58618 11.4
    endloop
  endfacet
  facet normal -0.99863 0.052319 0
    outer loop
      vertex 45.4223 -1.58618 13.4
      vertex 45.3393 -3.17043 11.4
      vertex 45.3393 -3.17043 13.4
    endloop
  endfacet
  facet normal -0.706211 0.0370205 0.707033
    outer loop
      vertex 45.4223 -1.58618 11.4
      vertex 45.1225 -1.57571 11.1
      vertex 45.04 -3.1495 11.1
    endloop
  endfacet
  facet normal -0.706156 0.036996 0.707089
    outer loop
      vertex 45.3393 -3.17043 11.4
      vertex 45.4223 -1.58618 11.4
      vertex 45.04 -3.1495 11.1
    endloop
  endfacet
  facet normal -0.998629 0.0523493 0
    outer loop
      vertex 45.04 -3.1495 10.7
      vertex 45.1225 -1.57571 11.1
      vertex 45.1225 -1.57571 10.7
    endloop
  endfacet
  facet normal -0.998629 0.0523493 0
    outer loop
      vertex 45.1225 -1.57571 11.1
      vertex 45.04 -3.1495 10.7
      vertex 45.04 -3.1495 11.1
    endloop
  endfacet
  facet normal -0.706212 0.036999 -0.707033
    outer loop
      vertex 45.4223 -1.58618 10.4
      vertex 45.3393 -3.17043 10.4
      vertex 45.1225 -1.57571 10.7
    endloop
  endfacet
  facet normal -0.706155 0.0370175 -0.707089
    outer loop
      vertex 45.1225 -1.57571 10.7
      vertex 45.3393 -3.17043 10.4
      vertex 45.04 -3.1495 10.7
    endloop
  endfacet
  facet normal -0.99863 0.052319 0
    outer loop
      vertex 45.3393 -3.17043 8
      vertex 45.4223 -1.58618 10.4
      vertex 45.4223 -1.58618 8
    endloop
  endfacet
  facet normal -0.99863 0.052319 0
    outer loop
      vertex 45.4223 -1.58618 10.4
      vertex 45.3393 -3.17043 8
      vertex 45.3393 -3.17043 10.4
    endloop
  endfacet
  facet normal -0.998631 0.0523018 0
    outer loop
      vertex 42.8953 -2.99953 0
      vertex 42.9738 -1.50068 8
      vertex 42.9738 -1.50068 0
    endloop
  endfacet
  facet normal -0.998631 0.0523018 0
    outer loop
      vertex 42.9738 -1.50068 8
      vertex 42.8953 -2.99953 0
      vertex 42.8953 -2.99953 8
    endloop
  endfacet
  facet normal 0.99863 -0.0523291 0
    outer loop
      vertex 47.7334 -3.33785 14
      vertex 47.8208 -1.66994 0
      vertex 47.8208 -1.66994 14
    endloop
  endfacet
  facet normal 0.99863 -0.0523291 0
    outer loop
      vertex 47.8208 -1.66994 0
      vertex 47.7334 -3.33785 14
      vertex 47.7334 -3.33785 0
    endloop
  endfacet
  facet normal -0.704491 0.0616501 0.70703
    outer loop
      vertex 45.9378 -3.21228 14
      vertex 45.3393 -3.17043 13.4
      vertex 45.201 -4.75082 13.4
    endloop
  endfacet
  facet normal -0.704477 0.0616376 0.707045
    outer loop
      vertex 45.7977 -4.81353 14
      vertex 45.9378 -3.21228 14
      vertex 45.201 -4.75082 13.4
    endloop
  endfacet
  facet normal -0.996193 0.0871769 0
    outer loop
      vertex 45.201 -4.75082 11.4
      vertex 45.3393 -3.17043 13.4
      vertex 45.3393 -3.17043 11.4
    endloop
  endfacet
  facet normal -0.996193 0.0871769 0
    outer loop
      vertex 45.3393 -3.17043 13.4
      vertex 45.201 -4.75082 11.4
      vertex 45.201 -4.75082 13.4
    endloop
  endfacet
  facet normal -0.704435 0.061606 0.70709
    outer loop
      vertex 45.3393 -3.17043 11.4
      vertex 45.04 -3.1495 11.1
      vertex 44.9027 -4.71946 11.1
    endloop
  endfacet
  facet normal -0.704534 0.0616538 0.706987
    outer loop
      vertex 45.201 -4.75082 11.4
      vertex 45.3393 -3.17043 11.4
      vertex 44.9027 -4.71946 11.1
    endloop
  endfacet
  facet normal -0.996198 0.0871219 0
    outer loop
      vertex 44.9027 -4.71946 10.7
      vertex 45.04 -3.1495 11.1
      vertex 45.04 -3.1495 10.7
    endloop
  endfacet
  facet normal -0.996198 0.0871219 0
    outer loop
      vertex 45.04 -3.1495 11.1
      vertex 44.9027 -4.71946 10.7
      vertex 44.9027 -4.71946 11.1
    endloop
  endfacet
  facet normal -0.704432 0.0616449 -0.707089
    outer loop
      vertex 45.3393 -3.17043 10.4
      vertex 45.201 -4.75082 10.4
      vertex 45.04 -3.1495 10.7
    endloop
  endfacet
  facet normal -0.704538 0.061615 -0.706986
    outer loop
      vertex 45.04 -3.1495 10.7
      vertex 45.201 -4.75082 10.4
      vertex 44.9027 -4.71946 10.7
    endloop
  endfacet
  facet normal -0.996193 0.0871769 0
    outer loop
      vertex 45.201 -4.75082 8
      vertex 45.3393 -3.17043 10.4
      vertex 45.3393 -3.17043 8
    endloop
  endfacet
  facet normal -0.996193 0.0871769 0
    outer loop
      vertex 45.3393 -3.17043 10.4
      vertex 45.201 -4.75082 8
      vertex 45.201 -4.75082 10.4
    endloop
  endfacet
  facet normal -0.99619 0.0872138 0
    outer loop
      vertex 42.7644 -4.49472 0
      vertex 42.8953 -2.99953 8
      vertex 42.8953 -2.99953 0
    endloop
  endfacet
  facet normal -0.99619 0.0872138 0
    outer loop
      vertex 42.8953 -2.99953 8
      vertex 42.7644 -4.49472 0
      vertex 42.7644 -4.49472 8
    endloop
  endfacet
  facet normal 0.996198 -0.0871159 0
    outer loop
      vertex 47.5879 -5.00169 14
      vertex 47.7334 -3.33785 0
      vertex 47.7334 -3.33785 14
    endloop
  endfacet
  facet normal 0.996198 -0.0871159 0
    outer loop
      vertex 47.7334 -3.33785 0
      vertex 47.5879 -5.00169 14
      vertex 47.5879 -5.00169 0
    endloop
  endfacet
  facet normal -0.7019 0.0861661 0.707045
    outer loop
      vertex 45.7977 -4.81353 14
      vertex 45.201 -4.75082 13.4
      vertex 45.0077 -6.32542 13.4
    endloop
  endfacet
  facet normal -0.701925 0.0861902 0.707017
    outer loop
      vertex 45.6018 -6.40892 14
      vertex 45.7977 -4.81353 14
      vertex 45.0077 -6.32542 13.4
    endloop
  endfacet
  facet normal -0.992549 0.121847 0
    outer loop
      vertex 45.0077 -6.32542 11.4
      vertex 45.201 -4.75082 13.4
      vertex 45.201 -4.75082 11.4
    endloop
  endfacet
  facet normal -0.992549 0.121847 0
    outer loop
      vertex 45.201 -4.75082 13.4
      vertex 45.0077 -6.32542 11.4
      vertex 45.0077 -6.32542 13.4
    endloop
  endfacet
  facet normal -0.701953 0.0862071 0.706987
    outer loop
      vertex 45.201 -4.75082 11.4
      vertex 44.9027 -4.71946 11.1
      vertex 44.7106 -6.28366 11.1
    endloop
  endfacet
  facet normal -0.701868 0.0861622 0.707077
    outer loop
      vertex 45.0077 -6.32542 11.4
      vertex 45.201 -4.75082 11.4
      vertex 44.7106 -6.28366 11.1
    endloop
  endfacet
  facet normal -0.992543 0.121895 0
    outer loop
      vertex 44.7106 -6.28366 10.7
      vertex 44.9027 -4.71946 11.1
      vertex 44.9027 -4.71946 10.7
    endloop
  endfacet
  facet normal -0.992543 0.121895 0
    outer loop
      vertex 44.9027 -4.71946 11.1
      vertex 44.7106 -6.28366 10.7
      vertex 44.7106 -6.28366 11.1
    endloop
  endfacet
  facet normal -0.701957 0.0861732 -0.706987
    outer loop
      vertex 45.201 -4.75082 10.4
      vertex 45.0077 -6.32542 10.4
      vertex 44.9027 -4.71946 10.7
    endloop
  endfacet
  facet normal -0.701863 0.0861961 -0.707077
    outer loop
      vertex 44.9027 -4.71946 10.7
      vertex 45.0077 -6.32542 10.4
      vertex 44.7106 -6.28366 10.7
    endloop
  endfacet
  facet normal -0.992549 0.121847 0
    outer loop
      vertex 45.0077 -6.32542 8
      vertex 45.201 -4.75082 10.4
      vertex 45.201 -4.75082 8
    endloop
  endfacet
  facet normal -0.992549 0.121847 0
    outer loop
      vertex 45.201 -4.75082 10.4
      vertex 45.0077 -6.32542 8
      vertex 45.0077 -6.32542 10.4
    endloop
  endfacet
  facet normal -0.992547 0.12186 0
    outer loop
      vertex 42.5815 -5.98444 0
      vertex 42.7644 -4.49472 8
      vertex 42.7644 -4.49472 0
    endloop
  endfacet
  facet normal -0.992547 0.12186 0
    outer loop
      vertex 42.7644 -4.49472 8
      vertex 42.5815 -5.98444 0
      vertex 42.5815 -5.98444 8
    endloop
  endfacet
  facet normal 0.992542 -0.121902 0
    outer loop
      vertex 47.3843 -6.65943 14
      vertex 47.5879 -5.00169 0
      vertex 47.5879 -5.00169 14
    endloop
  endfacet
  facet normal 0.992542 -0.121902 0
    outer loop
      vertex 47.5879 -5.00169 0
      vertex 47.3843 -6.65943 14
      vertex 47.3843 -6.65943 0
    endloop
  endfacet
  facet normal -0.698488 0.110643 0.707017
    outer loop
      vertex 45.6018 -6.40892 14
      vertex 45.0077 -6.32542 13.4
      vertex 44.7595 -7.89231 13.4
    endloop
  endfacet
  facet normal -0.698449 0.110602 0.707062
    outer loop
      vertex 45.3504 -7.9965 14
      vertex 45.6018 -6.40892 14
      vertex 44.7595 -7.89231 13.4
    endloop
  endfacet
  facet normal -0.987686 0.156452 0
    outer loop
      vertex 44.7595 -7.89231 11.4
      vertex 45.0077 -6.32542 13.4
      vertex 45.0077 -6.32542 11.4
    endloop
  endfacet
  facet normal -0.987686 0.156452 0
    outer loop
      vertex 45.0077 -6.32542 13.4
      vertex 44.7595 -7.89231 11.4
      vertex 44.7595 -7.89231 13.4
    endloop
  endfacet
  facet normal -0.698433 0.110606 0.707077
    outer loop
      vertex 45.0077 -6.32542 11.4
      vertex 44.7106 -6.28366 11.1
      vertex 44.4641 -7.84021 11.1
    endloop
  endfacet
  facet normal -0.6985 0.110644 0.707005
    outer loop
      vertex 44.7595 -7.89231 11.4
      vertex 45.0077 -6.32542 11.4
      vertex 44.4641 -7.84021 11.1
    endloop
  endfacet
  facet normal -0.987692 0.156414 0
    outer loop
      vertex 44.4641 -7.84021 10.7
      vertex 44.7106 -6.28366 11.1
      vertex 44.7106 -6.28366 10.7
    endloop
  endfacet
  facet normal -0.987692 0.156414 0
    outer loop
      vertex 44.7106 -6.28366 11.1
      vertex 44.4641 -7.84021 10.7
      vertex 44.4641 -7.84021 11.1
    endloop
  endfacet
  facet normal -0.698428 0.110633 -0.707077
    outer loop
      vertex 45.0077 -6.32542 10.4
      vertex 44.7595 -7.89231 10.4
      vertex 44.7106 -6.28366 10.7
    endloop
  endfacet
  facet normal -0.698504 0.110617 -0.707005
    outer loop
      vertex 44.7106 -6.28366 10.7
      vertex 44.7595 -7.89231 10.4
      vertex 44.4641 -7.84021 10.7
    endloop
  endfacet
  facet normal -0.987686 0.156452 0
    outer loop
      vertex 44.7595 -7.89231 8
      vertex 45.0077 -6.32542 10.4
      vertex 45.0077 -6.32542 8
    endloop
  endfacet
  facet normal -0.987686 0.156452 0
    outer loop
      vertex 45.0077 -6.32542 10.4
      vertex 44.7595 -7.89231 8
      vertex 44.7595 -7.89231 10.4
    endloop
  endfacet
  facet normal -0.987688 0.156438 0
    outer loop
      vertex 42.3467 -7.46687 0
      vertex 42.5815 -5.98444 8
      vertex 42.5815 -5.98444 0
    endloop
  endfacet
  facet normal -0.987688 0.156438 0
    outer loop
      vertex 42.5815 -5.98444 8
      vertex 42.3467 -7.46687 0
      vertex 42.3467 -7.46687 8
    endloop
  endfacet
  facet normal 0.987686 -0.156449 0
    outer loop
      vertex 47.123 -8.30906 14
      vertex 47.3843 -6.65943 0
      vertex 47.3843 -6.65943 14
    endloop
  endfacet
  facet normal 0.987686 -0.156449 0
    outer loop
      vertex 47.3843 -6.65943 0
      vertex 47.123 -8.30906 14
      vertex 47.123 -8.30906 0
    endloop
  endfacet
  facet normal -0.694159 0.13493 0.707062
    outer loop
      vertex 45.3504 -7.9965 14
      vertex 44.7595 -7.89231 13.4
      vertex 44.4568 -9.44958 13.4
    endloop
  endfacet
  facet normal -0.694161 0.134932 0.70706
    outer loop
      vertex 45.0437 -9.57433 14
      vertex 45.3504 -7.9965 14
      vertex 44.4568 -9.44958 13.4
    endloop
  endfacet
  facet normal -0.981627 0.190807 0
    outer loop
      vertex 44.4568 -9.44958 11.4
      vertex 44.7595 -7.89231 13.4
      vertex 44.7595 -7.89231 11.4
    endloop
  endfacet
  facet normal -0.981627 0.190807 0
    outer loop
      vertex 44.7595 -7.89231 13.4
      vertex 44.4568 -9.44958 11.4
      vertex 44.4568 -9.44958 13.4
    endloop
  endfacet
  facet normal -0.694215 0.134939 0.707005
    outer loop
      vertex 44.7595 -7.89231 11.4
      vertex 44.4641 -7.84021 11.1
      vertex 44.1634 -9.38721 11.1
    endloop
  endfacet
  facet normal -0.694219 0.134941 0.707001
    outer loop
      vertex 44.4568 -9.44958 11.4
      vertex 44.7595 -7.89231 11.4
      vertex 44.1634 -9.38721 11.1
    endloop
  endfacet
  facet normal -0.981628 0.190805 0
    outer loop
      vertex 44.1634 -9.38721 10.7
      vertex 44.4641 -7.84021 11.1
      vertex 44.4641 -7.84021 10.7
    endloop
  endfacet
  facet normal -0.981628 0.190805 0
    outer loop
      vertex 44.4641 -7.84021 11.1
      vertex 44.1634 -9.38721 10.7
      vertex 44.1634 -9.38721 11.1
    endloop
  endfacet
  facet normal -0.694215 0.134941 -0.707005
    outer loop
      vertex 44.4641 -7.84021 10.7
      vertex 44.7595 -7.89231 10.4
      vertex 44.4568 -9.44958 10.4
    endloop
  endfacet
  facet normal -0.69422 0.13494 -0.707001
    outer loop
      vertex 44.4641 -7.84021 10.7
      vertex 44.4568 -9.44958 10.4
      vertex 44.1634 -9.38721 10.7
    endloop
  endfacet
  facet normal -0.981627 0.190807 0
    outer loop
      vertex 44.4568 -9.44958 8
      vertex 44.7595 -7.89231 10.4
      vertex 44.7595 -7.89231 8
    endloop
  endfacet
  facet normal -0.981627 0.190807 0
    outer loop
      vertex 44.7595 -7.89231 10.4
      vertex 44.4568 -9.44958 8
      vertex 44.4568 -9.44958 10.4
    endloop
  endfacet
  facet normal -0.981625 0.190818 0
    outer loop
      vertex 42.0603 -8.9402 0
      vertex 42.3467 -7.46687 8
      vertex 42.3467 -7.46687 0
    endloop
  endfacet
  facet normal -0.981625 0.190818 0
    outer loop
      vertex 42.3467 -7.46687 8
      vertex 42.0603 -8.9402 0
      vertex 42.0603 -8.9402 8
    endloop
  endfacet
  facet normal 0.981637 -0.190758 0
    outer loop
      vertex 46.8044 -9.94857 14
      vertex 47.123 -8.30906 0
      vertex 47.123 -8.30906 14
    endloop
  endfacet
  facet normal 0.981637 -0.190758 0
    outer loop
      vertex 47.123 -8.30906 0
      vertex 46.8044 -9.94857 14
      vertex 46.8044 -9.94857 0
    endloop
  endfacet
  facet normal -0.689025 0.159093 0.70706
    outer loop
      vertex 45.0437 -9.57433 14
      vertex 44.4568 -9.44958 13.4
      vertex 44.0999 -10.9953 13.4
    endloop
  endfacet
  facet normal -0.689015 0.159081 0.707072
    outer loop
      vertex 44.6821 -11.1405 14
      vertex 45.0437 -9.57433 14
      vertex 44.0999 -10.9953 13.4
    endloop
  endfacet
  facet normal -0.974364 0.224976 0
    outer loop
      vertex 44.0999 -10.9953 11.4
      vertex 44.4568 -9.44958 13.4
      vertex 44.4568 -9.44958 11.4
    endloop
  endfacet
  facet normal -0.974364 0.224976 0
    outer loop
      vertex 44.4568 -9.44958 13.4
      vertex 44.0999 -10.9953 11.4
      vertex 44.0999 -10.9953 13.4
    endloop
  endfacet
  facet normal -0.689079 0.159123 0.707001
    outer loop
      vertex 44.4568 -9.44958 11.4
      vertex 44.1634 -9.38721 11.1
      vertex 43.8088 -10.9228 11.1
    endloop
  endfacet
  facet normal -0.689039 0.159096 0.707046
    outer loop
      vertex 44.0999 -10.9953 11.4
      vertex 44.4568 -9.44958 11.4
      vertex 43.8088 -10.9228 11.1
    endloop
  endfacet
  facet normal -0.974359 0.225 0
    outer loop
      vertex 43.8088 -10.9228 10.7
      vertex 44.1634 -9.38721 11.1
      vertex 44.1634 -9.38721 10.7
    endloop
  endfacet
  facet normal -0.974359 0.225 0
    outer loop
      vertex 44.1634 -9.38721 11.1
      vertex 43.8088 -10.9228 10.7
      vertex 43.8088 -10.9228 11.1
    endloop
  endfacet
  facet normal -0.689083 0.159106 -0.707001
    outer loop
      vertex 44.1634 -9.38721 10.7
      vertex 44.4568 -9.44958 10.4
      vertex 44.0999 -10.9953 10.4
    endloop
  endfacet
  facet normal -0.689035 0.159113 -0.707046
    outer loop
      vertex 44.1634 -9.38721 10.7
      vertex 44.0999 -10.9953 10.4
      vertex 43.8088 -10.9228 10.7
    endloop
  endfacet
  facet normal -0.974364 0.224976 0
    outer loop
      vertex 44.0999 -10.9953 8
      vertex 44.4568 -9.44958 10.4
      vertex 44.4568 -9.44958 8
    endloop
  endfacet
  facet normal -0.974364 0.224976 0
    outer loop
      vertex 44.4568 -9.44958 10.4
      vertex 44.0999 -10.9953 8
      vertex 44.0999 -10.9953 10.4
    endloop
  endfacet
  facet normal -0.974373 0.224937 0
    outer loop
      vertex 41.7227 -10.4026 0
      vertex 42.0603 -8.9402 8
      vertex 42.0603 -8.9402 0
    endloop
  endfacet
  facet normal -0.974373 0.224937 0
    outer loop
      vertex 42.0603 -8.9402 8
      vertex 41.7227 -10.4026 0
      vertex 41.7227 -10.4026 8
    endloop
  endfacet
  facet normal 0.97436 -0.224995 0
    outer loop
      vertex 46.4286 -11.576 14
      vertex 46.8044 -9.94857 0
      vertex 46.8044 -9.94857 14
    endloop
  endfacet
  facet normal 0.97436 -0.224995 0
    outer loop
      vertex 46.8044 -9.94857 0
      vertex 46.4286 -11.576 14
      vertex 46.4286 -11.576 0
    endloop
  endfacet
  facet normal -0.683046 0.183019 0.707073
    outer loop
      vertex 44.6821 -11.1405 14
      vertex 44.0999 -10.9953 13.4
      vertex 43.6893 -12.5277 13.4
    endloop
  endfacet
  facet normal -0.683041 0.183012 0.70708
    outer loop
      vertex 44.2661 -12.6931 14
      vertex 44.6821 -11.1405 14
      vertex 43.6893 -12.5277 13.4
    endloop
  endfacet
  facet normal -0.965927 0.258816 0
    outer loop
      vertex 43.6893 -12.5277 11.4
      vertex 44.0999 -10.9953 13.4
      vertex 44.0999 -10.9953 11.4
    endloop
  endfacet
  facet normal -0.965927 0.258816 0
    outer loop
      vertex 44.0999 -10.9953 13.4
      vertex 43.6893 -12.5277 11.4
      vertex 43.6893 -12.5277 13.4
    endloop
  endfacet
  facet normal -0.683083 0.182999 0.707043
    outer loop
      vertex 44.0999 -10.9953 11.4
      vertex 43.8088 -10.9228 11.1
      vertex 43.401 -12.445 11.1
    endloop
  endfacet
  facet normal -0.683149 0.183047 0.706966
    outer loop
      vertex 43.6893 -12.5277 11.4
      vertex 44.0999 -10.9953 11.4
      vertex 43.401 -12.445 11.1
    endloop
  endfacet
  facet normal -0.965937 0.258776 0
    outer loop
      vertex 43.401 -12.445 10.7
      vertex 43.8088 -10.9228 11.1
      vertex 43.8088 -10.9228 10.7
    endloop
  endfacet
  facet normal -0.965937 0.258776 0
    outer loop
      vertex 43.8088 -10.9228 11.1
      vertex 43.401 -12.445 10.7
      vertex 43.401 -12.445 11.1
    endloop
  endfacet
  facet normal -0.683075 0.183027 -0.707042
    outer loop
      vertex 43.8088 -10.9228 10.7
      vertex 44.0999 -10.9953 10.4
      vertex 43.6893 -12.5277 10.4
    endloop
  endfacet
  facet normal -0.683157 0.183019 -0.706966
    outer loop
      vertex 43.8088 -10.9228 10.7
      vertex 43.6893 -12.5277 10.4
      vertex 43.401 -12.445 10.7
    endloop
  endfacet
  facet normal -0.965927 0.258816 0
    outer loop
      vertex 43.6893 -12.5277 8
      vertex 44.0999 -10.9953 10.4
      vertex 44.0999 -10.9953 8
    endloop
  endfacet
  facet normal -0.965927 0.258816 0
    outer loop
      vertex 44.0999 -10.9953 10.4
      vertex 43.6893 -12.5277 8
      vertex 43.6893 -12.5277 10.4
    endloop
  endfacet
  facet normal -0.965938 0.258774 0
    outer loop
      vertex 41.3343 -11.8524 0
      vertex 41.7227 -10.4026 8
      vertex 41.7227 -10.4026 0
    endloop
  endfacet
  facet normal -0.965938 0.258774 0
    outer loop
      vertex 41.7227 -10.4026 8
      vertex 41.3343 -11.8524 0
      vertex 41.3343 -11.8524 8
    endloop
  endfacet
  facet normal 0.965934 -0.258788 0
    outer loop
      vertex 45.9964 -13.1892 14
      vertex 46.4286 -11.576 0
      vertex 46.4286 -11.576 14
    endloop
  endfacet
  facet normal 0.965934 -0.258788 0
    outer loop
      vertex 46.4286 -11.576 0
      vertex 45.9964 -13.1892 14
      vertex 45.9964 -13.1892 0
    endloop
  endfacet
  facet normal -0.676238 0.206736 0.70708
    outer loop
      vertex 44.2661 -12.6931 14
      vertex 43.6893 -12.5277 13.4
      vertex 43.2255 -14.0448 13.4
    endloop
  endfacet
  facet normal -0.676273 0.206784 0.707032
    outer loop
      vertex 43.7961 -14.2302 14
      vertex 44.2661 -12.6931 14
      vertex 43.2255 -14.0448 13.4
    endloop
  endfacet
  facet normal -0.956309 0.292358 0
    outer loop
      vertex 43.2255 -14.0448 11.4
      vertex 43.6893 -12.5277 13.4
      vertex 43.6893 -12.5277 11.4
    endloop
  endfacet
  facet normal -0.956309 0.292358 0
    outer loop
      vertex 43.6893 -12.5277 13.4
      vertex 43.2255 -14.0448 11.4
      vertex 43.2255 -14.0448 13.4
    endloop
  endfacet
  facet normal -0.676339 0.206792 0.706967
    outer loop
      vertex 43.6893 -12.5277 11.4
      vertex 43.401 -12.445 11.1
      vertex 42.9402 -13.9521 11.1
    endloop
  endfacet
  facet normal -0.676284 0.20675 0.707032
    outer loop
      vertex 43.2255 -14.0448 11.4
      vertex 43.6893 -12.5277 11.4
      vertex 42.9402 -13.9521 11.1
    endloop
  endfacet
  facet normal -0.956299 0.292391 0
    outer loop
      vertex 42.9402 -13.9521 10.7
      vertex 43.401 -12.445 11.1
      vertex 43.401 -12.445 10.7
    endloop
  endfacet
  facet normal -0.956299 0.292391 0
    outer loop
      vertex 43.401 -12.445 11.1
      vertex 42.9402 -13.9521 10.7
      vertex 42.9402 -13.9521 11.1
    endloop
  endfacet
  facet normal -0.676346 0.206769 -0.706968
    outer loop
      vertex 43.401 -12.445 10.7
      vertex 43.6893 -12.5277 10.4
      vertex 43.2255 -14.0448 10.4
    endloop
  endfacet
  facet normal -0.676277 0.206773 -0.707032
    outer loop
      vertex 43.401 -12.445 10.7
      vertex 43.2255 -14.0448 10.4
      vertex 42.9402 -13.9521 10.7
    endloop
  endfacet
  facet normal -0.956309 0.292358 0
    outer loop
      vertex 43.2255 -14.0448 8
      vertex 43.6893 -12.5277 10.4
      vertex 43.6893 -12.5277 8
    endloop
  endfacet
  facet normal -0.956309 0.292358 0
    outer loop
      vertex 43.6893 -12.5277 10.4
      vertex 43.2255 -14.0448 8
      vertex 43.2255 -14.0448 10.4
    endloop
  endfacet
  facet normal -0.956289 0.292423 0
    outer loop
      vertex 40.8954 -13.2877 0
      vertex 41.3343 -11.8524 8
      vertex 41.3343 -11.8524 0
    endloop
  endfacet
  facet normal -0.956289 0.292423 0
    outer loop
      vertex 41.3343 -11.8524 8
      vertex 40.8954 -13.2877 0
      vertex 40.8954 -13.2877 8
    endloop
  endfacet
  facet normal 0.956295 -0.292403 0
    outer loop
      vertex 45.508 -14.7865 14
      vertex 45.9964 -13.1892 0
      vertex 45.9964 -13.1892 14
    endloop
  endfacet
  facet normal 0.956295 -0.292403 0
    outer loop
      vertex 45.9964 -13.1892 0
      vertex 45.508 -14.7865 14
      vertex 45.508 -14.7865 0
    endloop
  endfacet
  facet normal -0.668652 0.230239 0.707032
    outer loop
      vertex 43.7961 -14.2302 14
      vertex 43.2255 -14.0448 13.4
      vertex 42.709 -15.5448 13.4
    endloop
  endfacet
  facet normal -0.668645 0.230229 0.707042
    outer loop
      vertex 43.2728 -15.75 14
      vertex 43.7961 -14.2302 14
      vertex 42.709 -15.5448 13.4
    endloop
  endfacet
  facet normal -0.945517 0.325573 0
    outer loop
      vertex 42.709 -15.5448 11.4
      vertex 43.2255 -14.0448 13.4
      vertex 43.2255 -14.0448 11.4
    endloop
  endfacet
  facet normal -0.945517 0.325573 0
    outer loop
      vertex 43.2255 -14.0448 13.4
      vertex 42.709 -15.5448 11.4
      vertex 42.709 -15.5448 13.4
    endloop
  endfacet
  facet normal -0.668651 0.230243 0.707032
    outer loop
      vertex 43.2255 -14.0448 11.4
      vertex 42.9402 -13.9521 11.1
      vertex 42.4271 -15.4422 11.1
    endloop
  endfacet
  facet normal -0.668643 0.230236 0.707042
    outer loop
      vertex 42.709 -15.5448 11.4
      vertex 43.2255 -14.0448 11.4
      vertex 42.4271 -15.4422 11.1
    endloop
  endfacet
  facet normal -0.945515 0.325578 0
    outer loop
      vertex 42.4271 -15.4422 10.7
      vertex 42.9402 -13.9521 11.1
      vertex 42.9402 -13.9521 10.7
    endloop
  endfacet
  facet normal -0.945515 0.325578 0
    outer loop
      vertex 42.9402 -13.9521 11.1
      vertex 42.4271 -15.4422 10.7
      vertex 42.4271 -15.4422 11.1
    endloop
  endfacet
  facet normal -0.668652 0.230239 -0.707032
    outer loop
      vertex 42.9402 -13.9521 10.7
      vertex 43.2255 -14.0448 10.4
      vertex 42.709 -15.5448 10.4
    endloop
  endfacet
  facet normal -0.668641 0.23024 -0.707042
    outer loop
      vertex 42.9402 -13.9521 10.7
      vertex 42.709 -15.5448 10.4
      vertex 42.4271 -15.4422 10.7
    endloop
  endfacet
  facet normal -0.945517 0.325573 0
    outer loop
      vertex 42.709 -15.5448 8
      vertex 43.2255 -14.0448 10.4
      vertex 43.2255 -14.0448 8
    endloop
  endfacet
  facet normal -0.945517 0.325573 0
    outer loop
      vertex 43.2255 -14.0448 10.4
      vertex 42.709 -15.5448 8
      vertex 42.709 -15.5448 10.4
    endloop
  endfacet
  facet normal -0.945533 0.325527 0
    outer loop
      vertex 40.4068 -14.7069 0
      vertex 40.8954 -13.2877 8
      vertex 40.8954 -13.2877 0
    endloop
  endfacet
  facet normal -0.945533 0.325527 0
    outer loop
      vertex 40.8954 -13.2877 8
      vertex 40.4068 -14.7069 0
      vertex 40.4068 -14.7069 8
    endloop
  endfacet
  facet normal 0.94553 -0.325535 0
    outer loop
      vertex 44.9643 -16.3657 14
      vertex 45.508 -14.7865 0
      vertex 45.508 -14.7865 14
    endloop
  endfacet
  facet normal 0.94553 -0.325535 0
    outer loop
      vertex 45.508 -14.7865 0
      vertex 44.9643 -16.3657 14
      vertex 44.9643 -16.3657 0
    endloop
  endfacet
  facet normal -0.660208 0.253412 0.707042
    outer loop
      vertex 43.2728 -15.75 14
      vertex 42.709 -15.5448 13.4
      vertex 42.1405 -17.0259 13.4
    endloop
  endfacet
  facet normal -0.660213 0.253421 0.707034
    outer loop
      vertex 42.6968 -17.2506 14
      vertex 43.2728 -15.75 14
      vertex 42.1405 -17.0259 13.4
    endloop
  endfacet
  facet normal -0.933589 0.358345 0
    outer loop
      vertex 42.1405 -17.0259 11.4
      vertex 42.709 -15.5448 13.4
      vertex 42.709 -15.5448 11.4
    endloop
  endfacet
  facet normal -0.933589 0.358345 0
    outer loop
      vertex 42.709 -15.5448 13.4
      vertex 42.1405 -17.0259 11.4
      vertex 42.1405 -17.0259 13.4
    endloop
  endfacet
  facet normal -0.660199 0.253436 0.707042
    outer loop
      vertex 42.709 -15.5448 11.4
      vertex 42.4271 -15.4422 11.1
      vertex 41.8623 -16.9135 11.1
    endloop
  endfacet
  facet normal -0.660144 0.253387 0.70711
    outer loop
      vertex 42.1405 -17.0259 11.4
      vertex 42.709 -15.5448 11.4
      vertex 41.8623 -16.9135 11.1
    endloop
  endfacet
  facet normal -0.933576 0.358379 0
    outer loop
      vertex 41.8623 -16.9135 10.7
      vertex 42.4271 -15.4422 11.1
      vertex 42.4271 -15.4422 10.7
    endloop
  endfacet
  facet normal -0.933576 0.358379 0
    outer loop
      vertex 42.4271 -15.4422 11.1
      vertex 41.8623 -16.9135 10.7
      vertex 41.8623 -16.9135 11.1
    endloop
  endfacet
  facet normal -0.660208 0.253412 -0.707042
    outer loop
      vertex 42.4271 -15.4422 10.7
      vertex 42.709 -15.5448 10.4
      vertex 42.1405 -17.0259 10.4
    endloop
  endfacet
  facet normal -0.660135 0.253411 -0.70711
    outer loop
      vertex 42.4271 -15.4422 10.7
      vertex 42.1405 -17.0259 10.4
      vertex 41.8623 -16.9135 10.7
    endloop
  endfacet
  facet normal -0.933589 0.358345 0
    outer loop
      vertex 42.1405 -17.0259 8
      vertex 42.709 -15.5448 10.4
      vertex 42.709 -15.5448 8
    endloop
  endfacet
  facet normal -0.933589 0.358345 0
    outer loop
      vertex 42.709 -15.5448 10.4
      vertex 42.1405 -17.0259 8
      vertex 42.1405 -17.0259 10.4
    endloop
  endfacet
  facet normal -0.933574 0.358385 0
    outer loop
      vertex 39.8689 -16.1081 0
      vertex 40.4068 -14.7069 8
      vertex 40.4068 -14.7069 0
    endloop
  endfacet
  facet normal -0.933574 0.358385 0
    outer loop
      vertex 40.4068 -14.7069 8
      vertex 39.8689 -16.1081 0
      vertex 39.8689 -16.1081 8
    endloop
  endfacet
  facet normal 0.933565 -0.358409 0
    outer loop
      vertex 44.3657 -17.9249 14
      vertex 44.9643 -16.3657 0
      vertex 44.9643 -16.3657 14
    endloop
  endfacet
  facet normal 0.933565 -0.358409 0
    outer loop
      vertex 44.9643 -16.3657 0
      vertex 44.3657 -17.9249 14
      vertex 44.3657 -17.9249 0
    endloop
  endfacet
  facet normal -0.650957 0.276333 0.707032
    outer loop
      vertex 42.6968 -17.2506 14
      vertex 42.1405 -17.0259 13.4
      vertex 41.5206 -18.4862 13.4
    endloop
  endfacet
  facet normal -0.650926 0.276278 0.707083
    outer loop
      vertex 42.0688 -18.7302 14
      vertex 42.6968 -17.2506 14
      vertex 41.5206 -18.4862 13.4
    endloop
  endfacet
  facet normal -0.920496 0.390752 0
    outer loop
      vertex 41.5206 -18.4862 11.4
      vertex 42.1405 -17.0259 13.4
      vertex 42.1405 -17.0259 11.4
    endloop
  endfacet
  facet normal -0.920496 0.390752 0
    outer loop
      vertex 42.1405 -17.0259 13.4
      vertex 41.5206 -18.4862 11.4
      vertex 41.5206 -18.4862 13.4
    endloop
  endfacet
  facet normal -0.650906 0.276255 0.70711
    outer loop
      vertex 42.1405 -17.0259 11.4
      vertex 41.8623 -16.9135 11.1
      vertex 41.2466 -18.3642 11.1
    endloop
  endfacet
  facet normal -0.651011 0.276355 0.706974
    outer loop
      vertex 41.5206 -18.4862 11.4
      vertex 42.1405 -17.0259 11.4
      vertex 41.2466 -18.3642 11.1
    endloop
  endfacet
  facet normal -0.920524 0.390685 0
    outer loop
      vertex 41.2466 -18.3642 10.7
      vertex 41.8623 -16.9135 11.1
      vertex 41.8623 -16.9135 10.7
    endloop
  endfacet
  facet normal -0.920524 0.390685 0
    outer loop
      vertex 41.8623 -16.9135 11.1
      vertex 41.2466 -18.3642 10.7
      vertex 41.2466 -18.3642 11.1
    endloop
  endfacet
  facet normal -0.650886 0.276302 -0.70711
    outer loop
      vertex 41.8623 -16.9135 10.7
      vertex 42.1405 -17.0259 10.4
      vertex 41.5206 -18.4862 10.4
    endloop
  endfacet
  facet normal -0.651031 0.276308 -0.706974
    outer loop
      vertex 41.8623 -16.9135 10.7
      vertex 41.5206 -18.4862 10.4
      vertex 41.2466 -18.3642 10.7
    endloop
  endfacet
  facet normal -0.920496 0.390752 0
    outer loop
      vertex 41.5206 -18.4862 8
      vertex 42.1405 -17.0259 10.4
      vertex 42.1405 -17.0259 8
    endloop
  endfacet
  facet normal -0.920496 0.390752 0
    outer loop
      vertex 42.1405 -17.0259 10.4
      vertex 41.5206 -18.4862 8
      vertex 41.5206 -18.4862 10.4
    endloop
  endfacet
  facet normal -0.920518 0.3907 0
    outer loop
      vertex 39.2825 -17.4897 0
      vertex 39.8689 -16.1081 8
      vertex 39.8689 -16.1081 0
    endloop
  endfacet
  facet normal -0.920518 0.3907 0
    outer loop
      vertex 39.8689 -16.1081 8
      vertex 39.2825 -17.4897 0
      vertex 39.2825 -17.4897 8
    endloop
  endfacet
  facet normal 0.920502 -0.390737 0
    outer loop
      vertex 43.7131 -19.4623 14
      vertex 44.3657 -17.9249 0
      vertex 44.3657 -17.9249 14
    endloop
  endfacet
  facet normal 0.920502 -0.390737 0
    outer loop
      vertex 44.3657 -17.9249 0
      vertex 43.7131 -19.4623 14
      vertex 43.7131 -19.4623 0
    endloop
  endfacet
  facet normal -0.640889 0.298826 0.707082
    outer loop
      vertex 42.0688 -18.7302 14
      vertex 41.5206 -18.4862 13.4
      vertex 40.8502 -19.924 13.4
    endloop
  endfacet
  facet normal -0.640902 0.29885 0.70706
    outer loop
      vertex 41.3895 -20.187 14
      vertex 42.0688 -18.7302 14
      vertex 40.8502 -19.924 13.4
    endloop
  endfacet
  facet normal -0.906322 0.422589 0
    outer loop
      vertex 40.8502 -19.924 11.4
      vertex 41.5206 -18.4862 13.4
      vertex 41.5206 -18.4862 11.4
    endloop
  endfacet
  facet normal -0.906322 0.422589 0
    outer loop
      vertex 41.5206 -18.4862 13.4
      vertex 40.8502 -19.924 11.4
      vertex 40.8502 -19.924 13.4
    endloop
  endfacet
  facet normal -0.640964 0.298919 0.706974
    outer loop
      vertex 41.5206 -18.4862 11.4
      vertex 41.2466 -18.3642 11.1
      vertex 40.5805 -19.7925 11.1
    endloop
  endfacet
  facet normal -0.64086 0.298813 0.707113
    outer loop
      vertex 40.8502 -19.924 11.4
      vertex 41.5206 -18.4862 11.4
      vertex 40.5805 -19.7925 11.1
    endloop
  endfacet
  facet normal -0.90629 0.422656 0
    outer loop
      vertex 40.5805 -19.7925 10.7
      vertex 41.2466 -18.3642 11.1
      vertex 41.2466 -18.3642 10.7
    endloop
  endfacet
  facet normal -0.90629 0.422656 0
    outer loop
      vertex 41.2466 -18.3642 11.1
      vertex 40.5805 -19.7925 10.7
      vertex 40.5805 -19.7925 11.1
    endloop
  endfacet
  facet normal -0.640986 0.298871 -0.706975
    outer loop
      vertex 41.2466 -18.3642 10.7
      vertex 41.5206 -18.4862 10.4
      vertex 40.8502 -19.924 10.4
    endloop
  endfacet
  facet normal -0.640838 0.29886 -0.707114
    outer loop
      vertex 41.2466 -18.3642 10.7
      vertex 40.8502 -19.924 10.4
      vertex 40.5805 -19.7925 10.7
    endloop
  endfacet
  facet normal -0.906322 0.422589 0
    outer loop
      vertex 40.8502 -19.924 8
      vertex 41.5206 -18.4862 10.4
      vertex 41.5206 -18.4862 8
    endloop
  endfacet
  facet normal -0.906322 0.422589 0
    outer loop
      vertex 41.5206 -18.4862 10.4
      vertex 40.8502 -19.924 8
      vertex 40.8502 -19.924 10.4
    endloop
  endfacet
  facet normal -0.906287 0.422663 0
    outer loop
      vertex 38.6481 -18.85 0
      vertex 39.2825 -17.4897 8
      vertex 39.2825 -17.4897 0
    endloop
  endfacet
  facet normal -0.906287 0.422663 0
    outer loop
      vertex 39.2825 -17.4897 8
      vertex 38.6481 -18.85 0
      vertex 38.6481 -18.85 8
    endloop
  endfacet
  facet normal 0.90633 -0.422571 0
    outer loop
      vertex 43.0073 -20.9761 14
      vertex 43.7131 -19.4623 0
      vertex 43.7131 -19.4623 14
    endloop
  endfacet
  facet normal 0.90633 -0.422571 0
    outer loop
      vertex 43.7131 -19.4623 0
      vertex 43.0073 -20.9761 14
      vertex 43.0073 -20.9761 0
    endloop
  endfacet
  facet normal -0.630082 0.321036 0.707059
    outer loop
      vertex 41.3895 -20.187 14
      vertex 40.8502 -19.924 13.4
      vertex 40.13 -21.3375 13.4
    endloop
  endfacet
  facet normal -0.630102 0.321079 0.707022
    outer loop
      vertex 40.6597 -21.6192 14
      vertex 41.3895 -20.187 14
      vertex 40.13 -21.3375 13.4
    endloop
  endfacet
  facet normal -0.89101 0.453983 0
    outer loop
      vertex 40.13 -21.3375 11.4
      vertex 40.8502 -19.924 13.4
      vertex 40.8502 -19.924 11.4
    endloop
  endfacet
  facet normal -0.89101 0.453983 0
    outer loop
      vertex 40.8502 -19.924 13.4
      vertex 40.13 -21.3375 11.4
      vertex 40.13 -21.3375 13.4
    endloop
  endfacet
  facet normal -0.630037 0.321009 0.707112
    outer loop
      vertex 40.8502 -19.924 11.4
      vertex 40.5805 -19.7925 11.1
      vertex 39.8651 -21.1966 11.1
    endloop
  endfacet
  facet normal -0.630045 0.321017 0.707101
    outer loop
      vertex 40.13 -21.3375 11.4
      vertex 40.8502 -19.924 11.4
      vertex 39.8651 -21.1966 11.1
    endloop
  endfacet
  facet normal -0.891013 0.453978 0
    outer loop
      vertex 39.8651 -21.1966 10.7
      vertex 40.5805 -19.7925 11.1
      vertex 40.5805 -19.7925 10.7
    endloop
  endfacet
  facet normal -0.891013 0.453978 0
    outer loop
      vertex 40.5805 -19.7925 11.1
      vertex 39.8651 -21.1966 10.7
      vertex 39.8651 -21.1966 11.1
    endloop
  endfacet
  facet normal -0.630035 0.321012 -0.707112
    outer loop
      vertex 40.5805 -19.7925 10.7
      vertex 40.8502 -19.924 10.4
      vertex 40.13 -21.3375 10.4
    endloop
  endfacet
  facet normal -0.630047 0.321014 -0.707101
    outer loop
      vertex 40.5805 -19.7925 10.7
      vertex 40.13 -21.3375 10.4
      vertex 39.8651 -21.1966 10.7
    endloop
  endfacet
  facet normal -0.89101 0.453983 0
    outer loop
      vertex 40.13 -21.3375 8
      vertex 40.8502 -19.924 10.4
      vertex 40.8502 -19.924 8
    endloop
  endfacet
  facet normal -0.89101 0.453983 0
    outer loop
      vertex 40.8502 -19.924 10.4
      vertex 40.13 -21.3375 8
      vertex 40.13 -21.3375 10.4
    endloop
  endfacet
  facet normal -0.891003 0.453997 0
    outer loop
      vertex 37.9667 -20.1873 0
      vertex 38.6481 -18.85 8
      vertex 38.6481 -18.85 0
    endloop
  endfacet
  facet normal -0.891003 0.453997 0
    outer loop
      vertex 38.6481 -18.85 8
      vertex 37.9667 -20.1873 0
      vertex 37.9667 -20.1873 8
    endloop
  endfacet
  facet normal 0.890988 -0.454026 0
    outer loop
      vertex 42.249 -22.4642 14
      vertex 43.0073 -20.9761 0
      vertex 43.0073 -20.9761 14
    endloop
  endfacet
  facet normal 0.890988 -0.454026 0
    outer loop
      vertex 43.0073 -20.9761 0
      vertex 42.249 -22.4642 14
      vertex 42.249 -22.4642 0
    endloop
  endfacet
  facet normal -0.618524 0.342852 0.707022
    outer loop
      vertex 40.6597 -21.6192 14
      vertex 40.13 -21.3375 13.4
      vertex 39.3609 -22.725 13.4
    endloop
  endfacet
  facet normal -0.618513 0.342826 0.707045
    outer loop
      vertex 39.8805 -23.025 14
      vertex 40.6597 -21.6192 14
      vertex 39.3609 -22.725 13.4
    endloop
  endfacet
  facet normal -0.874621 0.484808 0
    outer loop
      vertex 39.3609 -22.725 11.4
      vertex 40.13 -21.3375 13.4
      vertex 40.13 -21.3375 11.4
    endloop
  endfacet
  facet normal -0.874621 0.484808 0
    outer loop
      vertex 40.13 -21.3375 13.4
      vertex 39.3609 -22.725 11.4
      vertex 39.3609 -22.725 13.4
    endloop
  endfacet
  facet normal -0.618446 0.342828 0.707102
    outer loop
      vertex 40.13 -21.3375 11.4
      vertex 39.8651 -21.1966 11.1
      vertex 39.101 -22.575 11.1
    endloop
  endfacet
  facet normal -0.618414 0.342791 0.707148
    outer loop
      vertex 39.3609 -22.725 11.4
      vertex 40.13 -21.3375 11.4
      vertex 39.101 -22.575 11.1
    endloop
  endfacet
  facet normal -0.874609 0.484829 0
    outer loop
      vertex 39.101 -22.575 10.7
      vertex 39.8651 -21.1966 11.1
      vertex 39.8651 -21.1966 10.7
    endloop
  endfacet
  facet normal -0.874609 0.484829 0
    outer loop
      vertex 39.8651 -21.1966 11.1
      vertex 39.101 -22.575 10.7
      vertex 39.101 -22.575 11.1
    endloop
  endfacet
  facet normal -0.618454 0.342813 -0.707103
    outer loop
      vertex 39.8651 -21.1966 10.7
      vertex 40.13 -21.3375 10.4
      vertex 39.3609 -22.725 10.4
    endloop
  endfacet
  facet normal -0.618406 0.342806 -0.707148
    outer loop
      vertex 39.8651 -21.1966 10.7
      vertex 39.3609 -22.725 10.4
      vertex 39.101 -22.575 10.7
    endloop
  endfacet
  facet normal -0.874621 0.484808 0
    outer loop
      vertex 39.3609 -22.725 8
      vertex 40.13 -21.3375 10.4
      vertex 40.13 -21.3375 8
    endloop
  endfacet
  facet normal -0.874621 0.484808 0
    outer loop
      vertex 40.13 -21.3375 10.4
      vertex 39.3609 -22.725 8
      vertex 39.3609 -22.725 10.4
    endloop
  endfacet
  facet normal -0.874631 0.484788 0
    outer loop
      vertex 37.2391 -21.5 0
      vertex 37.9667 -20.1873 8
      vertex 37.9667 -20.1873 0
    endloop
  endfacet
  facet normal -0.874631 0.484788 0
    outer loop
      vertex 37.9667 -20.1873 8
      vertex 37.2391 -21.5 0
      vertex 37.2391 -21.5 8
    endloop
  endfacet
  facet normal 0.874629 -0.484794 0
    outer loop
      vertex 41.4393 -23.925 14
      vertex 42.249 -22.4642 0
      vertex 42.249 -22.4642 14
    endloop
  endfacet
  facet normal 0.874629 -0.484794 0
    outer loop
      vertex 42.249 -22.4642 0
      vertex 41.4393 -23.925 14
      vertex 41.4393 -23.925 0
    endloop
  endfacet
  facet normal -0.606152 0.364235 0.707045
    outer loop
      vertex 39.8805 -23.025 14
      vertex 39.3609 -22.725 13.4
      vertex 38.5438 -24.0848 13.4
    endloop
  endfacet
  facet normal -0.606148 0.364226 0.707053
    outer loop
      vertex 39.0526 -24.4028 14
      vertex 39.8805 -23.025 14
      vertex 38.5438 -24.0848 13.4
    endloop
  endfacet
  facet normal -0.857153 0.515061 0
    outer loop
      vertex 38.5438 -24.0848 11.4
      vertex 39.3609 -22.725 13.4
      vertex 39.3609 -22.725 11.4
    endloop
  endfacet
  facet normal -0.857153 0.515061 0
    outer loop
      vertex 39.3609 -22.725 13.4
      vertex 38.5438 -24.0848 11.4
      vertex 38.5438 -24.0848 13.4
    endloop
  endfacet
  facet normal -0.606083 0.364152 0.707146
    outer loop
      vertex 39.3609 -22.725 11.4
      vertex 39.101 -22.575 11.1
      vertex 38.2894 -23.9258 11.1
    endloop
  endfacet
  facet normal -0.606145 0.364231 0.707053
    outer loop
      vertex 38.5438 -24.0848 11.4
      vertex 39.3609 -22.725 11.4
      vertex 38.2894 -23.9258 11.1
    endloop
  endfacet
  facet normal -0.857179 0.515018 0
    outer loop
      vertex 38.2894 -23.9258 10.7
      vertex 39.101 -22.575 11.1
      vertex 39.101 -22.575 10.7
    endloop
  endfacet
  facet normal -0.857179 0.515018 0
    outer loop
      vertex 39.101 -22.575 11.1
      vertex 38.2894 -23.9258 10.7
      vertex 38.2894 -23.9258 11.1
    endloop
  endfacet
  facet normal -0.606065 0.364183 -0.707146
    outer loop
      vertex 39.101 -22.575 10.7
      vertex 39.3609 -22.725 10.4
      vertex 38.5438 -24.0848 10.4
    endloop
  endfacet
  facet normal -0.606163 0.364201 -0.707053
    outer loop
      vertex 39.101 -22.575 10.7
      vertex 38.5438 -24.0848 10.4
      vertex 38.2894 -23.9258 10.7
    endloop
  endfacet
  facet normal -0.857153 0.515061 0
    outer loop
      vertex 38.5438 -24.0848 8
      vertex 39.3609 -22.725 10.4
      vertex 39.3609 -22.725 8
    endloop
  endfacet
  facet normal -0.857153 0.515061 0
    outer loop
      vertex 39.3609 -22.725 10.4
      vertex 38.5438 -24.0848 8
      vertex 38.5438 -24.0848 10.4
    endloop
  endfacet
  facet normal -0.857169 0.515035 0
    outer loop
      vertex 36.4661 -22.7865 0
      vertex 37.2391 -21.5 8
      vertex 37.2391 -21.5 0
    endloop
  endfacet
  facet normal -0.857169 0.515035 0
    outer loop
      vertex 37.2391 -21.5 8
      vertex 36.4661 -22.7865 0
      vertex 36.4661 -22.7865 8
    endloop
  endfacet
  facet normal 0.857165 -0.515042 0
    outer loop
      vertex 40.5791 -25.3566 14
      vertex 41.4393 -23.925 0
      vertex 41.4393 -23.925 14
    endloop
  endfacet
  facet normal 0.857165 -0.515042 0
    outer loop
      vertex 41.4393 -23.925 0
      vertex 40.5791 -25.3566 14
      vertex 40.5791 -25.3566 0
    endloop
  endfacet
  facet normal -0.593081 0.385135 0.707054
    outer loop
      vertex 39.0526 -24.4028 14
      vertex 38.5438 -24.0848 13.4
      vertex 37.6798 -25.4153 13.4
    endloop
  endfacet
  facet normal -0.593089 0.385156 0.707037
    outer loop
      vertex 38.1772 -25.7508 14
      vertex 39.0526 -24.4028 14
      vertex 37.6798 -25.4153 13.4
    endloop
  endfacet
  facet normal -0.838681 0.544623 0
    outer loop
      vertex 37.6798 -25.4153 11.4
      vertex 38.5438 -24.0848 13.4
      vertex 38.5438 -24.0848 11.4
    endloop
  endfacet
  facet normal -0.838681 0.544623 0
    outer loop
      vertex 38.5438 -24.0848 13.4
      vertex 37.6798 -25.4153 11.4
      vertex 37.6798 -25.4153 13.4
    endloop
  endfacet
  facet normal -0.593071 0.385151 0.707054
    outer loop
      vertex 38.5438 -24.0848 11.4
      vertex 38.2894 -23.9258 11.1
      vertex 37.431 -25.2476 11.1
    endloop
  endfacet
  facet normal -0.59304 0.385108 0.707103
    outer loop
      vertex 37.6798 -25.4153 11.4
      vertex 38.5438 -24.0848 11.4
      vertex 37.431 -25.2476 11.1
    endloop
  endfacet
  facet normal -0.838667 0.544645 0
    outer loop
      vertex 37.431 -25.2476 10.7
      vertex 38.2894 -23.9258 11.1
      vertex 38.2894 -23.9258 10.7
    endloop
  endfacet
  facet normal -0.838667 0.544645 0
    outer loop
      vertex 38.2894 -23.9258 11.1
      vertex 37.431 -25.2476 10.7
      vertex 37.431 -25.2476 11.1
    endloop
  endfacet
  facet normal -0.593081 0.385135 -0.707054
    outer loop
      vertex 38.2894 -23.9258 10.7
      vertex 38.5438 -24.0848 10.4
      vertex 37.6798 -25.4153 10.4
    endloop
  endfacet
  facet normal -0.59303 0.385124 -0.707104
    outer loop
      vertex 38.2894 -23.9258 10.7
      vertex 37.6798 -25.4153 10.4
      vertex 37.431 -25.2476 10.7
    endloop
  endfacet
  facet normal -0.838681 0.544623 0
    outer loop
      vertex 37.6798 -25.4153 8
      vertex 38.5438 -24.0848 10.4
      vertex 38.5438 -24.0848 8
    endloop
  endfacet
  facet normal -0.838681 0.544623 0
    outer loop
      vertex 38.5438 -24.0848 10.4
      vertex 37.6798 -25.4153 8
      vertex 37.6798 -25.4153 10.4
    endloop
  endfacet
  facet normal -0.838663 0.544651 0
    outer loop
      vertex 35.6486 -24.0453 0
      vertex 36.4661 -22.7865 8
      vertex 36.4661 -22.7865 0
    endloop
  endfacet
  facet normal -0.838663 0.544651 0
    outer loop
      vertex 36.4661 -22.7865 8
      vertex 35.6486 -24.0453 0
      vertex 35.6486 -24.0453 8
    endloop
  endfacet
  facet normal 0.838668 -0.544643 0
    outer loop
      vertex 39.6694 -26.7574 14
      vertex 40.5791 -25.3566 0
      vertex 40.5791 -25.3566 14
    endloop
  endfacet
  facet normal 0.838668 -0.544643 0
    outer loop
      vertex 40.5791 -25.3566 0
      vertex 39.6694 -26.7574 14
      vertex 39.6694 -26.7574 0
    endloop
  endfacet
  facet normal -0.579269 0.405644 0.707036
    outer loop
      vertex 38.1772 -25.7508 14
      vertex 37.6798 -25.4153 13.4
      vertex 36.7698 -26.7148 13.4
    endloop
  endfacet
  facet normal -0.57926 0.405619 0.707058
    outer loop
      vertex 37.2552 -27.0675 14
      vertex 38.1772 -25.7508 14
      vertex 36.7698 -26.7148 13.4
    endloop
  endfacet
  facet normal -0.819128 0.57361 0
    outer loop
      vertex 36.7698 -26.7148 11.4
      vertex 37.6798 -25.4153 13.4
      vertex 37.6798 -25.4153 11.4
    endloop
  endfacet
  facet normal -0.819128 0.57361 0
    outer loop
      vertex 37.6798 -25.4153 13.4
      vertex 36.7698 -26.7148 11.4
      vertex 36.7698 -26.7148 13.4
    endloop
  endfacet
  facet normal -0.579234 0.405585 0.707099
    outer loop
      vertex 37.6798 -25.4153 11.4
      vertex 37.431 -25.2476 11.1
      vertex 36.5271 -26.5385 11.1
    endloop
  endfacet
  facet normal -0.579279 0.405651 0.707024
    outer loop
      vertex 36.7698 -26.7148 11.4
      vertex 37.6798 -25.4153 11.4
      vertex 36.5271 -26.5385 11.1
    endloop
  endfacet
  facet normal -0.819151 0.573577 0
    outer loop
      vertex 36.5271 -26.5385 10.7
      vertex 37.431 -25.2476 11.1
      vertex 37.431 -25.2476 10.7
    endloop
  endfacet
  facet normal -0.819151 0.573577 0
    outer loop
      vertex 37.431 -25.2476 11.1
      vertex 36.5271 -26.5385 10.7
      vertex 36.5271 -26.5385 11.1
    endloop
  endfacet
  facet normal -0.579217 0.405608 -0.707099
    outer loop
      vertex 37.431 -25.2476 10.7
      vertex 37.6798 -25.4153 10.4
      vertex 36.7698 -26.7148 10.4
    endloop
  endfacet
  facet normal -0.579295 0.405628 -0.707024
    outer loop
      vertex 37.431 -25.2476 10.7
      vertex 36.7698 -26.7148 10.4
      vertex 36.5271 -26.5385 10.7
    endloop
  endfacet
  facet normal -0.819128 0.57361 0
    outer loop
      vertex 36.7698 -26.7148 8
      vertex 37.6798 -25.4153 10.4
      vertex 37.6798 -25.4153 8
    endloop
  endfacet
  facet normal -0.819128 0.57361 0
    outer loop
      vertex 37.6798 -25.4153 10.4
      vertex 36.7698 -26.7148 8
      vertex 36.7698 -26.7148 10.4
    endloop
  endfacet
  facet normal -0.819154 0.573574 0
    outer loop
      vertex 34.7877 -25.2748 0
      vertex 35.6486 -24.0453 8
      vertex 35.6486 -24.0453 0
    endloop
  endfacet
  facet normal -0.819154 0.573574 0
    outer loop
      vertex 35.6486 -24.0453 8
      vertex 34.7877 -25.2748 0
      vertex 34.7877 -25.2748 8
    endloop
  endfacet
  facet normal 0.819167 -0.573555 0
    outer loop
      vertex 38.7115 -28.1255 14
      vertex 39.6694 -26.7574 0
      vertex 39.6694 -26.7574 14
    endloop
  endfacet
  facet normal 0.819167 -0.573555 0
    outer loop
      vertex 39.6694 -26.7574 0
      vertex 38.7115 -28.1255 14
      vertex 38.7115 -28.1255 0
    endloop
  endfacet
  facet normal -0.56477 0.425561 0.707059
    outer loop
      vertex 37.2552 -27.0675 14
      vertex 36.7698 -26.7148 13.4
      vertex 35.8151 -27.9818 13.4
    endloop
  endfacet
  facet normal -0.564773 0.425571 0.707051
    outer loop
      vertex 36.2879 -28.3512 14
      vertex 37.2552 -27.0675 14
      vertex 35.8151 -27.9818 13.4
    endloop
  endfacet
  facet normal -0.798652 0.601794 0
    outer loop
      vertex 35.8151 -27.9818 11.4
      vertex 36.7698 -26.7148 13.4
      vertex 36.7698 -26.7148 11.4
    endloop
  endfacet
  facet normal -0.798652 0.601794 0
    outer loop
      vertex 36.7698 -26.7148 13.4
      vertex 35.8151 -27.9818 11.4
      vertex 35.8151 -27.9818 13.4
    endloop
  endfacet
  facet normal -0.564793 0.425591 0.707023
    outer loop
      vertex 36.7698 -26.7148 11.4
      vertex 36.5271 -26.5385 11.1
      vertex 35.5787 -27.7971 11.1
    endloop
  endfacet
  facet normal -0.564777 0.425566 0.707051
    outer loop
      vertex 35.8151 -27.9818 11.4
      vertex 36.7698 -26.7148 11.4
      vertex 35.5787 -27.7971 11.1
    endloop
  endfacet
  facet normal -0.798643 0.601806 0
    outer loop
      vertex 35.5787 -27.7971 10.7
      vertex 36.5271 -26.5385 11.1
      vertex 36.5271 -26.5385 10.7
    endloop
  endfacet
  facet normal -0.798643 0.601806 0
    outer loop
      vertex 36.5271 -26.5385 11.1
      vertex 35.5787 -27.7971 10.7
      vertex 35.5787 -27.7971 11.1
    endloop
  endfacet
  facet normal -0.564799 0.425583 -0.707023
    outer loop
      vertex 36.5271 -26.5385 10.7
      vertex 36.7698 -26.7148 10.4
      vertex 35.8151 -27.9818 10.4
    endloop
  endfacet
  facet normal -0.56477 0.425574 -0.707051
    outer loop
      vertex 36.5271 -26.5385 10.7
      vertex 35.8151 -27.9818 10.4
      vertex 35.5787 -27.7971 10.7
    endloop
  endfacet
  facet normal -0.798652 0.601794 0
    outer loop
      vertex 35.8151 -27.9818 8
      vertex 36.7698 -26.7148 10.4
      vertex 36.7698 -26.7148 8
    endloop
  endfacet
  facet normal -0.798652 0.601794 0
    outer loop
      vertex 36.7698 -26.7148 10.4
      vertex 35.8151 -27.9818 8
      vertex 35.8151 -27.9818 10.4
    endloop
  endfacet
  facet normal -0.798639 0.601811 0
    outer loop
      vertex 33.8845 -26.4734 0
      vertex 34.7877 -25.2748 8
      vertex 34.7877 -25.2748 0
    endloop
  endfacet
  facet normal -0.798639 0.601811 0
    outer loop
      vertex 34.7877 -25.2748 8
      vertex 33.8845 -26.4734 0
      vertex 33.8845 -26.4734 8
    endloop
  endfacet
  facet normal 0.798626 -0.601828 0
    outer loop
      vertex 37.7063 -29.4594 14
      vertex 38.7115 -28.1255 0
      vertex 38.7115 -28.1255 14
    endloop
  endfacet
  facet normal 0.798626 -0.601828 0
    outer loop
      vertex 38.7115 -28.1255 0
      vertex 37.7063 -29.4594 14
      vertex 37.7063 -29.4594 0
    endloop
  endfacet
  facet normal -0.549565 0.445036 0.707051
    outer loop
      vertex 36.2879 -28.3512 14
      vertex 35.8151 -27.9818 13.4
      vertex 34.8167 -29.2147 13.4
    endloop
  endfacet
  facet normal -0.549565 0.445037 0.707051
    outer loop
      vertex 35.2763 -29.6004 14
      vertex 36.2879 -28.3512 14
      vertex 34.8167 -29.2147 13.4
    endloop
  endfacet
  facet normal -0.777141 0.629327 0
    outer loop
      vertex 34.8167 -29.2147 11.4
      vertex 35.8151 -27.9818 13.4
      vertex 35.8151 -27.9818 11.4
    endloop
  endfacet
  facet normal -0.777141 0.629327 0
    outer loop
      vertex 35.8151 -27.9818 13.4
      vertex 34.8167 -29.2147 11.4
      vertex 34.8167 -29.2147 13.4
    endloop
  endfacet
  facet normal -0.549574 0.445025 0.707051
    outer loop
      vertex 35.8151 -27.9818 11.4
      vertex 35.5787 -27.7971 11.1
      vertex 34.5869 -29.0219 11.1
    endloop
  endfacet
  facet normal -0.549594 0.44506 0.707014
    outer loop
      vertex 34.8167 -29.2147 11.4
      vertex 35.8151 -27.9818 11.4
      vertex 34.5869 -29.0219 11.1
    endloop
  endfacet
  facet normal -0.777153 0.629311 0
    outer loop
      vertex 34.5869 -29.0219 10.7
      vertex 35.5787 -27.7971 11.1
      vertex 35.5787 -27.7971 10.7
    endloop
  endfacet
  facet normal -0.777153 0.629311 0
    outer loop
      vertex 35.5787 -27.7971 11.1
      vertex 34.5869 -29.0219 10.7
      vertex 34.5869 -29.0219 11.1
    endloop
  endfacet
  facet normal -0.549565 0.445036 -0.707051
    outer loop
      vertex 35.5787 -27.7971 10.7
      vertex 35.8151 -27.9818 10.4
      vertex 34.8167 -29.2147 10.4
    endloop
  endfacet
  facet normal -0.549603 0.445049 -0.707014
    outer loop
      vertex 35.5787 -27.7971 10.7
      vertex 34.8167 -29.2147 10.4
      vertex 34.5869 -29.0219 10.7
    endloop
  endfacet
  facet normal -0.777141 0.629327 0
    outer loop
      vertex 34.8167 -29.2147 8
      vertex 35.8151 -27.9818 10.4
      vertex 35.8151 -27.9818 8
    endloop
  endfacet
  facet normal -0.777141 0.629327 0
    outer loop
      vertex 35.8151 -27.9818 10.4
      vertex 34.8167 -29.2147 8
      vertex 34.8167 -29.2147 10.4
    endloop
  endfacet
  facet normal -0.77715 0.629315 0
    outer loop
      vertex 32.9399 -27.6399 0
      vertex 33.8845 -26.4734 8
      vertex 33.8845 -26.4734 0
    endloop
  endfacet
  facet normal -0.77715 0.629315 0
    outer loop
      vertex 33.8845 -26.4734 8
      vertex 32.9399 -27.6399 0
      vertex 32.9399 -27.6399 8
    endloop
  endfacet
  facet normal 0.777146 -0.629321 0
    outer loop
      vertex 36.6552 -30.7574 14
      vertex 37.7063 -29.4594 0
      vertex 37.7063 -29.4594 14
    endloop
  endfacet
  facet normal 0.777146 -0.629321 0
    outer loop
      vertex 37.7063 -29.4594 0
      vertex 36.6552 -30.7574 14
      vertex 36.6552 -30.7574 0
    endloop
  endfacet
  facet normal -0.533701 0.463941 0.707052
    outer loop
      vertex 35.2763 -29.6004 14
      vertex 34.8167 -29.2147 13.4
      vertex 33.7759 -30.412 13.4
    endloop
  endfacet
  facet normal -0.533697 0.463922 0.707067
    outer loop
      vertex 34.2218 -30.8135 14
      vertex 35.2763 -29.6004 14
      vertex 33.7759 -30.412 13.4
    endloop
  endfacet
  facet normal -0.754709 0.65606 0
    outer loop
      vertex 33.7759 -30.412 11.4
      vertex 34.8167 -29.2147 13.4
      vertex 34.8167 -29.2147 11.4
    endloop
  endfacet
  facet normal -0.754709 0.65606 0
    outer loop
      vertex 34.8167 -29.2147 13.4
      vertex 33.7759 -30.412 11.4
      vertex 33.7759 -30.412 13.4
    endloop
  endfacet
  facet normal -0.533718 0.46398 0.707013
    outer loop
      vertex 34.8167 -29.2147 11.4
      vertex 34.5869 -29.0219 11.1
      vertex 33.553 -30.2112 11.1
    endloop
  endfacet
  facet normal -0.533694 0.463934 0.707061
    outer loop
      vertex 33.7759 -30.412 11.4
      vertex 34.8167 -29.2147 11.4
      vertex 33.553 -30.2112 11.1
    endloop
  endfacet
  facet normal -0.754692 0.65608 0
    outer loop
      vertex 33.553 -30.2112 10.7
      vertex 34.5869 -29.0219 11.1
      vertex 34.5869 -29.0219 10.7
    endloop
  endfacet
  facet normal -0.754692 0.65608 0
    outer loop
      vertex 34.5869 -29.0219 11.1
      vertex 33.553 -30.2112 10.7
      vertex 33.553 -30.2112 11.1
    endloop
  endfacet
  facet normal -0.53373 0.463966 -0.707013
    outer loop
      vertex 34.5869 -29.0219 10.7
      vertex 34.8167 -29.2147 10.4
      vertex 33.7759 -30.412 10.4
    endloop
  endfacet
  facet normal -0.533682 0.463948 -0.707061
    outer loop
      vertex 34.5869 -29.0219 10.7
      vertex 33.7759 -30.412 10.4
      vertex 33.553 -30.2112 10.7
    endloop
  endfacet
  facet normal -0.754709 0.65606 0
    outer loop
      vertex 33.7759 -30.412 8
      vertex 34.8167 -29.2147 10.4
      vertex 34.8167 -29.2147 8
    endloop
  endfacet
  facet normal -0.754709 0.65606 0
    outer loop
      vertex 34.8167 -29.2147 10.4
      vertex 33.7759 -30.412 8
      vertex 33.7759 -30.412 10.4
    endloop
  endfacet
  facet normal -0.75469 0.656081 0
    outer loop
      vertex 31.9552 -28.7726 0
      vertex 32.9399 -27.6399 8
      vertex 32.9399 -27.6399 0
    endloop
  endfacet
  facet normal -0.75469 0.656081 0
    outer loop
      vertex 32.9399 -27.6399 8
      vertex 31.9552 -28.7726 0
      vertex 31.9552 -28.7726 8
    endloop
  endfacet
  facet normal 0.75472 -0.656047 0
    outer loop
      vertex 35.5595 -32.0179 14
      vertex 36.6552 -30.7574 0
      vertex 36.6552 -30.7574 14
    endloop
  endfacet
  facet normal 0.75472 -0.656047 0
    outer loop
      vertex 36.6552 -30.7574 0
      vertex 35.5595 -32.0179 14
      vertex 35.5595 -32.0179 0
    endloop
  endfacet
  facet normal -0.517175 0.482272 0.707067
    outer loop
      vertex 34.2218 -30.8135 14
      vertex 33.7759 -30.412 13.4
      vertex 32.694 -31.5722 13.4
    endloop
  endfacet
  facet normal -0.517178 0.482289 0.707053
    outer loop
      vertex 33.1256 -31.989 14
      vertex 34.2218 -30.8135 14
      vertex 32.694 -31.5722 13.4
    endloop
  endfacet
  facet normal -0.731355 0.681997 0
    outer loop
      vertex 32.694 -31.5722 11.4
      vertex 33.7759 -30.412 13.4
      vertex 33.7759 -30.412 11.4
    endloop
  endfacet
  facet normal -0.731355 0.681997 0
    outer loop
      vertex 33.7759 -30.412 13.4
      vertex 32.694 -31.5722 11.4
      vertex 32.694 -31.5722 13.4
    endloop
  endfacet
  facet normal -0.51718 0.482271 0.707064
    outer loop
      vertex 33.7759 -30.412 11.4
      vertex 33.553 -30.2112 11.1
      vertex 32.4782 -31.3638 11.1
    endloop
  endfacet
  facet normal -0.517185 0.482281 0.707053
    outer loop
      vertex 32.694 -31.5722 11.4
      vertex 33.7759 -30.412 11.4
      vertex 32.4782 -31.3638 11.1
    endloop
  endfacet
  facet normal -0.731359 0.681993 0
    outer loop
      vertex 32.4782 -31.3638 10.7
      vertex 33.553 -30.2112 11.1
      vertex 33.553 -30.2112 10.7
    endloop
  endfacet
  facet normal -0.731359 0.681993 0
    outer loop
      vertex 33.553 -30.2112 11.1
      vertex 32.4782 -31.3638 10.7
      vertex 32.4782 -31.3638 11.1
    endloop
  endfacet
  facet normal -0.517177 0.482274 -0.707064
    outer loop
      vertex 33.553 -30.2112 10.7
      vertex 33.7759 -30.412 10.4
      vertex 32.694 -31.5722 10.4
    endloop
  endfacet
  facet normal -0.517188 0.482278 -0.707053
    outer loop
      vertex 33.553 -30.2112 10.7
      vertex 32.694 -31.5722 10.4
      vertex 32.4782 -31.3638 10.7
    endloop
  endfacet
  facet normal -0.731355 0.681997 0
    outer loop
      vertex 32.694 -31.5722 8
      vertex 33.7759 -30.412 10.4
      vertex 33.7759 -30.412 8
    endloop
  endfacet
  facet normal -0.731355 0.681997 0
    outer loop
      vertex 33.7759 -30.412 10.4
      vertex 32.694 -31.5722 8
      vertex 32.694 -31.5722 10.4
    endloop
  endfacet
  facet normal -0.731361 0.681991 0
    outer loop
      vertex 30.9316 -29.8703 0
      vertex 31.9552 -28.7726 8
      vertex 31.9552 -28.7726 0
    endloop
  endfacet
  facet normal -0.731361 0.681991 0
    outer loop
      vertex 31.9552 -28.7726 8
      vertex 30.9316 -29.8703 0
      vertex 30.9316 -29.8703 8
    endloop
  endfacet
  facet normal 0.731344 -0.682009 0
    outer loop
      vertex 34.4204 -33.2394 14
      vertex 35.5595 -32.0179 0
      vertex 35.5595 -32.0179 14
    endloop
  endfacet
  facet normal 0.731344 -0.682009 0
    outer loop
      vertex 35.5595 -32.0179 0
      vertex 34.4204 -33.2394 14
      vertex 34.4204 -33.2394 0
    endloop
  endfacet
  facet normal -0.500038 0.500038 0.707053
    outer loop
      vertex 32.694 -31.5722 13.4
      vertex 31.989 -33.1256 14
      vertex 33.1256 -31.989 14
    endloop
  endfacet
  facet normal -0.500038 0.500038 0.707053
    outer loop
      vertex 31.989 -33.1256 14
      vertex 32.694 -31.5722 13.4
      vertex 31.5722 -32.694 13.4
    endloop
  endfacet
  facet normal -0.707107 0.707107 0
    outer loop
      vertex 31.5722 -32.694 11.4
      vertex 32.694 -31.5722 13.4
      vertex 32.694 -31.5722 11.4
    endloop
  endfacet
  facet normal -0.707107 0.707107 0
    outer loop
      vertex 32.694 -31.5722 13.4
      vertex 31.5722 -32.694 11.4
      vertex 31.5722 -32.694 13.4
    endloop
  endfacet
  facet normal -0.500038 0.500038 0.707053
    outer loop
      vertex 32.4782 -31.3638 11.1
      vertex 31.5722 -32.694 11.4
      vertex 32.694 -31.5722 11.4
    endloop
  endfacet
  facet normal -0.500038 0.500038 0.707053
    outer loop
      vertex 31.5722 -32.694 11.4
      vertex 32.4782 -31.3638 11.1
      vertex 31.3638 -32.4782 11.1
    endloop
  endfacet
  facet normal -0.707107 0.707107 0
    outer loop
      vertex 31.3638 -32.4782 10.7
      vertex 32.4782 -31.3638 11.1
      vertex 32.4782 -31.3638 10.7
    endloop
  endfacet
  facet normal -0.707107 0.707107 0
    outer loop
      vertex 32.4782 -31.3638 11.1
      vertex 31.3638 -32.4782 10.7
      vertex 31.3638 -32.4782 11.1
    endloop
  endfacet
  facet normal -0.500038 0.500038 -0.707053
    outer loop
      vertex 31.5722 -32.694 10.4
      vertex 32.4782 -31.3638 10.7
      vertex 32.694 -31.5722 10.4
    endloop
  endfacet
  facet normal -0.500038 0.500038 -0.707053
    outer loop
      vertex 32.4782 -31.3638 10.7
      vertex 31.5722 -32.694 10.4
      vertex 31.3638 -32.4782 10.7
    endloop
  endfacet
  facet normal -0.707107 0.707107 0
    outer loop
      vertex 31.5722 -32.694 8
      vertex 32.694 -31.5722 10.4
      vertex 32.694 -31.5722 8
    endloop
  endfacet
  facet normal -0.707107 0.707107 0
    outer loop
      vertex 32.694 -31.5722 10.4
      vertex 31.5722 -32.694 8
      vertex 31.5722 -32.694 10.4
    endloop
  endfacet
  facet normal -0.707107 0.707107 0
    outer loop
      vertex 29.8703 -30.9316 0
      vertex 30.9316 -29.8703 8
      vertex 30.9316 -29.8703 0
    endloop
  endfacet
  facet normal -0.707107 0.707107 0
    outer loop
      vertex 30.9316 -29.8703 8
      vertex 29.8703 -30.9316 0
      vertex 29.8703 -30.9316 8
    endloop
  endfacet
  facet normal 0.707107 -0.707107 0
    outer loop
      vertex 33.2394 -34.4204 14
      vertex 34.4204 -33.2394 0
      vertex 34.4204 -33.2394 14
    endloop
  endfacet
  facet normal 0.707107 -0.707107 0
    outer loop
      vertex 34.4204 -33.2394 0
      vertex 33.2394 -34.4204 14
      vertex 33.2394 -34.4204 0
    endloop
  endfacet
  facet normal -0.482281 0.517185 0.707053
    outer loop
      vertex 31.989 -33.1256 14
      vertex 31.5722 -32.694 13.4
      vertex 30.412 -33.7759 13.4
    endloop
  endfacet
  facet normal -0.482279 0.517168 0.707067
    outer loop
      vertex 30.8135 -34.2218 14
      vertex 31.989 -33.1256 14
      vertex 30.412 -33.7759 13.4
    endloop
  endfacet
  facet normal -0.681997 0.731355 0
    outer loop
      vertex 31.5722 -32.694 11.4
      vertex 30.412 -33.7759 13.4
      vertex 31.5722 -32.694 13.4
    endloop
  endfacet
  facet normal -0.681997 0.731355 0
    outer loop
      vertex 30.412 -33.7759 13.4
      vertex 31.5722 -32.694 11.4
      vertex 30.412 -33.7759 11.4
    endloop
  endfacet
  facet normal -0.482278 0.517188 0.707053
    outer loop
      vertex 31.5722 -32.694 11.4
      vertex 31.3638 -32.4782 11.1
      vertex 30.2112 -33.553 11.1
    endloop
  endfacet
  facet normal -0.482274 0.517177 0.707064
    outer loop
      vertex 30.412 -33.7759 11.4
      vertex 31.5722 -32.694 11.4
      vertex 30.2112 -33.553 11.1
    endloop
  endfacet
  facet normal -0.681993 0.731359 0
    outer loop
      vertex 31.3638 -32.4782 10.7
      vertex 30.2112 -33.553 11.1
      vertex 31.3638 -32.4782 11.1
    endloop
  endfacet
  facet normal -0.681993 0.731359 0
    outer loop
      vertex 30.2112 -33.553 11.1
      vertex 31.3638 -32.4782 10.7
      vertex 30.2112 -33.553 10.7
    endloop
  endfacet
  facet normal -0.482281 0.517185 -0.707053
    outer loop
      vertex 31.3638 -32.4782 10.7
      vertex 31.5722 -32.694 10.4
      vertex 30.412 -33.7759 10.4
    endloop
  endfacet
  facet normal -0.482271 0.51718 -0.707064
    outer loop
      vertex 31.3638 -32.4782 10.7
      vertex 30.412 -33.7759 10.4
      vertex 30.2112 -33.553 10.7
    endloop
  endfacet
  facet normal -0.681997 0.731355 0
    outer loop
      vertex 31.5722 -32.694 8
      vertex 30.412 -33.7759 10.4
      vertex 31.5722 -32.694 10.4
    endloop
  endfacet
  facet normal -0.681997 0.731355 0
    outer loop
      vertex 30.412 -33.7759 10.4
      vertex 31.5722 -32.694 8
      vertex 30.412 -33.7759 8
    endloop
  endfacet
  facet normal -0.681991 0.731361 0
    outer loop
      vertex 29.8703 -30.9316 0
      vertex 28.7726 -31.9552 8
      vertex 29.8703 -30.9316 8
    endloop
  endfacet
  facet normal -0.681991 0.731361 0
    outer loop
      vertex 28.7726 -31.9552 8
      vertex 29.8703 -30.9316 0
      vertex 28.7726 -31.9552 0
    endloop
  endfacet
  facet normal 0.682009 -0.731344 0
    outer loop
      vertex 32.0179 -35.5595 0
      vertex 33.2394 -34.4204 14
      vertex 32.0179 -35.5595 14
    endloop
  endfacet
  facet normal 0.682009 -0.731344 0
    outer loop
      vertex 33.2394 -34.4204 14
      vertex 32.0179 -35.5595 0
      vertex 33.2394 -34.4204 0
    endloop
  endfacet
  facet normal -0.463931 0.53369 0.707067
    outer loop
      vertex 30.8135 -34.2218 14
      vertex 30.412 -33.7759 13.4
      vertex 29.2147 -34.8167 13.4
    endloop
  endfacet
  facet normal -0.463932 0.533709 0.707052
    outer loop
      vertex 29.6004 -35.2763 14
      vertex 30.8135 -34.2218 14
      vertex 29.2147 -34.8167 13.4
    endloop
  endfacet
  facet normal -0.65606 0.754709 0
    outer loop
      vertex 30.412 -33.7759 11.4
      vertex 29.2147 -34.8167 13.4
      vertex 30.412 -33.7759 13.4
    endloop
  endfacet
  facet normal -0.65606 0.754709 0
    outer loop
      vertex 29.2147 -34.8167 13.4
      vertex 30.412 -33.7759 11.4
      vertex 29.2147 -34.8167 11.4
    endloop
  endfacet
  facet normal -0.463948 0.533682 0.707061
    outer loop
      vertex 30.412 -33.7759 11.4
      vertex 30.2112 -33.553 11.1
      vertex 29.0219 -34.5869 11.1
    endloop
  endfacet
  facet normal -0.463966 0.53373 0.707013
    outer loop
      vertex 29.2147 -34.8167 11.4
      vertex 30.412 -33.7759 11.4
      vertex 29.0219 -34.5869 11.1
    endloop
  endfacet
  facet normal -0.65608 0.754692 0
    outer loop
      vertex 30.2112 -33.553 10.7
      vertex 29.0219 -34.5869 11.1
      vertex 30.2112 -33.553 11.1
    endloop
  endfacet
  facet normal -0.65608 0.754692 0
    outer loop
      vertex 29.0219 -34.5869 11.1
      vertex 30.2112 -33.553 10.7
      vertex 29.0219 -34.5869 10.7
    endloop
  endfacet
  facet normal -0.463934 0.533694 -0.707061
    outer loop
      vertex 30.2112 -33.553 10.7
      vertex 30.412 -33.7759 10.4
      vertex 29.2147 -34.8167 10.4
    endloop
  endfacet
  facet normal -0.46398 0.533718 -0.707013
    outer loop
      vertex 30.2112 -33.553 10.7
      vertex 29.2147 -34.8167 10.4
      vertex 29.0219 -34.5869 10.7
    endloop
  endfacet
  facet normal -0.65606 0.754709 0
    outer loop
      vertex 30.412 -33.7759 8
      vertex 29.2147 -34.8167 10.4
      vertex 30.412 -33.7759 10.4
    endloop
  endfacet
  facet normal -0.65606 0.754709 0
    outer loop
      vertex 29.2147 -34.8167 10.4
      vertex 30.412 -33.7759 8
      vertex 29.2147 -34.8167 8
    endloop
  endfacet
  facet normal -0.656081 0.75469 0
    outer loop
      vertex 28.7726 -31.9552 0
      vertex 27.6399 -32.9399 8
      vertex 28.7726 -31.9552 8
    endloop
  endfacet
  facet normal -0.656081 0.75469 0
    outer loop
      vertex 27.6399 -32.9399 8
      vertex 28.7726 -31.9552 0
      vertex 27.6399 -32.9399 0
    endloop
  endfacet
  facet normal 0.656047 -0.75472 0
    outer loop
      vertex 30.7574 -36.6552 0
      vertex 32.0179 -35.5595 14
      vertex 30.7574 -36.6552 14
    endloop
  endfacet
  facet normal 0.656047 -0.75472 0
    outer loop
      vertex 32.0179 -35.5595 14
      vertex 30.7574 -36.6552 0
      vertex 32.0179 -35.5595 0
    endloop
  endfacet
  facet normal -0.445037 0.549565 0.707051
    outer loop
      vertex 29.6004 -35.2763 14
      vertex 29.2147 -34.8167 13.4
      vertex 27.9818 -35.8151 13.4
    endloop
  endfacet
  facet normal -0.445036 0.549565 0.707051
    outer loop
      vertex 28.3512 -36.2879 14
      vertex 29.6004 -35.2763 14
      vertex 27.9818 -35.8151 13.4
    endloop
  endfacet
  facet normal -0.629327 0.777141 0
    outer loop
      vertex 29.2147 -34.8167 11.4
      vertex 27.9818 -35.8151 13.4
      vertex 29.2147 -34.8167 13.4
    endloop
  endfacet
  facet normal -0.629327 0.777141 0
    outer loop
      vertex 27.9818 -35.8151 13.4
      vertex 29.2147 -34.8167 11.4
      vertex 27.9818 -35.8151 11.4
    endloop
  endfacet
  facet normal -0.445049 0.549603 0.707014
    outer loop
      vertex 29.2147 -34.8167 11.4
      vertex 29.0219 -34.5869 11.1
      vertex 27.7971 -35.5787 11.1
    endloop
  endfacet
  facet normal -0.445036 0.549565 0.707051
    outer loop
      vertex 27.9818 -35.8151 11.4
      vertex 29.2147 -34.8167 11.4
      vertex 27.7971 -35.5787 11.1
    endloop
  endfacet
  facet normal -0.629311 0.777153 0
    outer loop
      vertex 29.0219 -34.5869 10.7
      vertex 27.7971 -35.5787 11.1
      vertex 29.0219 -34.5869 11.1
    endloop
  endfacet
  facet normal -0.629311 0.777153 0
    outer loop
      vertex 27.7971 -35.5787 11.1
      vertex 29.0219 -34.5869 10.7
      vertex 27.7971 -35.5787 10.7
    endloop
  endfacet
  facet normal -0.44506 0.549594 -0.707014
    outer loop
      vertex 29.0219 -34.5869 10.7
      vertex 29.2147 -34.8167 10.4
      vertex 27.9818 -35.8151 10.4
    endloop
  endfacet
  facet normal -0.445025 0.549574 -0.707051
    outer loop
      vertex 29.0219 -34.5869 10.7
      vertex 27.9818 -35.8151 10.4
      vertex 27.7971 -35.5787 10.7
    endloop
  endfacet
  facet normal -0.629327 0.777141 0
    outer loop
      vertex 29.2147 -34.8167 8
      vertex 27.9818 -35.8151 10.4
      vertex 29.2147 -34.8167 10.4
    endloop
  endfacet
  facet normal -0.629327 0.777141 0
    outer loop
      vertex 27.9818 -35.8151 10.4
      vertex 29.2147 -34.8167 8
      vertex 27.9818 -35.8151 8
    endloop
  endfacet
  facet normal -0.629315 0.77715 0
    outer loop
      vertex 27.6399 -32.9399 0
      vertex 26.4734 -33.8845 8
      vertex 27.6399 -32.9399 8
    endloop
  endfacet
  facet normal -0.629315 0.77715 0
    outer loop
      vertex 26.4734 -33.8845 8
      vertex 27.6399 -32.9399 0
      vertex 26.4734 -33.8845 0
    endloop
  endfacet
  facet normal 0.629321 -0.777146 0
    outer loop
      vertex 29.4594 -37.7063 0
      vertex 30.7574 -36.6552 14
      vertex 29.4594 -37.7063 14
    endloop
  endfacet
  facet normal 0.629321 -0.777146 0
    outer loop
      vertex 30.7574 -36.6552 14
      vertex 29.4594 -37.7063 0
      vertex 30.7574 -36.6552 0
    endloop
  endfacet
  facet normal -0.425566 0.564777 0.707051
    outer loop
      vertex 28.3512 -36.2879 14
      vertex 27.9818 -35.8151 13.4
      vertex 26.7148 -36.7698 13.4
    endloop
  endfacet
  facet normal -0.425566 0.564767 0.707058
    outer loop
      vertex 27.0675 -37.2552 14
      vertex 28.3512 -36.2879 14
      vertex 26.7148 -36.7698 13.4
    endloop
  endfacet
  facet normal -0.601794 0.798652 0
    outer loop
      vertex 27.9818 -35.8151 11.4
      vertex 26.7148 -36.7698 13.4
      vertex 27.9818 -35.8151 13.4
    endloop
  endfacet
  facet normal -0.601794 0.798652 0
    outer loop
      vertex 26.7148 -36.7698 13.4
      vertex 27.9818 -35.8151 11.4
      vertex 26.7148 -36.7698 11.4
    endloop
  endfacet
  facet normal -0.425574 0.56477 0.707051
    outer loop
      vertex 27.9818 -35.8151 11.4
      vertex 27.7971 -35.5787 11.1
      vertex 26.5385 -36.5271 11.1
    endloop
  endfacet
  facet normal -0.425583 0.564799 0.707023
    outer loop
      vertex 26.7148 -36.7698 11.4
      vertex 27.9818 -35.8151 11.4
      vertex 26.5385 -36.5271 11.1
    endloop
  endfacet
  facet normal -0.601806 0.798643 0
    outer loop
      vertex 27.7971 -35.5787 10.7
      vertex 26.5385 -36.5271 11.1
      vertex 27.7971 -35.5787 11.1
    endloop
  endfacet
  facet normal -0.601806 0.798643 0
    outer loop
      vertex 26.5385 -36.5271 11.1
      vertex 27.7971 -35.5787 10.7
      vertex 26.5385 -36.5271 10.7
    endloop
  endfacet
  facet normal -0.425566 0.564777 -0.707051
    outer loop
      vertex 27.7971 -35.5787 10.7
      vertex 27.9818 -35.8151 10.4
      vertex 26.7148 -36.7698 10.4
    endloop
  endfacet
  facet normal -0.425591 0.564793 -0.707023
    outer loop
      vertex 27.7971 -35.5787 10.7
      vertex 26.7148 -36.7698 10.4
      vertex 26.5385 -36.5271 10.7
    endloop
  endfacet
  facet normal -0.601794 0.798652 0
    outer loop
      vertex 27.9818 -35.8151 8
      vertex 26.7148 -36.7698 10.4
      vertex 27.9818 -35.8151 10.4
    endloop
  endfacet
  facet normal -0.601794 0.798652 0
    outer loop
      vertex 26.7148 -36.7698 10.4
      vertex 27.9818 -35.8151 8
      vertex 26.7148 -36.7698 8
    endloop
  endfacet
  facet normal -0.601811 0.798639 0
    outer loop
      vertex 26.4734 -33.8845 0
      vertex 25.2748 -34.7877 8
      vertex 26.4734 -33.8845 8
    endloop
  endfacet
  facet normal -0.601811 0.798639 0
    outer loop
      vertex 25.2748 -34.7877 8
      vertex 26.4734 -33.8845 0
      vertex 25.2748 -34.7877 0
    endloop
  endfacet
  facet normal 0.601828 -0.798626 0
    outer loop
      vertex 28.1255 -38.7115 0
      vertex 29.4594 -37.7063 14
      vertex 28.1255 -38.7115 14
    endloop
  endfacet
  facet normal 0.601828 -0.798626 0
    outer loop
      vertex 29.4594 -37.7063 14
      vertex 28.1255 -38.7115 0
      vertex 29.4594 -37.7063 0
    endloop
  endfacet
  facet normal -0.405632 0.579251 0.707058
    outer loop
      vertex 27.0675 -37.2552 14
      vertex 26.7148 -36.7698 13.4
      vertex 25.4153 -37.6798 13.4
    endloop
  endfacet
  facet normal -0.405631 0.579278 0.707037
    outer loop
      vertex 25.7508 -38.1772 14
      vertex 27.0675 -37.2552 14
      vertex 25.4153 -37.6798 13.4
    endloop
  endfacet
  facet normal -0.57361 0.819128 0
    outer loop
      vertex 26.7148 -36.7698 11.4
      vertex 25.4153 -37.6798 13.4
      vertex 26.7148 -36.7698 13.4
    endloop
  endfacet
  facet normal -0.57361 0.819128 0
    outer loop
      vertex 25.4153 -37.6798 13.4
      vertex 26.7148 -36.7698 11.4
      vertex 25.4153 -37.6798 11.4
    endloop
  endfacet
  facet normal -0.405628 0.579295 0.707024
    outer loop
      vertex 26.7148 -36.7698 11.4
      vertex 26.5385 -36.5271 11.1
      vertex 25.2476 -37.431 11.1
    endloop
  endfacet
  facet normal -0.405608 0.579217 0.707099
    outer loop
      vertex 25.4153 -37.6798 11.4
      vertex 26.7148 -36.7698 11.4
      vertex 25.2476 -37.431 11.1
    endloop
  endfacet
  facet normal -0.573577 0.819151 0
    outer loop
      vertex 26.5385 -36.5271 10.7
      vertex 25.2476 -37.431 11.1
      vertex 26.5385 -36.5271 11.1
    endloop
  endfacet
  facet normal -0.573577 0.819151 0
    outer loop
      vertex 25.2476 -37.431 11.1
      vertex 26.5385 -36.5271 10.7
      vertex 25.2476 -37.431 10.7
    endloop
  endfacet
  facet normal -0.405651 0.579279 -0.707024
    outer loop
      vertex 26.5385 -36.5271 10.7
      vertex 26.7148 -36.7698 10.4
      vertex 25.4153 -37.6798 10.4
    endloop
  endfacet
  facet normal -0.405585 0.579234 -0.707099
    outer loop
      vertex 26.5385 -36.5271 10.7
      vertex 25.4153 -37.6798 10.4
      vertex 25.2476 -37.431 10.7
    endloop
  endfacet
  facet normal -0.57361 0.819128 0
    outer loop
      vertex 26.7148 -36.7698 8
      vertex 25.4153 -37.6798 10.4
      vertex 26.7148 -36.7698 10.4
    endloop
  endfacet
  facet normal -0.57361 0.819128 0
    outer loop
      vertex 25.4153 -37.6798 10.4
      vertex 26.7148 -36.7698 8
      vertex 25.4153 -37.6798 8
    endloop
  endfacet
  facet normal -0.573574 0.819154 0
    outer loop
      vertex 25.2748 -34.7877 0
      vertex 24.0453 -35.6486 8
      vertex 25.2748 -34.7877 8
    endloop
  endfacet
  facet normal -0.573574 0.819154 0
    outer loop
      vertex 24.0453 -35.6486 8
      vertex 25.2748 -34.7877 0
      vertex 24.0453 -35.6486 0
    endloop
  endfacet
  facet normal 0.573555 -0.819167 0
    outer loop
      vertex 26.7574 -39.6694 0
      vertex 28.1255 -38.7115 14
      vertex 26.7574 -39.6694 14
    endloop
  endfacet
  facet normal 0.573555 -0.819167 0
    outer loop
      vertex 28.1255 -38.7115 14
      vertex 26.7574 -39.6694 0
      vertex 28.1255 -38.7115 0
    endloop
  endfacet
  facet normal -0.385145 0.593096 0.707037
    outer loop
      vertex 25.7508 -38.1772 14
      vertex 25.4153 -37.6798 13.4
      vertex 24.0848 -38.5438 13.4
    endloop
  endfacet
  facet normal -0.385146 0.593074 0.707054
    outer loop
      vertex 24.4028 -39.0526 14
      vertex 25.7508 -38.1772 14
      vertex 24.0848 -38.5438 13.4
    endloop
  endfacet
  facet normal -0.544623 0.838681 0
    outer loop
      vertex 25.4153 -37.6798 11.4
      vertex 24.0848 -38.5438 13.4
      vertex 25.4153 -37.6798 13.4
    endloop
  endfacet
  facet normal -0.544623 0.838681 0
    outer loop
      vertex 24.0848 -38.5438 13.4
      vertex 25.4153 -37.6798 11.4
      vertex 24.0848 -38.5438 11.4
    endloop
  endfacet
  facet normal -0.385124 0.59303 0.707104
    outer loop
      vertex 25.4153 -37.6798 11.4
      vertex 25.2476 -37.431 11.1
      vertex 23.9258 -38.2894 11.1
    endloop
  endfacet
  facet normal -0.385135 0.593081 0.707054
    outer loop
      vertex 24.0848 -38.5438 11.4
      vertex 25.4153 -37.6798 11.4
      vertex 23.9258 -38.2894 11.1
    endloop
  endfacet
  facet normal -0.544645 0.838667 0
    outer loop
      vertex 25.2476 -37.431 10.7
      vertex 23.9258 -38.2894 11.1
      vertex 25.2476 -37.431 11.1
    endloop
  endfacet
  facet normal -0.544645 0.838667 0
    outer loop
      vertex 23.9258 -38.2894 11.1
      vertex 25.2476 -37.431 10.7
      vertex 23.9258 -38.2894 10.7
    endloop
  endfacet
  facet normal -0.385108 0.59304 -0.707103
    outer loop
      vertex 25.2476 -37.431 10.7
      vertex 25.4153 -37.6798 10.4
      vertex 24.0848 -38.5438 10.4
    endloop
  endfacet
  facet normal -0.385151 0.593071 -0.707054
    outer loop
      vertex 25.2476 -37.431 10.7
      vertex 24.0848 -38.5438 10.4
      vertex 23.9258 -38.2894 10.7
    endloop
  endfacet
  facet normal -0.544623 0.838681 0
    outer loop
      vertex 25.4153 -37.6798 8
      vertex 24.0848 -38.5438 10.4
      vertex 25.4153 -37.6798 10.4
    endloop
  endfacet
  facet normal -0.544623 0.838681 0
    outer loop
      vertex 24.0848 -38.5438 10.4
      vertex 25.4153 -37.6798 8
      vertex 24.0848 -38.5438 8
    endloop
  endfacet
  facet normal -0.544651 0.838663 0
    outer loop
      vertex 24.0453 -35.6486 0
      vertex 22.7865 -36.4661 8
      vertex 24.0453 -35.6486 8
    endloop
  endfacet
  facet normal -0.544651 0.838663 0
    outer loop
      vertex 22.7865 -36.4661 8
      vertex 24.0453 -35.6486 0
      vertex 22.7865 -36.4661 0
    endloop
  endfacet
  facet normal 0.544643 -0.838668 0
    outer loop
      vertex 25.3566 -40.5791 0
      vertex 26.7574 -39.6694 14
      vertex 25.3566 -40.5791 14
    endloop
  endfacet
  facet normal 0.544643 -0.838668 0
    outer loop
      vertex 26.7574 -39.6694 14
      vertex 25.3566 -40.5791 0
      vertex 26.7574 -39.6694 0
    endloop
  endfacet
  facet normal -0.364178 0.606178 0.707053
    outer loop
      vertex 24.0848 -38.5438 13.4
      vertex 23.247 -39.2649 13.5867
      vertex 24.4028 -39.0526 14
    endloop
  endfacet
  facet normal -0.364252 0.60624 0.706961
    outer loop
      vertex 23.247 -39.2649 13.5867
      vertex 24.0848 -38.5438 13.4
      vertex 23.1536 -39.1033 13.4
    endloop
  endfacet
  facet normal -0.364182 0.606139 0.707084
    outer loop
      vertex 23.4536 -39.6229 14
      vertex 24.4028 -39.0526 14
      vertex 23.247 -39.2649 13.5867
    endloop
  endfacet
  facet normal -0.515024 0.857176 0
    outer loop
      vertex 24.0848 -38.5438 11.4
      vertex 23.1536 -39.1033 13.4
      vertex 24.0848 -38.5438 13.4
    endloop
  endfacet
  facet normal -0.515024 0.857176 0
    outer loop
      vertex 23.1536 -39.1033 13.4
      vertex 24.0848 -38.5438 11.4
      vertex 23.1536 -39.1033 11.4
    endloop
  endfacet
  facet normal -0.364196 0.606167 0.707053
    outer loop
      vertex 23.9258 -38.2894 11.1
      vertex 23.0509 -38.9254 11.1946
      vertex 24.0848 -38.5438 11.4
    endloop
  endfacet
  facet normal -0.364251 0.60623 0.70697
    outer loop
      vertex 23.0509 -38.9254 11.1946
      vertex 23.9258 -38.2894 11.1
      vertex 23.0036 -38.8435 11.1
    endloop
  endfacet
  facet normal -0.36419 0.606138 0.70708
    outer loop
      vertex 23.1536 -39.1033 11.4
      vertex 24.0848 -38.5438 11.4
      vertex 23.0509 -38.9254 11.1946
    endloop
  endfacet
  facet normal -0.515029 0.857173 0
    outer loop
      vertex 23.9258 -38.2894 10.7
      vertex 23.0036 -38.8435 11.1
      vertex 23.9258 -38.2894 11.1
    endloop
  endfacet
  facet normal -0.515029 0.857173 0
    outer loop
      vertex 23.0036 -38.8435 11.1
      vertex 23.9258 -38.2894 10.7
      vertex 23.0036 -38.8435 10.7
    endloop
  endfacet
  facet normal -0.364279 0.606286 -0.706908
    outer loop
      vertex 23.106 -39.0209 10.4952
      vertex 24.0848 -38.5438 10.4
      vertex 23.1536 -39.1033 10.4
    endloop
  endfacet
  facet normal -0.364226 0.606148 -0.707053
    outer loop
      vertex 24.0848 -38.5438 10.4
      vertex 23.106 -39.0209 10.4952
      vertex 23.9258 -38.2894 10.7
    endloop
  endfacet
  facet normal -0.364179 0.606111 -0.707109
    outer loop
      vertex 23.9258 -38.2894 10.7
      vertex 23.106 -39.0209 10.4952
      vertex 23.0036 -38.8435 10.7
    endloop
  endfacet
  facet normal -0.515024 0.857176 0
    outer loop
      vertex 24.0848 -38.5438 10.4
      vertex 23.1536 -39.1033 8.8
      vertex 23.1536 -39.1033 10.4
    endloop
  endfacet
  facet normal -0.515024 0.857176 0
    outer loop
      vertex 24.0848 -38.5438 8
      vertex 23.1536 -39.1033 8.8
      vertex 24.0848 -38.5438 10.4
    endloop
  endfacet
  facet normal -0.515061 0.857153 -5.94265e-05
    outer loop
      vertex 22.725 -39.3609 8
      vertex 23.1536 -39.1033 8.8
      vertex 24.0848 -38.5438 8
    endloop
  endfacet
  facet normal -0.515143 0.857104 0
    outer loop
      vertex 23.1536 -39.1033 8.8
      vertex 22.725 -39.3609 8
      vertex 22.725 -39.3609 8.8
    endloop
  endfacet
  facet normal -0.515035 0.857169 0
    outer loop
      vertex 22.7865 -36.4661 0
      vertex 21.5 -37.2391 8
      vertex 22.7865 -36.4661 8
    endloop
  endfacet
  facet normal -0.515035 0.857169 0
    outer loop
      vertex 21.5 -37.2391 8
      vertex 22.7865 -36.4661 0
      vertex 21.5 -37.2391 0
    endloop
  endfacet
  facet normal 0.515143 -0.857104 0
    outer loop
      vertex 23.925 -41.4393 8.8
      vertex 23.925 -41.4393 0
      vertex 24.3536 -41.1817 8.8
    endloop
  endfacet
  facet normal 0.514998 -0.857191 0
    outer loop
      vertex 24.3536 -41.1817 8.8
      vertex 25.3566 -40.5791 14
      vertex 24.3536 -41.1817 14
    endloop
  endfacet
  facet normal 0.515042 -0.857165 6.69779e-06
    outer loop
      vertex 25.3566 -40.5791 0
      vertex 24.3536 -41.1817 8.8
      vertex 23.925 -41.4393 0
    endloop
  endfacet
  facet normal 0.514998 -0.857191 0
    outer loop
      vertex 24.3536 -41.1817 8.8
      vertex 25.3566 -40.5791 0
      vertex 25.3566 -40.5791 14
    endloop
  endfacet
  facet normal -0.342872 0.618497 0.707037
    outer loop
      vertex 22.4931 -39.9591 13.8109
      vertex 22.2876 -39.6033 13.4
      vertex 21.3375 -40.13 13.4
    endloop
  endfacet
  facet normal -0.342836 0.618485 0.707064
    outer loop
      vertex 22.4931 -39.9591 13.8109
      vertex 21.6192 -40.6597 14
      vertex 22.5876 -40.1229 14
    endloop
  endfacet
  facet normal -0.342869 0.618515 0.707022
    outer loop
      vertex 21.6192 -40.6597 14
      vertex 22.4931 -39.9591 13.8109
      vertex 21.3375 -40.13 13.4
    endloop
  endfacet
  facet normal -0.484846 0.8746 0
    outer loop
      vertex 22.2876 -39.6033 11.4
      vertex 21.3375 -40.13 13.4
      vertex 22.2876 -39.6033 13.4
    endloop
  endfacet
  facet normal -0.484846 0.8746 0
    outer loop
      vertex 21.3375 -40.13 13.4
      vertex 22.2876 -39.6033 11.4
      vertex 21.3375 -40.13 11.4
    endloop
  endfacet
  facet normal -0.342808 0.618448 0.70711
    outer loop
      vertex 22.24 -39.5209 11.3048
      vertex 22.1376 -39.3435 11.1
      vertex 21.1966 -39.8651 11.1
    endloop
  endfacet
  facet normal -0.342935 0.618612 0.706905
    outer loop
      vertex 22.24 -39.5209 11.3048
      vertex 21.3375 -40.13 11.4
      vertex 22.2876 -39.6033 11.4
    endloop
  endfacet
  facet normal -0.342809 0.618456 0.707103
    outer loop
      vertex 21.3375 -40.13 11.4
      vertex 22.24 -39.5209 11.3048
      vertex 21.1966 -39.8651 11.1
    endloop
  endfacet
  facet normal -0.484806 0.874622 0
    outer loop
      vertex 22.1376 -39.3435 10.7
      vertex 21.1966 -39.8651 11.1
      vertex 22.1376 -39.3435 11.1
    endloop
  endfacet
  facet normal -0.484806 0.874622 0
    outer loop
      vertex 21.1966 -39.8651 11.1
      vertex 22.1376 -39.3435 10.7
      vertex 21.1966 -39.8651 10.7
    endloop
  endfacet
  facet normal -0.34285 0.618458 -0.707081
    outer loop
      vertex 22.1849 -39.4254 10.6054
      vertex 22.2876 -39.6033 10.4
      vertex 21.3375 -40.13 10.4
    endloop
  endfacet
  facet normal -0.342833 0.618443 -0.707102
    outer loop
      vertex 21.1966 -39.8651 10.7
      vertex 22.1849 -39.4254 10.6054
      vertex 21.3375 -40.13 10.4
    endloop
  endfacet
  facet normal -0.342877 0.618572 -0.706968
    outer loop
      vertex 22.1849 -39.4254 10.6054
      vertex 21.1966 -39.8651 10.7
      vertex 22.1376 -39.3435 10.7
    endloop
  endfacet
  facet normal -0.484726 0.874666 0
    outer loop
      vertex 22.725 -39.3609 8.8
      vertex 22.725 -39.3609 8
      vertex 22.2876 -39.6033 8.8
    endloop
  endfacet
  facet normal -0.484846 0.8746 0
    outer loop
      vertex 22.2876 -39.6033 8.8
      vertex 21.3375 -40.13 10.4
      vertex 22.2876 -39.6033 10.4
    endloop
  endfacet
  facet normal -0.484808 0.874621 -5.8576e-05
    outer loop
      vertex 21.3375 -40.13 8
      vertex 22.2876 -39.6033 8.8
      vertex 22.725 -39.3609 8
    endloop
  endfacet
  facet normal -0.484846 0.8746 0
    outer loop
      vertex 22.2876 -39.6033 8.8
      vertex 21.3375 -40.13 8
      vertex 21.3375 -40.13 10.4
    endloop
  endfacet
  facet normal -0.484788 0.874631 0
    outer loop
      vertex 21.5 -37.2391 0
      vertex 20.1873 -37.9667 8
      vertex 21.5 -37.2391 8
    endloop
  endfacet
  facet normal -0.484788 0.874631 0
    outer loop
      vertex 20.1873 -37.9667 8
      vertex 21.5 -37.2391 0
      vertex 20.1873 -37.9667 0
    endloop
  endfacet
  facet normal 0.484823 -0.874612 0
    outer loop
      vertex 22.4642 -42.249 14
      vertex 23.4876 -41.6817 8.8
      vertex 23.4876 -41.6817 14
    endloop
  endfacet
  facet normal 0.484823 -0.874612 0
    outer loop
      vertex 22.4642 -42.249 0
      vertex 23.4876 -41.6817 8.8
      vertex 22.4642 -42.249 14
    endloop
  endfacet
  facet normal 0.484794 -0.874629 4.41293e-06
    outer loop
      vertex 23.925 -41.4393 0
      vertex 23.4876 -41.6817 8.8
      vertex 22.4642 -42.249 0
    endloop
  endfacet
  facet normal 0.484726 -0.874666 0
    outer loop
      vertex 23.4876 -41.6817 8.8
      vertex 23.925 -41.4393 0
      vertex 23.925 -41.4393 8.8
    endloop
  endfacet
  facet normal -0.321053 0.630115 0.707021
    outer loop
      vertex 21.6192 -40.6597 14
      vertex 21.3375 -40.13 13.4
      vertex 19.924 -40.8502 13.4
    endloop
  endfacet
  facet normal -0.321062 0.630069 0.707059
    outer loop
      vertex 20.187 -41.3895 14
      vertex 21.6192 -40.6597 14
      vertex 19.924 -40.8502 13.4
    endloop
  endfacet
  facet normal -0.453983 0.89101 0
    outer loop
      vertex 21.3375 -40.13 11.4
      vertex 19.924 -40.8502 13.4
      vertex 21.3375 -40.13 13.4
    endloop
  endfacet
  facet normal -0.453983 0.89101 0
    outer loop
      vertex 19.924 -40.8502 13.4
      vertex 21.3375 -40.13 11.4
      vertex 19.924 -40.8502 11.4
    endloop
  endfacet
  facet normal -0.321014 0.630047 0.707101
    outer loop
      vertex 21.3375 -40.13 11.4
      vertex 21.1966 -39.8651 11.1
      vertex 19.7925 -40.5805 11.1
    endloop
  endfacet
  facet normal -0.321012 0.630035 0.707112
    outer loop
      vertex 19.924 -40.8502 11.4
      vertex 21.3375 -40.13 11.4
      vertex 19.7925 -40.5805 11.1
    endloop
  endfacet
  facet normal -0.453978 0.891013 0
    outer loop
      vertex 21.1966 -39.8651 10.7
      vertex 19.7925 -40.5805 11.1
      vertex 21.1966 -39.8651 11.1
    endloop
  endfacet
  facet normal -0.453978 0.891013 0
    outer loop
      vertex 19.7925 -40.5805 11.1
      vertex 21.1966 -39.8651 10.7
      vertex 19.7925 -40.5805 10.7
    endloop
  endfacet
  facet normal -0.321017 0.630045 -0.707101
    outer loop
      vertex 21.1966 -39.8651 10.7
      vertex 21.3375 -40.13 10.4
      vertex 19.924 -40.8502 10.4
    endloop
  endfacet
  facet normal -0.321009 0.630037 -0.707112
    outer loop
      vertex 21.1966 -39.8651 10.7
      vertex 19.924 -40.8502 10.4
      vertex 19.7925 -40.5805 10.7
    endloop
  endfacet
  facet normal -0.453983 0.89101 0
    outer loop
      vertex 21.3375 -40.13 8
      vertex 19.924 -40.8502 10.4
      vertex 21.3375 -40.13 10.4
    endloop
  endfacet
  facet normal -0.453983 0.89101 0
    outer loop
      vertex 19.924 -40.8502 10.4
      vertex 21.3375 -40.13 8
      vertex 19.924 -40.8502 8
    endloop
  endfacet
  facet normal -0.453997 0.891003 0
    outer loop
      vertex 20.1873 -37.9667 0
      vertex 18.85 -38.6481 8
      vertex 20.1873 -37.9667 8
    endloop
  endfacet
  facet normal -0.453997 0.891003 0
    outer loop
      vertex 18.85 -38.6481 8
      vertex 20.1873 -37.9667 0
      vertex 18.85 -38.6481 0
    endloop
  endfacet
  facet normal 0.454026 -0.890988 0
    outer loop
      vertex 20.9761 -43.0073 0
      vertex 22.4642 -42.249 14
      vertex 20.9761 -43.0073 14
    endloop
  endfacet
  facet normal 0.454026 -0.890988 0
    outer loop
      vertex 22.4642 -42.249 14
      vertex 20.9761 -43.0073 0
      vertex 22.4642 -42.249 0
    endloop
  endfacet
  facet normal -0.298835 0.640909 0.70706
    outer loop
      vertex 20.187 -41.3895 14
      vertex 19.924 -40.8502 13.4
      vertex 18.4862 -41.5206 13.4
    endloop
  endfacet
  facet normal -0.298841 0.640882 0.707081
    outer loop
      vertex 18.7302 -42.0688 14
      vertex 20.187 -41.3895 14
      vertex 18.4862 -41.5206 13.4
    endloop
  endfacet
  facet normal -0.422589 0.906322 0
    outer loop
      vertex 19.924 -40.8502 11.4
      vertex 18.4862 -41.5206 13.4
      vertex 19.924 -40.8502 13.4
    endloop
  endfacet
  facet normal -0.422589 0.906322 0
    outer loop
      vertex 18.4862 -41.5206 13.4
      vertex 19.924 -40.8502 11.4
      vertex 18.4862 -41.5206 11.4
    endloop
  endfacet
  facet normal -0.29886 0.640838 0.707114
    outer loop
      vertex 19.924 -40.8502 11.4
      vertex 19.7925 -40.5805 11.1
      vertex 18.3642 -41.2466 11.1
    endloop
  endfacet
  facet normal -0.298871 0.640986 0.706975
    outer loop
      vertex 18.4862 -41.5206 11.4
      vertex 19.924 -40.8502 11.4
      vertex 18.3642 -41.2466 11.1
    endloop
  endfacet
  facet normal -0.422656 0.90629 0
    outer loop
      vertex 19.7925 -40.5805 10.7
      vertex 18.3642 -41.2466 11.1
      vertex 19.7925 -40.5805 11.1
    endloop
  endfacet
  facet normal -0.422656 0.90629 0
    outer loop
      vertex 18.3642 -41.2466 11.1
      vertex 19.7925 -40.5805 10.7
      vertex 18.3642 -41.2466 10.7
    endloop
  endfacet
  facet normal -0.298813 0.64086 -0.707113
    outer loop
      vertex 19.7925 -40.5805 10.7
      vertex 19.924 -40.8502 10.4
      vertex 18.4862 -41.5206 10.4
    endloop
  endfacet
  facet normal -0.298919 0.640964 -0.706974
    outer loop
      vertex 19.7925 -40.5805 10.7
      vertex 18.4862 -41.5206 10.4
      vertex 18.3642 -41.2466 10.7
    endloop
  endfacet
  facet normal -0.422589 0.906322 0
    outer loop
      vertex 19.924 -40.8502 8
      vertex 18.4862 -41.5206 10.4
      vertex 19.924 -40.8502 10.4
    endloop
  endfacet
  facet normal -0.422589 0.906322 0
    outer loop
      vertex 18.4862 -41.5206 10.4
      vertex 19.924 -40.8502 8
      vertex 18.4862 -41.5206 8
    endloop
  endfacet
  facet normal -0.422663 0.906287 0
    outer loop
      vertex 18.85 -38.6481 0
      vertex 17.4897 -39.2825 8
      vertex 18.85 -38.6481 8
    endloop
  endfacet
  facet normal -0.422663 0.906287 0
    outer loop
      vertex 17.4897 -39.2825 8
      vertex 18.85 -38.6481 0
      vertex 17.4897 -39.2825 0
    endloop
  endfacet
  facet normal 0.422571 -0.90633 0
    outer loop
      vertex 19.4623 -43.7131 0
      vertex 20.9761 -43.0073 14
      vertex 19.4623 -43.7131 14
    endloop
  endfacet
  facet normal 0.422571 -0.90633 0
    outer loop
      vertex 20.9761 -43.0073 14
      vertex 19.4623 -43.7131 0
      vertex 20.9761 -43.0073 0
    endloop
  endfacet
  facet normal -0.276313 0.650911 0.707083
    outer loop
      vertex 18.7302 -42.0688 14
      vertex 18.4862 -41.5206 13.4
      vertex 17.0259 -42.1405 13.4
    endloop
  endfacet
  facet normal -0.276298 0.650972 0.707033
    outer loop
      vertex 17.2506 -42.6968 14
      vertex 18.7302 -42.0688 14
      vertex 17.0259 -42.1405 13.4
    endloop
  endfacet
  facet normal -0.390752 0.920496 0
    outer loop
      vertex 18.4862 -41.5206 11.4
      vertex 17.0259 -42.1405 13.4
      vertex 18.4862 -41.5206 13.4
    endloop
  endfacet
  facet normal -0.390752 0.920496 0
    outer loop
      vertex 17.0259 -42.1405 13.4
      vertex 18.4862 -41.5206 11.4
      vertex 17.0259 -42.1405 11.4
    endloop
  endfacet
  facet normal -0.276308 0.651031 0.706974
    outer loop
      vertex 18.4862 -41.5206 11.4
      vertex 18.3642 -41.2466 11.1
      vertex 16.9135 -41.8623 11.1
    endloop
  endfacet
  facet normal -0.276302 0.650886 0.70711
    outer loop
      vertex 17.0259 -42.1405 11.4
      vertex 18.4862 -41.5206 11.4
      vertex 16.9135 -41.8623 11.1
    endloop
  endfacet
  facet normal -0.390685 0.920524 0
    outer loop
      vertex 18.3642 -41.2466 10.7
      vertex 16.9135 -41.8623 11.1
      vertex 18.3642 -41.2466 11.1
    endloop
  endfacet
  facet normal -0.390685 0.920524 0
    outer loop
      vertex 16.9135 -41.8623 11.1
      vertex 18.3642 -41.2466 10.7
      vertex 16.9135 -41.8623 10.7
    endloop
  endfacet
  facet normal -0.276355 0.651011 -0.706974
    outer loop
      vertex 18.3642 -41.2466 10.7
      vertex 18.4862 -41.5206 10.4
      vertex 17.0259 -42.1405 10.4
    endloop
  endfacet
  facet normal -0.276255 0.650906 -0.70711
    outer loop
      vertex 18.3642 -41.2466 10.7
      vertex 17.0259 -42.1405 10.4
      vertex 16.9135 -41.8623 10.7
    endloop
  endfacet
  facet normal -0.390752 0.920496 0
    outer loop
      vertex 18.4862 -41.5206 8
      vertex 17.0259 -42.1405 10.4
      vertex 18.4862 -41.5206 10.4
    endloop
  endfacet
  facet normal -0.390752 0.920496 0
    outer loop
      vertex 17.0259 -42.1405 10.4
      vertex 18.4862 -41.5206 8
      vertex 17.0259 -42.1405 8
    endloop
  endfacet
  facet normal -0.3907 0.920518 0
    outer loop
      vertex 17.4897 -39.2825 0
      vertex 16.1081 -39.8689 8
      vertex 17.4897 -39.2825 8
    endloop
  endfacet
  facet normal -0.3907 0.920518 0
    outer loop
      vertex 16.1081 -39.8689 8
      vertex 17.4897 -39.2825 0
      vertex 16.1081 -39.8689 0
    endloop
  endfacet
  facet normal 0.390737 -0.920502 0
    outer loop
      vertex 17.9249 -44.3657 0
      vertex 19.4623 -43.7131 14
      vertex 17.9249 -44.3657 14
    endloop
  endfacet
  facet normal 0.390737 -0.920502 0
    outer loop
      vertex 19.4623 -43.7131 14
      vertex 17.9249 -44.3657 0
      vertex 19.4623 -43.7131 0
    endloop
  endfacet
  facet normal -0.253415 0.660215 0.707034
    outer loop
      vertex 17.2506 -42.6968 14
      vertex 17.0259 -42.1405 13.4
      vertex 15.5448 -42.709 13.4
    endloop
  endfacet
  facet normal -0.253418 0.660205 0.707042
    outer loop
      vertex 15.75 -43.2728 14
      vertex 17.2506 -42.6968 14
      vertex 15.5448 -42.709 13.4
    endloop
  endfacet
  facet normal -0.358345 0.933589 0
    outer loop
      vertex 17.0259 -42.1405 11.4
      vertex 15.5448 -42.709 13.4
      vertex 17.0259 -42.1405 13.4
    endloop
  endfacet
  facet normal -0.358345 0.933589 0
    outer loop
      vertex 15.5448 -42.709 13.4
      vertex 17.0259 -42.1405 11.4
      vertex 15.5448 -42.709 11.4
    endloop
  endfacet
  facet normal -0.253411 0.660135 0.70711
    outer loop
      vertex 17.0259 -42.1405 11.4
      vertex 16.9135 -41.8623 11.1
      vertex 15.4422 -42.4271 11.1
    endloop
  endfacet
  facet normal -0.253412 0.660208 0.707042
    outer loop
      vertex 15.5448 -42.709 11.4
      vertex 17.0259 -42.1405 11.4
      vertex 15.4422 -42.4271 11.1
    endloop
  endfacet
  facet normal -0.358379 0.933576 0
    outer loop
      vertex 16.9135 -41.8623 10.7
      vertex 15.4422 -42.4271 11.1
      vertex 16.9135 -41.8623 11.1
    endloop
  endfacet
  facet normal -0.358379 0.933576 0
    outer loop
      vertex 15.4422 -42.4271 11.1
      vertex 16.9135 -41.8623 10.7
      vertex 15.4422 -42.4271 10.7
    endloop
  endfacet
  facet normal -0.253387 0.660144 -0.70711
    outer loop
      vertex 16.9135 -41.8623 10.7
      vertex 17.0259 -42.1405 10.4
      vertex 15.5448 -42.709 10.4
    endloop
  endfacet
  facet normal -0.253436 0.660199 -0.707042
    outer loop
      vertex 16.9135 -41.8623 10.7
      vertex 15.5448 -42.709 10.4
      vertex 15.4422 -42.4271 10.7
    endloop
  endfacet
  facet normal -0.358345 0.933589 0
    outer loop
      vertex 17.0259 -42.1405 8
      vertex 15.5448 -42.709 10.4
      vertex 17.0259 -42.1405 10.4
    endloop
  endfacet
  facet normal -0.358345 0.933589 0
    outer loop
      vertex 15.5448 -42.709 10.4
      vertex 17.0259 -42.1405 8
      vertex 15.5448 -42.709 8
    endloop
  endfacet
  facet normal -0.358385 0.933574 0
    outer loop
      vertex 16.1081 -39.8689 0
      vertex 14.7069 -40.4068 8
      vertex 16.1081 -39.8689 8
    endloop
  endfacet
  facet normal -0.358385 0.933574 0
    outer loop
      vertex 14.7069 -40.4068 8
      vertex 16.1081 -39.8689 0
      vertex 14.7069 -40.4068 0
    endloop
  endfacet
  facet normal 0.358409 -0.933565 0
    outer loop
      vertex 16.3657 -44.9643 0
      vertex 17.9249 -44.3657 14
      vertex 16.3657 -44.9643 14
    endloop
  endfacet
  facet normal 0.358409 -0.933565 0
    outer loop
      vertex 17.9249 -44.3657 14
      vertex 16.3657 -44.9643 0
      vertex 17.9249 -44.3657 0
    endloop
  endfacet
  facet normal -0.230236 0.668643 0.707042
    outer loop
      vertex 15.75 -43.2728 14
      vertex 15.5448 -42.709 13.4
      vertex 14.0448 -43.2255 13.4
    endloop
  endfacet
  facet normal -0.230232 0.668654 0.707032
    outer loop
      vertex 14.2302 -43.7961 14
      vertex 15.75 -43.2728 14
      vertex 14.0448 -43.2255 13.4
    endloop
  endfacet
  facet normal -0.325573 0.945517 0
    outer loop
      vertex 15.5448 -42.709 11.4
      vertex 14.0448 -43.2255 13.4
      vertex 15.5448 -42.709 13.4
    endloop
  endfacet
  facet normal -0.325573 0.945517 0
    outer loop
      vertex 14.0448 -43.2255 13.4
      vertex 15.5448 -42.709 11.4
      vertex 14.0448 -43.2255 11.4
    endloop
  endfacet
  facet normal -0.23024 0.668641 0.707042
    outer loop
      vertex 15.5448 -42.709 11.4
      vertex 15.4422 -42.4271 11.1
      vertex 13.9521 -42.9402 11.1
    endloop
  endfacet
  facet normal -0.230239 0.668652 0.707032
    outer loop
      vertex 14.0448 -43.2255 11.4
      vertex 15.5448 -42.709 11.4
      vertex 13.9521 -42.9402 11.1
    endloop
  endfacet
  facet normal -0.325578 0.945515 0
    outer loop
      vertex 15.4422 -42.4271 10.7
      vertex 13.9521 -42.9402 11.1
      vertex 15.4422 -42.4271 11.1
    endloop
  endfacet
  facet normal -0.325578 0.945515 0
    outer loop
      vertex 13.9521 -42.9402 11.1
      vertex 15.4422 -42.4271 10.7
      vertex 13.9521 -42.9402 10.7
    endloop
  endfacet
  facet normal -0.230236 0.668643 -0.707042
    outer loop
      vertex 15.4422 -42.4271 10.7
      vertex 15.5448 -42.709 10.4
      vertex 14.0448 -43.2255 10.4
    endloop
  endfacet
  facet normal -0.230243 0.668651 -0.707032
    outer loop
      vertex 15.4422 -42.4271 10.7
      vertex 14.0448 -43.2255 10.4
      vertex 13.9521 -42.9402 10.7
    endloop
  endfacet
  facet normal -0.325573 0.945517 0
    outer loop
      vertex 15.5448 -42.709 8
      vertex 14.0448 -43.2255 10.4
      vertex 15.5448 -42.709 10.4
    endloop
  endfacet
  facet normal -0.325573 0.945517 0
    outer loop
      vertex 14.0448 -43.2255 10.4
      vertex 15.5448 -42.709 8
      vertex 14.0448 -43.2255 8
    endloop
  endfacet
  facet normal -0.325527 0.945533 0
    outer loop
      vertex 14.7069 -40.4068 0
      vertex 13.2877 -40.8954 8
      vertex 14.7069 -40.4068 8
    endloop
  endfacet
  facet normal -0.325527 0.945533 0
    outer loop
      vertex 13.2877 -40.8954 8
      vertex 14.7069 -40.4068 0
      vertex 13.2877 -40.8954 0
    endloop
  endfacet
  facet normal 0.325535 -0.94553 0
    outer loop
      vertex 14.7865 -45.508 0
      vertex 16.3657 -44.9643 14
      vertex 14.7865 -45.508 14
    endloop
  endfacet
  facet normal 0.325535 -0.94553 0
    outer loop
      vertex 16.3657 -44.9643 14
      vertex 14.7865 -45.508 0
      vertex 16.3657 -44.9643 0
    endloop
  endfacet
  facet normal -0.20675 0.676284 0.707032
    outer loop
      vertex 14.2302 -43.7961 14
      vertex 14.0448 -43.2255 13.4
      vertex 12.5277 -43.6893 13.4
    endloop
  endfacet
  facet normal -0.206771 0.676228 0.70708
    outer loop
      vertex 12.6931 -44.2661 14
      vertex 14.2302 -43.7961 14
      vertex 12.5277 -43.6893 13.4
    endloop
  endfacet
  facet normal -0.292358 0.956309 0
    outer loop
      vertex 14.0448 -43.2255 11.4
      vertex 12.5277 -43.6893 13.4
      vertex 14.0448 -43.2255 13.4
    endloop
  endfacet
  facet normal -0.292358 0.956309 0
    outer loop
      vertex 12.5277 -43.6893 13.4
      vertex 14.0448 -43.2255 11.4
      vertex 12.5277 -43.6893 11.4
    endloop
  endfacet
  facet normal -0.206773 0.676277 0.707032
    outer loop
      vertex 14.0448 -43.2255 11.4
      vertex 13.9521 -42.9402 11.1
      vertex 12.445 -43.401 11.1
    endloop
  endfacet
  facet normal -0.206769 0.676346 0.706968
    outer loop
      vertex 12.5277 -43.6893 11.4
      vertex 14.0448 -43.2255 11.4
      vertex 12.445 -43.401 11.1
    endloop
  endfacet
  facet normal -0.292391 0.956299 0
    outer loop
      vertex 13.9521 -42.9402 10.7
      vertex 12.445 -43.401 11.1
      vertex 13.9521 -42.9402 11.1
    endloop
  endfacet
  facet normal -0.292391 0.956299 0
    outer loop
      vertex 12.445 -43.401 11.1
      vertex 13.9521 -42.9402 10.7
      vertex 12.445 -43.401 10.7
    endloop
  endfacet
  facet normal -0.20675 0.676284 -0.707032
    outer loop
      vertex 13.9521 -42.9402 10.7
      vertex 14.0448 -43.2255 10.4
      vertex 12.5277 -43.6893 10.4
    endloop
  endfacet
  facet normal -0.206792 0.676339 -0.706967
    outer loop
      vertex 13.9521 -42.9402 10.7
      vertex 12.5277 -43.6893 10.4
      vertex 12.445 -43.401 10.7
    endloop
  endfacet
  facet normal -0.292358 0.956309 0
    outer loop
      vertex 14.0448 -43.2255 8
      vertex 12.5277 -43.6893 10.4
      vertex 14.0448 -43.2255 10.4
    endloop
  endfacet
  facet normal -0.292358 0.956309 0
    outer loop
      vertex 12.5277 -43.6893 10.4
      vertex 14.0448 -43.2255 8
      vertex 12.5277 -43.6893 8
    endloop
  endfacet
  facet normal -0.292423 0.956289 0
    outer loop
      vertex 13.2877 -40.8954 0
      vertex 11.8524 -41.3343 8
      vertex 13.2877 -40.8954 8
    endloop
  endfacet
  facet normal -0.292423 0.956289 0
    outer loop
      vertex 11.8524 -41.3343 8
      vertex 13.2877 -40.8954 0
      vertex 11.8524 -41.3343 0
    endloop
  endfacet
  facet normal 0.292403 -0.956295 0
    outer loop
      vertex 13.1892 -45.9964 0
      vertex 14.7865 -45.508 14
      vertex 13.1892 -45.9964 14
    endloop
  endfacet
  facet normal 0.292403 -0.956295 0
    outer loop
      vertex 14.7865 -45.508 14
      vertex 13.1892 -45.9964 0
      vertex 14.7865 -45.508 0
    endloop
  endfacet
  facet normal -0.183017 0.683039 0.70708
    outer loop
      vertex 12.6931 -44.2661 14
      vertex 12.5277 -43.6893 13.4
      vertex 10.9953 -44.0999 13.4
    endloop
  endfacet
  facet normal -0.183014 0.683047 0.707073
    outer loop
      vertex 11.1405 -44.6821 14
      vertex 12.6931 -44.2661 14
      vertex 10.9953 -44.0999 13.4
    endloop
  endfacet
  facet normal -0.258816 0.965927 0
    outer loop
      vertex 12.5277 -43.6893 11.4
      vertex 10.9953 -44.0999 13.4
      vertex 12.5277 -43.6893 13.4
    endloop
  endfacet
  facet normal -0.258816 0.965927 0
    outer loop
      vertex 10.9953 -44.0999 13.4
      vertex 12.5277 -43.6893 11.4
      vertex 10.9953 -44.0999 11.4
    endloop
  endfacet
  facet normal -0.183019 0.683157 0.706966
    outer loop
      vertex 12.5277 -43.6893 11.4
      vertex 12.445 -43.401 11.1
      vertex 10.9228 -43.8088 11.1
    endloop
  endfacet
  facet normal -0.183027 0.683075 0.707042
    outer loop
      vertex 10.9953 -44.0999 11.4
      vertex 12.5277 -43.6893 11.4
      vertex 10.9228 -43.8088 11.1
    endloop
  endfacet
  facet normal -0.258776 0.965937 0
    outer loop
      vertex 12.445 -43.401 10.7
      vertex 10.9228 -43.8088 11.1
      vertex 12.445 -43.401 11.1
    endloop
  endfacet
  facet normal -0.258776 0.965937 0
    outer loop
      vertex 10.9228 -43.8088 11.1
      vertex 12.445 -43.401 10.7
      vertex 10.9228 -43.8088 10.7
    endloop
  endfacet
  facet normal -0.183047 0.683149 -0.706966
    outer loop
      vertex 12.445 -43.401 10.7
      vertex 12.5277 -43.6893 10.4
      vertex 10.9953 -44.0999 10.4
    endloop
  endfacet
  facet normal -0.182999 0.683083 -0.707043
    outer loop
      vertex 12.445 -43.401 10.7
      vertex 10.9953 -44.0999 10.4
      vertex 10.9228 -43.8088 10.7
    endloop
  endfacet
  facet normal -0.258816 0.965927 0
    outer loop
      vertex 12.5277 -43.6893 8
      vertex 10.9953 -44.0999 10.4
      vertex 12.5277 -43.6893 10.4
    endloop
  endfacet
  facet normal -0.258816 0.965927 0
    outer loop
      vertex 10.9953 -44.0999 10.4
      vertex 12.5277 -43.6893 8
      vertex 10.9953 -44.0999 8
    endloop
  endfacet
  facet normal -0.258774 0.965938 0
    outer loop
      vertex 11.8524 -41.3343 0
      vertex 10.4026 -41.7227 8
      vertex 11.8524 -41.3343 8
    endloop
  endfacet
  facet normal -0.258774 0.965938 0
    outer loop
      vertex 10.4026 -41.7227 8
      vertex 11.8524 -41.3343 0
      vertex 10.4026 -41.7227 0
    endloop
  endfacet
  facet normal 0.258788 -0.965934 0
    outer loop
      vertex 11.576 -46.4286 0
      vertex 13.1892 -45.9964 14
      vertex 11.576 -46.4286 14
    endloop
  endfacet
  facet normal 0.258788 -0.965934 0
    outer loop
      vertex 13.1892 -45.9964 14
      vertex 11.576 -46.4286 0
      vertex 13.1892 -45.9964 0
    endloop
  endfacet
  facet normal -0.15909 0.689013 0.707072
    outer loop
      vertex 11.1405 -44.6821 14
      vertex 10.9953 -44.0999 13.4
      vertex 9.44958 -44.4568 13.4
    endloop
  endfacet
  facet normal -0.159084 0.689027 0.70706
    outer loop
      vertex 9.57433 -45.0437 14
      vertex 11.1405 -44.6821 14
      vertex 9.44958 -44.4568 13.4
    endloop
  endfacet
  facet normal -0.224976 0.974364 0
    outer loop
      vertex 10.9953 -44.0999 11.4
      vertex 9.44958 -44.4568 13.4
      vertex 10.9953 -44.0999 13.4
    endloop
  endfacet
  facet normal -0.224976 0.974364 0
    outer loop
      vertex 9.44958 -44.4568 13.4
      vertex 10.9953 -44.0999 11.4
      vertex 9.44958 -44.4568 11.4
    endloop
  endfacet
  facet normal -0.159113 0.689035 0.707046
    outer loop
      vertex 10.9953 -44.0999 11.4
      vertex 10.9228 -43.8088 11.1
      vertex 9.38721 -44.1634 11.1
    endloop
  endfacet
  facet normal -0.159106 0.689083 0.707001
    outer loop
      vertex 9.44958 -44.4568 11.4
      vertex 10.9953 -44.0999 11.4
      vertex 9.38721 -44.1634 11.1
    endloop
  endfacet
  facet normal -0.225 0.974359 0
    outer loop
      vertex 10.9228 -43.8088 10.7
      vertex 9.38721 -44.1634 11.1
      vertex 10.9228 -43.8088 11.1
    endloop
  endfacet
  facet normal -0.225 0.974359 0
    outer loop
      vertex 9.38721 -44.1634 11.1
      vertex 10.9228 -43.8088 10.7
      vertex 9.38721 -44.1634 10.7
    endloop
  endfacet
  facet normal -0.159096 0.689039 -0.707046
    outer loop
      vertex 10.9228 -43.8088 10.7
      vertex 10.9953 -44.0999 10.4
      vertex 9.44958 -44.4568 10.4
    endloop
  endfacet
  facet normal -0.159123 0.689079 -0.707001
    outer loop
      vertex 10.9228 -43.8088 10.7
      vertex 9.44958 -44.4568 10.4
      vertex 9.38721 -44.1634 10.7
    endloop
  endfacet
  facet normal -0.224976 0.974364 0
    outer loop
      vertex 10.9953 -44.0999 8
      vertex 9.44958 -44.4568 10.4
      vertex 10.9953 -44.0999 10.4
    endloop
  endfacet
  facet normal -0.224976 0.974364 0
    outer loop
      vertex 9.44958 -44.4568 10.4
      vertex 10.9953 -44.0999 8
      vertex 9.44958 -44.4568 8
    endloop
  endfacet
  facet normal -0.224937 0.974373 0
    outer loop
      vertex 10.4026 -41.7227 0
      vertex 8.9402 -42.0603 8
      vertex 10.4026 -41.7227 8
    endloop
  endfacet
  facet normal -0.224937 0.974373 0
    outer loop
      vertex 8.9402 -42.0603 8
      vertex 10.4026 -41.7227 0
      vertex 8.9402 -42.0603 0
    endloop
  endfacet
  facet normal 0.224995 -0.97436 0
    outer loop
      vertex 9.94857 -46.8044 0
      vertex 11.576 -46.4286 14
      vertex 9.94857 -46.8044 14
    endloop
  endfacet
  facet normal 0.224995 -0.97436 0
    outer loop
      vertex 11.576 -46.4286 14
      vertex 9.94857 -46.8044 0
      vertex 11.576 -46.4286 0
    endloop
  endfacet
  facet normal -0.13493 0.694162 0.70706
    outer loop
      vertex 9.57433 -45.0437 14
      vertex 9.44958 -44.4568 13.4
      vertex 7.89231 -44.7595 13.4
    endloop
  endfacet
  facet normal -0.134931 0.694159 0.707062
    outer loop
      vertex 7.9965 -45.3504 14
      vertex 9.57433 -45.0437 14
      vertex 7.89231 -44.7595 13.4
    endloop
  endfacet
  facet normal -0.190807 0.981627 0
    outer loop
      vertex 9.44958 -44.4568 11.4
      vertex 7.89231 -44.7595 13.4
      vertex 9.44958 -44.4568 13.4
    endloop
  endfacet
  facet normal -0.190807 0.981627 0
    outer loop
      vertex 7.89231 -44.7595 13.4
      vertex 9.44958 -44.4568 11.4
      vertex 7.89231 -44.7595 11.4
    endloop
  endfacet
  facet normal -0.13494 0.69422 0.707001
    outer loop
      vertex 9.44958 -44.4568 11.4
      vertex 9.38721 -44.1634 11.1
      vertex 7.84021 -44.4641 11.1
    endloop
  endfacet
  facet normal -0.134941 0.694215 0.707005
    outer loop
      vertex 7.89231 -44.7595 11.4
      vertex 9.44958 -44.4568 11.4
      vertex 7.84021 -44.4641 11.1
    endloop
  endfacet
  facet normal -0.190805 0.981628 0
    outer loop
      vertex 9.38721 -44.1634 10.7
      vertex 7.84021 -44.4641 11.1
      vertex 9.38721 -44.1634 11.1
    endloop
  endfacet
  facet normal -0.190805 0.981628 0
    outer loop
      vertex 7.84021 -44.4641 11.1
      vertex 9.38721 -44.1634 10.7
      vertex 7.84021 -44.4641 10.7
    endloop
  endfacet
  facet normal -0.134941 0.694219 -0.707001
    outer loop
      vertex 9.38721 -44.1634 10.7
      vertex 9.44958 -44.4568 10.4
      vertex 7.89231 -44.7595 10.4
    endloop
  endfacet
  facet normal -0.134939 0.694215 -0.707005
    outer loop
      vertex 9.38721 -44.1634 10.7
      vertex 7.89231 -44.7595 10.4
      vertex 7.84021 -44.4641 10.7
    endloop
  endfacet
  facet normal -0.190807 0.981627 0
    outer loop
      vertex 9.44958 -44.4568 8
      vertex 7.89231 -44.7595 10.4
      vertex 9.44958 -44.4568 10.4
    endloop
  endfacet
  facet normal -0.190807 0.981627 0
    outer loop
      vertex 7.89231 -44.7595 10.4
      vertex 9.44958 -44.4568 8
      vertex 7.89231 -44.7595 8
    endloop
  endfacet
  facet normal -0.190818 0.981625 0
    outer loop
      vertex 8.9402 -42.0603 0
      vertex 7.46687 -42.3467 8
      vertex 8.9402 -42.0603 8
    endloop
  endfacet
  facet normal -0.190818 0.981625 0
    outer loop
      vertex 7.46687 -42.3467 8
      vertex 8.9402 -42.0603 0
      vertex 7.46687 -42.3467 0
    endloop
  endfacet
  facet normal 0.190758 -0.981637 0
    outer loop
      vertex 8.30906 -47.123 0
      vertex 9.94857 -46.8044 14
      vertex 8.30906 -47.123 14
    endloop
  endfacet
  facet normal 0.190758 -0.981637 0
    outer loop
      vertex 9.94857 -46.8044 14
      vertex 8.30906 -47.123 0
      vertex 9.94857 -46.8044 0
    endloop
  endfacet
  facet normal -0.110635 0.698443 0.707062
    outer loop
      vertex 7.9965 -45.3504 14
      vertex 7.89231 -44.7595 13.4
      vertex 6.32542 -45.0077 13.4
    endloop
  endfacet
  facet normal -0.110609 0.698493 0.707017
    outer loop
      vertex 6.40892 -45.6018 14
      vertex 7.9965 -45.3504 14
      vertex 6.32542 -45.0077 13.4
    endloop
  endfacet
  facet normal -0.156452 0.987686 0
    outer loop
      vertex 7.89231 -44.7595 11.4
      vertex 6.32542 -45.0077 13.4
      vertex 7.89231 -44.7595 13.4
    endloop
  endfacet
  facet normal -0.156452 0.987686 0
    outer loop
      vertex 6.32542 -45.0077 13.4
      vertex 7.89231 -44.7595 11.4
      vertex 6.32542 -45.0077 11.4
    endloop
  endfacet
  facet normal -0.110617 0.698504 0.707005
    outer loop
      vertex 7.89231 -44.7595 11.4
      vertex 7.84021 -44.4641 11.1
      vertex 6.28366 -44.7106 11.1
    endloop
  endfacet
  facet normal -0.110633 0.698428 0.707077
    outer loop
      vertex 6.32542 -45.0077 11.4
      vertex 7.89231 -44.7595 11.4
      vertex 6.28366 -44.7106 11.1
    endloop
  endfacet
  facet normal -0.156414 0.987692 0
    outer loop
      vertex 7.84021 -44.4641 10.7
      vertex 6.28366 -44.7106 11.1
      vertex 7.84021 -44.4641 11.1
    endloop
  endfacet
  facet normal -0.156414 0.987692 0
    outer loop
      vertex 6.28366 -44.7106 11.1
      vertex 7.84021 -44.4641 10.7
      vertex 6.28366 -44.7106 10.7
    endloop
  endfacet
  facet normal -0.110644 0.6985 -0.707005
    outer loop
      vertex 7.84021 -44.4641 10.7
      vertex 7.89231 -44.7595 10.4
      vertex 6.32542 -45.0077 10.4
    endloop
  endfacet
  facet normal -0.110606 0.698433 -0.707077
    outer loop
      vertex 7.84021 -44.4641 10.7
      vertex 6.32542 -45.0077 10.4
      vertex 6.28366 -44.7106 10.7
    endloop
  endfacet
  facet normal -0.156452 0.987686 0
    outer loop
      vertex 7.89231 -44.7595 8
      vertex 6.32542 -45.0077 10.4
      vertex 7.89231 -44.7595 10.4
    endloop
  endfacet
  facet normal -0.156452 0.987686 0
    outer loop
      vertex 6.32542 -45.0077 10.4
      vertex 7.89231 -44.7595 8
      vertex 6.32542 -45.0077 8
    endloop
  endfacet
  facet normal -0.156438 0.987688 0
    outer loop
      vertex 7.46687 -42.3467 0
      vertex 5.98444 -42.5815 8
      vertex 7.46687 -42.3467 8
    endloop
  endfacet
  facet normal -0.156438 0.987688 0
    outer loop
      vertex 5.98444 -42.5815 8
      vertex 7.46687 -42.3467 0
      vertex 5.98444 -42.5815 0
    endloop
  endfacet
  facet normal 0.156449 -0.987686 0
    outer loop
      vertex 6.65943 -47.3843 0
      vertex 8.30906 -47.123 14
      vertex 6.65943 -47.3843 14
    endloop
  endfacet
  facet normal 0.156449 -0.987686 0
    outer loop
      vertex 8.30906 -47.123 14
      vertex 6.65943 -47.3843 0
      vertex 8.30906 -47.123 0
    endloop
  endfacet
  facet normal -0.0861695 0.701927 0.707017
    outer loop
      vertex 6.40892 -45.6018 14
      vertex 6.32542 -45.0077 13.4
      vertex 4.75082 -45.201 13.4
    endloop
  endfacet
  facet normal -0.0861869 0.701897 0.707045
    outer loop
      vertex 4.81353 -45.7977 14
      vertex 6.40892 -45.6018 14
      vertex 4.75082 -45.201 13.4
    endloop
  endfacet
  facet normal -0.121847 0.992549 0
    outer loop
      vertex 6.32542 -45.0077 11.4
      vertex 4.75082 -45.201 13.4
      vertex 6.32542 -45.0077 13.4
    endloop
  endfacet
  facet normal -0.121847 0.992549 0
    outer loop
      vertex 4.75082 -45.201 13.4
      vertex 6.32542 -45.0077 11.4
      vertex 4.75082 -45.201 11.4
    endloop
  endfacet
  facet normal -0.0861961 0.701863 0.707077
    outer loop
      vertex 6.32542 -45.0077 11.4
      vertex 6.28366 -44.7106 11.1
      vertex 4.71946 -44.9027 11.1
    endloop
  endfacet
  facet normal -0.0861732 0.701957 0.706987
    outer loop
      vertex 4.75082 -45.201 11.4
      vertex 6.32542 -45.0077 11.4
      vertex 4.71946 -44.9027 11.1
    endloop
  endfacet
  facet normal -0.121895 0.992543 0
    outer loop
      vertex 6.28366 -44.7106 10.7
      vertex 4.71946 -44.9027 11.1
      vertex 6.28366 -44.7106 11.1
    endloop
  endfacet
  facet normal -0.121895 0.992543 0
    outer loop
      vertex 4.71946 -44.9027 11.1
      vertex 6.28366 -44.7106 10.7
      vertex 4.71946 -44.9027 10.7
    endloop
  endfacet
  facet normal -0.0861622 0.701868 -0.707077
    outer loop
      vertex 6.28366 -44.7106 10.7
      vertex 6.32542 -45.0077 10.4
      vertex 4.75082 -45.201 10.4
    endloop
  endfacet
  facet normal -0.0862071 0.701953 -0.706987
    outer loop
      vertex 6.28366 -44.7106 10.7
      vertex 4.75082 -45.201 10.4
      vertex 4.71946 -44.9027 10.7
    endloop
  endfacet
  facet normal -0.121847 0.992549 0
    outer loop
      vertex 6.32542 -45.0077 8
      vertex 4.75082 -45.201 10.4
      vertex 6.32542 -45.0077 10.4
    endloop
  endfacet
  facet normal -0.121847 0.992549 0
    outer loop
      vertex 4.75082 -45.201 10.4
      vertex 6.32542 -45.0077 8
      vertex 4.75082 -45.201 8
    endloop
  endfacet
  facet normal -0.12186 0.992547 0
    outer loop
      vertex 5.98444 -42.5815 0
      vertex 4.49472 -42.7644 8
      vertex 5.98444 -42.5815 8
    endloop
  endfacet
  facet normal -0.12186 0.992547 0
    outer loop
      vertex 4.49472 -42.7644 8
      vertex 5.98444 -42.5815 0
      vertex 4.49472 -42.7644 0
    endloop
  endfacet
  facet normal 0.121902 -0.992542 0
    outer loop
      vertex 5.00169 -47.5879 0
      vertex 6.65943 -47.3843 14
      vertex 5.00169 -47.5879 14
    endloop
  endfacet
  facet normal 0.121902 -0.992542 0
    outer loop
      vertex 6.65943 -47.3843 14
      vertex 5.00169 -47.5879 0
      vertex 6.65943 -47.3843 0
    endloop
  endfacet
  facet normal -0.0616488 0.704476 0.707045
    outer loop
      vertex 4.81353 -45.7977 14
      vertex 4.75082 -45.201 13.4
      vertex 3.17043 -45.3393 13.4
    endloop
  endfacet
  facet normal -0.0616389 0.704492 0.70703
    outer loop
      vertex 3.21228 -45.9378 14
      vertex 4.81353 -45.7977 14
      vertex 3.17043 -45.3393 13.4
    endloop
  endfacet
  facet normal -0.0871769 0.996193 0
    outer loop
      vertex 4.75082 -45.201 11.4
      vertex 3.17043 -45.3393 13.4
      vertex 4.75082 -45.201 13.4
    endloop
  endfacet
  facet normal -0.0871769 0.996193 0
    outer loop
      vertex 3.17043 -45.3393 13.4
      vertex 4.75082 -45.201 11.4
      vertex 3.17043 -45.3393 11.4
    endloop
  endfacet
  facet normal -0.061615 0.704538 0.706986
    outer loop
      vertex 4.75082 -45.201 11.4
      vertex 4.71946 -44.9027 11.1
      vertex 3.1495 -45.04 11.1
    endloop
  endfacet
  facet normal -0.0616449 0.704432 0.707089
    outer loop
      vertex 3.17043 -45.3393 11.4
      vertex 4.75082 -45.201 11.4
      vertex 3.1495 -45.04 11.1
    endloop
  endfacet
  facet normal -0.0871219 0.996198 0
    outer loop
      vertex 4.71946 -44.9027 10.7
      vertex 3.1495 -45.04 11.1
      vertex 4.71946 -44.9027 11.1
    endloop
  endfacet
  facet normal -0.0871219 0.996198 0
    outer loop
      vertex 3.1495 -45.04 11.1
      vertex 4.71946 -44.9027 10.7
      vertex 3.1495 -45.04 10.7
    endloop
  endfacet
  facet normal -0.0616538 0.704534 -0.706987
    outer loop
      vertex 4.71946 -44.9027 10.7
      vertex 4.75082 -45.201 10.4
      vertex 3.17043 -45.3393 10.4
    endloop
  endfacet
  facet normal -0.061606 0.704435 -0.70709
    outer loop
      vertex 4.71946 -44.9027 10.7
      vertex 3.17043 -45.3393 10.4
      vertex 3.1495 -45.04 10.7
    endloop
  endfacet
  facet normal -0.0871769 0.996193 0
    outer loop
      vertex 4.75082 -45.201 8
      vertex 3.17043 -45.3393 10.4
      vertex 4.75082 -45.201 10.4
    endloop
  endfacet
  facet normal -0.0871769 0.996193 0
    outer loop
      vertex 3.17043 -45.3393 10.4
      vertex 4.75082 -45.201 8
      vertex 3.17043 -45.3393 8
    endloop
  endfacet
  facet normal -0.0872138 0.99619 0
    outer loop
      vertex 4.49472 -42.7644 0
      vertex 2.99953 -42.8953 8
      vertex 4.49472 -42.7644 8
    endloop
  endfacet
  facet normal -0.0872138 0.99619 0
    outer loop
      vertex 2.99953 -42.8953 8
      vertex 4.49472 -42.7644 0
      vertex 2.99953 -42.8953 0
    endloop
  endfacet
  facet normal 0.0871159 -0.996198 0
    outer loop
      vertex 3.33785 -47.7334 0
      vertex 5.00169 -47.5879 14
      vertex 3.33785 -47.7334 14
    endloop
  endfacet
  facet normal 0.0871159 -0.996198 0
    outer loop
      vertex 5.00169 -47.5879 14
      vertex 3.33785 -47.7334 0
      vertex 5.00169 -47.5879 0
    endloop
  endfacet
  facet normal -0.0369991 0.706215 0.70703
    outer loop
      vertex 3.21228 -45.9378 14
      vertex 3.17043 -45.3393 13.4
      vertex 1.58618 -45.4223 13.4
    endloop
  endfacet
  facet normal -0.037001 0.706212 0.707033
    outer loop
      vertex 1.60712 -46.0219 14
      vertex 3.21228 -45.9378 14
      vertex 1.58618 -45.4223 13.4
    endloop
  endfacet
  facet normal -0.052319 0.99863 0
    outer loop
      vertex 3.17043 -45.3393 11.4
      vertex 1.58618 -45.4223 13.4
      vertex 3.17043 -45.3393 13.4
    endloop
  endfacet
  facet normal -0.052319 0.99863 0
    outer loop
      vertex 1.58618 -45.4223 13.4
      vertex 3.17043 -45.3393 11.4
      vertex 1.58618 -45.4223 11.4
    endloop
  endfacet
  facet normal -0.0370175 0.706155 0.707089
    outer loop
      vertex 3.17043 -45.3393 11.4
      vertex 3.1495 -45.04 11.1
      vertex 1.57571 -45.1225 11.1
    endloop
  endfacet
  facet normal -0.036999 0.706212 0.707033
    outer loop
      vertex 1.58618 -45.4223 11.4
      vertex 3.17043 -45.3393 11.4
      vertex 1.57571 -45.1225 11.1
    endloop
  endfacet
  facet normal -0.0523493 0.998629 0
    outer loop
      vertex 3.1495 -45.04 10.7
      vertex 1.57571 -45.1225 11.1
      vertex 3.1495 -45.04 11.1
    endloop
  endfacet
  facet normal -0.0523493 0.998629 0
    outer loop
      vertex 1.57571 -45.1225 11.1
      vertex 3.1495 -45.04 10.7
      vertex 1.57571 -45.1225 10.7
    endloop
  endfacet
  facet normal -0.036996 0.706156 -0.707089
    outer loop
      vertex 3.1495 -45.04 10.7
      vertex 3.17043 -45.3393 10.4
      vertex 1.58618 -45.4223 10.4
    endloop
  endfacet
  facet normal -0.0370205 0.706211 -0.707033
    outer loop
      vertex 3.1495 -45.04 10.7
      vertex 1.58618 -45.4223 10.4
      vertex 1.57571 -45.1225 10.7
    endloop
  endfacet
  facet normal -0.052319 0.99863 0
    outer loop
      vertex 3.17043 -45.3393 8
      vertex 1.58618 -45.4223 10.4
      vertex 3.17043 -45.3393 10.4
    endloop
  endfacet
  facet normal -0.052319 0.99863 0
    outer loop
      vertex 1.58618 -45.4223 10.4
      vertex 3.17043 -45.3393 8
      vertex 1.58618 -45.4223 8
    endloop
  endfacet
  facet normal -0.0523018 0.998631 0
    outer loop
      vertex 2.99953 -42.8953 0
      vertex 1.50068 -42.9738 8
      vertex 2.99953 -42.8953 8
    endloop
  endfacet
  facet normal -0.0523018 0.998631 0
    outer loop
      vertex 1.50068 -42.9738 8
      vertex 2.99953 -42.8953 0
      vertex 1.50068 -42.9738 0
    endloop
  endfacet
  facet normal 0.0523291 -0.99863 0
    outer loop
      vertex 1.66994 -47.8208 0
      vertex 3.33785 -47.7334 14
      vertex 1.66994 -47.8208 14
    endloop
  endfacet
  facet normal 0.0523291 -0.99863 0
    outer loop
      vertex 3.33785 -47.7334 14
      vertex 1.66994 -47.8208 0
      vertex 3.33785 -47.7334 0
    endloop
  endfacet
  facet normal -0.0123479 0.707073 0.707033
    outer loop
      vertex 1.60712 -46.0219 14
      vertex 1.58618 -45.4223 13.4
      vertex 0 -45.45 13.4
    endloop
  endfacet
  facet normal -0.0123626 0.707053 0.707053
    outer loop
      vertex 1.60712 -46.0219 14
      vertex 0 -45.45 13.4
      vertex 0 -46.05 14
    endloop
  endfacet
  facet normal -0.0174607 0.999848 0
    outer loop
      vertex 1.58618 -45.4223 11.4
      vertex 0 -45.45 13.4
      vertex 1.58618 -45.4223 13.4
    endloop
  endfacet
  facet normal -0.0174607 0.999848 0
    outer loop
      vertex 0 -45.45 13.4
      vertex 1.58618 -45.4223 11.4
      vertex 0 -45.45 11.4
    endloop
  endfacet
  facet normal -0.0123402 0.707073 0.707033
    outer loop
      vertex 1.58618 -45.4223 11.4
      vertex 1.57571 -45.1225 11.1
      vertex 0 -45.15 11.1
    endloop
  endfacet
  facet normal -0.0123475 0.707053 0.707053
    outer loop
      vertex 1.58618 -45.4223 11.4
      vertex 0 -45.15 11.1
      vertex 0 -45.45 11.4
    endloop
  endfacet
  facet normal -0.0174498 0.999848 0
    outer loop
      vertex 1.57571 -45.1225 10.7
      vertex 0 -45.15 11.1
      vertex 1.57571 -45.1225 11.1
    endloop
  endfacet
  facet normal -0.0174498 0.999848 0
    outer loop
      vertex 0 -45.15 11.1
      vertex 1.57571 -45.1225 10.7
      vertex 0 -45.15 10.7
    endloop
  endfacet
  facet normal -0.0123479 0.707073 -0.707033
    outer loop
      vertex 1.57571 -45.1225 10.7
      vertex 1.58618 -45.4223 10.4
      vertex 0 -45.45 10.4
    endloop
  endfacet
  facet normal -0.0123398 0.707053 -0.707053
    outer loop
      vertex 0 -45.15 10.7
      vertex 1.57571 -45.1225 10.7
      vertex 0 -45.45 10.4
    endloop
  endfacet
  facet normal -0.0174607 0.999848 0
    outer loop
      vertex 1.58618 -45.4223 8
      vertex 0 -45.45 10.4
      vertex 1.58618 -45.4223 10.4
    endloop
  endfacet
  facet normal -0.0174607 0.999848 0
    outer loop
      vertex 0 -45.45 10.4
      vertex 1.58618 -45.4223 8
      vertex 0 -45.45 8
    endloop
  endfacet
  facet normal -0.0174561 0.999848 0
    outer loop
      vertex 1.50068 -42.9738 0
      vertex 0 -43 8
      vertex 1.50068 -42.9738 8
    endloop
  endfacet
  facet normal -0.0174561 0.999848 0
    outer loop
      vertex 0 -43 8
      vertex 1.50068 -42.9738 0
      vertex 0 -43 0
    endloop
  endfacet
  facet normal 0.017483 -0.999847 0
    outer loop
      vertex 0 -47.85 0
      vertex 1.66994 -47.8208 14
      vertex 0 -47.85 14
    endloop
  endfacet
  facet normal 0.017483 -0.999847 0
    outer loop
      vertex 1.66994 -47.8208 14
      vertex 0 -47.85 0
      vertex 1.66994 -47.8208 0
    endloop
  endfacet
  facet normal 0.0123475 0.707053 0.707053
    outer loop
      vertex 0 -46.05 14
      vertex 0 -45.45 13.4
      vertex -1.58618 -45.4223 13.4
    endloop
  endfacet
  facet normal 0.0123629 0.707073 0.707033
    outer loop
      vertex 0 -46.05 14
      vertex -1.58618 -45.4223 13.4
      vertex -1.60712 -46.0219 14
    endloop
  endfacet
  facet normal 0.0174607 0.999848 -0
    outer loop
      vertex 0 -45.45 11.4
      vertex -1.58618 -45.4223 13.4
      vertex 0 -45.45 13.4
    endloop
  endfacet
  facet normal 0.0174607 0.999848 0
    outer loop
      vertex -1.58618 -45.4223 13.4
      vertex 0 -45.45 11.4
      vertex -1.58618 -45.4223 11.4
    endloop
  endfacet
  facet normal 0.0123398 0.707053 0.707053
    outer loop
      vertex 0 -45.45 11.4
      vertex 0 -45.15 11.1
      vertex -1.57571 -45.1225 11.1
    endloop
  endfacet
  facet normal 0.0123479 0.707073 0.707033
    outer loop
      vertex 0 -45.45 11.4
      vertex -1.57571 -45.1225 11.1
      vertex -1.58618 -45.4223 11.4
    endloop
  endfacet
  facet normal 0.0174498 0.999848 -0
    outer loop
      vertex 0 -45.15 10.7
      vertex -1.57571 -45.1225 11.1
      vertex 0 -45.15 11.1
    endloop
  endfacet
  facet normal 0.0174498 0.999848 0
    outer loop
      vertex -1.57571 -45.1225 11.1
      vertex 0 -45.15 10.7
      vertex -1.57571 -45.1225 10.7
    endloop
  endfacet
  facet normal 0.0123475 0.707053 -0.707053
    outer loop
      vertex 0 -45.15 10.7
      vertex 0 -45.45 10.4
      vertex -1.58618 -45.4223 10.4
    endloop
  endfacet
  facet normal 0.0123402 0.707073 -0.707033
    outer loop
      vertex -1.57571 -45.1225 10.7
      vertex 0 -45.15 10.7
      vertex -1.58618 -45.4223 10.4
    endloop
  endfacet
  facet normal 0.0174607 0.999848 -0
    outer loop
      vertex 0 -45.45 8
      vertex -1.58618 -45.4223 10.4
      vertex 0 -45.45 10.4
    endloop
  endfacet
  facet normal 0.0174607 0.999848 0
    outer loop
      vertex -1.58618 -45.4223 10.4
      vertex 0 -45.45 8
      vertex -1.58618 -45.4223 8
    endloop
  endfacet
  facet normal 0.0174561 0.999848 -0
    outer loop
      vertex 0 -43 0
      vertex -1.50068 -42.9738 8
      vertex 0 -43 8
    endloop
  endfacet
  facet normal 0.0174561 0.999848 0
    outer loop
      vertex -1.50068 -42.9738 8
      vertex 0 -43 0
      vertex -1.50068 -42.9738 0
    endloop
  endfacet
  facet normal -0.017483 -0.999847 0
    outer loop
      vertex -1.66994 -47.8208 0
      vertex 0 -47.85 14
      vertex -1.66994 -47.8208 14
    endloop
  endfacet
  facet normal -0.017483 -0.999847 -0
    outer loop
      vertex 0 -47.85 14
      vertex -1.66994 -47.8208 0
      vertex 0 -47.85 0
    endloop
  endfacet
  facet normal 0.036999 0.706212 0.707033
    outer loop
      vertex -1.60712 -46.0219 14
      vertex -1.58618 -45.4223 13.4
      vertex -3.17043 -45.3393 13.4
    endloop
  endfacet
  facet normal 0.0370011 0.706215 0.70703
    outer loop
      vertex -1.60712 -46.0219 14
      vertex -3.17043 -45.3393 13.4
      vertex -3.21228 -45.9378 14
    endloop
  endfacet
  facet normal 0.052319 0.99863 -0
    outer loop
      vertex -1.58618 -45.4223 11.4
      vertex -3.17043 -45.3393 13.4
      vertex -1.58618 -45.4223 13.4
    endloop
  endfacet
  facet normal 0.052319 0.99863 0
    outer loop
      vertex -3.17043 -45.3393 13.4
      vertex -1.58618 -45.4223 11.4
      vertex -3.17043 -45.3393 11.4
    endloop
  endfacet
  facet normal 0.0370205 0.706211 0.707033
    outer loop
      vertex -1.58618 -45.4223 11.4
      vertex -1.57571 -45.1225 11.1
      vertex -3.1495 -45.04 11.1
    endloop
  endfacet
  facet normal 0.036996 0.706156 0.707089
    outer loop
      vertex -1.58618 -45.4223 11.4
      vertex -3.1495 -45.04 11.1
      vertex -3.17043 -45.3393 11.4
    endloop
  endfacet
  facet normal 0.0523493 0.998629 -0
    outer loop
      vertex -1.57571 -45.1225 10.7
      vertex -3.1495 -45.04 11.1
      vertex -1.57571 -45.1225 11.1
    endloop
  endfacet
  facet normal 0.0523493 0.998629 0
    outer loop
      vertex -3.1495 -45.04 11.1
      vertex -1.57571 -45.1225 10.7
      vertex -3.1495 -45.04 10.7
    endloop
  endfacet
  facet normal 0.036999 0.706212 -0.707033
    outer loop
      vertex -1.57571 -45.1225 10.7
      vertex -1.58618 -45.4223 10.4
      vertex -3.17043 -45.3393 10.4
    endloop
  endfacet
  facet normal 0.0370175 0.706155 -0.707089
    outer loop
      vertex -3.1495 -45.04 10.7
      vertex -1.57571 -45.1225 10.7
      vertex -3.17043 -45.3393 10.4
    endloop
  endfacet
  facet normal 0.052319 0.99863 -0
    outer loop
      vertex -1.58618 -45.4223 8
      vertex -3.17043 -45.3393 10.4
      vertex -1.58618 -45.4223 10.4
    endloop
  endfacet
  facet normal 0.052319 0.99863 0
    outer loop
      vertex -3.17043 -45.3393 10.4
      vertex -1.58618 -45.4223 8
      vertex -3.17043 -45.3393 8
    endloop
  endfacet
  facet normal 0.0523018 0.998631 -0
    outer loop
      vertex -1.50068 -42.9738 0
      vertex -2.99953 -42.8953 8
      vertex -1.50068 -42.9738 8
    endloop
  endfacet
  facet normal 0.0523018 0.998631 0
    outer loop
      vertex -2.99953 -42.8953 8
      vertex -1.50068 -42.9738 0
      vertex -2.99953 -42.8953 0
    endloop
  endfacet
  facet normal -0.0523291 -0.99863 0
    outer loop
      vertex -3.33785 -47.7334 0
      vertex -1.66994 -47.8208 14
      vertex -3.33785 -47.7334 14
    endloop
  endfacet
  facet normal -0.0523291 -0.99863 -0
    outer loop
      vertex -1.66994 -47.8208 14
      vertex -3.33785 -47.7334 0
      vertex -1.66994 -47.8208 0
    endloop
  endfacet
  facet normal 0.0616501 0.704491 0.70703
    outer loop
      vertex -3.21228 -45.9378 14
      vertex -3.17043 -45.3393 13.4
      vertex -4.75082 -45.201 13.4
    endloop
  endfacet
  facet normal 0.0616376 0.704477 0.707045
    outer loop
      vertex -3.21228 -45.9378 14
      vertex -4.75082 -45.201 13.4
      vertex -4.81353 -45.7977 14
    endloop
  endfacet
  facet normal 0.0871769 0.996193 -0
    outer loop
      vertex -3.17043 -45.3393 11.4
      vertex -4.75082 -45.201 13.4
      vertex -3.17043 -45.3393 13.4
    endloop
  endfacet
  facet normal 0.0871769 0.996193 0
    outer loop
      vertex -4.75082 -45.201 13.4
      vertex -3.17043 -45.3393 11.4
      vertex -4.75082 -45.201 11.4
    endloop
  endfacet
  facet normal 0.061606 0.704435 0.70709
    outer loop
      vertex -3.17043 -45.3393 11.4
      vertex -3.1495 -45.04 11.1
      vertex -4.71946 -44.9027 11.1
    endloop
  endfacet
  facet normal 0.0616538 0.704534 0.706987
    outer loop
      vertex -3.17043 -45.3393 11.4
      vertex -4.71946 -44.9027 11.1
      vertex -4.75082 -45.201 11.4
    endloop
  endfacet
  facet normal 0.0871219 0.996198 -0
    outer loop
      vertex -3.1495 -45.04 10.7
      vertex -4.71946 -44.9027 11.1
      vertex -3.1495 -45.04 11.1
    endloop
  endfacet
  facet normal 0.0871219 0.996198 0
    outer loop
      vertex -4.71946 -44.9027 11.1
      vertex -3.1495 -45.04 10.7
      vertex -4.71946 -44.9027 10.7
    endloop
  endfacet
  facet normal 0.0616449 0.704432 -0.707089
    outer loop
      vertex -3.1495 -45.04 10.7
      vertex -3.17043 -45.3393 10.4
      vertex -4.75082 -45.201 10.4
    endloop
  endfacet
  facet normal 0.061615 0.704538 -0.706986
    outer loop
      vertex -4.71946 -44.9027 10.7
      vertex -3.1495 -45.04 10.7
      vertex -4.75082 -45.201 10.4
    endloop
  endfacet
  facet normal 0.0871769 0.996193 -0
    outer loop
      vertex -3.17043 -45.3393 8
      vertex -4.75082 -45.201 10.4
      vertex -3.17043 -45.3393 10.4
    endloop
  endfacet
  facet normal 0.0871769 0.996193 0
    outer loop
      vertex -4.75082 -45.201 10.4
      vertex -3.17043 -45.3393 8
      vertex -4.75082 -45.201 8
    endloop
  endfacet
  facet normal 0.0872138 0.99619 -0
    outer loop
      vertex -2.99953 -42.8953 0
      vertex -4.49472 -42.7644 8
      vertex -2.99953 -42.8953 8
    endloop
  endfacet
  facet normal 0.0872138 0.99619 0
    outer loop
      vertex -4.49472 -42.7644 8
      vertex -2.99953 -42.8953 0
      vertex -4.49472 -42.7644 0
    endloop
  endfacet
  facet normal -0.0871159 -0.996198 0
    outer loop
      vertex -5.00169 -47.5879 0
      vertex -3.33785 -47.7334 14
      vertex -5.00169 -47.5879 14
    endloop
  endfacet
  facet normal -0.0871159 -0.996198 -0
    outer loop
      vertex -3.33785 -47.7334 14
      vertex -5.00169 -47.5879 0
      vertex -3.33785 -47.7334 0
    endloop
  endfacet
  facet normal 0.0861661 0.7019 0.707045
    outer loop
      vertex -4.81353 -45.7977 14
      vertex -4.75082 -45.201 13.4
      vertex -6.32542 -45.0077 13.4
    endloop
  endfacet
  facet normal 0.0861902 0.701925 0.707017
    outer loop
      vertex -4.81353 -45.7977 14
      vertex -6.32542 -45.0077 13.4
      vertex -6.40892 -45.6018 14
    endloop
  endfacet
  facet normal 0.121847 0.992549 -0
    outer loop
      vertex -4.75082 -45.201 11.4
      vertex -6.32542 -45.0077 13.4
      vertex -4.75082 -45.201 13.4
    endloop
  endfacet
  facet normal 0.121847 0.992549 0
    outer loop
      vertex -6.32542 -45.0077 13.4
      vertex -4.75082 -45.201 11.4
      vertex -6.32542 -45.0077 11.4
    endloop
  endfacet
  facet normal 0.0862071 0.701953 0.706987
    outer loop
      vertex -4.75082 -45.201 11.4
      vertex -4.71946 -44.9027 11.1
      vertex -6.28366 -44.7106 11.1
    endloop
  endfacet
  facet normal 0.0861622 0.701868 0.707077
    outer loop
      vertex -4.75082 -45.201 11.4
      vertex -6.28366 -44.7106 11.1
      vertex -6.32542 -45.0077 11.4
    endloop
  endfacet
  facet normal 0.121895 0.992543 -0
    outer loop
      vertex -4.71946 -44.9027 10.7
      vertex -6.28366 -44.7106 11.1
      vertex -4.71946 -44.9027 11.1
    endloop
  endfacet
  facet normal 0.121895 0.992543 0
    outer loop
      vertex -6.28366 -44.7106 11.1
      vertex -4.71946 -44.9027 10.7
      vertex -6.28366 -44.7106 10.7
    endloop
  endfacet
  facet normal 0.0861732 0.701957 -0.706987
    outer loop
      vertex -4.71946 -44.9027 10.7
      vertex -4.75082 -45.201 10.4
      vertex -6.32542 -45.0077 10.4
    endloop
  endfacet
  facet normal 0.0861961 0.701863 -0.707077
    outer loop
      vertex -6.28366 -44.7106 10.7
      vertex -4.71946 -44.9027 10.7
      vertex -6.32542 -45.0077 10.4
    endloop
  endfacet
  facet normal 0.121847 0.992549 -0
    outer loop
      vertex -4.75082 -45.201 8
      vertex -6.32542 -45.0077 10.4
      vertex -4.75082 -45.201 10.4
    endloop
  endfacet
  facet normal 0.121847 0.992549 0
    outer loop
      vertex -6.32542 -45.0077 10.4
      vertex -4.75082 -45.201 8
      vertex -6.32542 -45.0077 8
    endloop
  endfacet
  facet normal 0.12186 0.992547 -0
    outer loop
      vertex -4.49472 -42.7644 0
      vertex -5.98444 -42.5815 8
      vertex -4.49472 -42.7644 8
    endloop
  endfacet
  facet normal 0.12186 0.992547 0
    outer loop
      vertex -5.98444 -42.5815 8
      vertex -4.49472 -42.7644 0
      vertex -5.98444 -42.5815 0
    endloop
  endfacet
  facet normal -0.121902 -0.992542 0
    outer loop
      vertex -6.65943 -47.3843 0
      vertex -5.00169 -47.5879 14
      vertex -6.65943 -47.3843 14
    endloop
  endfacet
  facet normal -0.121902 -0.992542 -0
    outer loop
      vertex -5.00169 -47.5879 14
      vertex -6.65943 -47.3843 0
      vertex -5.00169 -47.5879 0
    endloop
  endfacet
  facet normal 0.110643 0.698488 0.707017
    outer loop
      vertex -6.40892 -45.6018 14
      vertex -6.32542 -45.0077 13.4
      vertex -7.89231 -44.7595 13.4
    endloop
  endfacet
  facet normal 0.110602 0.698449 0.707062
    outer loop
      vertex -6.40892 -45.6018 14
      vertex -7.89231 -44.7595 13.4
      vertex -7.9965 -45.3504 14
    endloop
  endfacet
  facet normal 0.156452 0.987686 -0
    outer loop
      vertex -6.32542 -45.0077 11.4
      vertex -7.89231 -44.7595 13.4
      vertex -6.32542 -45.0077 13.4
    endloop
  endfacet
  facet normal 0.156452 0.987686 0
    outer loop
      vertex -7.89231 -44.7595 13.4
      vertex -6.32542 -45.0077 11.4
      vertex -7.89231 -44.7595 11.4
    endloop
  endfacet
  facet normal 0.110606 0.698433 0.707077
    outer loop
      vertex -6.32542 -45.0077 11.4
      vertex -6.28366 -44.7106 11.1
      vertex -7.84021 -44.4641 11.1
    endloop
  endfacet
  facet normal 0.110644 0.6985 0.707005
    outer loop
      vertex -6.32542 -45.0077 11.4
      vertex -7.84021 -44.4641 11.1
      vertex -7.89231 -44.7595 11.4
    endloop
  endfacet
  facet normal 0.156414 0.987692 -0
    outer loop
      vertex -6.28366 -44.7106 10.7
      vertex -7.84021 -44.4641 11.1
      vertex -6.28366 -44.7106 11.1
    endloop
  endfacet
  facet normal 0.156414 0.987692 0
    outer loop
      vertex -7.84021 -44.4641 11.1
      vertex -6.28366 -44.7106 10.7
      vertex -7.84021 -44.4641 10.7
    endloop
  endfacet
  facet normal 0.110633 0.698428 -0.707077
    outer loop
      vertex -6.28366 -44.7106 10.7
      vertex -6.32542 -45.0077 10.4
      vertex -7.89231 -44.7595 10.4
    endloop
  endfacet
  facet normal 0.110617 0.698504 -0.707005
    outer loop
      vertex -7.84021 -44.4641 10.7
      vertex -6.28366 -44.7106 10.7
      vertex -7.89231 -44.7595 10.4
    endloop
  endfacet
  facet normal 0.156452 0.987686 -0
    outer loop
      vertex -6.32542 -45.0077 8
      vertex -7.89231 -44.7595 10.4
      vertex -6.32542 -45.0077 10.4
    endloop
  endfacet
  facet normal 0.156452 0.987686 0
    outer loop
      vertex -7.89231 -44.7595 10.4
      vertex -6.32542 -45.0077 8
      vertex -7.89231 -44.7595 8
    endloop
  endfacet
  facet normal 0.156438 0.987688 -0
    outer loop
      vertex -5.98444 -42.5815 0
      vertex -7.46687 -42.3467 8
      vertex -5.98444 -42.5815 8
    endloop
  endfacet
  facet normal 0.156438 0.987688 0
    outer loop
      vertex -7.46687 -42.3467 8
      vertex -5.98444 -42.5815 0
      vertex -7.46687 -42.3467 0
    endloop
  endfacet
  facet normal -0.156449 -0.987686 0
    outer loop
      vertex -8.30906 -47.123 0
      vertex -6.65943 -47.3843 14
      vertex -8.30906 -47.123 14
    endloop
  endfacet
  facet normal -0.156449 -0.987686 -0
    outer loop
      vertex -6.65943 -47.3843 14
      vertex -8.30906 -47.123 0
      vertex -6.65943 -47.3843 0
    endloop
  endfacet
  facet normal 0.13493 0.694159 0.707062
    outer loop
      vertex -7.9965 -45.3504 14
      vertex -7.89231 -44.7595 13.4
      vertex -9.44958 -44.4568 13.4
    endloop
  endfacet
  facet normal 0.134932 0.694161 0.70706
    outer loop
      vertex -7.9965 -45.3504 14
      vertex -9.44958 -44.4568 13.4
      vertex -9.57433 -45.0437 14
    endloop
  endfacet
  facet normal 0.190807 0.981627 -0
    outer loop
      vertex -7.89231 -44.7595 11.4
      vertex -9.44958 -44.4568 13.4
      vertex -7.89231 -44.7595 13.4
    endloop
  endfacet
  facet normal 0.190807 0.981627 0
    outer loop
      vertex -9.44958 -44.4568 13.4
      vertex -7.89231 -44.7595 11.4
      vertex -9.44958 -44.4568 11.4
    endloop
  endfacet
  facet normal 0.134939 0.694215 0.707005
    outer loop
      vertex -7.89231 -44.7595 11.4
      vertex -7.84021 -44.4641 11.1
      vertex -9.38721 -44.1634 11.1
    endloop
  endfacet
  facet normal 0.134941 0.694219 0.707001
    outer loop
      vertex -7.89231 -44.7595 11.4
      vertex -9.38721 -44.1634 11.1
      vertex -9.44958 -44.4568 11.4
    endloop
  endfacet
  facet normal 0.190805 0.981628 -0
    outer loop
      vertex -7.84021 -44.4641 10.7
      vertex -9.38721 -44.1634 11.1
      vertex -7.84021 -44.4641 11.1
    endloop
  endfacet
  facet normal 0.190805 0.981628 0
    outer loop
      vertex -9.38721 -44.1634 11.1
      vertex -7.84021 -44.4641 10.7
      vertex -9.38721 -44.1634 10.7
    endloop
  endfacet
  facet normal 0.134941 0.694215 -0.707005
    outer loop
      vertex -7.84021 -44.4641 10.7
      vertex -7.89231 -44.7595 10.4
      vertex -9.44958 -44.4568 10.4
    endloop
  endfacet
  facet normal 0.13494 0.69422 -0.707001
    outer loop
      vertex -9.38721 -44.1634 10.7
      vertex -7.84021 -44.4641 10.7
      vertex -9.44958 -44.4568 10.4
    endloop
  endfacet
  facet normal 0.190807 0.981627 -0
    outer loop
      vertex -7.89231 -44.7595 8
      vertex -9.44958 -44.4568 10.4
      vertex -7.89231 -44.7595 10.4
    endloop
  endfacet
  facet normal 0.190807 0.981627 0
    outer loop
      vertex -9.44958 -44.4568 10.4
      vertex -7.89231 -44.7595 8
      vertex -9.44958 -44.4568 8
    endloop
  endfacet
  facet normal 0.190818 0.981625 -0
    outer loop
      vertex -7.46687 -42.3467 0
      vertex -8.9402 -42.0603 8
      vertex -7.46687 -42.3467 8
    endloop
  endfacet
  facet normal 0.190818 0.981625 0
    outer loop
      vertex -8.9402 -42.0603 8
      vertex -7.46687 -42.3467 0
      vertex -8.9402 -42.0603 0
    endloop
  endfacet
  facet normal -0.190758 -0.981637 0
    outer loop
      vertex -9.94857 -46.8044 0
      vertex -8.30906 -47.123 14
      vertex -9.94857 -46.8044 14
    endloop
  endfacet
  facet normal -0.190758 -0.981637 -0
    outer loop
      vertex -8.30906 -47.123 14
      vertex -9.94857 -46.8044 0
      vertex -8.30906 -47.123 0
    endloop
  endfacet
  facet normal 0.159093 0.689025 0.70706
    outer loop
      vertex -9.57433 -45.0437 14
      vertex -9.44958 -44.4568 13.4
      vertex -10.9953 -44.0999 13.4
    endloop
  endfacet
  facet normal 0.159081 0.689015 0.707072
    outer loop
      vertex -9.57433 -45.0437 14
      vertex -10.9953 -44.0999 13.4
      vertex -11.1405 -44.6821 14
    endloop
  endfacet
  facet normal 0.224976 0.974364 -0
    outer loop
      vertex -9.44958 -44.4568 11.4
      vertex -10.9953 -44.0999 13.4
      vertex -9.44958 -44.4568 13.4
    endloop
  endfacet
  facet normal 0.224976 0.974364 0
    outer loop
      vertex -10.9953 -44.0999 13.4
      vertex -9.44958 -44.4568 11.4
      vertex -10.9953 -44.0999 11.4
    endloop
  endfacet
  facet normal 0.159123 0.689079 0.707001
    outer loop
      vertex -9.44958 -44.4568 11.4
      vertex -9.38721 -44.1634 11.1
      vertex -10.9228 -43.8088 11.1
    endloop
  endfacet
  facet normal 0.159096 0.689039 0.707046
    outer loop
      vertex -9.44958 -44.4568 11.4
      vertex -10.9228 -43.8088 11.1
      vertex -10.9953 -44.0999 11.4
    endloop
  endfacet
  facet normal 0.225 0.974359 -0
    outer loop
      vertex -9.38721 -44.1634 10.7
      vertex -10.9228 -43.8088 11.1
      vertex -9.38721 -44.1634 11.1
    endloop
  endfacet
  facet normal 0.225 0.974359 0
    outer loop
      vertex -10.9228 -43.8088 11.1
      vertex -9.38721 -44.1634 10.7
      vertex -10.9228 -43.8088 10.7
    endloop
  endfacet
  facet normal 0.159106 0.689083 -0.707001
    outer loop
      vertex -9.38721 -44.1634 10.7
      vertex -9.44958 -44.4568 10.4
      vertex -10.9953 -44.0999 10.4
    endloop
  endfacet
  facet normal 0.159113 0.689035 -0.707046
    outer loop
      vertex -10.9228 -43.8088 10.7
      vertex -9.38721 -44.1634 10.7
      vertex -10.9953 -44.0999 10.4
    endloop
  endfacet
  facet normal 0.224976 0.974364 -0
    outer loop
      vertex -9.44958 -44.4568 8
      vertex -10.9953 -44.0999 10.4
      vertex -9.44958 -44.4568 10.4
    endloop
  endfacet
  facet normal 0.224976 0.974364 0
    outer loop
      vertex -10.9953 -44.0999 10.4
      vertex -9.44958 -44.4568 8
      vertex -10.9953 -44.0999 8
    endloop
  endfacet
  facet normal 0.224937 0.974373 -0
    outer loop
      vertex -8.9402 -42.0603 0
      vertex -10.4026 -41.7227 8
      vertex -8.9402 -42.0603 8
    endloop
  endfacet
  facet normal 0.224937 0.974373 0
    outer loop
      vertex -10.4026 -41.7227 8
      vertex -8.9402 -42.0603 0
      vertex -10.4026 -41.7227 0
    endloop
  endfacet
  facet normal -0.224995 -0.97436 0
    outer loop
      vertex -11.576 -46.4286 0
      vertex -9.94857 -46.8044 14
      vertex -11.576 -46.4286 14
    endloop
  endfacet
  facet normal -0.224995 -0.97436 -0
    outer loop
      vertex -9.94857 -46.8044 14
      vertex -11.576 -46.4286 0
      vertex -9.94857 -46.8044 0
    endloop
  endfacet
  facet normal 0.183019 0.683046 0.707073
    outer loop
      vertex -11.1405 -44.6821 14
      vertex -10.9953 -44.0999 13.4
      vertex -12.5277 -43.6893 13.4
    endloop
  endfacet
  facet normal 0.183012 0.683041 0.70708
    outer loop
      vertex -11.1405 -44.6821 14
      vertex -12.5277 -43.6893 13.4
      vertex -12.6931 -44.2661 14
    endloop
  endfacet
  facet normal 0.258816 0.965927 -0
    outer loop
      vertex -10.9953 -44.0999 11.4
      vertex -12.5277 -43.6893 13.4
      vertex -10.9953 -44.0999 13.4
    endloop
  endfacet
  facet normal 0.258816 0.965927 0
    outer loop
      vertex -12.5277 -43.6893 13.4
      vertex -10.9953 -44.0999 11.4
      vertex -12.5277 -43.6893 11.4
    endloop
  endfacet
  facet normal 0.182999 0.683083 0.707043
    outer loop
      vertex -10.9953 -44.0999 11.4
      vertex -10.9228 -43.8088 11.1
      vertex -12.445 -43.401 11.1
    endloop
  endfacet
  facet normal 0.183047 0.683149 0.706966
    outer loop
      vertex -10.9953 -44.0999 11.4
      vertex -12.445 -43.401 11.1
      vertex -12.5277 -43.6893 11.4
    endloop
  endfacet
  facet normal 0.258776 0.965937 -0
    outer loop
      vertex -10.9228 -43.8088 10.7
      vertex -12.445 -43.401 11.1
      vertex -10.9228 -43.8088 11.1
    endloop
  endfacet
  facet normal 0.258776 0.965937 0
    outer loop
      vertex -12.445 -43.401 11.1
      vertex -10.9228 -43.8088 10.7
      vertex -12.445 -43.401 10.7
    endloop
  endfacet
  facet normal 0.183027 0.683075 -0.707042
    outer loop
      vertex -10.9228 -43.8088 10.7
      vertex -10.9953 -44.0999 10.4
      vertex -12.5277 -43.6893 10.4
    endloop
  endfacet
  facet normal 0.183019 0.683157 -0.706966
    outer loop
      vertex -12.445 -43.401 10.7
      vertex -10.9228 -43.8088 10.7
      vertex -12.5277 -43.6893 10.4
    endloop
  endfacet
  facet normal 0.258816 0.965927 -0
    outer loop
      vertex -10.9953 -44.0999 8
      vertex -12.5277 -43.6893 10.4
      vertex -10.9953 -44.0999 10.4
    endloop
  endfacet
  facet normal 0.258816 0.965927 0
    outer loop
      vertex -12.5277 -43.6893 10.4
      vertex -10.9953 -44.0999 8
      vertex -12.5277 -43.6893 8
    endloop
  endfacet
  facet normal 0.258774 0.965938 -0
    outer loop
      vertex -10.4026 -41.7227 0
      vertex -11.8524 -41.3343 8
      vertex -10.4026 -41.7227 8
    endloop
  endfacet
  facet normal 0.258774 0.965938 0
    outer loop
      vertex -11.8524 -41.3343 8
      vertex -10.4026 -41.7227 0
      vertex -11.8524 -41.3343 0
    endloop
  endfacet
  facet normal -0.258788 -0.965934 0
    outer loop
      vertex -13.1892 -45.9964 0
      vertex -11.576 -46.4286 14
      vertex -13.1892 -45.9964 14
    endloop
  endfacet
  facet normal -0.258788 -0.965934 -0
    outer loop
      vertex -11.576 -46.4286 14
      vertex -13.1892 -45.9964 0
      vertex -11.576 -46.4286 0
    endloop
  endfacet
  facet normal 0.206736 0.676238 0.70708
    outer loop
      vertex -12.6931 -44.2661 14
      vertex -12.5277 -43.6893 13.4
      vertex -14.0448 -43.2255 13.4
    endloop
  endfacet
  facet normal 0.206784 0.676273 0.707032
    outer loop
      vertex -12.6931 -44.2661 14
      vertex -14.0448 -43.2255 13.4
      vertex -14.2302 -43.7961 14
    endloop
  endfacet
  facet normal 0.292358 0.956309 -0
    outer loop
      vertex -12.5277 -43.6893 11.4
      vertex -14.0448 -43.2255 13.4
      vertex -12.5277 -43.6893 13.4
    endloop
  endfacet
  facet normal 0.292358 0.956309 0
    outer loop
      vertex -14.0448 -43.2255 13.4
      vertex -12.5277 -43.6893 11.4
      vertex -14.0448 -43.2255 11.4
    endloop
  endfacet
  facet normal 0.206792 0.676339 0.706967
    outer loop
      vertex -12.5277 -43.6893 11.4
      vertex -12.445 -43.401 11.1
      vertex -13.9521 -42.9402 11.1
    endloop
  endfacet
  facet normal 0.20675 0.676284 0.707032
    outer loop
      vertex -12.5277 -43.6893 11.4
      vertex -13.9521 -42.9402 11.1
      vertex -14.0448 -43.2255 11.4
    endloop
  endfacet
  facet normal 0.292391 0.956299 -0
    outer loop
      vertex -12.445 -43.401 10.7
      vertex -13.9521 -42.9402 11.1
      vertex -12.445 -43.401 11.1
    endloop
  endfacet
  facet normal 0.292391 0.956299 0
    outer loop
      vertex -13.9521 -42.9402 11.1
      vertex -12.445 -43.401 10.7
      vertex -13.9521 -42.9402 10.7
    endloop
  endfacet
  facet normal 0.206769 0.676346 -0.706968
    outer loop
      vertex -12.445 -43.401 10.7
      vertex -12.5277 -43.6893 10.4
      vertex -14.0448 -43.2255 10.4
    endloop
  endfacet
  facet normal 0.206773 0.676277 -0.707032
    outer loop
      vertex -13.9521 -42.9402 10.7
      vertex -12.445 -43.401 10.7
      vertex -14.0448 -43.2255 10.4
    endloop
  endfacet
  facet normal 0.292358 0.956309 -0
    outer loop
      vertex -12.5277 -43.6893 8
      vertex -14.0448 -43.2255 10.4
      vertex -12.5277 -43.6893 10.4
    endloop
  endfacet
  facet normal 0.292358 0.956309 0
    outer loop
      vertex -14.0448 -43.2255 10.4
      vertex -12.5277 -43.6893 8
      vertex -14.0448 -43.2255 8
    endloop
  endfacet
  facet normal 0.292423 0.956289 -0
    outer loop
      vertex -11.8524 -41.3343 0
      vertex -13.2877 -40.8954 8
      vertex -11.8524 -41.3343 8
    endloop
  endfacet
  facet normal 0.292423 0.956289 0
    outer loop
      vertex -13.2877 -40.8954 8
      vertex -11.8524 -41.3343 0
      vertex -13.2877 -40.8954 0
    endloop
  endfacet
  facet normal -0.292403 -0.956295 0
    outer loop
      vertex -14.7865 -45.508 0
      vertex -13.1892 -45.9964 14
      vertex -14.7865 -45.508 14
    endloop
  endfacet
  facet normal -0.292403 -0.956295 -0
    outer loop
      vertex -13.1892 -45.9964 14
      vertex -14.7865 -45.508 0
      vertex -13.1892 -45.9964 0
    endloop
  endfacet
  facet normal 0.230239 0.668652 0.707032
    outer loop
      vertex -14.2302 -43.7961 14
      vertex -14.0448 -43.2255 13.4
      vertex -15.5448 -42.709 13.4
    endloop
  endfacet
  facet normal 0.230229 0.668645 0.707042
    outer loop
      vertex -14.2302 -43.7961 14
      vertex -15.5448 -42.709 13.4
      vertex -15.75 -43.2728 14
    endloop
  endfacet
  facet normal 0.325573 0.945517 -0
    outer loop
      vertex -14.0448 -43.2255 11.4
      vertex -15.5448 -42.709 13.4
      vertex -14.0448 -43.2255 13.4
    endloop
  endfacet
  facet normal 0.325573 0.945517 0
    outer loop
      vertex -15.5448 -42.709 13.4
      vertex -14.0448 -43.2255 11.4
      vertex -15.5448 -42.709 11.4
    endloop
  endfacet
  facet normal 0.230243 0.668651 0.707032
    outer loop
      vertex -14.0448 -43.2255 11.4
      vertex -13.9521 -42.9402 11.1
      vertex -15.4422 -42.4271 11.1
    endloop
  endfacet
  facet normal 0.230236 0.668643 0.707042
    outer loop
      vertex -14.0448 -43.2255 11.4
      vertex -15.4422 -42.4271 11.1
      vertex -15.5448 -42.709 11.4
    endloop
  endfacet
  facet normal 0.325578 0.945515 -0
    outer loop
      vertex -13.9521 -42.9402 10.7
      vertex -15.4422 -42.4271 11.1
      vertex -13.9521 -42.9402 11.1
    endloop
  endfacet
  facet normal 0.325578 0.945515 0
    outer loop
      vertex -15.4422 -42.4271 11.1
      vertex -13.9521 -42.9402 10.7
      vertex -15.4422 -42.4271 10.7
    endloop
  endfacet
  facet normal 0.230239 0.668652 -0.707032
    outer loop
      vertex -13.9521 -42.9402 10.7
      vertex -14.0448 -43.2255 10.4
      vertex -15.5448 -42.709 10.4
    endloop
  endfacet
  facet normal 0.23024 0.668641 -0.707042
    outer loop
      vertex -15.4422 -42.4271 10.7
      vertex -13.9521 -42.9402 10.7
      vertex -15.5448 -42.709 10.4
    endloop
  endfacet
  facet normal 0.325573 0.945517 -0
    outer loop
      vertex -14.0448 -43.2255 8
      vertex -15.5448 -42.709 10.4
      vertex -14.0448 -43.2255 10.4
    endloop
  endfacet
  facet normal 0.325573 0.945517 0
    outer loop
      vertex -15.5448 -42.709 10.4
      vertex -14.0448 -43.2255 8
      vertex -15.5448 -42.709 8
    endloop
  endfacet
  facet normal 0.325527 0.945533 -0
    outer loop
      vertex -13.2877 -40.8954 0
      vertex -14.7069 -40.4068 8
      vertex -13.2877 -40.8954 8
    endloop
  endfacet
  facet normal 0.325527 0.945533 0
    outer loop
      vertex -14.7069 -40.4068 8
      vertex -13.2877 -40.8954 0
      vertex -14.7069 -40.4068 0
    endloop
  endfacet
  facet normal -0.325535 -0.94553 0
    outer loop
      vertex -16.3657 -44.9643 0
      vertex -14.7865 -45.508 14
      vertex -16.3657 -44.9643 14
    endloop
  endfacet
  facet normal -0.325535 -0.94553 -0
    outer loop
      vertex -14.7865 -45.508 14
      vertex -16.3657 -44.9643 0
      vertex -14.7865 -45.508 0
    endloop
  endfacet
  facet normal 0.253412 0.660208 0.707042
    outer loop
      vertex -15.75 -43.2728 14
      vertex -15.5448 -42.709 13.4
      vertex -17.0259 -42.1405 13.4
    endloop
  endfacet
  facet normal 0.253421 0.660213 0.707034
    outer loop
      vertex -15.75 -43.2728 14
      vertex -17.0259 -42.1405 13.4
      vertex -17.2506 -42.6968 14
    endloop
  endfacet
  facet normal 0.358345 0.933589 -0
    outer loop
      vertex -15.5448 -42.709 11.4
      vertex -17.0259 -42.1405 13.4
      vertex -15.5448 -42.709 13.4
    endloop
  endfacet
  facet normal 0.358345 0.933589 0
    outer loop
      vertex -17.0259 -42.1405 13.4
      vertex -15.5448 -42.709 11.4
      vertex -17.0259 -42.1405 11.4
    endloop
  endfacet
  facet normal 0.253436 0.660199 0.707042
    outer loop
      vertex -15.5448 -42.709 11.4
      vertex -15.4422 -42.4271 11.1
      vertex -16.9135 -41.8623 11.1
    endloop
  endfacet
  facet normal 0.253387 0.660144 0.70711
    outer loop
      vertex -15.5448 -42.709 11.4
      vertex -16.9135 -41.8623 11.1
      vertex -17.0259 -42.1405 11.4
    endloop
  endfacet
  facet normal 0.358379 0.933576 -0
    outer loop
      vertex -15.4422 -42.4271 10.7
      vertex -16.9135 -41.8623 11.1
      vertex -15.4422 -42.4271 11.1
    endloop
  endfacet
  facet normal 0.358379 0.933576 0
    outer loop
      vertex -16.9135 -41.8623 11.1
      vertex -15.4422 -42.4271 10.7
      vertex -16.9135 -41.8623 10.7
    endloop
  endfacet
  facet normal 0.253412 0.660208 -0.707042
    outer loop
      vertex -15.4422 -42.4271 10.7
      vertex -15.5448 -42.709 10.4
      vertex -17.0259 -42.1405 10.4
    endloop
  endfacet
  facet normal 0.253411 0.660135 -0.70711
    outer loop
      vertex -16.9135 -41.8623 10.7
      vertex -15.4422 -42.4271 10.7
      vertex -17.0259 -42.1405 10.4
    endloop
  endfacet
  facet normal 0.358345 0.933589 -0
    outer loop
      vertex -15.5448 -42.709 8
      vertex -17.0259 -42.1405 10.4
      vertex -15.5448 -42.709 10.4
    endloop
  endfacet
  facet normal 0.358345 0.933589 0
    outer loop
      vertex -17.0259 -42.1405 10.4
      vertex -15.5448 -42.709 8
      vertex -17.0259 -42.1405 8
    endloop
  endfacet
  facet normal 0.358385 0.933574 -0
    outer loop
      vertex -14.7069 -40.4068 0
      vertex -16.1081 -39.8689 8
      vertex -14.7069 -40.4068 8
    endloop
  endfacet
  facet normal 0.358385 0.933574 0
    outer loop
      vertex -16.1081 -39.8689 8
      vertex -14.7069 -40.4068 0
      vertex -16.1081 -39.8689 0
    endloop
  endfacet
  facet normal -0.358409 -0.933565 0
    outer loop
      vertex -17.9249 -44.3657 0
      vertex -16.3657 -44.9643 14
      vertex -17.9249 -44.3657 14
    endloop
  endfacet
  facet normal -0.358409 -0.933565 -0
    outer loop
      vertex -16.3657 -44.9643 14
      vertex -17.9249 -44.3657 0
      vertex -16.3657 -44.9643 0
    endloop
  endfacet
  facet normal 0.276333 0.650957 0.707032
    outer loop
      vertex -17.2506 -42.6968 14
      vertex -17.0259 -42.1405 13.4
      vertex -18.4862 -41.5206 13.4
    endloop
  endfacet
  facet normal 0.276278 0.650926 0.707083
    outer loop
      vertex -17.2506 -42.6968 14
      vertex -18.4862 -41.5206 13.4
      vertex -18.7302 -42.0688 14
    endloop
  endfacet
  facet normal 0.390752 0.920496 -0
    outer loop
      vertex -17.0259 -42.1405 11.4
      vertex -18.4862 -41.5206 13.4
      vertex -17.0259 -42.1405 13.4
    endloop
  endfacet
  facet normal 0.390752 0.920496 0
    outer loop
      vertex -18.4862 -41.5206 13.4
      vertex -17.0259 -42.1405 11.4
      vertex -18.4862 -41.5206 11.4
    endloop
  endfacet
  facet normal 0.276255 0.650906 0.70711
    outer loop
      vertex -17.0259 -42.1405 11.4
      vertex -16.9135 -41.8623 11.1
      vertex -18.3642 -41.2466 11.1
    endloop
  endfacet
  facet normal 0.276355 0.651011 0.706974
    outer loop
      vertex -17.0259 -42.1405 11.4
      vertex -18.3642 -41.2466 11.1
      vertex -18.4862 -41.5206 11.4
    endloop
  endfacet
  facet normal 0.390685 0.920524 -0
    outer loop
      vertex -16.9135 -41.8623 10.7
      vertex -18.3642 -41.2466 11.1
      vertex -16.9135 -41.8623 11.1
    endloop
  endfacet
  facet normal 0.390685 0.920524 0
    outer loop
      vertex -18.3642 -41.2466 11.1
      vertex -16.9135 -41.8623 10.7
      vertex -18.3642 -41.2466 10.7
    endloop
  endfacet
  facet normal 0.276302 0.650886 -0.70711
    outer loop
      vertex -16.9135 -41.8623 10.7
      vertex -17.0259 -42.1405 10.4
      vertex -18.4862 -41.5206 10.4
    endloop
  endfacet
  facet normal 0.276308 0.651031 -0.706974
    outer loop
      vertex -18.3642 -41.2466 10.7
      vertex -16.9135 -41.8623 10.7
      vertex -18.4862 -41.5206 10.4
    endloop
  endfacet
  facet normal 0.390752 0.920496 -0
    outer loop
      vertex -17.0259 -42.1405 8
      vertex -18.4862 -41.5206 10.4
      vertex -17.0259 -42.1405 10.4
    endloop
  endfacet
  facet normal 0.390752 0.920496 0
    outer loop
      vertex -18.4862 -41.5206 10.4
      vertex -17.0259 -42.1405 8
      vertex -18.4862 -41.5206 8
    endloop
  endfacet
  facet normal 0.3907 0.920518 -0
    outer loop
      vertex -16.1081 -39.8689 0
      vertex -17.4897 -39.2825 8
      vertex -16.1081 -39.8689 8
    endloop
  endfacet
  facet normal 0.3907 0.920518 0
    outer loop
      vertex -17.4897 -39.2825 8
      vertex -16.1081 -39.8689 0
      vertex -17.4897 -39.2825 0
    endloop
  endfacet
  facet normal -0.390737 -0.920502 0
    outer loop
      vertex -19.4623 -43.7131 0
      vertex -17.9249 -44.3657 14
      vertex -19.4623 -43.7131 14
    endloop
  endfacet
  facet normal -0.390737 -0.920502 -0
    outer loop
      vertex -17.9249 -44.3657 14
      vertex -19.4623 -43.7131 0
      vertex -17.9249 -44.3657 0
    endloop
  endfacet
  facet normal 0.298826 0.640889 0.707082
    outer loop
      vertex -18.7302 -42.0688 14
      vertex -18.4862 -41.5206 13.4
      vertex -19.924 -40.8502 13.4
    endloop
  endfacet
  facet normal 0.29885 0.640902 0.70706
    outer loop
      vertex -18.7302 -42.0688 14
      vertex -19.924 -40.8502 13.4
      vertex -20.187 -41.3895 14
    endloop
  endfacet
  facet normal 0.422589 0.906322 -0
    outer loop
      vertex -18.4862 -41.5206 11.4
      vertex -19.924 -40.8502 13.4
      vertex -18.4862 -41.5206 13.4
    endloop
  endfacet
  facet normal 0.422589 0.906322 0
    outer loop
      vertex -19.924 -40.8502 13.4
      vertex -18.4862 -41.5206 11.4
      vertex -19.924 -40.8502 11.4
    endloop
  endfacet
  facet normal 0.298919 0.640964 0.706974
    outer loop
      vertex -18.4862 -41.5206 11.4
      vertex -18.3642 -41.2466 11.1
      vertex -19.7925 -40.5805 11.1
    endloop
  endfacet
  facet normal 0.298813 0.64086 0.707113
    outer loop
      vertex -18.4862 -41.5206 11.4
      vertex -19.7925 -40.5805 11.1
      vertex -19.924 -40.8502 11.4
    endloop
  endfacet
  facet normal 0.422656 0.90629 -0
    outer loop
      vertex -18.3642 -41.2466 10.7
      vertex -19.7925 -40.5805 11.1
      vertex -18.3642 -41.2466 11.1
    endloop
  endfacet
  facet normal 0.422656 0.90629 0
    outer loop
      vertex -19.7925 -40.5805 11.1
      vertex -18.3642 -41.2466 10.7
      vertex -19.7925 -40.5805 10.7
    endloop
  endfacet
  facet normal 0.298871 0.640986 -0.706975
    outer loop
      vertex -18.3642 -41.2466 10.7
      vertex -18.4862 -41.5206 10.4
      vertex -19.924 -40.8502 10.4
    endloop
  endfacet
  facet normal 0.29886 0.640838 -0.707114
    outer loop
      vertex -19.7925 -40.5805 10.7
      vertex -18.3642 -41.2466 10.7
      vertex -19.924 -40.8502 10.4
    endloop
  endfacet
  facet normal 0.422589 0.906322 -0
    outer loop
      vertex -18.4862 -41.5206 8
      vertex -19.924 -40.8502 10.4
      vertex -18.4862 -41.5206 10.4
    endloop
  endfacet
  facet normal 0.422589 0.906322 0
    outer loop
      vertex -19.924 -40.8502 10.4
      vertex -18.4862 -41.5206 8
      vertex -19.924 -40.8502 8
    endloop
  endfacet
  facet normal 0.422663 0.906287 -0
    outer loop
      vertex -17.4897 -39.2825 0
      vertex -18.85 -38.6481 8
      vertex -17.4897 -39.2825 8
    endloop
  endfacet
  facet normal 0.422663 0.906287 0
    outer loop
      vertex -18.85 -38.6481 8
      vertex -17.4897 -39.2825 0
      vertex -18.85 -38.6481 0
    endloop
  endfacet
  facet normal -0.422571 -0.90633 0
    outer loop
      vertex -20.9761 -43.0073 0
      vertex -19.4623 -43.7131 14
      vertex -20.9761 -43.0073 14
    endloop
  endfacet
  facet normal -0.422571 -0.90633 -0
    outer loop
      vertex -19.4623 -43.7131 14
      vertex -20.9761 -43.0073 0
      vertex -19.4623 -43.7131 0
    endloop
  endfacet
  facet normal 0.321036 0.630082 0.707059
    outer loop
      vertex -20.187 -41.3895 14
      vertex -19.924 -40.8502 13.4
      vertex -21.3375 -40.13 13.4
    endloop
  endfacet
  facet normal 0.321079 0.630102 0.707022
    outer loop
      vertex -20.187 -41.3895 14
      vertex -21.3375 -40.13 13.4
      vertex -21.6192 -40.6597 14
    endloop
  endfacet
  facet normal 0.453983 0.89101 -0
    outer loop
      vertex -19.924 -40.8502 11.4
      vertex -21.3375 -40.13 13.4
      vertex -19.924 -40.8502 13.4
    endloop
  endfacet
  facet normal 0.453983 0.89101 0
    outer loop
      vertex -21.3375 -40.13 13.4
      vertex -19.924 -40.8502 11.4
      vertex -21.3375 -40.13 11.4
    endloop
  endfacet
  facet normal 0.321009 0.630037 0.707112
    outer loop
      vertex -19.924 -40.8502 11.4
      vertex -19.7925 -40.5805 11.1
      vertex -21.1966 -39.8651 11.1
    endloop
  endfacet
  facet normal 0.321017 0.630045 0.707101
    outer loop
      vertex -19.924 -40.8502 11.4
      vertex -21.1966 -39.8651 11.1
      vertex -21.3375 -40.13 11.4
    endloop
  endfacet
  facet normal 0.453978 0.891013 -0
    outer loop
      vertex -19.7925 -40.5805 10.7
      vertex -21.1966 -39.8651 11.1
      vertex -19.7925 -40.5805 11.1
    endloop
  endfacet
  facet normal 0.453978 0.891013 0
    outer loop
      vertex -21.1966 -39.8651 11.1
      vertex -19.7925 -40.5805 10.7
      vertex -21.1966 -39.8651 10.7
    endloop
  endfacet
  facet normal 0.321012 0.630035 -0.707112
    outer loop
      vertex -19.7925 -40.5805 10.7
      vertex -19.924 -40.8502 10.4
      vertex -21.3375 -40.13 10.4
    endloop
  endfacet
  facet normal 0.321014 0.630047 -0.707101
    outer loop
      vertex -21.1966 -39.8651 10.7
      vertex -19.7925 -40.5805 10.7
      vertex -21.3375 -40.13 10.4
    endloop
  endfacet
  facet normal 0.453983 0.89101 -0
    outer loop
      vertex -19.924 -40.8502 8
      vertex -21.3375 -40.13 10.4
      vertex -19.924 -40.8502 10.4
    endloop
  endfacet
  facet normal 0.453983 0.89101 0
    outer loop
      vertex -21.3375 -40.13 10.4
      vertex -19.924 -40.8502 8
      vertex -21.3375 -40.13 8
    endloop
  endfacet
  facet normal 0.453997 0.891003 -0
    outer loop
      vertex -18.85 -38.6481 0
      vertex -20.1873 -37.9667 8
      vertex -18.85 -38.6481 8
    endloop
  endfacet
  facet normal 0.453997 0.891003 0
    outer loop
      vertex -20.1873 -37.9667 8
      vertex -18.85 -38.6481 0
      vertex -20.1873 -37.9667 0
    endloop
  endfacet
  facet normal -0.454026 -0.890988 0
    outer loop
      vertex -22.4642 -42.249 0
      vertex -20.9761 -43.0073 14
      vertex -22.4642 -42.249 14
    endloop
  endfacet
  facet normal -0.454026 -0.890988 -0
    outer loop
      vertex -20.9761 -43.0073 14
      vertex -22.4642 -42.249 0
      vertex -20.9761 -43.0073 0
    endloop
  endfacet
  facet normal 0.342911 0.618568 0.706955
    outer loop
      vertex -22.381 -39.7649 13.5867
      vertex -21.3375 -40.13 13.4
      vertex -22.2876 -39.6033 13.4
    endloop
  endfacet
  facet normal 0.342899 0.618498 0.707022
    outer loop
      vertex -21.3375 -40.13 13.4
      vertex -22.381 -39.7649 13.5867
      vertex -21.6192 -40.6597 14
    endloop
  endfacet
  facet normal 0.342826 0.618466 0.707086
    outer loop
      vertex -21.6192 -40.6597 14
      vertex -22.381 -39.7649 13.5867
      vertex -22.5876 -40.1229 14
    endloop
  endfacet
  facet normal 0.484846 0.8746 -0
    outer loop
      vertex -21.3375 -40.13 11.4
      vertex -22.2876 -39.6033 13.4
      vertex -21.3375 -40.13 13.4
    endloop
  endfacet
  facet normal 0.484846 0.8746 0
    outer loop
      vertex -22.2876 -39.6033 13.4
      vertex -21.3375 -40.13 11.4
      vertex -22.2876 -39.6033 11.4
    endloop
  endfacet
  facet normal 0.342877 0.618572 0.706968
    outer loop
      vertex -22.1849 -39.4254 11.1946
      vertex -21.1966 -39.8651 11.1
      vertex -22.1376 -39.3435 11.1
    endloop
  endfacet
  facet normal 0.342833 0.618443 0.707102
    outer loop
      vertex -21.1966 -39.8651 11.1
      vertex -22.1849 -39.4254 11.1946
      vertex -21.3375 -40.13 11.4
    endloop
  endfacet
  facet normal 0.34285 0.618458 0.707081
    outer loop
      vertex -21.3375 -40.13 11.4
      vertex -22.1849 -39.4254 11.1946
      vertex -22.2876 -39.6033 11.4
    endloop
  endfacet
  facet normal 0.484806 0.874622 -0
    outer loop
      vertex -21.1966 -39.8651 10.7
      vertex -22.1376 -39.3435 11.1
      vertex -21.1966 -39.8651 11.1
    endloop
  endfacet
  facet normal 0.484806 0.874622 0
    outer loop
      vertex -22.1376 -39.3435 11.1
      vertex -21.1966 -39.8651 10.7
      vertex -22.1376 -39.3435 10.7
    endloop
  endfacet
  facet normal 0.342809 0.618456 -0.707103
    outer loop
      vertex -21.3375 -40.13 10.4
      vertex -22.24 -39.5209 10.4952
      vertex -21.1966 -39.8651 10.7
    endloop
  endfacet
  facet normal 0.342935 0.618612 -0.706905
    outer loop
      vertex -22.24 -39.5209 10.4952
      vertex -21.3375 -40.13 10.4
      vertex -22.2876 -39.6033 10.4
    endloop
  endfacet
  facet normal 0.342808 0.618448 -0.70711
    outer loop
      vertex -22.1376 -39.3435 10.7
      vertex -21.1966 -39.8651 10.7
      vertex -22.24 -39.5209 10.4952
    endloop
  endfacet
  facet normal 0.484846 0.8746 0
    outer loop
      vertex -21.3375 -40.13 10.4
      vertex -22.2876 -39.6033 8.8
      vertex -22.2876 -39.6033 10.4
    endloop
  endfacet
  facet normal 0.484846 0.8746 -0
    outer loop
      vertex -21.3375 -40.13 8
      vertex -22.2876 -39.6033 8.8
      vertex -21.3375 -40.13 10.4
    endloop
  endfacet
  facet normal 0.484808 0.874621 -5.8576e-05
    outer loop
      vertex -22.725 -39.3609 8
      vertex -22.2876 -39.6033 8.8
      vertex -21.3375 -40.13 8
    endloop
  endfacet
  facet normal 0.484726 0.874666 0
    outer loop
      vertex -22.2876 -39.6033 8.8
      vertex -22.725 -39.3609 8
      vertex -22.725 -39.3609 8.8
    endloop
  endfacet
  facet normal 0.484788 0.874631 -0
    outer loop
      vertex -20.1873 -37.9667 0
      vertex -21.5 -37.2391 8
      vertex -20.1873 -37.9667 8
    endloop
  endfacet
  facet normal 0.484788 0.874631 0
    outer loop
      vertex -21.5 -37.2391 8
      vertex -20.1873 -37.9667 0
      vertex -21.5 -37.2391 0
    endloop
  endfacet
  facet normal -0.484726 -0.874666 -0
    outer loop
      vertex -23.925 -41.4393 8.8
      vertex -23.925 -41.4393 0
      vertex -23.4876 -41.6817 8.8
    endloop
  endfacet
  facet normal -0.484823 -0.874612 0
    outer loop
      vertex -23.4876 -41.6817 8.8
      vertex -22.4642 -42.249 14
      vertex -23.4876 -41.6817 14
    endloop
  endfacet
  facet normal -0.484794 -0.874629 4.41293e-06
    outer loop
      vertex -22.4642 -42.249 0
      vertex -23.4876 -41.6817 8.8
      vertex -23.925 -41.4393 0
    endloop
  endfacet
  facet normal -0.484823 -0.874612 0
    outer loop
      vertex -23.4876 -41.6817 8.8
      vertex -22.4642 -42.249 0
      vertex -22.4642 -42.249 14
    endloop
  endfacet
  facet normal 0.364212 0.606174 0.707038
    outer loop
      vertex -23.3591 -39.4591 13.8109
      vertex -23.1536 -39.1033 13.4
      vertex -24.0848 -38.5438 13.4
    endloop
  endfacet
  facet normal 0.364195 0.606167 0.707053
    outer loop
      vertex -24.4028 -39.0526 14
      vertex -23.3591 -39.4591 13.8109
      vertex -24.0848 -38.5438 13.4
    endloop
  endfacet
  facet normal 0.364193 0.606159 0.70706
    outer loop
      vertex -23.3591 -39.4591 13.8109
      vertex -24.4028 -39.0526 14
      vertex -23.4536 -39.6229 14
    endloop
  endfacet
  facet normal 0.515024 0.857176 -0
    outer loop
      vertex -23.1536 -39.1033 11.4
      vertex -24.0848 -38.5438 13.4
      vertex -23.1536 -39.1033 13.4
    endloop
  endfacet
  facet normal 0.515024 0.857176 0
    outer loop
      vertex -24.0848 -38.5438 13.4
      vertex -23.1536 -39.1033 11.4
      vertex -24.0848 -38.5438 11.4
    endloop
  endfacet
  facet normal 0.364179 0.606111 0.707109
    outer loop
      vertex -23.106 -39.0209 11.3048
      vertex -23.0036 -38.8435 11.1
      vertex -23.9258 -38.2894 11.1
    endloop
  endfacet
  facet normal 0.364226 0.606148 0.707053
    outer loop
      vertex -24.0848 -38.5438 11.4
      vertex -23.106 -39.0209 11.3048
      vertex -23.9258 -38.2894 11.1
    endloop
  endfacet
  facet normal 0.364279 0.606286 0.706908
    outer loop
      vertex -23.106 -39.0209 11.3048
      vertex -24.0848 -38.5438 11.4
      vertex -23.1536 -39.1033 11.4
    endloop
  endfacet
  facet normal 0.515029 0.857173 -0
    outer loop
      vertex -23.0036 -38.8435 10.7
      vertex -23.9258 -38.2894 11.1
      vertex -23.0036 -38.8435 11.1
    endloop
  endfacet
  facet normal 0.515029 0.857173 0
    outer loop
      vertex -23.9258 -38.2894 11.1
      vertex -23.0036 -38.8435 10.7
      vertex -23.9258 -38.2894 10.7
    endloop
  endfacet
  facet normal 0.36419 0.606138 -0.70708
    outer loop
      vertex -23.0509 -38.9254 10.6054
      vertex -23.1536 -39.1033 10.4
      vertex -24.0848 -38.5438 10.4
    endloop
  endfacet
  facet normal 0.364251 0.60623 -0.70697
    outer loop
      vertex -23.0509 -38.9254 10.6054
      vertex -23.9258 -38.2894 10.7
      vertex -23.0036 -38.8435 10.7
    endloop
  endfacet
  facet normal 0.364196 0.606167 -0.707053
    outer loop
      vertex -23.9258 -38.2894 10.7
      vertex -23.0509 -38.9254 10.6054
      vertex -24.0848 -38.5438 10.4
    endloop
  endfacet
  facet normal 0.515143 0.857104 0
    outer loop
      vertex -22.725 -39.3609 8.8
      vertex -22.725 -39.3609 8
      vertex -23.1536 -39.1033 8.8
    endloop
  endfacet
  facet normal 0.515024 0.857176 -0
    outer loop
      vertex -23.1536 -39.1033 8.8
      vertex -24.0848 -38.5438 10.4
      vertex -23.1536 -39.1033 10.4
    endloop
  endfacet
  facet normal 0.515061 0.857153 -5.94265e-05
    outer loop
      vertex -24.0848 -38.5438 8
      vertex -23.1536 -39.1033 8.8
      vertex -22.725 -39.3609 8
    endloop
  endfacet
  facet normal 0.515024 0.857176 0
    outer loop
      vertex -23.1536 -39.1033 8.8
      vertex -24.0848 -38.5438 8
      vertex -24.0848 -38.5438 10.4
    endloop
  endfacet
  facet normal 0.515035 0.857169 -0
    outer loop
      vertex -21.5 -37.2391 0
      vertex -22.7865 -36.4661 8
      vertex -21.5 -37.2391 8
    endloop
  endfacet
  facet normal 0.515035 0.857169 0
    outer loop
      vertex -22.7865 -36.4661 8
      vertex -21.5 -37.2391 0
      vertex -22.7865 -36.4661 0
    endloop
  endfacet
  facet normal -0.514998 -0.857191 0
    outer loop
      vertex -25.3566 -40.5791 14
      vertex -24.3536 -41.1817 8.8
      vertex -24.3536 -41.1817 14
    endloop
  endfacet
  facet normal -0.514998 -0.857191 0
    outer loop
      vertex -25.3566 -40.5791 0
      vertex -24.3536 -41.1817 8.8
      vertex -25.3566 -40.5791 14
    endloop
  endfacet
  facet normal -0.515042 -0.857165 6.69779e-06
    outer loop
      vertex -23.925 -41.4393 0
      vertex -24.3536 -41.1817 8.8
      vertex -25.3566 -40.5791 0
    endloop
  endfacet
  facet normal -0.515143 -0.857104 0
    outer loop
      vertex -24.3536 -41.1817 8.8
      vertex -23.925 -41.4393 0
      vertex -23.925 -41.4393 8.8
    endloop
  endfacet
  facet normal 0.385135 0.593081 0.707054
    outer loop
      vertex -24.4028 -39.0526 14
      vertex -24.0848 -38.5438 13.4
      vertex -25.4153 -37.6798 13.4
    endloop
  endfacet
  facet normal 0.385156 0.593089 0.707037
    outer loop
      vertex -24.4028 -39.0526 14
      vertex -25.4153 -37.6798 13.4
      vertex -25.7508 -38.1772 14
    endloop
  endfacet
  facet normal 0.544623 0.838681 -0
    outer loop
      vertex -24.0848 -38.5438 11.4
      vertex -25.4153 -37.6798 13.4
      vertex -24.0848 -38.5438 13.4
    endloop
  endfacet
  facet normal 0.544623 0.838681 0
    outer loop
      vertex -25.4153 -37.6798 13.4
      vertex -24.0848 -38.5438 11.4
      vertex -25.4153 -37.6798 11.4
    endloop
  endfacet
  facet normal 0.385151 0.593071 0.707054
    outer loop
      vertex -24.0848 -38.5438 11.4
      vertex -23.9258 -38.2894 11.1
      vertex -25.2476 -37.431 11.1
    endloop
  endfacet
  facet normal 0.385108 0.59304 0.707103
    outer loop
      vertex -24.0848 -38.5438 11.4
      vertex -25.2476 -37.431 11.1
      vertex -25.4153 -37.6798 11.4
    endloop
  endfacet
  facet normal 0.544645 0.838667 -0
    outer loop
      vertex -23.9258 -38.2894 10.7
      vertex -25.2476 -37.431 11.1
      vertex -23.9258 -38.2894 11.1
    endloop
  endfacet
  facet normal 0.544645 0.838667 0
    outer loop
      vertex -25.2476 -37.431 11.1
      vertex -23.9258 -38.2894 10.7
      vertex -25.2476 -37.431 10.7
    endloop
  endfacet
  facet normal 0.385135 0.593081 -0.707054
    outer loop
      vertex -23.9258 -38.2894 10.7
      vertex -24.0848 -38.5438 10.4
      vertex -25.4153 -37.6798 10.4
    endloop
  endfacet
  facet normal 0.385124 0.59303 -0.707104
    outer loop
      vertex -25.2476 -37.431 10.7
      vertex -23.9258 -38.2894 10.7
      vertex -25.4153 -37.6798 10.4
    endloop
  endfacet
  facet normal 0.544623 0.838681 -0
    outer loop
      vertex -24.0848 -38.5438 8
      vertex -25.4153 -37.6798 10.4
      vertex -24.0848 -38.5438 10.4
    endloop
  endfacet
  facet normal 0.544623 0.838681 0
    outer loop
      vertex -25.4153 -37.6798 10.4
      vertex -24.0848 -38.5438 8
      vertex -25.4153 -37.6798 8
    endloop
  endfacet
  facet normal 0.544651 0.838663 -0
    outer loop
      vertex -22.7865 -36.4661 0
      vertex -24.0453 -35.6486 8
      vertex -22.7865 -36.4661 8
    endloop
  endfacet
  facet normal 0.544651 0.838663 0
    outer loop
      vertex -24.0453 -35.6486 8
      vertex -22.7865 -36.4661 0
      vertex -24.0453 -35.6486 0
    endloop
  endfacet
  facet normal -0.544643 -0.838668 0
    outer loop
      vertex -26.7574 -39.6694 0
      vertex -25.3566 -40.5791 14
      vertex -26.7574 -39.6694 14
    endloop
  endfacet
  facet normal -0.544643 -0.838668 -0
    outer loop
      vertex -25.3566 -40.5791 14
      vertex -26.7574 -39.6694 0
      vertex -25.3566 -40.5791 0
    endloop
  endfacet
  facet normal 0.405644 0.579269 0.707036
    outer loop
      vertex -25.7508 -38.1772 14
      vertex -25.4153 -37.6798 13.4
      vertex -26.7148 -36.7698 13.4
    endloop
  endfacet
  facet normal 0.405619 0.57926 0.707058
    outer loop
      vertex -25.7508 -38.1772 14
      vertex -26.7148 -36.7698 13.4
      vertex -27.0675 -37.2552 14
    endloop
  endfacet
  facet normal 0.57361 0.819128 -0
    outer loop
      vertex -25.4153 -37.6798 11.4
      vertex -26.7148 -36.7698 13.4
      vertex -25.4153 -37.6798 13.4
    endloop
  endfacet
  facet normal 0.57361 0.819128 0
    outer loop
      vertex -26.7148 -36.7698 13.4
      vertex -25.4153 -37.6798 11.4
      vertex -26.7148 -36.7698 11.4
    endloop
  endfacet
  facet normal 0.405585 0.579234 0.707099
    outer loop
      vertex -25.4153 -37.6798 11.4
      vertex -25.2476 -37.431 11.1
      vertex -26.5385 -36.5271 11.1
    endloop
  endfacet
  facet normal 0.405651 0.579279 0.707024
    outer loop
      vertex -25.4153 -37.6798 11.4
      vertex -26.5385 -36.5271 11.1
      vertex -26.7148 -36.7698 11.4
    endloop
  endfacet
  facet normal 0.573577 0.819151 -0
    outer loop
      vertex -25.2476 -37.431 10.7
      vertex -26.5385 -36.5271 11.1
      vertex -25.2476 -37.431 11.1
    endloop
  endfacet
  facet normal 0.573577 0.819151 0
    outer loop
      vertex -26.5385 -36.5271 11.1
      vertex -25.2476 -37.431 10.7
      vertex -26.5385 -36.5271 10.7
    endloop
  endfacet
  facet normal 0.405608 0.579217 -0.707099
    outer loop
      vertex -25.2476 -37.431 10.7
      vertex -25.4153 -37.6798 10.4
      vertex -26.7148 -36.7698 10.4
    endloop
  endfacet
  facet normal 0.405628 0.579295 -0.707024
    outer loop
      vertex -26.5385 -36.5271 10.7
      vertex -25.2476 -37.431 10.7
      vertex -26.7148 -36.7698 10.4
    endloop
  endfacet
  facet normal 0.57361 0.819128 -0
    outer loop
      vertex -25.4153 -37.6798 8
      vertex -26.7148 -36.7698 10.4
      vertex -25.4153 -37.6798 10.4
    endloop
  endfacet
  facet normal 0.57361 0.819128 0
    outer loop
      vertex -26.7148 -36.7698 10.4
      vertex -25.4153 -37.6798 8
      vertex -26.7148 -36.7698 8
    endloop
  endfacet
  facet normal 0.573574 0.819154 -0
    outer loop
      vertex -24.0453 -35.6486 0
      vertex -25.2748 -34.7877 8
      vertex -24.0453 -35.6486 8
    endloop
  endfacet
  facet normal 0.573574 0.819154 0
    outer loop
      vertex -25.2748 -34.7877 8
      vertex -24.0453 -35.6486 0
      vertex -25.2748 -34.7877 0
    endloop
  endfacet
  facet normal -0.573555 -0.819167 0
    outer loop
      vertex -28.1255 -38.7115 0
      vertex -26.7574 -39.6694 14
      vertex -28.1255 -38.7115 14
    endloop
  endfacet
  facet normal -0.573555 -0.819167 -0
    outer loop
      vertex -26.7574 -39.6694 14
      vertex -28.1255 -38.7115 0
      vertex -26.7574 -39.6694 0
    endloop
  endfacet
  facet normal 0.425561 0.56477 0.707059
    outer loop
      vertex -27.0675 -37.2552 14
      vertex -26.7148 -36.7698 13.4
      vertex -27.9818 -35.8151 13.4
    endloop
  endfacet
  facet normal 0.425571 0.564773 0.707051
    outer loop
      vertex -27.0675 -37.2552 14
      vertex -27.9818 -35.8151 13.4
      vertex -28.3512 -36.2879 14
    endloop
  endfacet
  facet normal 0.601794 0.798652 -0
    outer loop
      vertex -26.7148 -36.7698 11.4
      vertex -27.9818 -35.8151 13.4
      vertex -26.7148 -36.7698 13.4
    endloop
  endfacet
  facet normal 0.601794 0.798652 0
    outer loop
      vertex -27.9818 -35.8151 13.4
      vertex -26.7148 -36.7698 11.4
      vertex -27.9818 -35.8151 11.4
    endloop
  endfacet
  facet normal 0.425591 0.564793 0.707023
    outer loop
      vertex -26.7148 -36.7698 11.4
      vertex -26.5385 -36.5271 11.1
      vertex -27.7971 -35.5787 11.1
    endloop
  endfacet
  facet normal 0.425566 0.564777 0.707051
    outer loop
      vertex -26.7148 -36.7698 11.4
      vertex -27.7971 -35.5787 11.1
      vertex -27.9818 -35.8151 11.4
    endloop
  endfacet
  facet normal 0.601806 0.798643 -0
    outer loop
      vertex -26.5385 -36.5271 10.7
      vertex -27.7971 -35.5787 11.1
      vertex -26.5385 -36.5271 11.1
    endloop
  endfacet
  facet normal 0.601806 0.798643 0
    outer loop
      vertex -27.7971 -35.5787 11.1
      vertex -26.5385 -36.5271 10.7
      vertex -27.7971 -35.5787 10.7
    endloop
  endfacet
  facet normal 0.425583 0.564799 -0.707023
    outer loop
      vertex -26.5385 -36.5271 10.7
      vertex -26.7148 -36.7698 10.4
      vertex -27.9818 -35.8151 10.4
    endloop
  endfacet
  facet normal 0.425574 0.56477 -0.707051
    outer loop
      vertex -27.7971 -35.5787 10.7
      vertex -26.5385 -36.5271 10.7
      vertex -27.9818 -35.8151 10.4
    endloop
  endfacet
  facet normal 0.601794 0.798652 -0
    outer loop
      vertex -26.7148 -36.7698 8
      vertex -27.9818 -35.8151 10.4
      vertex -26.7148 -36.7698 10.4
    endloop
  endfacet
  facet normal 0.601794 0.798652 0
    outer loop
      vertex -27.9818 -35.8151 10.4
      vertex -26.7148 -36.7698 8
      vertex -27.9818 -35.8151 8
    endloop
  endfacet
  facet normal 0.601811 0.798639 -0
    outer loop
      vertex -25.2748 -34.7877 0
      vertex -26.4734 -33.8845 8
      vertex -25.2748 -34.7877 8
    endloop
  endfacet
  facet normal 0.601811 0.798639 0
    outer loop
      vertex -26.4734 -33.8845 8
      vertex -25.2748 -34.7877 0
      vertex -26.4734 -33.8845 0
    endloop
  endfacet
  facet normal -0.601828 -0.798626 0
    outer loop
      vertex -29.4594 -37.7063 0
      vertex -28.1255 -38.7115 14
      vertex -29.4594 -37.7063 14
    endloop
  endfacet
  facet normal -0.601828 -0.798626 -0
    outer loop
      vertex -28.1255 -38.7115 14
      vertex -29.4594 -37.7063 0
      vertex -28.1255 -38.7115 0
    endloop
  endfacet
  facet normal 0.445036 0.549565 0.707051
    outer loop
      vertex -28.3512 -36.2879 14
      vertex -27.9818 -35.8151 13.4
      vertex -29.2147 -34.8167 13.4
    endloop
  endfacet
  facet normal 0.445037 0.549565 0.707051
    outer loop
      vertex -28.3512 -36.2879 14
      vertex -29.2147 -34.8167 13.4
      vertex -29.6004 -35.2763 14
    endloop
  endfacet
  facet normal 0.629327 0.777141 -0
    outer loop
      vertex -27.9818 -35.8151 11.4
      vertex -29.2147 -34.8167 13.4
      vertex -27.9818 -35.8151 13.4
    endloop
  endfacet
  facet normal 0.629327 0.777141 0
    outer loop
      vertex -29.2147 -34.8167 13.4
      vertex -27.9818 -35.8151 11.4
      vertex -29.2147 -34.8167 11.4
    endloop
  endfacet
  facet normal 0.445025 0.549574 0.707051
    outer loop
      vertex -27.9818 -35.8151 11.4
      vertex -27.7971 -35.5787 11.1
      vertex -29.0219 -34.5869 11.1
    endloop
  endfacet
  facet normal 0.44506 0.549594 0.707014
    outer loop
      vertex -27.9818 -35.8151 11.4
      vertex -29.0219 -34.5869 11.1
      vertex -29.2147 -34.8167 11.4
    endloop
  endfacet
  facet normal 0.629311 0.777153 -0
    outer loop
      vertex -27.7971 -35.5787 10.7
      vertex -29.0219 -34.5869 11.1
      vertex -27.7971 -35.5787 11.1
    endloop
  endfacet
  facet normal 0.629311 0.777153 0
    outer loop
      vertex -29.0219 -34.5869 11.1
      vertex -27.7971 -35.5787 10.7
      vertex -29.0219 -34.5869 10.7
    endloop
  endfacet
  facet normal 0.445036 0.549565 -0.707051
    outer loop
      vertex -27.7971 -35.5787 10.7
      vertex -27.9818 -35.8151 10.4
      vertex -29.2147 -34.8167 10.4
    endloop
  endfacet
  facet normal 0.445049 0.549603 -0.707014
    outer loop
      vertex -29.0219 -34.5869 10.7
      vertex -27.7971 -35.5787 10.7
      vertex -29.2147 -34.8167 10.4
    endloop
  endfacet
  facet normal 0.629327 0.777141 -0
    outer loop
      vertex -27.9818 -35.8151 8
      vertex -29.2147 -34.8167 10.4
      vertex -27.9818 -35.8151 10.4
    endloop
  endfacet
  facet normal 0.629327 0.777141 0
    outer loop
      vertex -29.2147 -34.8167 10.4
      vertex -27.9818 -35.8151 8
      vertex -29.2147 -34.8167 8
    endloop
  endfacet
  facet normal 0.629315 0.77715 -0
    outer loop
      vertex -26.4734 -33.8845 0
      vertex -27.6399 -32.9399 8
      vertex -26.4734 -33.8845 8
    endloop
  endfacet
  facet normal 0.629315 0.77715 0
    outer loop
      vertex -27.6399 -32.9399 8
      vertex -26.4734 -33.8845 0
      vertex -27.6399 -32.9399 0
    endloop
  endfacet
  facet normal -0.629321 -0.777146 0
    outer loop
      vertex -30.7574 -36.6552 0
      vertex -29.4594 -37.7063 14
      vertex -30.7574 -36.6552 14
    endloop
  endfacet
  facet normal -0.629321 -0.777146 -0
    outer loop
      vertex -29.4594 -37.7063 14
      vertex -30.7574 -36.6552 0
      vertex -29.4594 -37.7063 0
    endloop
  endfacet
  facet normal 0.463941 0.533701 0.707052
    outer loop
      vertex -29.6004 -35.2763 14
      vertex -29.2147 -34.8167 13.4
      vertex -30.412 -33.7759 13.4
    endloop
  endfacet
  facet normal 0.463922 0.533697 0.707067
    outer loop
      vertex -29.6004 -35.2763 14
      vertex -30.412 -33.7759 13.4
      vertex -30.8135 -34.2218 14
    endloop
  endfacet
  facet normal 0.65606 0.754709 -0
    outer loop
      vertex -29.2147 -34.8167 11.4
      vertex -30.412 -33.7759 13.4
      vertex -29.2147 -34.8167 13.4
    endloop
  endfacet
  facet normal 0.65606 0.754709 0
    outer loop
      vertex -30.412 -33.7759 13.4
      vertex -29.2147 -34.8167 11.4
      vertex -30.412 -33.7759 11.4
    endloop
  endfacet
  facet normal 0.46398 0.533718 0.707013
    outer loop
      vertex -29.2147 -34.8167 11.4
      vertex -29.0219 -34.5869 11.1
      vertex -30.2112 -33.553 11.1
    endloop
  endfacet
  facet normal 0.463934 0.533694 0.707061
    outer loop
      vertex -29.2147 -34.8167 11.4
      vertex -30.2112 -33.553 11.1
      vertex -30.412 -33.7759 11.4
    endloop
  endfacet
  facet normal 0.65608 0.754692 -0
    outer loop
      vertex -29.0219 -34.5869 10.7
      vertex -30.2112 -33.553 11.1
      vertex -29.0219 -34.5869 11.1
    endloop
  endfacet
  facet normal 0.65608 0.754692 0
    outer loop
      vertex -30.2112 -33.553 11.1
      vertex -29.0219 -34.5869 10.7
      vertex -30.2112 -33.553 10.7
    endloop
  endfacet
  facet normal 0.463966 0.53373 -0.707013
    outer loop
      vertex -29.0219 -34.5869 10.7
      vertex -29.2147 -34.8167 10.4
      vertex -30.412 -33.7759 10.4
    endloop
  endfacet
  facet normal 0.463948 0.533682 -0.707061
    outer loop
      vertex -30.2112 -33.553 10.7
      vertex -29.0219 -34.5869 10.7
      vertex -30.412 -33.7759 10.4
    endloop
  endfacet
  facet normal 0.65606 0.754709 -0
    outer loop
      vertex -29.2147 -34.8167 8
      vertex -30.412 -33.7759 10.4
      vertex -29.2147 -34.8167 10.4
    endloop
  endfacet
  facet normal 0.65606 0.754709 0
    outer loop
      vertex -30.412 -33.7759 10.4
      vertex -29.2147 -34.8167 8
      vertex -30.412 -33.7759 8
    endloop
  endfacet
  facet normal 0.656081 0.75469 -0
    outer loop
      vertex -27.6399 -32.9399 0
      vertex -28.7726 -31.9552 8
      vertex -27.6399 -32.9399 8
    endloop
  endfacet
  facet normal 0.656081 0.75469 0
    outer loop
      vertex -28.7726 -31.9552 8
      vertex -27.6399 -32.9399 0
      vertex -28.7726 -31.9552 0
    endloop
  endfacet
  facet normal -0.656047 -0.75472 0
    outer loop
      vertex -32.0179 -35.5595 0
      vertex -30.7574 -36.6552 14
      vertex -32.0179 -35.5595 14
    endloop
  endfacet
  facet normal -0.656047 -0.75472 -0
    outer loop
      vertex -30.7574 -36.6552 14
      vertex -32.0179 -35.5595 0
      vertex -30.7574 -36.6552 0
    endloop
  endfacet
  facet normal 0.482272 0.517175 0.707067
    outer loop
      vertex -30.8135 -34.2218 14
      vertex -30.412 -33.7759 13.4
      vertex -31.5722 -32.694 13.4
    endloop
  endfacet
  facet normal 0.482289 0.517178 0.707053
    outer loop
      vertex -30.8135 -34.2218 14
      vertex -31.5722 -32.694 13.4
      vertex -31.989 -33.1256 14
    endloop
  endfacet
  facet normal 0.681997 0.731355 -0
    outer loop
      vertex -30.412 -33.7759 11.4
      vertex -31.5722 -32.694 13.4
      vertex -30.412 -33.7759 13.4
    endloop
  endfacet
  facet normal 0.681997 0.731355 0
    outer loop
      vertex -31.5722 -32.694 13.4
      vertex -30.412 -33.7759 11.4
      vertex -31.5722 -32.694 11.4
    endloop
  endfacet
  facet normal 0.482271 0.51718 0.707064
    outer loop
      vertex -30.412 -33.7759 11.4
      vertex -30.2112 -33.553 11.1
      vertex -31.3638 -32.4782 11.1
    endloop
  endfacet
  facet normal 0.482281 0.517185 0.707053
    outer loop
      vertex -30.412 -33.7759 11.4
      vertex -31.3638 -32.4782 11.1
      vertex -31.5722 -32.694 11.4
    endloop
  endfacet
  facet normal 0.681993 0.731359 -0
    outer loop
      vertex -30.2112 -33.553 10.7
      vertex -31.3638 -32.4782 11.1
      vertex -30.2112 -33.553 11.1
    endloop
  endfacet
  facet normal 0.681993 0.731359 0
    outer loop
      vertex -31.3638 -32.4782 11.1
      vertex -30.2112 -33.553 10.7
      vertex -31.3638 -32.4782 10.7
    endloop
  endfacet
  facet normal 0.482274 0.517177 -0.707064
    outer loop
      vertex -30.2112 -33.553 10.7
      vertex -30.412 -33.7759 10.4
      vertex -31.5722 -32.694 10.4
    endloop
  endfacet
  facet normal 0.482278 0.517188 -0.707053
    outer loop
      vertex -31.3638 -32.4782 10.7
      vertex -30.2112 -33.553 10.7
      vertex -31.5722 -32.694 10.4
    endloop
  endfacet
  facet normal 0.681997 0.731355 -0
    outer loop
      vertex -30.412 -33.7759 8
      vertex -31.5722 -32.694 10.4
      vertex -30.412 -33.7759 10.4
    endloop
  endfacet
  facet normal 0.681997 0.731355 0
    outer loop
      vertex -31.5722 -32.694 10.4
      vertex -30.412 -33.7759 8
      vertex -31.5722 -32.694 8
    endloop
  endfacet
  facet normal 0.681991 0.731361 -0
    outer loop
      vertex -28.7726 -31.9552 0
      vertex -29.8703 -30.9316 8
      vertex -28.7726 -31.9552 8
    endloop
  endfacet
  facet normal 0.681991 0.731361 0
    outer loop
      vertex -29.8703 -30.9316 8
      vertex -28.7726 -31.9552 0
      vertex -29.8703 -30.9316 0
    endloop
  endfacet
  facet normal -0.682009 -0.731344 0
    outer loop
      vertex -33.2394 -34.4204 0
      vertex -32.0179 -35.5595 14
      vertex -33.2394 -34.4204 14
    endloop
  endfacet
  facet normal -0.682009 -0.731344 -0
    outer loop
      vertex -32.0179 -35.5595 14
      vertex -33.2394 -34.4204 0
      vertex -32.0179 -35.5595 0
    endloop
  endfacet
  facet normal 0.500038 0.500038 0.707053
    outer loop
      vertex -32.694 -31.5722 13.4
      vertex -31.989 -33.1256 14
      vertex -31.5722 -32.694 13.4
    endloop
  endfacet
  facet normal 0.500038 0.500038 0.707053
    outer loop
      vertex -31.989 -33.1256 14
      vertex -32.694 -31.5722 13.4
      vertex -33.1256 -31.989 14
    endloop
  endfacet
  facet normal 0.707107 0.707107 0
    outer loop
      vertex -31.5722 -32.694 13.4
      vertex -32.694 -31.5722 11.4
      vertex -32.694 -31.5722 13.4
    endloop
  endfacet
  facet normal 0.707107 0.707107 0
    outer loop
      vertex -32.694 -31.5722 11.4
      vertex -31.5722 -32.694 13.4
      vertex -31.5722 -32.694 11.4
    endloop
  endfacet
  facet normal 0.500038 0.500038 0.707053
    outer loop
      vertex -32.4782 -31.3638 11.1
      vertex -31.5722 -32.694 11.4
      vertex -31.3638 -32.4782 11.1
    endloop
  endfacet
  facet normal 0.500038 0.500038 0.707053
    outer loop
      vertex -31.5722 -32.694 11.4
      vertex -32.4782 -31.3638 11.1
      vertex -32.694 -31.5722 11.4
    endloop
  endfacet
  facet normal 0.707107 0.707107 0
    outer loop
      vertex -31.3638 -32.4782 11.1
      vertex -32.4782 -31.3638 10.7
      vertex -32.4782 -31.3638 11.1
    endloop
  endfacet
  facet normal 0.707107 0.707107 0
    outer loop
      vertex -32.4782 -31.3638 10.7
      vertex -31.3638 -32.4782 11.1
      vertex -31.3638 -32.4782 10.7
    endloop
  endfacet
  facet normal 0.500038 0.500038 -0.707053
    outer loop
      vertex -31.5722 -32.694 10.4
      vertex -32.4782 -31.3638 10.7
      vertex -31.3638 -32.4782 10.7
    endloop
  endfacet
  facet normal 0.500038 0.500038 -0.707053
    outer loop
      vertex -32.4782 -31.3638 10.7
      vertex -31.5722 -32.694 10.4
      vertex -32.694 -31.5722 10.4
    endloop
  endfacet
  facet normal 0.707107 0.707107 0
    outer loop
      vertex -31.5722 -32.694 10.4
      vertex -32.694 -31.5722 8
      vertex -32.694 -31.5722 10.4
    endloop
  endfacet
  facet normal 0.707107 0.707107 0
    outer loop
      vertex -32.694 -31.5722 8
      vertex -31.5722 -32.694 10.4
      vertex -31.5722 -32.694 8
    endloop
  endfacet
  facet normal 0.707107 0.707107 0
    outer loop
      vertex -29.8703 -30.9316 8
      vertex -30.9316 -29.8703 0
      vertex -30.9316 -29.8703 8
    endloop
  endfacet
  facet normal 0.707107 0.707107 0
    outer loop
      vertex -30.9316 -29.8703 0
      vertex -29.8703 -30.9316 8
      vertex -29.8703 -30.9316 0
    endloop
  endfacet
  facet normal -0.707107 -0.707107 0
    outer loop
      vertex -33.2394 -34.4204 0
      vertex -34.4204 -33.2394 14
      vertex -34.4204 -33.2394 0
    endloop
  endfacet
  facet normal -0.707107 -0.707107 0
    outer loop
      vertex -34.4204 -33.2394 14
      vertex -33.2394 -34.4204 0
      vertex -33.2394 -34.4204 14
    endloop
  endfacet
  facet normal 0.517185 0.482281 0.707053
    outer loop
      vertex -33.1256 -31.989 14
      vertex -32.694 -31.5722 13.4
      vertex -33.7759 -30.412 13.4
    endloop
  endfacet
  facet normal 0.517168 0.482279 0.707067
    outer loop
      vertex -33.1256 -31.989 14
      vertex -33.7759 -30.412 13.4
      vertex -34.2218 -30.8135 14
    endloop
  endfacet
  facet normal 0.731355 0.681997 0
    outer loop
      vertex -32.694 -31.5722 13.4
      vertex -33.7759 -30.412 11.4
      vertex -33.7759 -30.412 13.4
    endloop
  endfacet
  facet normal 0.731355 0.681997 0
    outer loop
      vertex -33.7759 -30.412 11.4
      vertex -32.694 -31.5722 13.4
      vertex -32.694 -31.5722 11.4
    endloop
  endfacet
  facet normal 0.517188 0.482278 0.707053
    outer loop
      vertex -32.694 -31.5722 11.4
      vertex -32.4782 -31.3638 11.1
      vertex -33.553 -30.2112 11.1
    endloop
  endfacet
  facet normal 0.517177 0.482274 0.707064
    outer loop
      vertex -32.694 -31.5722 11.4
      vertex -33.553 -30.2112 11.1
      vertex -33.7759 -30.412 11.4
    endloop
  endfacet
  facet normal 0.731359 0.681993 0
    outer loop
      vertex -32.4782 -31.3638 11.1
      vertex -33.553 -30.2112 10.7
      vertex -33.553 -30.2112 11.1
    endloop
  endfacet
  facet normal 0.731359 0.681993 0
    outer loop
      vertex -33.553 -30.2112 10.7
      vertex -32.4782 -31.3638 11.1
      vertex -32.4782 -31.3638 10.7
    endloop
  endfacet
  facet normal 0.517185 0.482281 -0.707053
    outer loop
      vertex -32.4782 -31.3638 10.7
      vertex -32.694 -31.5722 10.4
      vertex -33.7759 -30.412 10.4
    endloop
  endfacet
  facet normal 0.51718 0.482271 -0.707064
    outer loop
      vertex -33.553 -30.2112 10.7
      vertex -32.4782 -31.3638 10.7
      vertex -33.7759 -30.412 10.4
    endloop
  endfacet
  facet normal 0.731355 0.681997 0
    outer loop
      vertex -32.694 -31.5722 10.4
      vertex -33.7759 -30.412 8
      vertex -33.7759 -30.412 10.4
    endloop
  endfacet
  facet normal 0.731355 0.681997 0
    outer loop
      vertex -33.7759 -30.412 8
      vertex -32.694 -31.5722 10.4
      vertex -32.694 -31.5722 8
    endloop
  endfacet
  facet normal 0.731361 0.681991 0
    outer loop
      vertex -30.9316 -29.8703 8
      vertex -31.9552 -28.7726 0
      vertex -31.9552 -28.7726 8
    endloop
  endfacet
  facet normal 0.731361 0.681991 0
    outer loop
      vertex -31.9552 -28.7726 0
      vertex -30.9316 -29.8703 8
      vertex -30.9316 -29.8703 0
    endloop
  endfacet
  facet normal -0.731344 -0.682009 0
    outer loop
      vertex -34.4204 -33.2394 0
      vertex -35.5595 -32.0179 14
      vertex -35.5595 -32.0179 0
    endloop
  endfacet
  facet normal -0.731344 -0.682009 0
    outer loop
      vertex -35.5595 -32.0179 14
      vertex -34.4204 -33.2394 0
      vertex -34.4204 -33.2394 14
    endloop
  endfacet
  facet normal 0.53369 0.463931 0.707067
    outer loop
      vertex -34.2218 -30.8135 14
      vertex -33.7759 -30.412 13.4
      vertex -34.8167 -29.2147 13.4
    endloop
  endfacet
  facet normal 0.533709 0.463932 0.707052
    outer loop
      vertex -34.2218 -30.8135 14
      vertex -34.8167 -29.2147 13.4
      vertex -35.2763 -29.6004 14
    endloop
  endfacet
  facet normal 0.754709 0.65606 0
    outer loop
      vertex -33.7759 -30.412 13.4
      vertex -34.8167 -29.2147 11.4
      vertex -34.8167 -29.2147 13.4
    endloop
  endfacet
  facet normal 0.754709 0.65606 0
    outer loop
      vertex -34.8167 -29.2147 11.4
      vertex -33.7759 -30.412 13.4
      vertex -33.7759 -30.412 11.4
    endloop
  endfacet
  facet normal 0.533682 0.463948 0.707061
    outer loop
      vertex -33.7759 -30.412 11.4
      vertex -33.553 -30.2112 11.1
      vertex -34.5869 -29.0219 11.1
    endloop
  endfacet
  facet normal 0.53373 0.463966 0.707013
    outer loop
      vertex -33.7759 -30.412 11.4
      vertex -34.5869 -29.0219 11.1
      vertex -34.8167 -29.2147 11.4
    endloop
  endfacet
  facet normal 0.754692 0.65608 0
    outer loop
      vertex -33.553 -30.2112 11.1
      vertex -34.5869 -29.0219 10.7
      vertex -34.5869 -29.0219 11.1
    endloop
  endfacet
  facet normal 0.754692 0.65608 0
    outer loop
      vertex -34.5869 -29.0219 10.7
      vertex -33.553 -30.2112 11.1
      vertex -33.553 -30.2112 10.7
    endloop
  endfacet
  facet normal 0.533694 0.463934 -0.707061
    outer loop
      vertex -33.553 -30.2112 10.7
      vertex -33.7759 -30.412 10.4
      vertex -34.8167 -29.2147 10.4
    endloop
  endfacet
  facet normal 0.533718 0.46398 -0.707013
    outer loop
      vertex -34.5869 -29.0219 10.7
      vertex -33.553 -30.2112 10.7
      vertex -34.8167 -29.2147 10.4
    endloop
  endfacet
  facet normal 0.754709 0.65606 0
    outer loop
      vertex -33.7759 -30.412 10.4
      vertex -34.8167 -29.2147 8
      vertex -34.8167 -29.2147 10.4
    endloop
  endfacet
  facet normal 0.754709 0.65606 0
    outer loop
      vertex -34.8167 -29.2147 8
      vertex -33.7759 -30.412 10.4
      vertex -33.7759 -30.412 8
    endloop
  endfacet
  facet normal 0.75469 0.656081 0
    outer loop
      vertex -31.9552 -28.7726 8
      vertex -32.9399 -27.6399 0
      vertex -32.9399 -27.6399 8
    endloop
  endfacet
  facet normal 0.75469 0.656081 0
    outer loop
      vertex -32.9399 -27.6399 0
      vertex -31.9552 -28.7726 8
      vertex -31.9552 -28.7726 0
    endloop
  endfacet
  facet normal -0.75472 -0.656047 0
    outer loop
      vertex -35.5595 -32.0179 0
      vertex -36.6552 -30.7574 14
      vertex -36.6552 -30.7574 0
    endloop
  endfacet
  facet normal -0.75472 -0.656047 0
    outer loop
      vertex -36.6552 -30.7574 14
      vertex -35.5595 -32.0179 0
      vertex -35.5595 -32.0179 14
    endloop
  endfacet
  facet normal 0.549565 0.445037 0.707051
    outer loop
      vertex -35.2763 -29.6004 14
      vertex -34.8167 -29.2147 13.4
      vertex -35.8151 -27.9818 13.4
    endloop
  endfacet
  facet normal 0.549565 0.445036 0.707051
    outer loop
      vertex -35.2763 -29.6004 14
      vertex -35.8151 -27.9818 13.4
      vertex -36.2879 -28.3512 14
    endloop
  endfacet
  facet normal 0.777141 0.629327 0
    outer loop
      vertex -34.8167 -29.2147 13.4
      vertex -35.8151 -27.9818 11.4
      vertex -35.8151 -27.9818 13.4
    endloop
  endfacet
  facet normal 0.777141 0.629327 0
    outer loop
      vertex -35.8151 -27.9818 11.4
      vertex -34.8167 -29.2147 13.4
      vertex -34.8167 -29.2147 11.4
    endloop
  endfacet
  facet normal 0.549603 0.445049 0.707014
    outer loop
      vertex -34.8167 -29.2147 11.4
      vertex -34.5869 -29.0219 11.1
      vertex -35.5787 -27.7971 11.1
    endloop
  endfacet
  facet normal 0.549565 0.445036 0.707051
    outer loop
      vertex -34.8167 -29.2147 11.4
      vertex -35.5787 -27.7971 11.1
      vertex -35.8151 -27.9818 11.4
    endloop
  endfacet
  facet normal 0.777153 0.629311 0
    outer loop
      vertex -34.5869 -29.0219 11.1
      vertex -35.5787 -27.7971 10.7
      vertex -35.5787 -27.7971 11.1
    endloop
  endfacet
  facet normal 0.777153 0.629311 0
    outer loop
      vertex -35.5787 -27.7971 10.7
      vertex -34.5869 -29.0219 11.1
      vertex -34.5869 -29.0219 10.7
    endloop
  endfacet
  facet normal 0.549594 0.44506 -0.707014
    outer loop
      vertex -34.5869 -29.0219 10.7
      vertex -34.8167 -29.2147 10.4
      vertex -35.8151 -27.9818 10.4
    endloop
  endfacet
  facet normal 0.549574 0.445025 -0.707051
    outer loop
      vertex -35.5787 -27.7971 10.7
      vertex -34.5869 -29.0219 10.7
      vertex -35.8151 -27.9818 10.4
    endloop
  endfacet
  facet normal 0.777141 0.629327 0
    outer loop
      vertex -34.8167 -29.2147 10.4
      vertex -35.8151 -27.9818 8
      vertex -35.8151 -27.9818 10.4
    endloop
  endfacet
  facet normal 0.777141 0.629327 0
    outer loop
      vertex -35.8151 -27.9818 8
      vertex -34.8167 -29.2147 10.4
      vertex -34.8167 -29.2147 8
    endloop
  endfacet
  facet normal 0.77715 0.629315 0
    outer loop
      vertex -32.9399 -27.6399 8
      vertex -33.8845 -26.4734 0
      vertex -33.8845 -26.4734 8
    endloop
  endfacet
  facet normal 0.77715 0.629315 0
    outer loop
      vertex -33.8845 -26.4734 0
      vertex -32.9399 -27.6399 8
      vertex -32.9399 -27.6399 0
    endloop
  endfacet
  facet normal -0.777146 -0.629321 0
    outer loop
      vertex -36.6552 -30.7574 0
      vertex -37.7063 -29.4594 14
      vertex -37.7063 -29.4594 0
    endloop
  endfacet
  facet normal -0.777146 -0.629321 0
    outer loop
      vertex -37.7063 -29.4594 14
      vertex -36.6552 -30.7574 0
      vertex -36.6552 -30.7574 14
    endloop
  endfacet
  facet normal 0.564777 0.425566 0.707051
    outer loop
      vertex -36.2879 -28.3512 14
      vertex -35.8151 -27.9818 13.4
      vertex -36.7698 -26.7148 13.4
    endloop
  endfacet
  facet normal 0.564767 0.425566 0.707058
    outer loop
      vertex -36.2879 -28.3512 14
      vertex -36.7698 -26.7148 13.4
      vertex -37.2552 -27.0675 14
    endloop
  endfacet
  facet normal 0.798652 0.601794 0
    outer loop
      vertex -35.8151 -27.9818 13.4
      vertex -36.7698 -26.7148 11.4
      vertex -36.7698 -26.7148 13.4
    endloop
  endfacet
  facet normal 0.798652 0.601794 0
    outer loop
      vertex -36.7698 -26.7148 11.4
      vertex -35.8151 -27.9818 13.4
      vertex -35.8151 -27.9818 11.4
    endloop
  endfacet
  facet normal 0.56477 0.425574 0.707051
    outer loop
      vertex -35.8151 -27.9818 11.4
      vertex -35.5787 -27.7971 11.1
      vertex -36.5271 -26.5385 11.1
    endloop
  endfacet
  facet normal 0.564799 0.425583 0.707023
    outer loop
      vertex -35.8151 -27.9818 11.4
      vertex -36.5271 -26.5385 11.1
      vertex -36.7698 -26.7148 11.4
    endloop
  endfacet
  facet normal 0.798643 0.601806 0
    outer loop
      vertex -35.5787 -27.7971 11.1
      vertex -36.5271 -26.5385 10.7
      vertex -36.5271 -26.5385 11.1
    endloop
  endfacet
  facet normal 0.798643 0.601806 0
    outer loop
      vertex -36.5271 -26.5385 10.7
      vertex -35.5787 -27.7971 11.1
      vertex -35.5787 -27.7971 10.7
    endloop
  endfacet
  facet normal 0.564777 0.425566 -0.707051
    outer loop
      vertex -35.5787 -27.7971 10.7
      vertex -35.8151 -27.9818 10.4
      vertex -36.7698 -26.7148 10.4
    endloop
  endfacet
  facet normal 0.564793 0.425591 -0.707023
    outer loop
      vertex -36.5271 -26.5385 10.7
      vertex -35.5787 -27.7971 10.7
      vertex -36.7698 -26.7148 10.4
    endloop
  endfacet
  facet normal 0.798652 0.601794 0
    outer loop
      vertex -35.8151 -27.9818 10.4
      vertex -36.7698 -26.7148 8
      vertex -36.7698 -26.7148 10.4
    endloop
  endfacet
  facet normal 0.798652 0.601794 0
    outer loop
      vertex -36.7698 -26.7148 8
      vertex -35.8151 -27.9818 10.4
      vertex -35.8151 -27.9818 8
    endloop
  endfacet
  facet normal 0.798639 0.601811 0
    outer loop
      vertex -33.8845 -26.4734 8
      vertex -34.7877 -25.2748 0
      vertex -34.7877 -25.2748 8
    endloop
  endfacet
  facet normal 0.798639 0.601811 0
    outer loop
      vertex -34.7877 -25.2748 0
      vertex -33.8845 -26.4734 8
      vertex -33.8845 -26.4734 0
    endloop
  endfacet
  facet normal -0.798626 -0.601828 0
    outer loop
      vertex -37.7063 -29.4594 0
      vertex -38.7115 -28.1255 14
      vertex -38.7115 -28.1255 0
    endloop
  endfacet
  facet normal -0.798626 -0.601828 0
    outer loop
      vertex -38.7115 -28.1255 14
      vertex -37.7063 -29.4594 0
      vertex -37.7063 -29.4594 14
    endloop
  endfacet
  facet normal 0.579251 0.405632 0.707058
    outer loop
      vertex -37.2552 -27.0675 14
      vertex -36.7698 -26.7148 13.4
      vertex -37.6798 -25.4153 13.4
    endloop
  endfacet
  facet normal 0.579278 0.405631 0.707037
    outer loop
      vertex -37.2552 -27.0675 14
      vertex -37.6798 -25.4153 13.4
      vertex -38.1772 -25.7508 14
    endloop
  endfacet
  facet normal 0.819128 0.57361 0
    outer loop
      vertex -36.7698 -26.7148 13.4
      vertex -37.6798 -25.4153 11.4
      vertex -37.6798 -25.4153 13.4
    endloop
  endfacet
  facet normal 0.819128 0.57361 0
    outer loop
      vertex -37.6798 -25.4153 11.4
      vertex -36.7698 -26.7148 13.4
      vertex -36.7698 -26.7148 11.4
    endloop
  endfacet
  facet normal 0.579295 0.405628 0.707024
    outer loop
      vertex -36.7698 -26.7148 11.4
      vertex -36.5271 -26.5385 11.1
      vertex -37.431 -25.2476 11.1
    endloop
  endfacet
  facet normal 0.579217 0.405608 0.707099
    outer loop
      vertex -36.7698 -26.7148 11.4
      vertex -37.431 -25.2476 11.1
      vertex -37.6798 -25.4153 11.4
    endloop
  endfacet
  facet normal 0.819151 0.573577 0
    outer loop
      vertex -36.5271 -26.5385 11.1
      vertex -37.431 -25.2476 10.7
      vertex -37.431 -25.2476 11.1
    endloop
  endfacet
  facet normal 0.819151 0.573577 0
    outer loop
      vertex -37.431 -25.2476 10.7
      vertex -36.5271 -26.5385 11.1
      vertex -36.5271 -26.5385 10.7
    endloop
  endfacet
  facet normal 0.579279 0.405651 -0.707024
    outer loop
      vertex -36.5271 -26.5385 10.7
      vertex -36.7698 -26.7148 10.4
      vertex -37.6798 -25.4153 10.4
    endloop
  endfacet
  facet normal 0.579234 0.405585 -0.707099
    outer loop
      vertex -37.431 -25.2476 10.7
      vertex -36.5271 -26.5385 10.7
      vertex -37.6798 -25.4153 10.4
    endloop
  endfacet
  facet normal 0.819128 0.57361 0
    outer loop
      vertex -36.7698 -26.7148 10.4
      vertex -37.6798 -25.4153 8
      vertex -37.6798 -25.4153 10.4
    endloop
  endfacet
  facet normal 0.819128 0.57361 0
    outer loop
      vertex -37.6798 -25.4153 8
      vertex -36.7698 -26.7148 10.4
      vertex -36.7698 -26.7148 8
    endloop
  endfacet
  facet normal 0.819154 0.573574 0
    outer loop
      vertex -34.7877 -25.2748 8
      vertex -35.6486 -24.0453 0
      vertex -35.6486 -24.0453 8
    endloop
  endfacet
  facet normal 0.819154 0.573574 0
    outer loop
      vertex -35.6486 -24.0453 0
      vertex -34.7877 -25.2748 8
      vertex -34.7877 -25.2748 0
    endloop
  endfacet
  facet normal -0.819167 -0.573555 0
    outer loop
      vertex -38.7115 -28.1255 0
      vertex -39.6694 -26.7574 14
      vertex -39.6694 -26.7574 0
    endloop
  endfacet
  facet normal -0.819167 -0.573555 0
    outer loop
      vertex -39.6694 -26.7574 14
      vertex -38.7115 -28.1255 0
      vertex -38.7115 -28.1255 14
    endloop
  endfacet
  facet normal 0.593096 0.385145 0.707037
    outer loop
      vertex -38.1772 -25.7508 14
      vertex -37.6798 -25.4153 13.4
      vertex -38.5438 -24.0848 13.4
    endloop
  endfacet
  facet normal 0.593074 0.385146 0.707054
    outer loop
      vertex -38.1772 -25.7508 14
      vertex -38.5438 -24.0848 13.4
      vertex -39.0526 -24.4028 14
    endloop
  endfacet
  facet normal 0.838681 0.544623 0
    outer loop
      vertex -37.6798 -25.4153 13.4
      vertex -38.5438 -24.0848 11.4
      vertex -38.5438 -24.0848 13.4
    endloop
  endfacet
  facet normal 0.838681 0.544623 0
    outer loop
      vertex -38.5438 -24.0848 11.4
      vertex -37.6798 -25.4153 13.4
      vertex -37.6798 -25.4153 11.4
    endloop
  endfacet
  facet normal 0.59303 0.385124 0.707104
    outer loop
      vertex -37.6798 -25.4153 11.4
      vertex -37.431 -25.2476 11.1
      vertex -38.2894 -23.9258 11.1
    endloop
  endfacet
  facet normal 0.593081 0.385135 0.707054
    outer loop
      vertex -37.6798 -25.4153 11.4
      vertex -38.2894 -23.9258 11.1
      vertex -38.5438 -24.0848 11.4
    endloop
  endfacet
  facet normal 0.838667 0.544645 0
    outer loop
      vertex -37.431 -25.2476 11.1
      vertex -38.2894 -23.9258 10.7
      vertex -38.2894 -23.9258 11.1
    endloop
  endfacet
  facet normal 0.838667 0.544645 0
    outer loop
      vertex -38.2894 -23.9258 10.7
      vertex -37.431 -25.2476 11.1
      vertex -37.431 -25.2476 10.7
    endloop
  endfacet
  facet normal 0.59304 0.385108 -0.707103
    outer loop
      vertex -37.431 -25.2476 10.7
      vertex -37.6798 -25.4153 10.4
      vertex -38.5438 -24.0848 10.4
    endloop
  endfacet
  facet normal 0.593071 0.385151 -0.707054
    outer loop
      vertex -38.2894 -23.9258 10.7
      vertex -37.431 -25.2476 10.7
      vertex -38.5438 -24.0848 10.4
    endloop
  endfacet
  facet normal 0.838681 0.544623 0
    outer loop
      vertex -37.6798 -25.4153 10.4
      vertex -38.5438 -24.0848 8
      vertex -38.5438 -24.0848 10.4
    endloop
  endfacet
  facet normal 0.838681 0.544623 0
    outer loop
      vertex -38.5438 -24.0848 8
      vertex -37.6798 -25.4153 10.4
      vertex -37.6798 -25.4153 8
    endloop
  endfacet
  facet normal 0.838663 0.544651 0
    outer loop
      vertex -35.6486 -24.0453 8
      vertex -36.4661 -22.7865 0
      vertex -36.4661 -22.7865 8
    endloop
  endfacet
  facet normal 0.838663 0.544651 0
    outer loop
      vertex -36.4661 -22.7865 0
      vertex -35.6486 -24.0453 8
      vertex -35.6486 -24.0453 0
    endloop
  endfacet
  facet normal -0.838668 -0.544643 0
    outer loop
      vertex -39.6694 -26.7574 0
      vertex -40.5791 -25.3566 14
      vertex -40.5791 -25.3566 0
    endloop
  endfacet
  facet normal -0.838668 -0.544643 0
    outer loop
      vertex -40.5791 -25.3566 14
      vertex -39.6694 -26.7574 0
      vertex -39.6694 -26.7574 14
    endloop
  endfacet
  facet normal 0.606145 0.364231 0.707053
    outer loop
      vertex -39.0526 -24.4028 14
      vertex -38.5438 -24.0848 13.4
      vertex -39.3609 -22.725 13.4
    endloop
  endfacet
  facet normal 0.606155 0.36423 0.707045
    outer loop
      vertex -39.0526 -24.4028 14
      vertex -39.3609 -22.725 13.4
      vertex -39.8805 -23.025 14
    endloop
  endfacet
  facet normal 0.857153 0.515061 0
    outer loop
      vertex -38.5438 -24.0848 13.4
      vertex -39.3609 -22.725 11.4
      vertex -39.3609 -22.725 13.4
    endloop
  endfacet
  facet normal 0.857153 0.515061 0
    outer loop
      vertex -39.3609 -22.725 11.4
      vertex -38.5438 -24.0848 13.4
      vertex -38.5438 -24.0848 11.4
    endloop
  endfacet
  facet normal 0.606163 0.364201 0.707053
    outer loop
      vertex -38.5438 -24.0848 11.4
      vertex -38.2894 -23.9258 11.1
      vertex -39.101 -22.575 11.1
    endloop
  endfacet
  facet normal 0.606065 0.364183 0.707146
    outer loop
      vertex -38.5438 -24.0848 11.4
      vertex -39.101 -22.575 11.1
      vertex -39.3609 -22.725 11.4
    endloop
  endfacet
  facet normal 0.857179 0.515018 0
    outer loop
      vertex -38.2894 -23.9258 11.1
      vertex -39.101 -22.575 10.7
      vertex -39.101 -22.575 11.1
    endloop
  endfacet
  facet normal 0.857179 0.515018 0
    outer loop
      vertex -39.101 -22.575 10.7
      vertex -38.2894 -23.9258 11.1
      vertex -38.2894 -23.9258 10.7
    endloop
  endfacet
  facet normal 0.606145 0.364231 -0.707053
    outer loop
      vertex -38.2894 -23.9258 10.7
      vertex -38.5438 -24.0848 10.4
      vertex -39.3609 -22.725 10.4
    endloop
  endfacet
  facet normal 0.606083 0.364152 -0.707146
    outer loop
      vertex -39.101 -22.575 10.7
      vertex -38.2894 -23.9258 10.7
      vertex -39.3609 -22.725 10.4
    endloop
  endfacet
  facet normal 0.857153 0.515061 0
    outer loop
      vertex -38.5438 -24.0848 10.4
      vertex -39.3609 -22.725 8
      vertex -39.3609 -22.725 10.4
    endloop
  endfacet
  facet normal 0.857153 0.515061 0
    outer loop
      vertex -39.3609 -22.725 8
      vertex -38.5438 -24.0848 10.4
      vertex -38.5438 -24.0848 8
    endloop
  endfacet
  facet normal 0.857169 0.515035 0
    outer loop
      vertex -36.4661 -22.7865 8
      vertex -37.2391 -21.5 0
      vertex -37.2391 -21.5 8
    endloop
  endfacet
  facet normal 0.857169 0.515035 0
    outer loop
      vertex -37.2391 -21.5 0
      vertex -36.4661 -22.7865 8
      vertex -36.4661 -22.7865 0
    endloop
  endfacet
  facet normal -0.857165 -0.515042 0
    outer loop
      vertex -40.5791 -25.3566 0
      vertex -41.4393 -23.925 14
      vertex -41.4393 -23.925 0
    endloop
  endfacet
  facet normal -0.857165 -0.515042 0
    outer loop
      vertex -41.4393 -23.925 14
      vertex -40.5791 -25.3566 0
      vertex -40.5791 -25.3566 14
    endloop
  endfacet
  facet normal 0.618504 0.342841 0.707045
    outer loop
      vertex -39.8805 -23.025 14
      vertex -39.3609 -22.725 13.4
      vertex -40.13 -21.3375 13.4
    endloop
  endfacet
  facet normal 0.618532 0.342837 0.707023
    outer loop
      vertex -39.8805 -23.025 14
      vertex -40.13 -21.3375 13.4
      vertex -40.6597 -21.6192 14
    endloop
  endfacet
  facet normal 0.874621 0.484808 0
    outer loop
      vertex -39.3609 -22.725 13.4
      vertex -40.13 -21.3375 11.4
      vertex -40.13 -21.3375 13.4
    endloop
  endfacet
  facet normal 0.874621 0.484808 0
    outer loop
      vertex -40.13 -21.3375 11.4
      vertex -39.3609 -22.725 13.4
      vertex -39.3609 -22.725 11.4
    endloop
  endfacet
  facet normal 0.618406 0.342806 0.707148
    outer loop
      vertex -39.3609 -22.725 11.4
      vertex -39.101 -22.575 11.1
      vertex -39.8651 -21.1966 11.1
    endloop
  endfacet
  facet normal 0.618454 0.342813 0.707103
    outer loop
      vertex -39.3609 -22.725 11.4
      vertex -39.8651 -21.1966 11.1
      vertex -40.13 -21.3375 11.4
    endloop
  endfacet
  facet normal 0.874609 0.484829 0
    outer loop
      vertex -39.101 -22.575 11.1
      vertex -39.8651 -21.1966 10.7
      vertex -39.8651 -21.1966 11.1
    endloop
  endfacet
  facet normal 0.874609 0.484829 0
    outer loop
      vertex -39.8651 -21.1966 10.7
      vertex -39.101 -22.575 11.1
      vertex -39.101 -22.575 10.7
    endloop
  endfacet
  facet normal 0.618414 0.342791 -0.707148
    outer loop
      vertex -39.101 -22.575 10.7
      vertex -39.3609 -22.725 10.4
      vertex -40.13 -21.3375 10.4
    endloop
  endfacet
  facet normal 0.618446 0.342828 -0.707102
    outer loop
      vertex -39.8651 -21.1966 10.7
      vertex -39.101 -22.575 10.7
      vertex -40.13 -21.3375 10.4
    endloop
  endfacet
  facet normal 0.874621 0.484808 0
    outer loop
      vertex -39.3609 -22.725 10.4
      vertex -40.13 -21.3375 8
      vertex -40.13 -21.3375 10.4
    endloop
  endfacet
  facet normal 0.874621 0.484808 0
    outer loop
      vertex -40.13 -21.3375 8
      vertex -39.3609 -22.725 10.4
      vertex -39.3609 -22.725 8
    endloop
  endfacet
  facet normal 0.874631 0.484788 0
    outer loop
      vertex -37.2391 -21.5 8
      vertex -37.9667 -20.1873 0
      vertex -37.9667 -20.1873 8
    endloop
  endfacet
  facet normal 0.874631 0.484788 0
    outer loop
      vertex -37.9667 -20.1873 0
      vertex -37.2391 -21.5 8
      vertex -37.2391 -21.5 0
    endloop
  endfacet
  facet normal -0.874629 -0.484794 0
    outer loop
      vertex -41.4393 -23.925 0
      vertex -42.249 -22.4642 14
      vertex -42.249 -22.4642 0
    endloop
  endfacet
  facet normal -0.874629 -0.484794 0
    outer loop
      vertex -42.249 -22.4642 14
      vertex -41.4393 -23.925 0
      vertex -41.4393 -23.925 14
    endloop
  endfacet
  facet normal 0.630115 0.321053 0.707021
    outer loop
      vertex -40.6597 -21.6192 14
      vertex -40.13 -21.3375 13.4
      vertex -40.8502 -19.924 13.4
    endloop
  endfacet
  facet normal 0.630069 0.321062 0.707059
    outer loop
      vertex -40.6597 -21.6192 14
      vertex -40.8502 -19.924 13.4
      vertex -41.3895 -20.187 14
    endloop
  endfacet
  facet normal 0.89101 0.453983 0
    outer loop
      vertex -40.13 -21.3375 13.4
      vertex -40.8502 -19.924 11.4
      vertex -40.8502 -19.924 13.4
    endloop
  endfacet
  facet normal 0.89101 0.453983 0
    outer loop
      vertex -40.8502 -19.924 11.4
      vertex -40.13 -21.3375 13.4
      vertex -40.13 -21.3375 11.4
    endloop
  endfacet
  facet normal 0.630047 0.321014 0.707101
    outer loop
      vertex -40.13 -21.3375 11.4
      vertex -39.8651 -21.1966 11.1
      vertex -40.5805 -19.7925 11.1
    endloop
  endfacet
  facet normal 0.630035 0.321012 0.707112
    outer loop
      vertex -40.13 -21.3375 11.4
      vertex -40.5805 -19.7925 11.1
      vertex -40.8502 -19.924 11.4
    endloop
  endfacet
  facet normal 0.891013 0.453978 0
    outer loop
      vertex -39.8651 -21.1966 11.1
      vertex -40.5805 -19.7925 10.7
      vertex -40.5805 -19.7925 11.1
    endloop
  endfacet
  facet normal 0.891013 0.453978 0
    outer loop
      vertex -40.5805 -19.7925 10.7
      vertex -39.8651 -21.1966 11.1
      vertex -39.8651 -21.1966 10.7
    endloop
  endfacet
  facet normal 0.630045 0.321017 -0.707101
    outer loop
      vertex -39.8651 -21.1966 10.7
      vertex -40.13 -21.3375 10.4
      vertex -40.8502 -19.924 10.4
    endloop
  endfacet
  facet normal 0.630037 0.321009 -0.707112
    outer loop
      vertex -40.5805 -19.7925 10.7
      vertex -39.8651 -21.1966 10.7
      vertex -40.8502 -19.924 10.4
    endloop
  endfacet
  facet normal 0.89101 0.453983 0
    outer loop
      vertex -40.13 -21.3375 10.4
      vertex -40.8502 -19.924 8
      vertex -40.8502 -19.924 10.4
    endloop
  endfacet
  facet normal 0.89101 0.453983 0
    outer loop
      vertex -40.8502 -19.924 8
      vertex -40.13 -21.3375 10.4
      vertex -40.13 -21.3375 8
    endloop
  endfacet
  facet normal 0.891003 0.453997 0
    outer loop
      vertex -37.9667 -20.1873 8
      vertex -38.6481 -18.85 0
      vertex -38.6481 -18.85 8
    endloop
  endfacet
  facet normal 0.891003 0.453997 0
    outer loop
      vertex -38.6481 -18.85 0
      vertex -37.9667 -20.1873 8
      vertex -37.9667 -20.1873 0
    endloop
  endfacet
  facet normal -0.890988 -0.454026 0
    outer loop
      vertex -42.249 -22.4642 0
      vertex -43.0073 -20.9761 14
      vertex -43.0073 -20.9761 0
    endloop
  endfacet
  facet normal -0.890988 -0.454026 0
    outer loop
      vertex -43.0073 -20.9761 14
      vertex -42.249 -22.4642 0
      vertex -42.249 -22.4642 14
    endloop
  endfacet
  facet normal 0.640909 0.298835 0.70706
    outer loop
      vertex -41.3895 -20.187 14
      vertex -40.8502 -19.924 13.4
      vertex -41.5206 -18.4862 13.4
    endloop
  endfacet
  facet normal 0.640882 0.298841 0.707081
    outer loop
      vertex -41.3895 -20.187 14
      vertex -41.5206 -18.4862 13.4
      vertex -42.0688 -18.7302 14
    endloop
  endfacet
  facet normal 0.906322 0.422589 0
    outer loop
      vertex -40.8502 -19.924 13.4
      vertex -41.5206 -18.4862 11.4
      vertex -41.5206 -18.4862 13.4
    endloop
  endfacet
  facet normal 0.906322 0.422589 0
    outer loop
      vertex -41.5206 -18.4862 11.4
      vertex -40.8502 -19.924 13.4
      vertex -40.8502 -19.924 11.4
    endloop
  endfacet
  facet normal 0.640838 0.29886 0.707114
    outer loop
      vertex -40.8502 -19.924 11.4
      vertex -40.5805 -19.7925 11.1
      vertex -41.2466 -18.3642 11.1
    endloop
  endfacet
  facet normal 0.640986 0.298871 0.706975
    outer loop
      vertex -40.8502 -19.924 11.4
      vertex -41.2466 -18.3642 11.1
      vertex -41.5206 -18.4862 11.4
    endloop
  endfacet
  facet normal 0.90629 0.422656 0
    outer loop
      vertex -40.5805 -19.7925 11.1
      vertex -41.2466 -18.3642 10.7
      vertex -41.2466 -18.3642 11.1
    endloop
  endfacet
  facet normal 0.90629 0.422656 0
    outer loop
      vertex -41.2466 -18.3642 10.7
      vertex -40.5805 -19.7925 11.1
      vertex -40.5805 -19.7925 10.7
    endloop
  endfacet
  facet normal 0.64086 0.298813 -0.707113
    outer loop
      vertex -40.5805 -19.7925 10.7
      vertex -40.8502 -19.924 10.4
      vertex -41.5206 -18.4862 10.4
    endloop
  endfacet
  facet normal 0.640964 0.298919 -0.706974
    outer loop
      vertex -41.2466 -18.3642 10.7
      vertex -40.5805 -19.7925 10.7
      vertex -41.5206 -18.4862 10.4
    endloop
  endfacet
  facet normal 0.906322 0.422589 0
    outer loop
      vertex -40.8502 -19.924 10.4
      vertex -41.5206 -18.4862 8
      vertex -41.5206 -18.4862 10.4
    endloop
  endfacet
  facet normal 0.906322 0.422589 0
    outer loop
      vertex -41.5206 -18.4862 8
      vertex -40.8502 -19.924 10.4
      vertex -40.8502 -19.924 8
    endloop
  endfacet
  facet normal 0.906287 0.422663 0
    outer loop
      vertex -38.6481 -18.85 8
      vertex -39.2825 -17.4897 0
      vertex -39.2825 -17.4897 8
    endloop
  endfacet
  facet normal 0.906287 0.422663 0
    outer loop
      vertex -39.2825 -17.4897 0
      vertex -38.6481 -18.85 8
      vertex -38.6481 -18.85 0
    endloop
  endfacet
  facet normal -0.90633 -0.422571 0
    outer loop
      vertex -43.0073 -20.9761 0
      vertex -43.7131 -19.4623 14
      vertex -43.7131 -19.4623 0
    endloop
  endfacet
  facet normal -0.90633 -0.422571 0
    outer loop
      vertex -43.7131 -19.4623 14
      vertex -43.0073 -20.9761 0
      vertex -43.0073 -20.9761 14
    endloop
  endfacet
  facet normal 0.650911 0.276313 0.707083
    outer loop
      vertex -42.0688 -18.7302 14
      vertex -41.5206 -18.4862 13.4
      vertex -42.1405 -17.0259 13.4
    endloop
  endfacet
  facet normal 0.650972 0.276298 0.707033
    outer loop
      vertex -42.0688 -18.7302 14
      vertex -42.1405 -17.0259 13.4
      vertex -42.6968 -17.2506 14
    endloop
  endfacet
  facet normal 0.920496 0.390752 0
    outer loop
      vertex -41.5206 -18.4862 13.4
      vertex -42.1405 -17.0259 11.4
      vertex -42.1405 -17.0259 13.4
    endloop
  endfacet
  facet normal 0.920496 0.390752 0
    outer loop
      vertex -42.1405 -17.0259 11.4
      vertex -41.5206 -18.4862 13.4
      vertex -41.5206 -18.4862 11.4
    endloop
  endfacet
  facet normal 0.651031 0.276308 0.706974
    outer loop
      vertex -41.5206 -18.4862 11.4
      vertex -41.2466 -18.3642 11.1
      vertex -41.8623 -16.9135 11.1
    endloop
  endfacet
  facet normal 0.650886 0.276302 0.70711
    outer loop
      vertex -41.5206 -18.4862 11.4
      vertex -41.8623 -16.9135 11.1
      vertex -42.1405 -17.0259 11.4
    endloop
  endfacet
  facet normal 0.920524 0.390685 0
    outer loop
      vertex -41.2466 -18.3642 11.1
      vertex -41.8623 -16.9135 10.7
      vertex -41.8623 -16.9135 11.1
    endloop
  endfacet
  facet normal 0.920524 0.390685 0
    outer loop
      vertex -41.8623 -16.9135 10.7
      vertex -41.2466 -18.3642 11.1
      vertex -41.2466 -18.3642 10.7
    endloop
  endfacet
  facet normal 0.651011 0.276355 -0.706974
    outer loop
      vertex -41.2466 -18.3642 10.7
      vertex -41.5206 -18.4862 10.4
      vertex -42.1405 -17.0259 10.4
    endloop
  endfacet
  facet normal 0.650906 0.276255 -0.70711
    outer loop
      vertex -41.8623 -16.9135 10.7
      vertex -41.2466 -18.3642 10.7
      vertex -42.1405 -17.0259 10.4
    endloop
  endfacet
  facet normal 0.920496 0.390752 0
    outer loop
      vertex -41.5206 -18.4862 10.4
      vertex -42.1405 -17.0259 8
      vertex -42.1405 -17.0259 10.4
    endloop
  endfacet
  facet normal 0.920496 0.390752 0
    outer loop
      vertex -42.1405 -17.0259 8
      vertex -41.5206 -18.4862 10.4
      vertex -41.5206 -18.4862 8
    endloop
  endfacet
  facet normal 0.920518 0.3907 0
    outer loop
      vertex -39.2825 -17.4897 8
      vertex -39.8689 -16.1081 0
      vertex -39.8689 -16.1081 8
    endloop
  endfacet
  facet normal 0.920518 0.3907 0
    outer loop
      vertex -39.8689 -16.1081 0
      vertex -39.2825 -17.4897 8
      vertex -39.2825 -17.4897 0
    endloop
  endfacet
  facet normal -0.920502 -0.390737 0
    outer loop
      vertex -43.7131 -19.4623 0
      vertex -44.3657 -17.9249 14
      vertex -44.3657 -17.9249 0
    endloop
  endfacet
  facet normal -0.920502 -0.390737 0
    outer loop
      vertex -44.3657 -17.9249 14
      vertex -43.7131 -19.4623 0
      vertex -43.7131 -19.4623 14
    endloop
  endfacet
  facet normal 0.660215 0.253415 0.707034
    outer loop
      vertex -42.6968 -17.2506 14
      vertex -42.1405 -17.0259 13.4
      vertex -42.709 -15.5448 13.4
    endloop
  endfacet
  facet normal 0.660205 0.253418 0.707042
    outer loop
      vertex -42.6968 -17.2506 14
      vertex -42.709 -15.5448 13.4
      vertex -43.2728 -15.75 14
    endloop
  endfacet
  facet normal 0.933589 0.358345 0
    outer loop
      vertex -42.1405 -17.0259 13.4
      vertex -42.709 -15.5448 11.4
      vertex -42.709 -15.5448 13.4
    endloop
  endfacet
  facet normal 0.933589 0.358345 0
    outer loop
      vertex -42.709 -15.5448 11.4
      vertex -42.1405 -17.0259 13.4
      vertex -42.1405 -17.0259 11.4
    endloop
  endfacet
  facet normal 0.660135 0.253411 0.70711
    outer loop
      vertex -42.1405 -17.0259 11.4
      vertex -41.8623 -16.9135 11.1
      vertex -42.4271 -15.4422 11.1
    endloop
  endfacet
  facet normal 0.660208 0.253412 0.707042
    outer loop
      vertex -42.1405 -17.0259 11.4
      vertex -42.4271 -15.4422 11.1
      vertex -42.709 -15.5448 11.4
    endloop
  endfacet
  facet normal 0.933576 0.358379 0
    outer loop
      vertex -41.8623 -16.9135 11.1
      vertex -42.4271 -15.4422 10.7
      vertex -42.4271 -15.4422 11.1
    endloop
  endfacet
  facet normal 0.933576 0.358379 0
    outer loop
      vertex -42.4271 -15.4422 10.7
      vertex -41.8623 -16.9135 11.1
      vertex -41.8623 -16.9135 10.7
    endloop
  endfacet
  facet normal 0.660144 0.253387 -0.70711
    outer loop
      vertex -41.8623 -16.9135 10.7
      vertex -42.1405 -17.0259 10.4
      vertex -42.709 -15.5448 10.4
    endloop
  endfacet
  facet normal 0.660199 0.253436 -0.707042
    outer loop
      vertex -42.4271 -15.4422 10.7
      vertex -41.8623 -16.9135 10.7
      vertex -42.709 -15.5448 10.4
    endloop
  endfacet
  facet normal 0.933589 0.358345 0
    outer loop
      vertex -42.1405 -17.0259 10.4
      vertex -42.709 -15.5448 8
      vertex -42.709 -15.5448 10.4
    endloop
  endfacet
  facet normal 0.933589 0.358345 0
    outer loop
      vertex -42.709 -15.5448 8
      vertex -42.1405 -17.0259 10.4
      vertex -42.1405 -17.0259 8
    endloop
  endfacet
  facet normal 0.933574 0.358385 0
    outer loop
      vertex -39.8689 -16.1081 8
      vertex -40.4068 -14.7069 0
      vertex -40.4068 -14.7069 8
    endloop
  endfacet
  facet normal 0.933574 0.358385 0
    outer loop
      vertex -40.4068 -14.7069 0
      vertex -39.8689 -16.1081 8
      vertex -39.8689 -16.1081 0
    endloop
  endfacet
  facet normal -0.933565 -0.358409 0
    outer loop
      vertex -44.3657 -17.9249 0
      vertex -44.9643 -16.3657 14
      vertex -44.9643 -16.3657 0
    endloop
  endfacet
  facet normal -0.933565 -0.358409 0
    outer loop
      vertex -44.9643 -16.3657 14
      vertex -44.3657 -17.9249 0
      vertex -44.3657 -17.9249 14
    endloop
  endfacet
  facet normal 0.668643 0.230236 0.707042
    outer loop
      vertex -42.709 -15.5448 13.4
      vertex -43.2255 -14.0448 13.4
      vertex -43.2728 -15.75 14
    endloop
  endfacet
  facet normal 0.668654 0.230232 0.707032
    outer loop
      vertex -43.2728 -15.75 14
      vertex -43.2255 -14.0448 13.4
      vertex -43.7961 -14.2302 14
    endloop
  endfacet
  facet normal 0.945517 0.325573 0
    outer loop
      vertex -42.709 -15.5448 13.4
      vertex -43.2255 -14.0448 11.4
      vertex -43.2255 -14.0448 13.4
    endloop
  endfacet
  facet normal 0.945517 0.325573 0
    outer loop
      vertex -43.2255 -14.0448 11.4
      vertex -42.709 -15.5448 13.4
      vertex -42.709 -15.5448 11.4
    endloop
  endfacet
  facet normal 0.668641 0.23024 0.707042
    outer loop
      vertex -42.709 -15.5448 11.4
      vertex -42.4271 -15.4422 11.1
      vertex -42.9402 -13.9521 11.1
    endloop
  endfacet
  facet normal 0.668652 0.230239 0.707032
    outer loop
      vertex -42.709 -15.5448 11.4
      vertex -42.9402 -13.9521 11.1
      vertex -43.2255 -14.0448 11.4
    endloop
  endfacet
  facet normal 0.945515 0.325578 0
    outer loop
      vertex -42.4271 -15.4422 11.1
      vertex -42.9402 -13.9521 10.7
      vertex -42.9402 -13.9521 11.1
    endloop
  endfacet
  facet normal 0.945515 0.325578 0
    outer loop
      vertex -42.9402 -13.9521 10.7
      vertex -42.4271 -15.4422 11.1
      vertex -42.4271 -15.4422 10.7
    endloop
  endfacet
  facet normal 0.668643 0.230236 -0.707042
    outer loop
      vertex -42.4271 -15.4422 10.7
      vertex -42.709 -15.5448 10.4
      vertex -43.2255 -14.0448 10.4
    endloop
  endfacet
  facet normal 0.668651 0.230243 -0.707032
    outer loop
      vertex -42.9402 -13.9521 10.7
      vertex -42.4271 -15.4422 10.7
      vertex -43.2255 -14.0448 10.4
    endloop
  endfacet
  facet normal 0.945517 0.325573 0
    outer loop
      vertex -42.709 -15.5448 10.4
      vertex -43.2255 -14.0448 8
      vertex -43.2255 -14.0448 10.4
    endloop
  endfacet
  facet normal 0.945517 0.325573 0
    outer loop
      vertex -43.2255 -14.0448 8
      vertex -42.709 -15.5448 10.4
      vertex -42.709 -15.5448 8
    endloop
  endfacet
  facet normal 0.945533 0.325527 0
    outer loop
      vertex -40.4068 -14.7069 8
      vertex -40.8954 -13.2877 0
      vertex -40.8954 -13.2877 8
    endloop
  endfacet
  facet normal 0.945533 0.325527 0
    outer loop
      vertex -40.8954 -13.2877 0
      vertex -40.4068 -14.7069 8
      vertex -40.4068 -14.7069 0
    endloop
  endfacet
  facet normal -0.94553 -0.325535 0
    outer loop
      vertex -44.9643 -16.3657 0
      vertex -45.508 -14.7865 14
      vertex -45.508 -14.7865 0
    endloop
  endfacet
  facet normal -0.94553 -0.325535 0
    outer loop
      vertex -45.508 -14.7865 14
      vertex -44.9643 -16.3657 0
      vertex -44.9643 -16.3657 14
    endloop
  endfacet
  facet normal 0.676284 0.20675 0.707032
    outer loop
      vertex -43.2255 -14.0448 13.4
      vertex -43.6893 -12.5277 13.4
      vertex -43.7961 -14.2302 14
    endloop
  endfacet
  facet normal 0.676228 0.206771 0.70708
    outer loop
      vertex -43.7961 -14.2302 14
      vertex -43.6893 -12.5277 13.4
      vertex -44.2661 -12.6931 14
    endloop
  endfacet
  facet normal 0.956309 0.292358 0
    outer loop
      vertex -43.2255 -14.0448 13.4
      vertex -43.6893 -12.5277 11.4
      vertex -43.6893 -12.5277 13.4
    endloop
  endfacet
  facet normal 0.956309 0.292358 0
    outer loop
      vertex -43.6893 -12.5277 11.4
      vertex -43.2255 -14.0448 13.4
      vertex -43.2255 -14.0448 11.4
    endloop
  endfacet
  facet normal 0.676277 0.206773 0.707032
    outer loop
      vertex -43.2255 -14.0448 11.4
      vertex -42.9402 -13.9521 11.1
      vertex -43.401 -12.445 11.1
    endloop
  endfacet
  facet normal 0.676346 0.206769 0.706968
    outer loop
      vertex -43.2255 -14.0448 11.4
      vertex -43.401 -12.445 11.1
      vertex -43.6893 -12.5277 11.4
    endloop
  endfacet
  facet normal 0.956299 0.292391 0
    outer loop
      vertex -42.9402 -13.9521 11.1
      vertex -43.401 -12.445 10.7
      vertex -43.401 -12.445 11.1
    endloop
  endfacet
  facet normal 0.956299 0.292391 0
    outer loop
      vertex -43.401 -12.445 10.7
      vertex -42.9402 -13.9521 11.1
      vertex -42.9402 -13.9521 10.7
    endloop
  endfacet
  facet normal 0.676284 0.20675 -0.707032
    outer loop
      vertex -42.9402 -13.9521 10.7
      vertex -43.2255 -14.0448 10.4
      vertex -43.6893 -12.5277 10.4
    endloop
  endfacet
  facet normal 0.676339 0.206792 -0.706967
    outer loop
      vertex -43.401 -12.445 10.7
      vertex -42.9402 -13.9521 10.7
      vertex -43.6893 -12.5277 10.4
    endloop
  endfacet
  facet normal 0.956309 0.292358 0
    outer loop
      vertex -43.2255 -14.0448 10.4
      vertex -43.6893 -12.5277 8
      vertex -43.6893 -12.5277 10.4
    endloop
  endfacet
  facet normal 0.956309 0.292358 0
    outer loop
      vertex -43.6893 -12.5277 8
      vertex -43.2255 -14.0448 10.4
      vertex -43.2255 -14.0448 8
    endloop
  endfacet
  facet normal 0.956289 0.292423 0
    outer loop
      vertex -40.8954 -13.2877 8
      vertex -41.3343 -11.8524 0
      vertex -41.3343 -11.8524 8
    endloop
  endfacet
  facet normal 0.956289 0.292423 0
    outer loop
      vertex -41.3343 -11.8524 0
      vertex -40.8954 -13.2877 8
      vertex -40.8954 -13.2877 0
    endloop
  endfacet
  facet normal -0.956295 -0.292403 0
    outer loop
      vertex -45.508 -14.7865 0
      vertex -45.9964 -13.1892 14
      vertex -45.9964 -13.1892 0
    endloop
  endfacet
  facet normal -0.956295 -0.292403 0
    outer loop
      vertex -45.9964 -13.1892 14
      vertex -45.508 -14.7865 0
      vertex -45.508 -14.7865 14
    endloop
  endfacet
  facet normal 0.683039 0.183017 0.70708
    outer loop
      vertex -43.6893 -12.5277 13.4
      vertex -44.0999 -10.9953 13.4
      vertex -44.2661 -12.6931 14
    endloop
  endfacet
  facet normal 0.683047 0.183014 0.707073
    outer loop
      vertex -44.2661 -12.6931 14
      vertex -44.0999 -10.9953 13.4
      vertex -44.6821 -11.1405 14
    endloop
  endfacet
  facet normal 0.965927 0.258816 0
    outer loop
      vertex -43.6893 -12.5277 13.4
      vertex -44.0999 -10.9953 11.4
      vertex -44.0999 -10.9953 13.4
    endloop
  endfacet
  facet normal 0.965927 0.258816 0
    outer loop
      vertex -44.0999 -10.9953 11.4
      vertex -43.6893 -12.5277 13.4
      vertex -43.6893 -12.5277 11.4
    endloop
  endfacet
  facet normal 0.683157 0.183019 0.706966
    outer loop
      vertex -43.6893 -12.5277 11.4
      vertex -43.401 -12.445 11.1
      vertex -43.8088 -10.9228 11.1
    endloop
  endfacet
  facet normal 0.683075 0.183027 0.707042
    outer loop
      vertex -43.6893 -12.5277 11.4
      vertex -43.8088 -10.9228 11.1
      vertex -44.0999 -10.9953 11.4
    endloop
  endfacet
  facet normal 0.965937 0.258776 0
    outer loop
      vertex -43.401 -12.445 11.1
      vertex -43.8088 -10.9228 10.7
      vertex -43.8088 -10.9228 11.1
    endloop
  endfacet
  facet normal 0.965937 0.258776 0
    outer loop
      vertex -43.8088 -10.9228 10.7
      vertex -43.401 -12.445 11.1
      vertex -43.401 -12.445 10.7
    endloop
  endfacet
  facet normal 0.683149 0.183047 -0.706966
    outer loop
      vertex -43.401 -12.445 10.7
      vertex -43.6893 -12.5277 10.4
      vertex -44.0999 -10.9953 10.4
    endloop
  endfacet
  facet normal 0.683083 0.182999 -0.707043
    outer loop
      vertex -43.8088 -10.9228 10.7
      vertex -43.401 -12.445 10.7
      vertex -44.0999 -10.9953 10.4
    endloop
  endfacet
  facet normal 0.965927 0.258816 0
    outer loop
      vertex -43.6893 -12.5277 10.4
      vertex -44.0999 -10.9953 8
      vertex -44.0999 -10.9953 10.4
    endloop
  endfacet
  facet normal 0.965927 0.258816 0
    outer loop
      vertex -44.0999 -10.9953 8
      vertex -43.6893 -12.5277 10.4
      vertex -43.6893 -12.5277 8
    endloop
  endfacet
  facet normal 0.965938 0.258774 0
    outer loop
      vertex -41.3343 -11.8524 8
      vertex -41.7227 -10.4026 0
      vertex -41.7227 -10.4026 8
    endloop
  endfacet
  facet normal 0.965938 0.258774 0
    outer loop
      vertex -41.7227 -10.4026 0
      vertex -41.3343 -11.8524 8
      vertex -41.3343 -11.8524 0
    endloop
  endfacet
  facet normal -0.965934 -0.258788 0
    outer loop
      vertex -45.9964 -13.1892 0
      vertex -46.4286 -11.576 14
      vertex -46.4286 -11.576 0
    endloop
  endfacet
  facet normal -0.965934 -0.258788 0
    outer loop
      vertex -46.4286 -11.576 14
      vertex -45.9964 -13.1892 0
      vertex -45.9964 -13.1892 14
    endloop
  endfacet
  facet normal 0.689013 0.15909 0.707072
    outer loop
      vertex -44.0999 -10.9953 13.4
      vertex -44.4568 -9.44958 13.4
      vertex -44.6821 -11.1405 14
    endloop
  endfacet
  facet normal 0.689027 0.159084 0.70706
    outer loop
      vertex -44.6821 -11.1405 14
      vertex -44.4568 -9.44958 13.4
      vertex -45.0437 -9.57433 14
    endloop
  endfacet
  facet normal 0.974364 0.224976 0
    outer loop
      vertex -44.0999 -10.9953 13.4
      vertex -44.4568 -9.44958 11.4
      vertex -44.4568 -9.44958 13.4
    endloop
  endfacet
  facet normal 0.974364 0.224976 0
    outer loop
      vertex -44.4568 -9.44958 11.4
      vertex -44.0999 -10.9953 13.4
      vertex -44.0999 -10.9953 11.4
    endloop
  endfacet
  facet normal 0.689035 0.159113 0.707046
    outer loop
      vertex -44.0999 -10.9953 11.4
      vertex -43.8088 -10.9228 11.1
      vertex -44.1634 -9.38721 11.1
    endloop
  endfacet
  facet normal 0.689083 0.159106 0.707001
    outer loop
      vertex -44.0999 -10.9953 11.4
      vertex -44.1634 -9.38721 11.1
      vertex -44.4568 -9.44958 11.4
    endloop
  endfacet
  facet normal 0.974359 0.225 0
    outer loop
      vertex -43.8088 -10.9228 11.1
      vertex -44.1634 -9.38721 10.7
      vertex -44.1634 -9.38721 11.1
    endloop
  endfacet
  facet normal 0.974359 0.225 0
    outer loop
      vertex -44.1634 -9.38721 10.7
      vertex -43.8088 -10.9228 11.1
      vertex -43.8088 -10.9228 10.7
    endloop
  endfacet
  facet normal 0.689039 0.159096 -0.707046
    outer loop
      vertex -43.8088 -10.9228 10.7
      vertex -44.0999 -10.9953 10.4
      vertex -44.4568 -9.44958 10.4
    endloop
  endfacet
  facet normal 0.689079 0.159123 -0.707001
    outer loop
      vertex -44.1634 -9.38721 10.7
      vertex -43.8088 -10.9228 10.7
      vertex -44.4568 -9.44958 10.4
    endloop
  endfacet
  facet normal 0.974364 0.224976 0
    outer loop
      vertex -44.0999 -10.9953 10.4
      vertex -44.4568 -9.44958 8
      vertex -44.4568 -9.44958 10.4
    endloop
  endfacet
  facet normal 0.974364 0.224976 0
    outer loop
      vertex -44.4568 -9.44958 8
      vertex -44.0999 -10.9953 10.4
      vertex -44.0999 -10.9953 8
    endloop
  endfacet
  facet normal 0.974373 0.224937 0
    outer loop
      vertex -41.7227 -10.4026 8
      vertex -42.0603 -8.9402 0
      vertex -42.0603 -8.9402 8
    endloop
  endfacet
  facet normal 0.974373 0.224937 0
    outer loop
      vertex -42.0603 -8.9402 0
      vertex -41.7227 -10.4026 8
      vertex -41.7227 -10.4026 0
    endloop
  endfacet
  facet normal -0.97436 -0.224995 0
    outer loop
      vertex -46.4286 -11.576 0
      vertex -46.8044 -9.94857 14
      vertex -46.8044 -9.94857 0
    endloop
  endfacet
  facet normal -0.97436 -0.224995 0
    outer loop
      vertex -46.8044 -9.94857 14
      vertex -46.4286 -11.576 0
      vertex -46.4286 -11.576 14
    endloop
  endfacet
  facet normal 0.694162 0.13493 0.70706
    outer loop
      vertex -44.4568 -9.44958 13.4
      vertex -44.7595 -7.89231 13.4
      vertex -45.0437 -9.57433 14
    endloop
  endfacet
  facet normal 0.694159 0.134931 0.707062
    outer loop
      vertex -45.0437 -9.57433 14
      vertex -44.7595 -7.89231 13.4
      vertex -45.3504 -7.9965 14
    endloop
  endfacet
  facet normal 0.981627 0.190807 0
    outer loop
      vertex -44.4568 -9.44958 13.4
      vertex -44.7595 -7.89231 11.4
      vertex -44.7595 -7.89231 13.4
    endloop
  endfacet
  facet normal 0.981627 0.190807 0
    outer loop
      vertex -44.7595 -7.89231 11.4
      vertex -44.4568 -9.44958 13.4
      vertex -44.4568 -9.44958 11.4
    endloop
  endfacet
  facet normal 0.69422 0.13494 0.707001
    outer loop
      vertex -44.4568 -9.44958 11.4
      vertex -44.1634 -9.38721 11.1
      vertex -44.4641 -7.84021 11.1
    endloop
  endfacet
  facet normal 0.694215 0.134941 0.707005
    outer loop
      vertex -44.4568 -9.44958 11.4
      vertex -44.4641 -7.84021 11.1
      vertex -44.7595 -7.89231 11.4
    endloop
  endfacet
  facet normal 0.981628 0.190805 0
    outer loop
      vertex -44.1634 -9.38721 11.1
      vertex -44.4641 -7.84021 10.7
      vertex -44.4641 -7.84021 11.1
    endloop
  endfacet
  facet normal 0.981628 0.190805 0
    outer loop
      vertex -44.4641 -7.84021 10.7
      vertex -44.1634 -9.38721 11.1
      vertex -44.1634 -9.38721 10.7
    endloop
  endfacet
  facet normal 0.694219 0.134941 -0.707001
    outer loop
      vertex -44.1634 -9.38721 10.7
      vertex -44.4568 -9.44958 10.4
      vertex -44.7595 -7.89231 10.4
    endloop
  endfacet
  facet normal 0.694215 0.134939 -0.707005
    outer loop
      vertex -44.4641 -7.84021 10.7
      vertex -44.1634 -9.38721 10.7
      vertex -44.7595 -7.89231 10.4
    endloop
  endfacet
  facet normal 0.981627 0.190807 0
    outer loop
      vertex -44.4568 -9.44958 10.4
      vertex -44.7595 -7.89231 8
      vertex -44.7595 -7.89231 10.4
    endloop
  endfacet
  facet normal 0.981627 0.190807 0
    outer loop
      vertex -44.7595 -7.89231 8
      vertex -44.4568 -9.44958 10.4
      vertex -44.4568 -9.44958 8
    endloop
  endfacet
  facet normal 0.981625 0.190818 0
    outer loop
      vertex -42.0603 -8.9402 8
      vertex -42.3467 -7.46687 0
      vertex -42.3467 -7.46687 8
    endloop
  endfacet
  facet normal 0.981625 0.190818 0
    outer loop
      vertex -42.3467 -7.46687 0
      vertex -42.0603 -8.9402 8
      vertex -42.0603 -8.9402 0
    endloop
  endfacet
  facet normal -0.981637 -0.190758 0
    outer loop
      vertex -46.8044 -9.94857 0
      vertex -47.123 -8.30906 14
      vertex -47.123 -8.30906 0
    endloop
  endfacet
  facet normal -0.981637 -0.190758 0
    outer loop
      vertex -47.123 -8.30906 14
      vertex -46.8044 -9.94857 0
      vertex -46.8044 -9.94857 14
    endloop
  endfacet
  facet normal 0.698443 0.110635 0.707062
    outer loop
      vertex -44.7595 -7.89231 13.4
      vertex -45.0077 -6.32542 13.4
      vertex -45.3504 -7.9965 14
    endloop
  endfacet
  facet normal 0.698493 0.110609 0.707017
    outer loop
      vertex -45.3504 -7.9965 14
      vertex -45.0077 -6.32542 13.4
      vertex -45.6018 -6.40892 14
    endloop
  endfacet
  facet normal 0.987686 0.156452 0
    outer loop
      vertex -44.7595 -7.89231 13.4
      vertex -45.0077 -6.32542 11.4
      vertex -45.0077 -6.32542 13.4
    endloop
  endfacet
  facet normal 0.987686 0.156452 0
    outer loop
      vertex -45.0077 -6.32542 11.4
      vertex -44.7595 -7.89231 13.4
      vertex -44.7595 -7.89231 11.4
    endloop
  endfacet
  facet normal 0.698504 0.110617 0.707005
    outer loop
      vertex -44.4641 -7.84021 11.1
      vertex -44.7106 -6.28366 11.1
      vertex -44.7595 -7.89231 11.4
    endloop
  endfacet
  facet normal 0.698428 0.110633 0.707077
    outer loop
      vertex -44.7595 -7.89231 11.4
      vertex -44.7106 -6.28366 11.1
      vertex -45.0077 -6.32542 11.4
    endloop
  endfacet
  facet normal 0.987692 0.156414 0
    outer loop
      vertex -44.4641 -7.84021 11.1
      vertex -44.7106 -6.28366 10.7
      vertex -44.7106 -6.28366 11.1
    endloop
  endfacet
  facet normal 0.987692 0.156414 0
    outer loop
      vertex -44.7106 -6.28366 10.7
      vertex -44.4641 -7.84021 11.1
      vertex -44.4641 -7.84021 10.7
    endloop
  endfacet
  facet normal 0.6985 0.110644 -0.707005
    outer loop
      vertex -44.4641 -7.84021 10.7
      vertex -44.7595 -7.89231 10.4
      vertex -45.0077 -6.32542 10.4
    endloop
  endfacet
  facet normal 0.698433 0.110606 -0.707077
    outer loop
      vertex -44.7106 -6.28366 10.7
      vertex -44.4641 -7.84021 10.7
      vertex -45.0077 -6.32542 10.4
    endloop
  endfacet
  facet normal 0.987686 0.156452 0
    outer loop
      vertex -44.7595 -7.89231 10.4
      vertex -45.0077 -6.32542 8
      vertex -45.0077 -6.32542 10.4
    endloop
  endfacet
  facet normal 0.987686 0.156452 0
    outer loop
      vertex -45.0077 -6.32542 8
      vertex -44.7595 -7.89231 10.4
      vertex -44.7595 -7.89231 8
    endloop
  endfacet
  facet normal 0.987688 0.156438 0
    outer loop
      vertex -42.3467 -7.46687 8
      vertex -42.5815 -5.98444 0
      vertex -42.5815 -5.98444 8
    endloop
  endfacet
  facet normal 0.987688 0.156438 0
    outer loop
      vertex -42.5815 -5.98444 0
      vertex -42.3467 -7.46687 8
      vertex -42.3467 -7.46687 0
    endloop
  endfacet
  facet normal -0.987686 -0.156449 0
    outer loop
      vertex -47.123 -8.30906 0
      vertex -47.3843 -6.65943 14
      vertex -47.3843 -6.65943 0
    endloop
  endfacet
  facet normal -0.987686 -0.156449 0
    outer loop
      vertex -47.3843 -6.65943 14
      vertex -47.123 -8.30906 0
      vertex -47.123 -8.30906 14
    endloop
  endfacet
  facet normal 0.701927 0.0861695 0.707017
    outer loop
      vertex -45.0077 -6.32542 13.4
      vertex -45.201 -4.75082 13.4
      vertex -45.6018 -6.40892 14
    endloop
  endfacet
  facet normal 0.701897 0.0861869 0.707045
    outer loop
      vertex -45.6018 -6.40892 14
      vertex -45.201 -4.75082 13.4
      vertex -45.7977 -4.81353 14
    endloop
  endfacet
  facet normal 0.992549 0.121847 0
    outer loop
      vertex -45.0077 -6.32542 13.4
      vertex -45.201 -4.75082 11.4
      vertex -45.201 -4.75082 13.4
    endloop
  endfacet
  facet normal 0.992549 0.121847 0
    outer loop
      vertex -45.201 -4.75082 11.4
      vertex -45.0077 -6.32542 13.4
      vertex -45.0077 -6.32542 11.4
    endloop
  endfacet
  facet normal 0.701863 0.0861961 0.707077
    outer loop
      vertex -44.7106 -6.28366 11.1
      vertex -44.9027 -4.71946 11.1
      vertex -45.0077 -6.32542 11.4
    endloop
  endfacet
  facet normal 0.701957 0.0861732 0.706987
    outer loop
      vertex -45.0077 -6.32542 11.4
      vertex -44.9027 -4.71946 11.1
      vertex -45.201 -4.75082 11.4
    endloop
  endfacet
  facet normal 0.992543 0.121895 0
    outer loop
      vertex -44.7106 -6.28366 11.1
      vertex -44.9027 -4.71946 10.7
      vertex -44.9027 -4.71946 11.1
    endloop
  endfacet
  facet normal 0.992543 0.121895 0
    outer loop
      vertex -44.9027 -4.71946 10.7
      vertex -44.7106 -6.28366 11.1
      vertex -44.7106 -6.28366 10.7
    endloop
  endfacet
  facet normal 0.701868 0.0861622 -0.707077
    outer loop
      vertex -44.7106 -6.28366 10.7
      vertex -45.0077 -6.32542 10.4
      vertex -45.201 -4.75082 10.4
    endloop
  endfacet
  facet normal 0.701953 0.0862071 -0.706987
    outer loop
      vertex -44.9027 -4.71946 10.7
      vertex -44.7106 -6.28366 10.7
      vertex -45.201 -4.75082 10.4
    endloop
  endfacet
  facet normal 0.992549 0.121847 0
    outer loop
      vertex -45.0077 -6.32542 10.4
      vertex -45.201 -4.75082 8
      vertex -45.201 -4.75082 10.4
    endloop
  endfacet
  facet normal 0.992549 0.121847 0
    outer loop
      vertex -45.201 -4.75082 8
      vertex -45.0077 -6.32542 10.4
      vertex -45.0077 -6.32542 8
    endloop
  endfacet
  facet normal 0.992547 0.12186 0
    outer loop
      vertex -42.5815 -5.98444 8
      vertex -42.7644 -4.49472 0
      vertex -42.7644 -4.49472 8
    endloop
  endfacet
  facet normal 0.992547 0.12186 0
    outer loop
      vertex -42.7644 -4.49472 0
      vertex -42.5815 -5.98444 8
      vertex -42.5815 -5.98444 0
    endloop
  endfacet
  facet normal -0.992542 -0.121902 0
    outer loop
      vertex -47.3843 -6.65943 0
      vertex -47.5879 -5.00169 14
      vertex -47.5879 -5.00169 0
    endloop
  endfacet
  facet normal -0.992542 -0.121902 0
    outer loop
      vertex -47.5879 -5.00169 14
      vertex -47.3843 -6.65943 0
      vertex -47.3843 -6.65943 14
    endloop
  endfacet
  facet normal 0.704476 0.0616488 0.707045
    outer loop
      vertex -45.201 -4.75082 13.4
      vertex -45.3393 -3.17043 13.4
      vertex -45.7977 -4.81353 14
    endloop
  endfacet
  facet normal 0.704492 0.0616389 0.70703
    outer loop
      vertex -45.7977 -4.81353 14
      vertex -45.3393 -3.17043 13.4
      vertex -45.9378 -3.21228 14
    endloop
  endfacet
  facet normal 0.996193 0.0871769 0
    outer loop
      vertex -45.201 -4.75082 13.4
      vertex -45.3393 -3.17043 11.4
      vertex -45.3393 -3.17043 13.4
    endloop
  endfacet
  facet normal 0.996193 0.0871769 0
    outer loop
      vertex -45.3393 -3.17043 11.4
      vertex -45.201 -4.75082 13.4
      vertex -45.201 -4.75082 11.4
    endloop
  endfacet
  facet normal 0.704538 0.061615 0.706986
    outer loop
      vertex -44.9027 -4.71946 11.1
      vertex -45.04 -3.1495 11.1
      vertex -45.201 -4.75082 11.4
    endloop
  endfacet
  facet normal 0.704432 0.0616449 0.707089
    outer loop
      vertex -45.201 -4.75082 11.4
      vertex -45.04 -3.1495 11.1
      vertex -45.3393 -3.17043 11.4
    endloop
  endfacet
  facet normal 0.996198 0.0871219 0
    outer loop
      vertex -44.9027 -4.71946 11.1
      vertex -45.04 -3.1495 10.7
      vertex -45.04 -3.1495 11.1
    endloop
  endfacet
  facet normal 0.996198 0.0871219 0
    outer loop
      vertex -45.04 -3.1495 10.7
      vertex -44.9027 -4.71946 11.1
      vertex -44.9027 -4.71946 10.7
    endloop
  endfacet
  facet normal 0.704534 0.0616538 -0.706987
    outer loop
      vertex -44.9027 -4.71946 10.7
      vertex -45.201 -4.75082 10.4
      vertex -45.3393 -3.17043 10.4
    endloop
  endfacet
  facet normal 0.704435 0.061606 -0.70709
    outer loop
      vertex -45.04 -3.1495 10.7
      vertex -44.9027 -4.71946 10.7
      vertex -45.3393 -3.17043 10.4
    endloop
  endfacet
  facet normal 0.996193 0.0871769 0
    outer loop
      vertex -45.201 -4.75082 10.4
      vertex -45.3393 -3.17043 8
      vertex -45.3393 -3.17043 10.4
    endloop
  endfacet
  facet normal 0.996193 0.0871769 0
    outer loop
      vertex -45.3393 -3.17043 8
      vertex -45.201 -4.75082 10.4
      vertex -45.201 -4.75082 8
    endloop
  endfacet
  facet normal 0.99619 0.0872138 0
    outer loop
      vertex -42.7644 -4.49472 8
      vertex -42.8953 -2.99953 0
      vertex -42.8953 -2.99953 8
    endloop
  endfacet
  facet normal 0.99619 0.0872138 0
    outer loop
      vertex -42.8953 -2.99953 0
      vertex -42.7644 -4.49472 8
      vertex -42.7644 -4.49472 0
    endloop
  endfacet
  facet normal -0.996198 -0.0871159 0
    outer loop
      vertex -47.5879 -5.00169 0
      vertex -47.7334 -3.33785 14
      vertex -47.7334 -3.33785 0
    endloop
  endfacet
  facet normal -0.996198 -0.0871159 0
    outer loop
      vertex -47.7334 -3.33785 14
      vertex -47.5879 -5.00169 0
      vertex -47.5879 -5.00169 14
    endloop
  endfacet
  facet normal 0.706215 0.0369991 0.70703
    outer loop
      vertex -45.3393 -3.17043 13.4
      vertex -45.4223 -1.58618 13.4
      vertex -45.9378 -3.21228 14
    endloop
  endfacet
  facet normal 0.706212 0.037001 0.707033
    outer loop
      vertex -45.9378 -3.21228 14
      vertex -45.4223 -1.58618 13.4
      vertex -46.0219 -1.60712 14
    endloop
  endfacet
  facet normal 0.99863 0.052319 0
    outer loop
      vertex -45.3393 -3.17043 13.4
      vertex -45.4223 -1.58618 11.4
      vertex -45.4223 -1.58618 13.4
    endloop
  endfacet
  facet normal 0.99863 0.052319 0
    outer loop
      vertex -45.4223 -1.58618 11.4
      vertex -45.3393 -3.17043 13.4
      vertex -45.3393 -3.17043 11.4
    endloop
  endfacet
  facet normal 0.706155 0.0370175 0.707089
    outer loop
      vertex -45.04 -3.1495 11.1
      vertex -45.1225 -1.57571 11.1
      vertex -45.3393 -3.17043 11.4
    endloop
  endfacet
  facet normal 0.706212 0.036999 0.707033
    outer loop
      vertex -45.3393 -3.17043 11.4
      vertex -45.1225 -1.57571 11.1
      vertex -45.4223 -1.58618 11.4
    endloop
  endfacet
  facet normal 0.998629 0.0523493 0
    outer loop
      vertex -45.04 -3.1495 11.1
      vertex -45.1225 -1.57571 10.7
      vertex -45.1225 -1.57571 11.1
    endloop
  endfacet
  facet normal 0.998629 0.0523493 0
    outer loop
      vertex -45.1225 -1.57571 10.7
      vertex -45.04 -3.1495 11.1
      vertex -45.04 -3.1495 10.7
    endloop
  endfacet
  facet normal 0.706156 0.036996 -0.707089
    outer loop
      vertex -45.04 -3.1495 10.7
      vertex -45.3393 -3.17043 10.4
      vertex -45.4223 -1.58618 10.4
    endloop
  endfacet
  facet normal 0.706211 0.0370205 -0.707033
    outer loop
      vertex -45.1225 -1.57571 10.7
      vertex -45.04 -3.1495 10.7
      vertex -45.4223 -1.58618 10.4
    endloop
  endfacet
  facet normal 0.99863 0.052319 0
    outer loop
      vertex -45.3393 -3.17043 10.4
      vertex -45.4223 -1.58618 8
      vertex -45.4223 -1.58618 10.4
    endloop
  endfacet
  facet normal 0.99863 0.052319 0
    outer loop
      vertex -45.4223 -1.58618 8
      vertex -45.3393 -3.17043 10.4
      vertex -45.3393 -3.17043 8
    endloop
  endfacet
  facet normal 0.998631 0.0523018 0
    outer loop
      vertex -42.8953 -2.99953 8
      vertex -42.9738 -1.50068 0
      vertex -42.9738 -1.50068 8
    endloop
  endfacet
  facet normal 0.998631 0.0523018 0
    outer loop
      vertex -42.9738 -1.50068 0
      vertex -42.8953 -2.99953 8
      vertex -42.8953 -2.99953 0
    endloop
  endfacet
  facet normal -0.99863 -0.0523291 0
    outer loop
      vertex -47.7334 -3.33785 0
      vertex -47.8208 -1.66994 14
      vertex -47.8208 -1.66994 0
    endloop
  endfacet
  facet normal -0.99863 -0.0523291 0
    outer loop
      vertex -47.8208 -1.66994 14
      vertex -47.7334 -3.33785 0
      vertex -47.7334 -3.33785 14
    endloop
  endfacet
  facet normal 0 0 1
    outer loop
      vertex -24.3536 41.1817 14
      vertex -24.4028 39.0526 14
      vertex -23.4536 39.6229 14
    endloop
  endfacet
  facet normal -0 0 1
    outer loop
      vertex -25.3566 40.5791 14
      vertex -24.4028 39.0526 14
      vertex -24.3536 41.1817 14
    endloop
  endfacet
  facet normal 0 0 1
    outer loop
      vertex -25.3566 40.5791 14
      vertex -25.7508 38.1772 14
      vertex -24.4028 39.0526 14
    endloop
  endfacet
  facet normal -0 0 1
    outer loop
      vertex -26.7574 39.6694 14
      vertex -25.7508 38.1772 14
      vertex -25.3566 40.5791 14
    endloop
  endfacet
  facet normal 0 0 1
    outer loop
      vertex -26.7574 39.6694 14
      vertex -27.0675 37.2552 14
      vertex -25.7508 38.1772 14
    endloop
  endfacet
  facet normal -0 0 1
    outer loop
      vertex -28.1255 38.7115 14
      vertex -27.0675 37.2552 14
      vertex -26.7574 39.6694 14
    endloop
  endfacet
  facet normal 0 0 1
    outer loop
      vertex -28.1255 38.7115 14
      vertex -28.3512 36.2879 14
      vertex -27.0675 37.2552 14
    endloop
  endfacet
  facet normal -0 0 1
    outer loop
      vertex -29.4594 37.7063 14
      vertex -28.3512 36.2879 14
      vertex -28.1255 38.7115 14
    endloop
  endfacet
  facet normal 0 0 1
    outer loop
      vertex -29.4594 37.7063 14
      vertex -29.6004 35.2763 14
      vertex -28.3512 36.2879 14
    endloop
  endfacet
  facet normal -0 0 1
    outer loop
      vertex -30.7574 36.6552 14
      vertex -29.6004 35.2763 14
      vertex -29.4594 37.7063 14
    endloop
  endfacet
  facet normal 0 0 1
    outer loop
      vertex -30.7574 36.6552 14
      vertex -30.8135 34.2218 14
      vertex -29.6004 35.2763 14
    endloop
  endfacet
  facet normal -0 0 1
    outer loop
      vertex -32.0179 35.5595 14
      vertex -30.8135 34.2218 14
      vertex -30.7574 36.6552 14
    endloop
  endfacet
  facet normal 0 0 1
    outer loop
      vertex -30.8135 34.2218 14
      vertex -32.0179 35.5595 14
      vertex -31.989 33.1256 14
    endloop
  endfacet
  facet normal -0 0 1
    outer loop
      vertex -33.2394 34.4204 14
      vertex -31.989 33.1256 14
      vertex -32.0179 35.5595 14
    endloop
  endfacet
  facet normal 0 0 1
    outer loop
      vertex -31.989 33.1256 14
      vertex -33.2394 34.4204 14
      vertex -33.1256 31.989 14
    endloop
  endfacet
  facet normal -0 0 1
    outer loop
      vertex -34.4204 33.2394 14
      vertex -33.1256 31.989 14
      vertex -33.2394 34.4204 14
    endloop
  endfacet
  facet normal 0 0 1
    outer loop
      vertex -33.1256 31.989 14
      vertex -34.4204 33.2394 14
      vertex -34.2218 30.8135 14
    endloop
  endfacet
  facet normal -0 0 1
    outer loop
      vertex -35.5595 32.0179 14
      vertex -34.2218 30.8135 14
      vertex -34.4204 33.2394 14
    endloop
  endfacet
  facet normal 0 0 1
    outer loop
      vertex -34.2218 30.8135 14
      vertex -35.5595 32.0179 14
      vertex -35.2763 29.6004 14
    endloop
  endfacet
  facet normal -0 0 1
    outer loop
      vertex -36.6552 30.7574 14
      vertex -35.2763 29.6004 14
      vertex -35.5595 32.0179 14
    endloop
  endfacet
  facet normal 0 0 1
    outer loop
      vertex -35.2763 29.6004 14
      vertex -36.6552 30.7574 14
      vertex -36.2879 28.3512 14
    endloop
  endfacet
  facet normal -0 0 1
    outer loop
      vertex -37.7063 29.4594 14
      vertex -36.2879 28.3512 14
      vertex -36.6552 30.7574 14
    endloop
  endfacet
  facet normal 0 0 1
    outer loop
      vertex -36.2879 28.3512 14
      vertex -37.7063 29.4594 14
      vertex -37.2552 27.0675 14
    endloop
  endfacet
  facet normal -0 0 1
    outer loop
      vertex -38.7115 28.1255 14
      vertex -37.2552 27.0675 14
      vertex -37.7063 29.4594 14
    endloop
  endfacet
  facet normal 0 0 1
    outer loop
      vertex -37.2552 27.0675 14
      vertex -38.7115 28.1255 14
      vertex -38.1772 25.7508 14
    endloop
  endfacet
  facet normal -0 0 1
    outer loop
      vertex -39.6694 26.7574 14
      vertex -38.1772 25.7508 14
      vertex -38.7115 28.1255 14
    endloop
  endfacet
  facet normal 0 0 1
    outer loop
      vertex -38.1772 25.7508 14
      vertex -39.6694 26.7574 14
      vertex -39.0526 24.4028 14
    endloop
  endfacet
  facet normal -0 0 1
    outer loop
      vertex -40.5791 25.3566 14
      vertex -39.0526 24.4028 14
      vertex -39.6694 26.7574 14
    endloop
  endfacet
  facet normal 0 0 1
    outer loop
      vertex -39.0526 24.4028 14
      vertex -40.5791 25.3566 14
      vertex -39.8805 23.025 14
    endloop
  endfacet
  facet normal -0 0 1
    outer loop
      vertex -41.4393 23.925 14
      vertex -39.8805 23.025 14
      vertex -40.5791 25.3566 14
    endloop
  endfacet
  facet normal 0 0 1
    outer loop
      vertex -39.8805 23.025 14
      vertex -41.4393 23.925 14
      vertex -40.6597 21.6192 14
    endloop
  endfacet
  facet normal -0 0 1
    outer loop
      vertex -42.249 22.4642 14
      vertex -40.6597 21.6192 14
      vertex -41.4393 23.925 14
    endloop
  endfacet
  facet normal 0 0 1
    outer loop
      vertex -40.6597 21.6192 14
      vertex -42.249 22.4642 14
      vertex -41.3895 20.187 14
    endloop
  endfacet
  facet normal -0 0 1
    outer loop
      vertex -43.0073 20.9761 14
      vertex -41.3895 20.187 14
      vertex -42.249 22.4642 14
    endloop
  endfacet
  facet normal 0 0 1
    outer loop
      vertex -41.3895 20.187 14
      vertex -43.0073 20.9761 14
      vertex -42.0688 18.7302 14
    endloop
  endfacet
  facet normal -0 0 1
    outer loop
      vertex -43.7131 19.4623 14
      vertex -42.0688 18.7302 14
      vertex -43.0073 20.9761 14
    endloop
  endfacet
  facet normal 0 0 1
    outer loop
      vertex -42.0688 18.7302 14
      vertex -43.7131 19.4623 14
      vertex -42.6968 17.2506 14
    endloop
  endfacet
  facet normal -0 0 1
    outer loop
      vertex -44.3657 17.9249 14
      vertex -42.6968 17.2506 14
      vertex -43.7131 19.4623 14
    endloop
  endfacet
  facet normal 0 0 1
    outer loop
      vertex -42.6968 17.2506 14
      vertex -44.3657 17.9249 14
      vertex -43.2728 15.75 14
    endloop
  endfacet
  facet normal -0 0 1
    outer loop
      vertex -44.9643 16.3657 14
      vertex -43.2728 15.75 14
      vertex -44.3657 17.9249 14
    endloop
  endfacet
  facet normal 0 0 1
    outer loop
      vertex -43.2728 15.75 14
      vertex -44.9643 16.3657 14
      vertex -43.7961 14.2302 14
    endloop
  endfacet
  facet normal -0 0 1
    outer loop
      vertex -45.508 14.7865 14
      vertex -43.7961 14.2302 14
      vertex -44.9643 16.3657 14
    endloop
  endfacet
  facet normal 0 0 1
    outer loop
      vertex -43.7961 14.2302 14
      vertex -45.508 14.7865 14
      vertex -44.2661 12.6931 14
    endloop
  endfacet
  facet normal -0 0 1
    outer loop
      vertex -45.9964 13.1892 14
      vertex -44.2661 12.6931 14
      vertex -45.508 14.7865 14
    endloop
  endfacet
  facet normal 0 0 1
    outer loop
      vertex -44.2661 12.6931 14
      vertex -45.9964 13.1892 14
      vertex -44.6821 11.1405 14
    endloop
  endfacet
  facet normal -0 0 1
    outer loop
      vertex -46.4286 11.576 14
      vertex -44.6821 11.1405 14
      vertex -45.9964 13.1892 14
    endloop
  endfacet
  facet normal 0 0 1
    outer loop
      vertex -44.6821 11.1405 14
      vertex -46.4286 11.576 14
      vertex -45.0437 9.57433 14
    endloop
  endfacet
  facet normal -0 0 1
    outer loop
      vertex -46.8044 9.94857 14
      vertex -45.0437 9.57433 14
      vertex -46.4286 11.576 14
    endloop
  endfacet
  facet normal 0 0 1
    outer loop
      vertex -45.0437 9.57433 14
      vertex -46.8044 9.94857 14
      vertex -45.3504 7.9965 14
    endloop
  endfacet
  facet normal -0 0 1
    outer loop
      vertex -47.123 8.30906 14
      vertex -45.3504 7.9965 14
      vertex -46.8044 9.94857 14
    endloop
  endfacet
  facet normal 0 0 1
    outer loop
      vertex -45.3504 7.9965 14
      vertex -47.123 8.30906 14
      vertex -45.6018 6.40892 14
    endloop
  endfacet
  facet normal -0 0 1
    outer loop
      vertex -47.3843 6.65943 14
      vertex -45.6018 6.40892 14
      vertex -47.123 8.30906 14
    endloop
  endfacet
  facet normal 0 0 1
    outer loop
      vertex -45.6018 6.40892 14
      vertex -47.3843 6.65943 14
      vertex -45.7977 4.81353 14
    endloop
  endfacet
  facet normal -0 0 1
    outer loop
      vertex -47.5879 5.00169 14
      vertex -45.7977 4.81353 14
      vertex -47.3843 6.65943 14
    endloop
  endfacet
  facet normal 0 0 1
    outer loop
      vertex -45.7977 4.81353 14
      vertex -47.5879 5.00169 14
      vertex -45.9378 3.21228 14
    endloop
  endfacet
  facet normal -0 0 1
    outer loop
      vertex -47.7334 3.33785 14
      vertex -45.9378 3.21228 14
      vertex -47.5879 5.00169 14
    endloop
  endfacet
  facet normal 0 0 1
    outer loop
      vertex -45.9378 3.21228 14
      vertex -47.7334 3.33785 14
      vertex -46.0219 1.60712 14
    endloop
  endfacet
  facet normal -0 0 1
    outer loop
      vertex -47.8208 1.66994 14
      vertex -46.0219 1.60712 14
      vertex -47.7334 3.33785 14
    endloop
  endfacet
  facet normal 0 0 1
    outer loop
      vertex -46.0219 1.60712 14
      vertex -47.8208 1.66994 14
      vertex -46.0413 0.5 14
    endloop
  endfacet
  facet normal 0 0 1
    outer loop
      vertex -46.0413 0.5 14
      vertex -47.8208 1.66994 14
      vertex -47.8413 0.5 14
    endloop
  endfacet
  facet normal 0 0 1
    outer loop
      vertex 22.4642 42.249 14
      vertex 22.5876 40.1229 14
      vertex 23.4876 41.6817 14
    endloop
  endfacet
  facet normal 0 0 1
    outer loop
      vertex 22.4642 42.249 14
      vertex 21.6192 40.6597 14
      vertex 22.5876 40.1229 14
    endloop
  endfacet
  facet normal 0 0 1
    outer loop
      vertex 20.9761 43.0073 14
      vertex 21.6192 40.6597 14
      vertex 22.4642 42.249 14
    endloop
  endfacet
  facet normal 0 0 1
    outer loop
      vertex 20.9761 43.0073 14
      vertex 20.187 41.3895 14
      vertex 21.6192 40.6597 14
    endloop
  endfacet
  facet normal 0 0 1
    outer loop
      vertex 19.4623 43.7131 14
      vertex 20.187 41.3895 14
      vertex 20.9761 43.0073 14
    endloop
  endfacet
  facet normal 0 0 1
    outer loop
      vertex 19.4623 43.7131 14
      vertex 18.7302 42.0688 14
      vertex 20.187 41.3895 14
    endloop
  endfacet
  facet normal 0 0 1
    outer loop
      vertex 17.9249 44.3657 14
      vertex 18.7302 42.0688 14
      vertex 19.4623 43.7131 14
    endloop
  endfacet
  facet normal 0 0 1
    outer loop
      vertex 17.9249 44.3657 14
      vertex 17.2506 42.6968 14
      vertex 18.7302 42.0688 14
    endloop
  endfacet
  facet normal 0 0 1
    outer loop
      vertex 16.3657 44.9643 14
      vertex 17.2506 42.6968 14
      vertex 17.9249 44.3657 14
    endloop
  endfacet
  facet normal 0 0 1
    outer loop
      vertex 16.3657 44.9643 14
      vertex 15.75 43.2728 14
      vertex 17.2506 42.6968 14
    endloop
  endfacet
  facet normal 0 0 1
    outer loop
      vertex 14.7865 45.508 14
      vertex 15.75 43.2728 14
      vertex 16.3657 44.9643 14
    endloop
  endfacet
  facet normal 0 0 1
    outer loop
      vertex 14.7865 45.508 14
      vertex 14.2302 43.7961 14
      vertex 15.75 43.2728 14
    endloop
  endfacet
  facet normal 0 0 1
    outer loop
      vertex 13.1892 45.9964 14
      vertex 14.2302 43.7961 14
      vertex 14.7865 45.508 14
    endloop
  endfacet
  facet normal 0 0 1
    outer loop
      vertex 13.1892 45.9964 14
      vertex 12.6931 44.2661 14
      vertex 14.2302 43.7961 14
    endloop
  endfacet
  facet normal 0 0 1
    outer loop
      vertex 11.576 46.4286 14
      vertex 12.6931 44.2661 14
      vertex 13.1892 45.9964 14
    endloop
  endfacet
  facet normal 0 0 1
    outer loop
      vertex 11.576 46.4286 14
      vertex 11.1405 44.6821 14
      vertex 12.6931 44.2661 14
    endloop
  endfacet
  facet normal 0 0 1
    outer loop
      vertex 9.94857 46.8044 14
      vertex 11.1405 44.6821 14
      vertex 11.576 46.4286 14
    endloop
  endfacet
  facet normal 0 0 1
    outer loop
      vertex 9.94857 46.8044 14
      vertex 9.57433 45.0437 14
      vertex 11.1405 44.6821 14
    endloop
  endfacet
  facet normal 0 0 1
    outer loop
      vertex 8.30906 47.123 14
      vertex 9.57433 45.0437 14
      vertex 9.94857 46.8044 14
    endloop
  endfacet
  facet normal 0 0 1
    outer loop
      vertex 8.30906 47.123 14
      vertex 7.9965 45.3504 14
      vertex 9.57433 45.0437 14
    endloop
  endfacet
  facet normal 0 0 1
    outer loop
      vertex 6.65943 47.3843 14
      vertex 7.9965 45.3504 14
      vertex 8.30906 47.123 14
    endloop
  endfacet
  facet normal 0 0 1
    outer loop
      vertex 6.65943 47.3843 14
      vertex 6.40892 45.6018 14
      vertex 7.9965 45.3504 14
    endloop
  endfacet
  facet normal 0 0 1
    outer loop
      vertex 5.00169 47.5879 14
      vertex 6.40892 45.6018 14
      vertex 6.65943 47.3843 14
    endloop
  endfacet
  facet normal 0 0 1
    outer loop
      vertex 5.00169 47.5879 14
      vertex 4.81353 45.7977 14
      vertex 6.40892 45.6018 14
    endloop
  endfacet
  facet normal 0 0 1
    outer loop
      vertex 3.33785 47.7334 14
      vertex 4.81353 45.7977 14
      vertex 5.00169 47.5879 14
    endloop
  endfacet
  facet normal 0 0 1
    outer loop
      vertex 3.33785 47.7334 14
      vertex 3.21228 45.9378 14
      vertex 4.81353 45.7977 14
    endloop
  endfacet
  facet normal 0 0 1
    outer loop
      vertex 1.66994 47.8208 14
      vertex 3.21228 45.9378 14
      vertex 3.33785 47.7334 14
    endloop
  endfacet
  facet normal 0 0 1
    outer loop
      vertex 1.66994 47.8208 14
      vertex 1.60712 46.0219 14
      vertex 3.21228 45.9378 14
    endloop
  endfacet
  facet normal 0 0 1
    outer loop
      vertex 0 47.85 14
      vertex 1.60712 46.0219 14
      vertex 1.66994 47.8208 14
    endloop
  endfacet
  facet normal 0 0 1
    outer loop
      vertex 0 47.85 14
      vertex 0 46.05 14
      vertex 1.60712 46.0219 14
    endloop
  endfacet
  facet normal 0 0 1
    outer loop
      vertex 0 47.85 14
      vertex -1.60712 46.0219 14
      vertex 0 46.05 14
    endloop
  endfacet
  facet normal -0 0 1
    outer loop
      vertex -1.66994 47.8208 14
      vertex -1.60712 46.0219 14
      vertex 0 47.85 14
    endloop
  endfacet
  facet normal 0 0 1
    outer loop
      vertex -1.66994 47.8208 14
      vertex -3.21228 45.9378 14
      vertex -1.60712 46.0219 14
    endloop
  endfacet
  facet normal -0 0 1
    outer loop
      vertex -3.33785 47.7334 14
      vertex -3.21228 45.9378 14
      vertex -1.66994 47.8208 14
    endloop
  endfacet
  facet normal 0 0 1
    outer loop
      vertex -3.33785 47.7334 14
      vertex -4.81353 45.7977 14
      vertex -3.21228 45.9378 14
    endloop
  endfacet
  facet normal -0 0 1
    outer loop
      vertex -5.00169 47.5879 14
      vertex -4.81353 45.7977 14
      vertex -3.33785 47.7334 14
    endloop
  endfacet
  facet normal 0 0 1
    outer loop
      vertex -5.00169 47.5879 14
      vertex -6.40892 45.6018 14
      vertex -4.81353 45.7977 14
    endloop
  endfacet
  facet normal -0 0 1
    outer loop
      vertex -6.65943 47.3843 14
      vertex -6.40892 45.6018 14
      vertex -5.00169 47.5879 14
    endloop
  endfacet
  facet normal 0 0 1
    outer loop
      vertex -6.65943 47.3843 14
      vertex -7.9965 45.3504 14
      vertex -6.40892 45.6018 14
    endloop
  endfacet
  facet normal -0 0 1
    outer loop
      vertex -8.30906 47.123 14
      vertex -7.9965 45.3504 14
      vertex -6.65943 47.3843 14
    endloop
  endfacet
  facet normal 0 0 1
    outer loop
      vertex -8.30906 47.123 14
      vertex -9.57433 45.0437 14
      vertex -7.9965 45.3504 14
    endloop
  endfacet
  facet normal -0 0 1
    outer loop
      vertex -9.94857 46.8044 14
      vertex -9.57433 45.0437 14
      vertex -8.30906 47.123 14
    endloop
  endfacet
  facet normal 0 0 1
    outer loop
      vertex -9.94857 46.8044 14
      vertex -11.1405 44.6821 14
      vertex -9.57433 45.0437 14
    endloop
  endfacet
  facet normal -0 0 1
    outer loop
      vertex -11.576 46.4286 14
      vertex -11.1405 44.6821 14
      vertex -9.94857 46.8044 14
    endloop
  endfacet
  facet normal 0 0 1
    outer loop
      vertex -11.576 46.4286 14
      vertex -12.6931 44.2661 14
      vertex -11.1405 44.6821 14
    endloop
  endfacet
  facet normal -0 0 1
    outer loop
      vertex -13.1892 45.9964 14
      vertex -12.6931 44.2661 14
      vertex -11.576 46.4286 14
    endloop
  endfacet
  facet normal 0 0 1
    outer loop
      vertex -13.1892 45.9964 14
      vertex -14.2302 43.7961 14
      vertex -12.6931 44.2661 14
    endloop
  endfacet
  facet normal -0 0 1
    outer loop
      vertex -14.7865 45.508 14
      vertex -14.2302 43.7961 14
      vertex -13.1892 45.9964 14
    endloop
  endfacet
  facet normal 0 0 1
    outer loop
      vertex -14.7865 45.508 14
      vertex -15.75 43.2728 14
      vertex -14.2302 43.7961 14
    endloop
  endfacet
  facet normal -0 0 1
    outer loop
      vertex -16.3657 44.9643 14
      vertex -15.75 43.2728 14
      vertex -14.7865 45.508 14
    endloop
  endfacet
  facet normal 0 0 1
    outer loop
      vertex -16.3657 44.9643 14
      vertex -17.2506 42.6968 14
      vertex -15.75 43.2728 14
    endloop
  endfacet
  facet normal -0 0 1
    outer loop
      vertex -17.9249 44.3657 14
      vertex -17.2506 42.6968 14
      vertex -16.3657 44.9643 14
    endloop
  endfacet
  facet normal 0 0 1
    outer loop
      vertex -17.9249 44.3657 14
      vertex -18.7302 42.0688 14
      vertex -17.2506 42.6968 14
    endloop
  endfacet
  facet normal -0 0 1
    outer loop
      vertex -19.4623 43.7131 14
      vertex -18.7302 42.0688 14
      vertex -17.9249 44.3657 14
    endloop
  endfacet
  facet normal 0 0 1
    outer loop
      vertex -19.4623 43.7131 14
      vertex -20.187 41.3895 14
      vertex -18.7302 42.0688 14
    endloop
  endfacet
  facet normal -0 0 1
    outer loop
      vertex -20.9761 43.0073 14
      vertex -20.187 41.3895 14
      vertex -19.4623 43.7131 14
    endloop
  endfacet
  facet normal 0 0 1
    outer loop
      vertex -20.9761 43.0073 14
      vertex -21.6192 40.6597 14
      vertex -20.187 41.3895 14
    endloop
  endfacet
  facet normal -0 0 1
    outer loop
      vertex -22.4642 42.249 14
      vertex -21.6192 40.6597 14
      vertex -20.9761 43.0073 14
    endloop
  endfacet
  facet normal 0 0 1
    outer loop
      vertex -22.4642 42.249 14
      vertex -22.5876 40.1229 14
      vertex -21.6192 40.6597 14
    endloop
  endfacet
  facet normal 0 -0 1
    outer loop
      vertex -22.5876 40.1229 14
      vertex -22.4642 42.249 14
      vertex -23.4876 41.6817 14
    endloop
  endfacet
  facet normal 0 0 1
    outer loop
      vertex 46.0219 1.60712 14
      vertex 47.8208 1.66994 14
      vertex 47.7334 3.33785 14
    endloop
  endfacet
  facet normal 0 0 1
    outer loop
      vertex 45.9378 3.21228 14
      vertex 47.7334 3.33785 14
      vertex 47.5879 5.00169 14
    endloop
  endfacet
  facet normal 0 0 1
    outer loop
      vertex 45.7977 4.81353 14
      vertex 47.5879 5.00169 14
      vertex 47.3843 6.65943 14
    endloop
  endfacet
  facet normal 0 0 1
    outer loop
      vertex 45.6018 6.40892 14
      vertex 47.3843 6.65943 14
      vertex 47.123 8.30906 14
    endloop
  endfacet
  facet normal 0 0 1
    outer loop
      vertex 45.3504 7.9965 14
      vertex 47.123 8.30906 14
      vertex 46.8044 9.94857 14
    endloop
  endfacet
  facet normal 0 0 1
    outer loop
      vertex 45.0437 9.57433 14
      vertex 46.8044 9.94857 14
      vertex 46.4286 11.576 14
    endloop
  endfacet
  facet normal 0 0 1
    outer loop
      vertex 47.3843 6.65943 14
      vertex 45.6018 6.40892 14
      vertex 45.7977 4.81353 14
    endloop
  endfacet
  facet normal 0 0 1
    outer loop
      vertex 47.8413 0.5 14
      vertex 46.0219 1.60712 14
      vertex 46.0413 0.5 14
    endloop
  endfacet
  facet normal 0 0 1
    outer loop
      vertex 44.6821 11.1405 14
      vertex 46.4286 11.576 14
      vertex 45.9964 13.1892 14
    endloop
  endfacet
  facet normal 0 0 1
    outer loop
      vertex 47.8208 1.66994 14
      vertex 46.0219 1.60712 14
      vertex 47.8413 0.5 14
    endloop
  endfacet
  facet normal 0 -0 1
    outer loop
      vertex 46.0219 1.60712 14
      vertex 47.7334 3.33785 14
      vertex 45.9378 3.21228 14
    endloop
  endfacet
  facet normal 0 0 1
    outer loop
      vertex 47.5879 5.00169 14
      vertex 45.7977 4.81353 14
      vertex 45.9378 3.21228 14
    endloop
  endfacet
  facet normal 0 0 1
    outer loop
      vertex 44.2661 12.6931 14
      vertex 45.9964 13.1892 14
      vertex 45.508 14.7865 14
    endloop
  endfacet
  facet normal 0 0 1
    outer loop
      vertex 47.123 8.30906 14
      vertex 45.3504 7.9965 14
      vertex 45.6018 6.40892 14
    endloop
  endfacet
  facet normal 0 0 1
    outer loop
      vertex 46.8044 9.94857 14
      vertex 45.0437 9.57433 14
      vertex 45.3504 7.9965 14
    endloop
  endfacet
  facet normal 0 0 1
    outer loop
      vertex 43.7961 14.2302 14
      vertex 45.508 14.7865 14
      vertex 44.9643 16.3657 14
    endloop
  endfacet
  facet normal 0 0 1
    outer loop
      vertex 46.4286 11.576 14
      vertex 44.6821 11.1405 14
      vertex 45.0437 9.57433 14
    endloop
  endfacet
  facet normal 0 0 1
    outer loop
      vertex 43.2728 15.75 14
      vertex 44.9643 16.3657 14
      vertex 44.3657 17.9249 14
    endloop
  endfacet
  facet normal 0 0 1
    outer loop
      vertex 45.9964 13.1892 14
      vertex 44.2661 12.6931 14
      vertex 44.6821 11.1405 14
    endloop
  endfacet
  facet normal 0 0 1
    outer loop
      vertex 45.508 14.7865 14
      vertex 43.7961 14.2302 14
      vertex 44.2661 12.6931 14
    endloop
  endfacet
  facet normal 0 0 1
    outer loop
      vertex 42.6968 17.2506 14
      vertex 44.3657 17.9249 14
      vertex 43.7131 19.4623 14
    endloop
  endfacet
  facet normal 0 0 1
    outer loop
      vertex 44.9643 16.3657 14
      vertex 43.2728 15.75 14
      vertex 43.7961 14.2302 14
    endloop
  endfacet
  facet normal 0 0 1
    outer loop
      vertex 42.0688 18.7302 14
      vertex 43.7131 19.4623 14
      vertex 43.0073 20.9761 14
    endloop
  endfacet
  facet normal 0 0 1
    outer loop
      vertex 44.3657 17.9249 14
      vertex 42.6968 17.2506 14
      vertex 43.2728 15.75 14
    endloop
  endfacet
  facet normal 0 0 1
    outer loop
      vertex 41.3895 20.187 14
      vertex 43.0073 20.9761 14
      vertex 42.249 22.4642 14
    endloop
  endfacet
  facet normal 0 0 1
    outer loop
      vertex 43.7131 19.4623 14
      vertex 42.0688 18.7302 14
      vertex 42.6968 17.2506 14
    endloop
  endfacet
  facet normal 0 0 1
    outer loop
      vertex 40.6597 21.6192 14
      vertex 42.249 22.4642 14
      vertex 41.4393 23.925 14
    endloop
  endfacet
  facet normal 0 0 1
    outer loop
      vertex 43.0073 20.9761 14
      vertex 41.3895 20.187 14
      vertex 42.0688 18.7302 14
    endloop
  endfacet
  facet normal 0 0 1
    outer loop
      vertex 42.249 22.4642 14
      vertex 40.6597 21.6192 14
      vertex 41.3895 20.187 14
    endloop
  endfacet
  facet normal 0 0 1
    outer loop
      vertex 39.8805 23.025 14
      vertex 41.4393 23.925 14
      vertex 40.5791 25.3566 14
    endloop
  endfacet
  facet normal 0 0 1
    outer loop
      vertex 41.4393 23.925 14
      vertex 39.8805 23.025 14
      vertex 40.6597 21.6192 14
    endloop
  endfacet
  facet normal 0 0 1
    outer loop
      vertex 39.0526 24.4028 14
      vertex 40.5791 25.3566 14
      vertex 39.6694 26.7574 14
    endloop
  endfacet
  facet normal 0 0 1
    outer loop
      vertex 40.5791 25.3566 14
      vertex 39.0526 24.4028 14
      vertex 39.8805 23.025 14
    endloop
  endfacet
  facet normal 0 0 1
    outer loop
      vertex 38.1772 25.7508 14
      vertex 39.6694 26.7574 14
      vertex 38.7115 28.1255 14
    endloop
  endfacet
  facet normal 0 0 1
    outer loop
      vertex 39.6694 26.7574 14
      vertex 38.1772 25.7508 14
      vertex 39.0526 24.4028 14
    endloop
  endfacet
  facet normal 0 0 1
    outer loop
      vertex 37.2552 27.0675 14
      vertex 38.7115 28.1255 14
      vertex 37.7063 29.4594 14
    endloop
  endfacet
  facet normal 0 0 1
    outer loop
      vertex 38.7115 28.1255 14
      vertex 37.2552 27.0675 14
      vertex 38.1772 25.7508 14
    endloop
  endfacet
  facet normal 0 0 1
    outer loop
      vertex 36.2879 28.3512 14
      vertex 37.7063 29.4594 14
      vertex 36.6552 30.7574 14
    endloop
  endfacet
  facet normal 0 0 1
    outer loop
      vertex 37.7063 29.4594 14
      vertex 36.2879 28.3512 14
      vertex 37.2552 27.0675 14
    endloop
  endfacet
  facet normal 0 0 1
    outer loop
      vertex 35.2763 29.6004 14
      vertex 36.6552 30.7574 14
      vertex 35.5595 32.0179 14
    endloop
  endfacet
  facet normal 0 0 1
    outer loop
      vertex 36.6552 30.7574 14
      vertex 35.2763 29.6004 14
      vertex 36.2879 28.3512 14
    endloop
  endfacet
  facet normal 0 0 1
    outer loop
      vertex 34.2218 30.8135 14
      vertex 35.5595 32.0179 14
      vertex 34.4204 33.2394 14
    endloop
  endfacet
  facet normal 0 0 1
    outer loop
      vertex 35.5595 32.0179 14
      vertex 34.2218 30.8135 14
      vertex 35.2763 29.6004 14
    endloop
  endfacet
  facet normal 0 0 1
    outer loop
      vertex 33.1256 31.989 14
      vertex 34.4204 33.2394 14
      vertex 33.2394 34.4204 14
    endloop
  endfacet
  facet normal 0 0 1
    outer loop
      vertex 34.4204 33.2394 14
      vertex 33.1256 31.989 14
      vertex 34.2218 30.8135 14
    endloop
  endfacet
  facet normal 0 0 1
    outer loop
      vertex 31.989 33.1256 14
      vertex 33.2394 34.4204 14
      vertex 32.0179 35.5595 14
    endloop
  endfacet
  facet normal 0 0 1
    outer loop
      vertex 33.2394 34.4204 14
      vertex 31.989 33.1256 14
      vertex 33.1256 31.989 14
    endloop
  endfacet
  facet normal 0 0 1
    outer loop
      vertex 32.0179 35.5595 14
      vertex 30.8135 34.2218 14
      vertex 31.989 33.1256 14
    endloop
  endfacet
  facet normal 0 0 1
    outer loop
      vertex 30.7574 36.6552 14
      vertex 30.8135 34.2218 14
      vertex 32.0179 35.5595 14
    endloop
  endfacet
  facet normal 0 0 1
    outer loop
      vertex 30.7574 36.6552 14
      vertex 29.6004 35.2763 14
      vertex 30.8135 34.2218 14
    endloop
  endfacet
  facet normal 0 0 1
    outer loop
      vertex 29.4594 37.7063 14
      vertex 29.6004 35.2763 14
      vertex 30.7574 36.6552 14
    endloop
  endfacet
  facet normal 0 0 1
    outer loop
      vertex 29.4594 37.7063 14
      vertex 28.3512 36.2879 14
      vertex 29.6004 35.2763 14
    endloop
  endfacet
  facet normal 0 0 1
    outer loop
      vertex 28.1255 38.7115 14
      vertex 28.3512 36.2879 14
      vertex 29.4594 37.7063 14
    endloop
  endfacet
  facet normal 0 0 1
    outer loop
      vertex 28.1255 38.7115 14
      vertex 27.0675 37.2552 14
      vertex 28.3512 36.2879 14
    endloop
  endfacet
  facet normal 0 0 1
    outer loop
      vertex 26.7574 39.6694 14
      vertex 27.0675 37.2552 14
      vertex 28.1255 38.7115 14
    endloop
  endfacet
  facet normal 0 0 1
    outer loop
      vertex 26.7574 39.6694 14
      vertex 25.7508 38.1772 14
      vertex 27.0675 37.2552 14
    endloop
  endfacet
  facet normal 0 0 1
    outer loop
      vertex 25.3566 40.5791 14
      vertex 25.7508 38.1772 14
      vertex 26.7574 39.6694 14
    endloop
  endfacet
  facet normal 0 0 1
    outer loop
      vertex 25.3566 40.5791 14
      vertex 24.4028 39.0526 14
      vertex 25.7508 38.1772 14
    endloop
  endfacet
  facet normal 0 0 1
    outer loop
      vertex 24.3536 41.1817 14
      vertex 24.4028 39.0526 14
      vertex 25.3566 40.5791 14
    endloop
  endfacet
  facet normal 0 0 1
    outer loop
      vertex 24.4028 39.0526 14
      vertex 24.3536 41.1817 14
      vertex 23.4536 39.6229 14
    endloop
  endfacet
  facet normal -0 0 1
    outer loop
      vertex 46.0219 -1.60712 14
      vertex 47.8208 -1.66994 14
      vertex 47.8413 -0.5 14
    endloop
  endfacet
  facet normal 0 0 1
    outer loop
      vertex 47.8208 -1.66994 14
      vertex 46.0219 -1.60712 14
      vertex 47.7334 -3.33785 14
    endloop
  endfacet
  facet normal 0 0 1
    outer loop
      vertex 47.7334 -3.33785 14
      vertex 45.9378 -3.21228 14
      vertex 47.5879 -5.00169 14
    endloop
  endfacet
  facet normal -0 0 1
    outer loop
      vertex 45.7977 -4.81353 14
      vertex 47.5879 -5.00169 14
      vertex 45.9378 -3.21228 14
    endloop
  endfacet
  facet normal -0 0 1
    outer loop
      vertex 45.6018 -6.40892 14
      vertex 47.3843 -6.65943 14
      vertex 45.7977 -4.81353 14
    endloop
  endfacet
  facet normal 0 0 1
    outer loop
      vertex 47.3843 -6.65943 14
      vertex 45.6018 -6.40892 14
      vertex 47.123 -8.30906 14
    endloop
  endfacet
  facet normal 0 0 1
    outer loop
      vertex 46.0219 -1.60712 14
      vertex 47.8413 -0.5 14
      vertex 46.0413 -0.5 14
    endloop
  endfacet
  facet normal 0 0 1
    outer loop
      vertex 47.7334 -3.33785 14
      vertex 46.0219 -1.60712 14
      vertex 45.9378 -3.21228 14
    endloop
  endfacet
  facet normal 0 0 1
    outer loop
      vertex 47.5879 -5.00169 14
      vertex 45.7977 -4.81353 14
      vertex 47.3843 -6.65943 14
    endloop
  endfacet
  facet normal -0 0 1
    outer loop
      vertex 45.3504 -7.9965 14
      vertex 47.123 -8.30906 14
      vertex 45.6018 -6.40892 14
    endloop
  endfacet
  facet normal 0 0 1
    outer loop
      vertex 47.123 -8.30906 14
      vertex 45.3504 -7.9965 14
      vertex 46.8044 -9.94857 14
    endloop
  endfacet
  facet normal -0 0 1
    outer loop
      vertex 45.0437 -9.57433 14
      vertex 46.8044 -9.94857 14
      vertex 45.3504 -7.9965 14
    endloop
  endfacet
  facet normal 0 0 1
    outer loop
      vertex 46.8044 -9.94857 14
      vertex 45.0437 -9.57433 14
      vertex 46.4286 -11.576 14
    endloop
  endfacet
  facet normal -0 0 1
    outer loop
      vertex 44.6821 -11.1405 14
      vertex 46.4286 -11.576 14
      vertex 45.0437 -9.57433 14
    endloop
  endfacet
  facet normal 0 0 1
    outer loop
      vertex 46.4286 -11.576 14
      vertex 44.6821 -11.1405 14
      vertex 45.9964 -13.1892 14
    endloop
  endfacet
  facet normal -0 0 1
    outer loop
      vertex 44.2661 -12.6931 14
      vertex 45.9964 -13.1892 14
      vertex 44.6821 -11.1405 14
    endloop
  endfacet
  facet normal 0 0 1
    outer loop
      vertex 45.9964 -13.1892 14
      vertex 44.2661 -12.6931 14
      vertex 45.508 -14.7865 14
    endloop
  endfacet
  facet normal -0 0 1
    outer loop
      vertex 43.7961 -14.2302 14
      vertex 45.508 -14.7865 14
      vertex 44.2661 -12.6931 14
    endloop
  endfacet
  facet normal 0 0 1
    outer loop
      vertex 45.508 -14.7865 14
      vertex 43.7961 -14.2302 14
      vertex 44.9643 -16.3657 14
    endloop
  endfacet
  facet normal -0 0 1
    outer loop
      vertex 43.2728 -15.75 14
      vertex 44.9643 -16.3657 14
      vertex 43.7961 -14.2302 14
    endloop
  endfacet
  facet normal 0 0 1
    outer loop
      vertex 44.9643 -16.3657 14
      vertex 43.2728 -15.75 14
      vertex 44.3657 -17.9249 14
    endloop
  endfacet
  facet normal -0 0 1
    outer loop
      vertex 42.6968 -17.2506 14
      vertex 44.3657 -17.9249 14
      vertex 43.2728 -15.75 14
    endloop
  endfacet
  facet normal 0 0 1
    outer loop
      vertex 44.3657 -17.9249 14
      vertex 42.6968 -17.2506 14
      vertex 43.7131 -19.4623 14
    endloop
  endfacet
  facet normal -0 0 1
    outer loop
      vertex 42.0688 -18.7302 14
      vertex 43.7131 -19.4623 14
      vertex 42.6968 -17.2506 14
    endloop
  endfacet
  facet normal 0 0 1
    outer loop
      vertex 43.7131 -19.4623 14
      vertex 42.0688 -18.7302 14
      vertex 43.0073 -20.9761 14
    endloop
  endfacet
  facet normal -0 0 1
    outer loop
      vertex 41.3895 -20.187 14
      vertex 43.0073 -20.9761 14
      vertex 42.0688 -18.7302 14
    endloop
  endfacet
  facet normal 0 0 1
    outer loop
      vertex 43.0073 -20.9761 14
      vertex 41.3895 -20.187 14
      vertex 42.249 -22.4642 14
    endloop
  endfacet
  facet normal -0 0 1
    outer loop
      vertex 40.6597 -21.6192 14
      vertex 42.249 -22.4642 14
      vertex 41.3895 -20.187 14
    endloop
  endfacet
  facet normal 0 0 1
    outer loop
      vertex 42.249 -22.4642 14
      vertex 40.6597 -21.6192 14
      vertex 41.4393 -23.925 14
    endloop
  endfacet
  facet normal -0 0 1
    outer loop
      vertex 39.8805 -23.025 14
      vertex 41.4393 -23.925 14
      vertex 40.6597 -21.6192 14
    endloop
  endfacet
  facet normal 0 0 1
    outer loop
      vertex 41.4393 -23.925 14
      vertex 39.8805 -23.025 14
      vertex 40.5791 -25.3566 14
    endloop
  endfacet
  facet normal -0 0 1
    outer loop
      vertex 39.0526 -24.4028 14
      vertex 40.5791 -25.3566 14
      vertex 39.8805 -23.025 14
    endloop
  endfacet
  facet normal 0 0 1
    outer loop
      vertex 40.5791 -25.3566 14
      vertex 39.0526 -24.4028 14
      vertex 39.6694 -26.7574 14
    endloop
  endfacet
  facet normal -0 0 1
    outer loop
      vertex 38.1772 -25.7508 14
      vertex 39.6694 -26.7574 14
      vertex 39.0526 -24.4028 14
    endloop
  endfacet
  facet normal 0 0 1
    outer loop
      vertex 39.6694 -26.7574 14
      vertex 38.1772 -25.7508 14
      vertex 38.7115 -28.1255 14
    endloop
  endfacet
  facet normal -0 0 1
    outer loop
      vertex 37.2552 -27.0675 14
      vertex 38.7115 -28.1255 14
      vertex 38.1772 -25.7508 14
    endloop
  endfacet
  facet normal 0 0 1
    outer loop
      vertex 38.7115 -28.1255 14
      vertex 37.2552 -27.0675 14
      vertex 37.7063 -29.4594 14
    endloop
  endfacet
  facet normal -0 0 1
    outer loop
      vertex 36.2879 -28.3512 14
      vertex 37.7063 -29.4594 14
      vertex 37.2552 -27.0675 14
    endloop
  endfacet
  facet normal 0 0 1
    outer loop
      vertex 37.7063 -29.4594 14
      vertex 36.2879 -28.3512 14
      vertex 36.6552 -30.7574 14
    endloop
  endfacet
  facet normal -0 0 1
    outer loop
      vertex 35.2763 -29.6004 14
      vertex 36.6552 -30.7574 14
      vertex 36.2879 -28.3512 14
    endloop
  endfacet
  facet normal 0 0 1
    outer loop
      vertex 36.6552 -30.7574 14
      vertex 35.2763 -29.6004 14
      vertex 35.5595 -32.0179 14
    endloop
  endfacet
  facet normal -0 0 1
    outer loop
      vertex 34.2218 -30.8135 14
      vertex 35.5595 -32.0179 14
      vertex 35.2763 -29.6004 14
    endloop
  endfacet
  facet normal 0 0 1
    outer loop
      vertex 35.5595 -32.0179 14
      vertex 34.2218 -30.8135 14
      vertex 34.4204 -33.2394 14
    endloop
  endfacet
  facet normal -0 0 1
    outer loop
      vertex 33.1256 -31.989 14
      vertex 34.4204 -33.2394 14
      vertex 34.2218 -30.8135 14
    endloop
  endfacet
  facet normal 0 0 1
    outer loop
      vertex 34.4204 -33.2394 14
      vertex 33.1256 -31.989 14
      vertex 33.2394 -34.4204 14
    endloop
  endfacet
  facet normal -0 0 1
    outer loop
      vertex 31.989 -33.1256 14
      vertex 33.2394 -34.4204 14
      vertex 33.1256 -31.989 14
    endloop
  endfacet
  facet normal 0 0 1
    outer loop
      vertex 33.2394 -34.4204 14
      vertex 31.989 -33.1256 14
      vertex 32.0179 -35.5595 14
    endloop
  endfacet
  facet normal -0 0 1
    outer loop
      vertex 30.8135 -34.2218 14
      vertex 32.0179 -35.5595 14
      vertex 31.989 -33.1256 14
    endloop
  endfacet
  facet normal 0 0 1
    outer loop
      vertex 30.8135 -34.2218 14
      vertex 30.7574 -36.6552 14
      vertex 32.0179 -35.5595 14
    endloop
  endfacet
  facet normal -0 0 1
    outer loop
      vertex 29.6004 -35.2763 14
      vertex 30.7574 -36.6552 14
      vertex 30.8135 -34.2218 14
    endloop
  endfacet
  facet normal 0 0 1
    outer loop
      vertex 29.6004 -35.2763 14
      vertex 29.4594 -37.7063 14
      vertex 30.7574 -36.6552 14
    endloop
  endfacet
  facet normal -0 0 1
    outer loop
      vertex 28.3512 -36.2879 14
      vertex 29.4594 -37.7063 14
      vertex 29.6004 -35.2763 14
    endloop
  endfacet
  facet normal 0 0 1
    outer loop
      vertex 28.3512 -36.2879 14
      vertex 28.1255 -38.7115 14
      vertex 29.4594 -37.7063 14
    endloop
  endfacet
  facet normal -0 0 1
    outer loop
      vertex 27.0675 -37.2552 14
      vertex 28.1255 -38.7115 14
      vertex 28.3512 -36.2879 14
    endloop
  endfacet
  facet normal 0 0 1
    outer loop
      vertex 27.0675 -37.2552 14
      vertex 26.7574 -39.6694 14
      vertex 28.1255 -38.7115 14
    endloop
  endfacet
  facet normal -0 0 1
    outer loop
      vertex 25.7508 -38.1772 14
      vertex 26.7574 -39.6694 14
      vertex 27.0675 -37.2552 14
    endloop
  endfacet
  facet normal 0 0 1
    outer loop
      vertex 25.7508 -38.1772 14
      vertex 25.3566 -40.5791 14
      vertex 26.7574 -39.6694 14
    endloop
  endfacet
  facet normal -0 0 1
    outer loop
      vertex 24.4028 -39.0526 14
      vertex 25.3566 -40.5791 14
      vertex 25.7508 -38.1772 14
    endloop
  endfacet
  facet normal 0 0 1
    outer loop
      vertex 24.4028 -39.0526 14
      vertex 24.3536 -41.1817 14
      vertex 25.3566 -40.5791 14
    endloop
  endfacet
  facet normal 0 -0 1
    outer loop
      vertex 24.3536 -41.1817 14
      vertex 24.4028 -39.0526 14
      vertex 23.4536 -39.6229 14
    endloop
  endfacet
  facet normal 0 0 1
    outer loop
      vertex 22.5876 -40.1229 14
      vertex 22.4642 -42.249 14
      vertex 23.4876 -41.6817 14
    endloop
  endfacet
  facet normal -0 0 1
    outer loop
      vertex 21.6192 -40.6597 14
      vertex 22.4642 -42.249 14
      vertex 22.5876 -40.1229 14
    endloop
  endfacet
  facet normal 0 0 1
    outer loop
      vertex 21.6192 -40.6597 14
      vertex 20.9761 -43.0073 14
      vertex 22.4642 -42.249 14
    endloop
  endfacet
  facet normal -0 0 1
    outer loop
      vertex 20.187 -41.3895 14
      vertex 20.9761 -43.0073 14
      vertex 21.6192 -40.6597 14
    endloop
  endfacet
  facet normal 0 0 1
    outer loop
      vertex 20.187 -41.3895 14
      vertex 19.4623 -43.7131 14
      vertex 20.9761 -43.0073 14
    endloop
  endfacet
  facet normal -0 0 1
    outer loop
      vertex 18.7302 -42.0688 14
      vertex 19.4623 -43.7131 14
      vertex 20.187 -41.3895 14
    endloop
  endfacet
  facet normal 0 0 1
    outer loop
      vertex 18.7302 -42.0688 14
      vertex 17.9249 -44.3657 14
      vertex 19.4623 -43.7131 14
    endloop
  endfacet
  facet normal -0 0 1
    outer loop
      vertex 17.2506 -42.6968 14
      vertex 17.9249 -44.3657 14
      vertex 18.7302 -42.0688 14
    endloop
  endfacet
  facet normal 0 0 1
    outer loop
      vertex 17.2506 -42.6968 14
      vertex 16.3657 -44.9643 14
      vertex 17.9249 -44.3657 14
    endloop
  endfacet
  facet normal -0 0 1
    outer loop
      vertex 15.75 -43.2728 14
      vertex 16.3657 -44.9643 14
      vertex 17.2506 -42.6968 14
    endloop
  endfacet
  facet normal 0 0 1
    outer loop
      vertex 15.75 -43.2728 14
      vertex 14.7865 -45.508 14
      vertex 16.3657 -44.9643 14
    endloop
  endfacet
  facet normal -0 0 1
    outer loop
      vertex 14.2302 -43.7961 14
      vertex 14.7865 -45.508 14
      vertex 15.75 -43.2728 14
    endloop
  endfacet
  facet normal 0 0 1
    outer loop
      vertex 14.2302 -43.7961 14
      vertex 13.1892 -45.9964 14
      vertex 14.7865 -45.508 14
    endloop
  endfacet
  facet normal -0 0 1
    outer loop
      vertex 12.6931 -44.2661 14
      vertex 13.1892 -45.9964 14
      vertex 14.2302 -43.7961 14
    endloop
  endfacet
  facet normal 0 0 1
    outer loop
      vertex 12.6931 -44.2661 14
      vertex 11.576 -46.4286 14
      vertex 13.1892 -45.9964 14
    endloop
  endfacet
  facet normal -0 0 1
    outer loop
      vertex 11.1405 -44.6821 14
      vertex 11.576 -46.4286 14
      vertex 12.6931 -44.2661 14
    endloop
  endfacet
  facet normal 0 0 1
    outer loop
      vertex 11.1405 -44.6821 14
      vertex 9.94857 -46.8044 14
      vertex 11.576 -46.4286 14
    endloop
  endfacet
  facet normal -0 0 1
    outer loop
      vertex 9.57433 -45.0437 14
      vertex 9.94857 -46.8044 14
      vertex 11.1405 -44.6821 14
    endloop
  endfacet
  facet normal 0 0 1
    outer loop
      vertex 9.57433 -45.0437 14
      vertex 8.30906 -47.123 14
      vertex 9.94857 -46.8044 14
    endloop
  endfacet
  facet normal -0 0 1
    outer loop
      vertex 7.9965 -45.3504 14
      vertex 8.30906 -47.123 14
      vertex 9.57433 -45.0437 14
    endloop
  endfacet
  facet normal 0 0 1
    outer loop
      vertex 7.9965 -45.3504 14
      vertex 6.65943 -47.3843 14
      vertex 8.30906 -47.123 14
    endloop
  endfacet
  facet normal -0 0 1
    outer loop
      vertex 6.40892 -45.6018 14
      vertex 6.65943 -47.3843 14
      vertex 7.9965 -45.3504 14
    endloop
  endfacet
  facet normal 0 0 1
    outer loop
      vertex 6.40892 -45.6018 14
      vertex 5.00169 -47.5879 14
      vertex 6.65943 -47.3843 14
    endloop
  endfacet
  facet normal -0 0 1
    outer loop
      vertex 4.81353 -45.7977 14
      vertex 5.00169 -47.5879 14
      vertex 6.40892 -45.6018 14
    endloop
  endfacet
  facet normal 0 0 1
    outer loop
      vertex 4.81353 -45.7977 14
      vertex 3.33785 -47.7334 14
      vertex 5.00169 -47.5879 14
    endloop
  endfacet
  facet normal -0 0 1
    outer loop
      vertex 3.21228 -45.9378 14
      vertex 3.33785 -47.7334 14
      vertex 4.81353 -45.7977 14
    endloop
  endfacet
  facet normal 0 0 1
    outer loop
      vertex 3.21228 -45.9378 14
      vertex 1.66994 -47.8208 14
      vertex 3.33785 -47.7334 14
    endloop
  endfacet
  facet normal -0 0 1
    outer loop
      vertex 1.60712 -46.0219 14
      vertex 1.66994 -47.8208 14
      vertex 3.21228 -45.9378 14
    endloop
  endfacet
  facet normal -0 0 1
    outer loop
      vertex 0 -46.05 14
      vertex 1.66994 -47.8208 14
      vertex 1.60712 -46.0219 14
    endloop
  endfacet
  facet normal 0 0 1
    outer loop
      vertex 0 -46.05 14
      vertex 0 -47.85 14
      vertex 1.66994 -47.8208 14
    endloop
  endfacet
  facet normal 0 0 1
    outer loop
      vertex -1.60712 -46.0219 14
      vertex 0 -47.85 14
      vertex 0 -46.05 14
    endloop
  endfacet
  facet normal 0 0 1
    outer loop
      vertex -1.60712 -46.0219 14
      vertex -1.66994 -47.8208 14
      vertex 0 -47.85 14
    endloop
  endfacet
  facet normal 0 0 1
    outer loop
      vertex -3.21228 -45.9378 14
      vertex -1.66994 -47.8208 14
      vertex -1.60712 -46.0219 14
    endloop
  endfacet
  facet normal 0 0 1
    outer loop
      vertex -3.21228 -45.9378 14
      vertex -3.33785 -47.7334 14
      vertex -1.66994 -47.8208 14
    endloop
  endfacet
  facet normal 0 0 1
    outer loop
      vertex -4.81353 -45.7977 14
      vertex -3.33785 -47.7334 14
      vertex -3.21228 -45.9378 14
    endloop
  endfacet
  facet normal 0 0 1
    outer loop
      vertex -4.81353 -45.7977 14
      vertex -5.00169 -47.5879 14
      vertex -3.33785 -47.7334 14
    endloop
  endfacet
  facet normal 0 0 1
    outer loop
      vertex -6.40892 -45.6018 14
      vertex -5.00169 -47.5879 14
      vertex -4.81353 -45.7977 14
    endloop
  endfacet
  facet normal 0 0 1
    outer loop
      vertex -6.40892 -45.6018 14
      vertex -6.65943 -47.3843 14
      vertex -5.00169 -47.5879 14
    endloop
  endfacet
  facet normal 0 0 1
    outer loop
      vertex -7.9965 -45.3504 14
      vertex -6.65943 -47.3843 14
      vertex -6.40892 -45.6018 14
    endloop
  endfacet
  facet normal 0 0 1
    outer loop
      vertex -7.9965 -45.3504 14
      vertex -8.30906 -47.123 14
      vertex -6.65943 -47.3843 14
    endloop
  endfacet
  facet normal 0 0 1
    outer loop
      vertex -9.57433 -45.0437 14
      vertex -8.30906 -47.123 14
      vertex -7.9965 -45.3504 14
    endloop
  endfacet
  facet normal 0 0 1
    outer loop
      vertex -9.57433 -45.0437 14
      vertex -9.94857 -46.8044 14
      vertex -8.30906 -47.123 14
    endloop
  endfacet
  facet normal 0 0 1
    outer loop
      vertex -11.1405 -44.6821 14
      vertex -9.94857 -46.8044 14
      vertex -9.57433 -45.0437 14
    endloop
  endfacet
  facet normal 0 0 1
    outer loop
      vertex -11.1405 -44.6821 14
      vertex -11.576 -46.4286 14
      vertex -9.94857 -46.8044 14
    endloop
  endfacet
  facet normal 0 0 1
    outer loop
      vertex -12.6931 -44.2661 14
      vertex -11.576 -46.4286 14
      vertex -11.1405 -44.6821 14
    endloop
  endfacet
  facet normal 0 0 1
    outer loop
      vertex -12.6931 -44.2661 14
      vertex -13.1892 -45.9964 14
      vertex -11.576 -46.4286 14
    endloop
  endfacet
  facet normal 0 0 1
    outer loop
      vertex -14.2302 -43.7961 14
      vertex -13.1892 -45.9964 14
      vertex -12.6931 -44.2661 14
    endloop
  endfacet
  facet normal 0 0 1
    outer loop
      vertex -14.2302 -43.7961 14
      vertex -14.7865 -45.508 14
      vertex -13.1892 -45.9964 14
    endloop
  endfacet
  facet normal 0 0 1
    outer loop
      vertex -15.75 -43.2728 14
      vertex -14.7865 -45.508 14
      vertex -14.2302 -43.7961 14
    endloop
  endfacet
  facet normal 0 0 1
    outer loop
      vertex -15.75 -43.2728 14
      vertex -16.3657 -44.9643 14
      vertex -14.7865 -45.508 14
    endloop
  endfacet
  facet normal 0 0 1
    outer loop
      vertex -17.2506 -42.6968 14
      vertex -16.3657 -44.9643 14
      vertex -15.75 -43.2728 14
    endloop
  endfacet
  facet normal 0 0 1
    outer loop
      vertex -17.2506 -42.6968 14
      vertex -17.9249 -44.3657 14
      vertex -16.3657 -44.9643 14
    endloop
  endfacet
  facet normal 0 0 1
    outer loop
      vertex -18.7302 -42.0688 14
      vertex -17.9249 -44.3657 14
      vertex -17.2506 -42.6968 14
    endloop
  endfacet
  facet normal 0 0 1
    outer loop
      vertex -18.7302 -42.0688 14
      vertex -19.4623 -43.7131 14
      vertex -17.9249 -44.3657 14
    endloop
  endfacet
  facet normal 0 0 1
    outer loop
      vertex -20.187 -41.3895 14
      vertex -19.4623 -43.7131 14
      vertex -18.7302 -42.0688 14
    endloop
  endfacet
  facet normal 0 0 1
    outer loop
      vertex -20.187 -41.3895 14
      vertex -20.9761 -43.0073 14
      vertex -19.4623 -43.7131 14
    endloop
  endfacet
  facet normal 0 0 1
    outer loop
      vertex -21.6192 -40.6597 14
      vertex -20.9761 -43.0073 14
      vertex -20.187 -41.3895 14
    endloop
  endfacet
  facet normal 0 0 1
    outer loop
      vertex -21.6192 -40.6597 14
      vertex -22.4642 -42.249 14
      vertex -20.9761 -43.0073 14
    endloop
  endfacet
  facet normal 0 0 1
    outer loop
      vertex -22.5876 -40.1229 14
      vertex -22.4642 -42.249 14
      vertex -21.6192 -40.6597 14
    endloop
  endfacet
  facet normal 0 0 1
    outer loop
      vertex -22.4642 -42.249 14
      vertex -22.5876 -40.1229 14
      vertex -23.4876 -41.6817 14
    endloop
  endfacet
  facet normal 0 0 1
    outer loop
      vertex -24.4028 -39.0526 14
      vertex -24.3536 -41.1817 14
      vertex -23.4536 -39.6229 14
    endloop
  endfacet
  facet normal 0 0 1
    outer loop
      vertex -24.4028 -39.0526 14
      vertex -25.3566 -40.5791 14
      vertex -24.3536 -41.1817 14
    endloop
  endfacet
  facet normal 0 0 1
    outer loop
      vertex -25.7508 -38.1772 14
      vertex -25.3566 -40.5791 14
      vertex -24.4028 -39.0526 14
    endloop
  endfacet
  facet normal 0 0 1
    outer loop
      vertex -25.7508 -38.1772 14
      vertex -26.7574 -39.6694 14
      vertex -25.3566 -40.5791 14
    endloop
  endfacet
  facet normal 0 0 1
    outer loop
      vertex -27.0675 -37.2552 14
      vertex -26.7574 -39.6694 14
      vertex -25.7508 -38.1772 14
    endloop
  endfacet
  facet normal 0 0 1
    outer loop
      vertex -27.0675 -37.2552 14
      vertex -28.1255 -38.7115 14
      vertex -26.7574 -39.6694 14
    endloop
  endfacet
  facet normal 0 0 1
    outer loop
      vertex -28.3512 -36.2879 14
      vertex -28.1255 -38.7115 14
      vertex -27.0675 -37.2552 14
    endloop
  endfacet
  facet normal 0 0 1
    outer loop
      vertex -28.3512 -36.2879 14
      vertex -29.4594 -37.7063 14
      vertex -28.1255 -38.7115 14
    endloop
  endfacet
  facet normal 0 0 1
    outer loop
      vertex -29.6004 -35.2763 14
      vertex -29.4594 -37.7063 14
      vertex -28.3512 -36.2879 14
    endloop
  endfacet
  facet normal 0 0 1
    outer loop
      vertex -29.6004 -35.2763 14
      vertex -30.7574 -36.6552 14
      vertex -29.4594 -37.7063 14
    endloop
  endfacet
  facet normal 0 0 1
    outer loop
      vertex -30.8135 -34.2218 14
      vertex -30.7574 -36.6552 14
      vertex -29.6004 -35.2763 14
    endloop
  endfacet
  facet normal 0 0 1
    outer loop
      vertex -32.0179 -35.5595 14
      vertex -30.8135 -34.2218 14
      vertex -31.989 -33.1256 14
    endloop
  endfacet
  facet normal 0 0 1
    outer loop
      vertex -30.8135 -34.2218 14
      vertex -32.0179 -35.5595 14
      vertex -30.7574 -36.6552 14
    endloop
  endfacet
  facet normal 0 0 1
    outer loop
      vertex -33.2394 -34.4204 14
      vertex -31.989 -33.1256 14
      vertex -33.1256 -31.989 14
    endloop
  endfacet
  facet normal 0 0 1
    outer loop
      vertex -31.989 -33.1256 14
      vertex -33.2394 -34.4204 14
      vertex -32.0179 -35.5595 14
    endloop
  endfacet
  facet normal 0 0 1
    outer loop
      vertex -34.4204 -33.2394 14
      vertex -33.1256 -31.989 14
      vertex -34.2218 -30.8135 14
    endloop
  endfacet
  facet normal 0 0 1
    outer loop
      vertex -33.1256 -31.989 14
      vertex -34.4204 -33.2394 14
      vertex -33.2394 -34.4204 14
    endloop
  endfacet
  facet normal 0 0 1
    outer loop
      vertex -35.5595 -32.0179 14
      vertex -34.2218 -30.8135 14
      vertex -35.2763 -29.6004 14
    endloop
  endfacet
  facet normal 0 0 1
    outer loop
      vertex -34.2218 -30.8135 14
      vertex -35.5595 -32.0179 14
      vertex -34.4204 -33.2394 14
    endloop
  endfacet
  facet normal 0 0 1
    outer loop
      vertex -36.6552 -30.7574 14
      vertex -35.2763 -29.6004 14
      vertex -36.2879 -28.3512 14
    endloop
  endfacet
  facet normal 0 0 1
    outer loop
      vertex -35.2763 -29.6004 14
      vertex -36.6552 -30.7574 14
      vertex -35.5595 -32.0179 14
    endloop
  endfacet
  facet normal 0 0 1
    outer loop
      vertex -37.7063 -29.4594 14
      vertex -36.2879 -28.3512 14
      vertex -37.2552 -27.0675 14
    endloop
  endfacet
  facet normal 0 0 1
    outer loop
      vertex -36.2879 -28.3512 14
      vertex -37.7063 -29.4594 14
      vertex -36.6552 -30.7574 14
    endloop
  endfacet
  facet normal 0 0 1
    outer loop
      vertex -38.7115 -28.1255 14
      vertex -37.2552 -27.0675 14
      vertex -38.1772 -25.7508 14
    endloop
  endfacet
  facet normal 0 0 1
    outer loop
      vertex -37.2552 -27.0675 14
      vertex -38.7115 -28.1255 14
      vertex -37.7063 -29.4594 14
    endloop
  endfacet
  facet normal 0 0 1
    outer loop
      vertex -39.6694 -26.7574 14
      vertex -38.1772 -25.7508 14
      vertex -39.0526 -24.4028 14
    endloop
  endfacet
  facet normal 0 0 1
    outer loop
      vertex -38.1772 -25.7508 14
      vertex -39.6694 -26.7574 14
      vertex -38.7115 -28.1255 14
    endloop
  endfacet
  facet normal 0 0 1
    outer loop
      vertex -40.5791 -25.3566 14
      vertex -39.0526 -24.4028 14
      vertex -39.8805 -23.025 14
    endloop
  endfacet
  facet normal 0 0 1
    outer loop
      vertex -39.0526 -24.4028 14
      vertex -40.5791 -25.3566 14
      vertex -39.6694 -26.7574 14
    endloop
  endfacet
  facet normal 0 0 1
    outer loop
      vertex -41.4393 -23.925 14
      vertex -39.8805 -23.025 14
      vertex -40.6597 -21.6192 14
    endloop
  endfacet
  facet normal 0 0 1
    outer loop
      vertex -42.249 -22.4642 14
      vertex -40.6597 -21.6192 14
      vertex -41.3895 -20.187 14
    endloop
  endfacet
  facet normal 0 0 1
    outer loop
      vertex -39.8805 -23.025 14
      vertex -41.4393 -23.925 14
      vertex -40.5791 -25.3566 14
    endloop
  endfacet
  facet normal 0 0 1
    outer loop
      vertex -43.0073 -20.9761 14
      vertex -41.3895 -20.187 14
      vertex -42.0688 -18.7302 14
    endloop
  endfacet
  facet normal 0 0 1
    outer loop
      vertex -40.6597 -21.6192 14
      vertex -42.249 -22.4642 14
      vertex -41.4393 -23.925 14
    endloop
  endfacet
  facet normal 0 0 1
    outer loop
      vertex -43.7131 -19.4623 14
      vertex -42.0688 -18.7302 14
      vertex -42.6968 -17.2506 14
    endloop
  endfacet
  facet normal 0 0 1
    outer loop
      vertex -41.3895 -20.187 14
      vertex -43.0073 -20.9761 14
      vertex -42.249 -22.4642 14
    endloop
  endfacet
  facet normal 0 0 1
    outer loop
      vertex -44.3657 -17.9249 14
      vertex -42.6968 -17.2506 14
      vertex -43.2728 -15.75 14
    endloop
  endfacet
  facet normal 0 0 1
    outer loop
      vertex -42.0688 -18.7302 14
      vertex -43.7131 -19.4623 14
      vertex -43.0073 -20.9761 14
    endloop
  endfacet
  facet normal 0 0 1
    outer loop
      vertex -44.9643 -16.3657 14
      vertex -43.2728 -15.75 14
      vertex -43.7961 -14.2302 14
    endloop
  endfacet
  facet normal 0 0 1
    outer loop
      vertex -45.508 -14.7865 14
      vertex -43.7961 -14.2302 14
      vertex -44.2661 -12.6931 14
    endloop
  endfacet
  facet normal 0 0 1
    outer loop
      vertex -42.6968 -17.2506 14
      vertex -44.3657 -17.9249 14
      vertex -43.7131 -19.4623 14
    endloop
  endfacet
  facet normal 0 0 1
    outer loop
      vertex -45.9964 -13.1892 14
      vertex -44.2661 -12.6931 14
      vertex -44.6821 -11.1405 14
    endloop
  endfacet
  facet normal 0 0 1
    outer loop
      vertex -43.2728 -15.75 14
      vertex -44.9643 -16.3657 14
      vertex -44.3657 -17.9249 14
    endloop
  endfacet
  facet normal 0 0 1
    outer loop
      vertex -46.4286 -11.576 14
      vertex -44.6821 -11.1405 14
      vertex -45.0437 -9.57433 14
    endloop
  endfacet
  facet normal 0 0 1
    outer loop
      vertex -46.8044 -9.94857 14
      vertex -45.0437 -9.57433 14
      vertex -45.3504 -7.9965 14
    endloop
  endfacet
  facet normal 0 0 1
    outer loop
      vertex -43.7961 -14.2302 14
      vertex -45.508 -14.7865 14
      vertex -44.9643 -16.3657 14
    endloop
  endfacet
  facet normal 0 0 1
    outer loop
      vertex -47.123 -8.30906 14
      vertex -45.3504 -7.9965 14
      vertex -45.6018 -6.40892 14
    endloop
  endfacet
  facet normal 0 0 1
    outer loop
      vertex -47.3843 -6.65943 14
      vertex -45.6018 -6.40892 14
      vertex -45.7977 -4.81353 14
    endloop
  endfacet
  facet normal 0 0 1
    outer loop
      vertex -47.5879 -5.00169 14
      vertex -45.7977 -4.81353 14
      vertex -45.9378 -3.21228 14
    endloop
  endfacet
  facet normal 0 0 1
    outer loop
      vertex -44.2661 -12.6931 14
      vertex -45.9964 -13.1892 14
      vertex -45.508 -14.7865 14
    endloop
  endfacet
  facet normal 0 0 1
    outer loop
      vertex -47.7334 -3.33785 14
      vertex -45.9378 -3.21228 14
      vertex -46.0219 -1.60712 14
    endloop
  endfacet
  facet normal 0 0 1
    outer loop
      vertex -47.8208 -1.66994 14
      vertex -46.0219 -1.60712 14
      vertex -46.0413 -0.5 14
    endloop
  endfacet
  facet normal 0 0 1
    outer loop
      vertex -44.6821 -11.1405 14
      vertex -46.4286 -11.576 14
      vertex -45.9964 -13.1892 14
    endloop
  endfacet
  facet normal 0 0 1
    outer loop
      vertex -45.0437 -9.57433 14
      vertex -46.8044 -9.94857 14
      vertex -46.4286 -11.576 14
    endloop
  endfacet
  facet normal 0 0 1
    outer loop
      vertex -45.3504 -7.9965 14
      vertex -47.123 -8.30906 14
      vertex -46.8044 -9.94857 14
    endloop
  endfacet
  facet normal 0 0 1
    outer loop
      vertex -45.6018 -6.40892 14
      vertex -47.3843 -6.65943 14
      vertex -47.123 -8.30906 14
    endloop
  endfacet
  facet normal 0 0 1
    outer loop
      vertex -45.7977 -4.81353 14
      vertex -47.5879 -5.00169 14
      vertex -47.3843 -6.65943 14
    endloop
  endfacet
  facet normal 0 0 1
    outer loop
      vertex -45.9378 -3.21228 14
      vertex -47.7334 -3.33785 14
      vertex -47.5879 -5.00169 14
    endloop
  endfacet
  facet normal 0 0 1
    outer loop
      vertex -46.0219 -1.60712 14
      vertex -47.8208 -1.66994 14
      vertex -47.7334 -3.33785 14
    endloop
  endfacet
  facet normal 0 -0 1
    outer loop
      vertex -47.8208 -1.66994 14
      vertex -46.0413 -0.5 14
      vertex -47.8413 -0.5 14
    endloop
  endfacet
  facet normal 0.707242 0.0123714 0.706863
    outer loop
      vertex -45.6279 -0.5 13.5867
      vertex -45.4223 -1.58618 13.4
      vertex -45.4413 -0.5 13.4
    endloop
  endfacet
  facet normal 0.707074 0.0123106 0.707032
    outer loop
      vertex -45.4223 -1.58618 13.4
      vertex -45.6279 -0.5 13.5867
      vertex -46.0219 -1.60712 14
    endloop
  endfacet
  facet normal 0.706967 0.0123881 0.707138
    outer loop
      vertex -46.0219 -1.60712 14
      vertex -45.6279 -0.5 13.5867
      vertex -46.0413 -0.5 14
    endloop
  endfacet
  facet normal 0.999847 0.0174898 0
    outer loop
      vertex -45.4223 -1.58618 13.4
      vertex -45.4413 -0.5 11.4
      vertex -45.4413 -0.5 13.4
    endloop
  endfacet
  facet normal 0.999847 0.0174898 0
    outer loop
      vertex -45.4413 -0.5 11.4
      vertex -45.4223 -1.58618 13.4
      vertex -45.4223 -1.58618 11.4
    endloop
  endfacet
  facet normal 0.707427 0.0123636 0.706679
    outer loop
      vertex -45.2358 -0.5 11.1946
      vertex -45.1225 -1.57571 11.1
      vertex -45.1413 -0.5 11.1
    endloop
  endfacet
  facet normal 0.707074 0.0122954 0.707032
    outer loop
      vertex -45.1225 -1.57571 11.1
      vertex -45.2358 -0.5 11.1946
      vertex -45.4223 -1.58618 11.4
    endloop
  endfacet
  facet normal 0.706881 0.0123651 0.707225
    outer loop
      vertex -45.4223 -1.58618 11.4
      vertex -45.2358 -0.5 11.1946
      vertex -45.4413 -0.5 11.4
    endloop
  endfacet
  facet normal 0.999847 0.0174742 0
    outer loop
      vertex -45.1225 -1.57571 11.1
      vertex -45.1413 -0.5 10.7
      vertex -45.1413 -0.5 11.1
    endloop
  endfacet
  facet normal 0.999847 0.0174742 0
    outer loop
      vertex -45.1413 -0.5 10.7
      vertex -45.1225 -1.57571 11.1
      vertex -45.1225 -1.57571 10.7
    endloop
  endfacet
  facet normal 0.707073 0.012365 -0.707033
    outer loop
      vertex -45.4223 -1.58618 10.4
      vertex -45.3461 -0.5 10.4952
      vertex -45.1225 -1.57571 10.7
    endloop
  endfacet
  facet normal 0.707053 0.0123681 -0.707053
    outer loop
      vertex -45.3461 -0.5 10.4952
      vertex -45.4223 -1.58618 10.4
      vertex -45.4413 -0.5 10.4
    endloop
  endfacet
  facet normal 0.707053 0.012357 -0.707053
    outer loop
      vertex -45.1413 -0.5 10.7
      vertex -45.1225 -1.57571 10.7
      vertex -45.3461 -0.5 10.4952
    endloop
  endfacet
  facet normal 0.999847 0.0174898 0
    outer loop
      vertex -45.4413 -0.5 10.4
      vertex -45.4223 -1.58618 10.4
      vertex -45.4413 -0.5 8.8
    endloop
  endfacet
  facet normal 0.999849 0.0173974 0
    outer loop
      vertex -45.4413 -0.5 8.8
      vertex -45.45 0 8
      vertex -45.45 0 8.8
    endloop
  endfacet
  facet normal 0.999847 0.0174898 -0
    outer loop
      vertex -45.4223 -1.58618 8
      vertex -45.4413 -0.5 8.8
      vertex -45.4223 -1.58618 10.4
    endloop
  endfacet
  facet normal 0.999848 0.0174607 3.95812e-05
    outer loop
      vertex -45.4413 -0.5 8.8
      vertex -45.4223 -1.58618 8
      vertex -45.45 0 8
    endloop
  endfacet
  facet normal 0 0 1
    outer loop
      vertex 43 0 8
      vertex 45.45 0 8
      vertex 45.4223 1.58618 8
    endloop
  endfacet
  facet normal 0 0 1
    outer loop
      vertex 42.9738 1.50068 8
      vertex 45.4223 1.58618 8
      vertex 45.3393 3.17043 8
    endloop
  endfacet
  facet normal 0 0 1
    outer loop
      vertex 45.45 0 8
      vertex 43 0 8
      vertex 45.4223 -1.58618 8
    endloop
  endfacet
  facet normal 0 0 1
    outer loop
      vertex 42.8953 2.99953 8
      vertex 45.3393 3.17043 8
      vertex 45.201 4.75082 8
    endloop
  endfacet
  facet normal -0 0 1
    outer loop
      vertex 42.9738 -1.50068 8
      vertex 45.4223 -1.58618 8
      vertex 43 0 8
    endloop
  endfacet
  facet normal 0 0 1
    outer loop
      vertex 42.7644 4.49472 8
      vertex 45.201 4.75082 8
      vertex 45.0077 6.32542 8
    endloop
  endfacet
  facet normal 0 0 1
    outer loop
      vertex 45.4223 -1.58618 8
      vertex 42.9738 -1.50068 8
      vertex 45.3393 -3.17043 8
    endloop
  endfacet
  facet normal 0 0 1
    outer loop
      vertex 42.5815 5.98444 8
      vertex 45.0077 6.32542 8
      vertex 44.7595 7.89231 8
    endloop
  endfacet
  facet normal -0 0 1
    outer loop
      vertex 42.8953 -2.99953 8
      vertex 45.3393 -3.17043 8
      vertex 42.9738 -1.50068 8
    endloop
  endfacet
  facet normal 0 0 1
    outer loop
      vertex 42.3467 7.46687 8
      vertex 44.7595 7.89231 8
      vertex 44.4568 9.44958 8
    endloop
  endfacet
  facet normal 0 0 1
    outer loop
      vertex 45.3393 -3.17043 8
      vertex 42.8953 -2.99953 8
      vertex 45.201 -4.75082 8
    endloop
  endfacet
  facet normal 0 0 1
    outer loop
      vertex 42.0603 8.9402 8
      vertex 44.4568 9.44958 8
      vertex 44.0999 10.9953 8
    endloop
  endfacet
  facet normal -0 0 1
    outer loop
      vertex 42.7644 -4.49472 8
      vertex 45.201 -4.75082 8
      vertex 42.8953 -2.99953 8
    endloop
  endfacet
  facet normal 0 0 1
    outer loop
      vertex 41.7227 10.4026 8
      vertex 44.0999 10.9953 8
      vertex 43.6893 12.5277 8
    endloop
  endfacet
  facet normal 0 0 1
    outer loop
      vertex 45.201 -4.75082 8
      vertex 42.7644 -4.49472 8
      vertex 45.0077 -6.32542 8
    endloop
  endfacet
  facet normal 0 0 1
    outer loop
      vertex 41.3343 11.8524 8
      vertex 43.6893 12.5277 8
      vertex 43.2255 14.0448 8
    endloop
  endfacet
  facet normal -0 0 1
    outer loop
      vertex 42.5815 -5.98444 8
      vertex 45.0077 -6.32542 8
      vertex 42.7644 -4.49472 8
    endloop
  endfacet
  facet normal 0 0 1
    outer loop
      vertex 45.0077 -6.32542 8
      vertex 42.5815 -5.98444 8
      vertex 44.7595 -7.89231 8
    endloop
  endfacet
  facet normal 0 0 1
    outer loop
      vertex 45.4223 1.58618 8
      vertex 42.9738 1.50068 8
      vertex 43 0 8
    endloop
  endfacet
  facet normal 0 0 1
    outer loop
      vertex 45.3393 3.17043 8
      vertex 42.8953 2.99953 8
      vertex 42.9738 1.50068 8
    endloop
  endfacet
  facet normal 0 0 1
    outer loop
      vertex 45.201 4.75082 8
      vertex 42.7644 4.49472 8
      vertex 42.8953 2.99953 8
    endloop
  endfacet
  facet normal 0 0 1
    outer loop
      vertex 40.8954 13.2877 8
      vertex 43.2255 14.0448 8
      vertex 42.709 15.5448 8
    endloop
  endfacet
  facet normal 0 0 1
    outer loop
      vertex 45.0077 6.32542 8
      vertex 42.5815 5.98444 8
      vertex 42.7644 4.49472 8
    endloop
  endfacet
  facet normal 0 0 1
    outer loop
      vertex 44.7595 7.89231 8
      vertex 42.3467 7.46687 8
      vertex 42.5815 5.98444 8
    endloop
  endfacet
  facet normal 0 0 1
    outer loop
      vertex 40.4068 14.7069 8
      vertex 42.709 15.5448 8
      vertex 42.1405 17.0259 8
    endloop
  endfacet
  facet normal 0 0 1
    outer loop
      vertex 44.4568 9.44958 8
      vertex 42.0603 8.9402 8
      vertex 42.3467 7.46687 8
    endloop
  endfacet
  facet normal 0 0 1
    outer loop
      vertex 44.0999 10.9953 8
      vertex 41.7227 10.4026 8
      vertex 42.0603 8.9402 8
    endloop
  endfacet
  facet normal 0 0 1
    outer loop
      vertex 39.8689 16.1081 8
      vertex 42.1405 17.0259 8
      vertex 41.5206 18.4862 8
    endloop
  endfacet
  facet normal 0 0 1
    outer loop
      vertex 43.6893 12.5277 8
      vertex 41.3343 11.8524 8
      vertex 41.7227 10.4026 8
    endloop
  endfacet
  facet normal 0 0 1
    outer loop
      vertex 43.2255 14.0448 8
      vertex 40.8954 13.2877 8
      vertex 41.3343 11.8524 8
    endloop
  endfacet
  facet normal 0 0 1
    outer loop
      vertex 39.2825 17.4897 8
      vertex 41.5206 18.4862 8
      vertex 40.8502 19.924 8
    endloop
  endfacet
  facet normal 0 0 1
    outer loop
      vertex 42.709 15.5448 8
      vertex 40.4068 14.7069 8
      vertex 40.8954 13.2877 8
    endloop
  endfacet
  facet normal 0 0 1
    outer loop
      vertex 38.6481 18.85 8
      vertex 40.8502 19.924 8
      vertex 40.13 21.3375 8
    endloop
  endfacet
  facet normal 0 0 1
    outer loop
      vertex 42.1405 17.0259 8
      vertex 39.8689 16.1081 8
      vertex 40.4068 14.7069 8
    endloop
  endfacet
  facet normal 0 0 1
    outer loop
      vertex 37.9667 20.1873 8
      vertex 40.13 21.3375 8
      vertex 39.3609 22.725 8
    endloop
  endfacet
  facet normal 0 0 1
    outer loop
      vertex 41.5206 18.4862 8
      vertex 39.2825 17.4897 8
      vertex 39.8689 16.1081 8
    endloop
  endfacet
  facet normal 0 0 1
    outer loop
      vertex 40.8502 19.924 8
      vertex 38.6481 18.85 8
      vertex 39.2825 17.4897 8
    endloop
  endfacet
  facet normal 0 0 1
    outer loop
      vertex 37.2391 21.5 8
      vertex 39.3609 22.725 8
      vertex 38.5438 24.0848 8
    endloop
  endfacet
  facet normal 0 0 1
    outer loop
      vertex 40.13 21.3375 8
      vertex 37.9667 20.1873 8
      vertex 38.6481 18.85 8
    endloop
  endfacet
  facet normal 0 0 1
    outer loop
      vertex 36.4661 22.7865 8
      vertex 38.5438 24.0848 8
      vertex 37.6798 25.4153 8
    endloop
  endfacet
  facet normal 0 0 1
    outer loop
      vertex 39.3609 22.725 8
      vertex 37.2391 21.5 8
      vertex 37.9667 20.1873 8
    endloop
  endfacet
  facet normal 0 0 1
    outer loop
      vertex 35.6486 24.0453 8
      vertex 37.6798 25.4153 8
      vertex 36.7698 26.7148 8
    endloop
  endfacet
  facet normal 0 0 1
    outer loop
      vertex 38.5438 24.0848 8
      vertex 36.4661 22.7865 8
      vertex 37.2391 21.5 8
    endloop
  endfacet
  facet normal 0 0 1
    outer loop
      vertex 34.7877 25.2748 8
      vertex 36.7698 26.7148 8
      vertex 35.8151 27.9818 8
    endloop
  endfacet
  facet normal 0 0 1
    outer loop
      vertex 37.6798 25.4153 8
      vertex 35.6486 24.0453 8
      vertex 36.4661 22.7865 8
    endloop
  endfacet
  facet normal 0 0 1
    outer loop
      vertex 33.8845 26.4734 8
      vertex 35.8151 27.9818 8
      vertex 34.8167 29.2147 8
    endloop
  endfacet
  facet normal 0 0 1
    outer loop
      vertex 36.7698 26.7148 8
      vertex 34.7877 25.2748 8
      vertex 35.6486 24.0453 8
    endloop
  endfacet
  facet normal 0 0 1
    outer loop
      vertex 35.8151 27.9818 8
      vertex 33.8845 26.4734 8
      vertex 34.7877 25.2748 8
    endloop
  endfacet
  facet normal 0 0 1
    outer loop
      vertex 32.9399 27.6399 8
      vertex 34.8167 29.2147 8
      vertex 33.7759 30.412 8
    endloop
  endfacet
  facet normal 0 0 1
    outer loop
      vertex 34.8167 29.2147 8
      vertex 32.9399 27.6399 8
      vertex 33.8845 26.4734 8
    endloop
  endfacet
  facet normal 0 0 1
    outer loop
      vertex 31.9552 28.7726 8
      vertex 33.7759 30.412 8
      vertex 32.694 31.5722 8
    endloop
  endfacet
  facet normal 0 0 1
    outer loop
      vertex 33.7759 30.412 8
      vertex 31.9552 28.7726 8
      vertex 32.9399 27.6399 8
    endloop
  endfacet
  facet normal 0 0 1
    outer loop
      vertex 30.9316 29.8703 8
      vertex 32.694 31.5722 8
      vertex 31.5722 32.694 8
    endloop
  endfacet
  facet normal 0 0 1
    outer loop
      vertex 32.694 31.5722 8
      vertex 30.9316 29.8703 8
      vertex 31.9552 28.7726 8
    endloop
  endfacet
  facet normal 0 0 1
    outer loop
      vertex 29.8703 30.9316 8
      vertex 31.5722 32.694 8
      vertex 30.412 33.7759 8
    endloop
  endfacet
  facet normal 0 0 1
    outer loop
      vertex 31.5722 32.694 8
      vertex 29.8703 30.9316 8
      vertex 30.9316 29.8703 8
    endloop
  endfacet
  facet normal 0 0 1
    outer loop
      vertex 28.7726 31.9552 8
      vertex 30.412 33.7759 8
      vertex 29.2147 34.8167 8
    endloop
  endfacet
  facet normal 0 0 1
    outer loop
      vertex 30.412 33.7759 8
      vertex 28.7726 31.9552 8
      vertex 29.8703 30.9316 8
    endloop
  endfacet
  facet normal 0 0 1
    outer loop
      vertex 27.6399 32.9399 8
      vertex 29.2147 34.8167 8
      vertex 27.9818 35.8151 8
    endloop
  endfacet
  facet normal 0 0 1
    outer loop
      vertex 29.2147 34.8167 8
      vertex 27.6399 32.9399 8
      vertex 28.7726 31.9552 8
    endloop
  endfacet
  facet normal 0 0 1
    outer loop
      vertex 26.4734 33.8845 8
      vertex 27.9818 35.8151 8
      vertex 26.7148 36.7698 8
    endloop
  endfacet
  facet normal 0 0 1
    outer loop
      vertex 27.9818 35.8151 8
      vertex 26.4734 33.8845 8
      vertex 27.6399 32.9399 8
    endloop
  endfacet
  facet normal 0 0 1
    outer loop
      vertex 25.2748 34.7877 8
      vertex 26.7148 36.7698 8
      vertex 25.4153 37.6798 8
    endloop
  endfacet
  facet normal 0 0 1
    outer loop
      vertex 26.7148 36.7698 8
      vertex 25.2748 34.7877 8
      vertex 26.4734 33.8845 8
    endloop
  endfacet
  facet normal 0 0 1
    outer loop
      vertex 24.0453 35.6486 8
      vertex 25.4153 37.6798 8
      vertex 24.0848 38.5438 8
    endloop
  endfacet
  facet normal 0 0 1
    outer loop
      vertex 25.4153 37.6798 8
      vertex 24.0453 35.6486 8
      vertex 25.2748 34.7877 8
    endloop
  endfacet
  facet normal 0 0 1
    outer loop
      vertex 24.0848 38.5438 8
      vertex 22.7865 36.4661 8
      vertex 24.0453 35.6486 8
    endloop
  endfacet
  facet normal 0 0 1
    outer loop
      vertex 22.725 39.3609 8
      vertex 22.7865 36.4661 8
      vertex 24.0848 38.5438 8
    endloop
  endfacet
  facet normal 0 0 1
    outer loop
      vertex 22.725 39.3609 8
      vertex 21.5 37.2391 8
      vertex 22.7865 36.4661 8
    endloop
  endfacet
  facet normal 0 0 1
    outer loop
      vertex 21.3375 40.13 8
      vertex 21.5 37.2391 8
      vertex 22.725 39.3609 8
    endloop
  endfacet
  facet normal 0 0 1
    outer loop
      vertex 21.3375 40.13 8
      vertex 20.1873 37.9667 8
      vertex 21.5 37.2391 8
    endloop
  endfacet
  facet normal 0 0 1
    outer loop
      vertex 19.924 40.8502 8
      vertex 20.1873 37.9667 8
      vertex 21.3375 40.13 8
    endloop
  endfacet
  facet normal 0 0 1
    outer loop
      vertex 19.924 40.8502 8
      vertex 18.85 38.6481 8
      vertex 20.1873 37.9667 8
    endloop
  endfacet
  facet normal 0 0 1
    outer loop
      vertex 18.4862 41.5206 8
      vertex 18.85 38.6481 8
      vertex 19.924 40.8502 8
    endloop
  endfacet
  facet normal 0 0 1
    outer loop
      vertex 18.4862 41.5206 8
      vertex 17.4897 39.2825 8
      vertex 18.85 38.6481 8
    endloop
  endfacet
  facet normal 0 0 1
    outer loop
      vertex 17.0259 42.1405 8
      vertex 17.4897 39.2825 8
      vertex 18.4862 41.5206 8
    endloop
  endfacet
  facet normal 0 0 1
    outer loop
      vertex 17.0259 42.1405 8
      vertex 16.1081 39.8689 8
      vertex 17.4897 39.2825 8
    endloop
  endfacet
  facet normal 0 0 1
    outer loop
      vertex 15.5448 42.709 8
      vertex 16.1081 39.8689 8
      vertex 17.0259 42.1405 8
    endloop
  endfacet
  facet normal 0 0 1
    outer loop
      vertex 15.5448 42.709 8
      vertex 14.7069 40.4068 8
      vertex 16.1081 39.8689 8
    endloop
  endfacet
  facet normal 0 0 1
    outer loop
      vertex 14.0448 43.2255 8
      vertex 14.7069 40.4068 8
      vertex 15.5448 42.709 8
    endloop
  endfacet
  facet normal 0 0 1
    outer loop
      vertex 14.0448 43.2255 8
      vertex 13.2877 40.8954 8
      vertex 14.7069 40.4068 8
    endloop
  endfacet
  facet normal 0 0 1
    outer loop
      vertex 12.5277 43.6893 8
      vertex 13.2877 40.8954 8
      vertex 14.0448 43.2255 8
    endloop
  endfacet
  facet normal 0 0 1
    outer loop
      vertex 12.5277 43.6893 8
      vertex 11.8524 41.3343 8
      vertex 13.2877 40.8954 8
    endloop
  endfacet
  facet normal 0 0 1
    outer loop
      vertex 10.9953 44.0999 8
      vertex 11.8524 41.3343 8
      vertex 12.5277 43.6893 8
    endloop
  endfacet
  facet normal 0 0 1
    outer loop
      vertex 10.9953 44.0999 8
      vertex 10.4026 41.7227 8
      vertex 11.8524 41.3343 8
    endloop
  endfacet
  facet normal 0 0 1
    outer loop
      vertex 9.44958 44.4568 8
      vertex 10.4026 41.7227 8
      vertex 10.9953 44.0999 8
    endloop
  endfacet
  facet normal 0 0 1
    outer loop
      vertex 9.44958 44.4568 8
      vertex 8.9402 42.0603 8
      vertex 10.4026 41.7227 8
    endloop
  endfacet
  facet normal 0 0 1
    outer loop
      vertex 7.89231 44.7595 8
      vertex 8.9402 42.0603 8
      vertex 9.44958 44.4568 8
    endloop
  endfacet
  facet normal 0 0 1
    outer loop
      vertex 7.89231 44.7595 8
      vertex 7.46687 42.3467 8
      vertex 8.9402 42.0603 8
    endloop
  endfacet
  facet normal 0 0 1
    outer loop
      vertex 6.32542 45.0077 8
      vertex 7.46687 42.3467 8
      vertex 7.89231 44.7595 8
    endloop
  endfacet
  facet normal 0 0 1
    outer loop
      vertex 6.32542 45.0077 8
      vertex 5.98444 42.5815 8
      vertex 7.46687 42.3467 8
    endloop
  endfacet
  facet normal 0 0 1
    outer loop
      vertex 4.75082 45.201 8
      vertex 5.98444 42.5815 8
      vertex 6.32542 45.0077 8
    endloop
  endfacet
  facet normal 0 0 1
    outer loop
      vertex 4.75082 45.201 8
      vertex 4.49472 42.7644 8
      vertex 5.98444 42.5815 8
    endloop
  endfacet
  facet normal 0 0 1
    outer loop
      vertex 3.17043 45.3393 8
      vertex 4.49472 42.7644 8
      vertex 4.75082 45.201 8
    endloop
  endfacet
  facet normal 0 0 1
    outer loop
      vertex 3.17043 45.3393 8
      vertex 2.99953 42.8953 8
      vertex 4.49472 42.7644 8
    endloop
  endfacet
  facet normal 0 0 1
    outer loop
      vertex 1.58618 45.4223 8
      vertex 2.99953 42.8953 8
      vertex 3.17043 45.3393 8
    endloop
  endfacet
  facet normal 0 0 1
    outer loop
      vertex 1.58618 45.4223 8
      vertex 1.50068 42.9738 8
      vertex 2.99953 42.8953 8
    endloop
  endfacet
  facet normal 0 0 1
    outer loop
      vertex 0 45.45 8
      vertex 1.50068 42.9738 8
      vertex 1.58618 45.4223 8
    endloop
  endfacet
  facet normal 0 0 1
    outer loop
      vertex 0 45.45 8
      vertex 0 43 8
      vertex 1.50068 42.9738 8
    endloop
  endfacet
  facet normal 0 0 1
    outer loop
      vertex 0 45.45 8
      vertex -1.50068 42.9738 8
      vertex 0 43 8
    endloop
  endfacet
  facet normal -0 0 1
    outer loop
      vertex -1.58618 45.4223 8
      vertex -1.50068 42.9738 8
      vertex 0 45.45 8
    endloop
  endfacet
  facet normal 0 0 1
    outer loop
      vertex -1.58618 45.4223 8
      vertex -2.99953 42.8953 8
      vertex -1.50068 42.9738 8
    endloop
  endfacet
  facet normal -0 0 1
    outer loop
      vertex -3.17043 45.3393 8
      vertex -2.99953 42.8953 8
      vertex -1.58618 45.4223 8
    endloop
  endfacet
  facet normal 0 0 1
    outer loop
      vertex -3.17043 45.3393 8
      vertex -4.49472 42.7644 8
      vertex -2.99953 42.8953 8
    endloop
  endfacet
  facet normal -0 0 1
    outer loop
      vertex -4.75082 45.201 8
      vertex -4.49472 42.7644 8
      vertex -3.17043 45.3393 8
    endloop
  endfacet
  facet normal 0 0 1
    outer loop
      vertex -4.75082 45.201 8
      vertex -5.98444 42.5815 8
      vertex -4.49472 42.7644 8
    endloop
  endfacet
  facet normal -0 0 1
    outer loop
      vertex -6.32542 45.0077 8
      vertex -5.98444 42.5815 8
      vertex -4.75082 45.201 8
    endloop
  endfacet
  facet normal 0 0 1
    outer loop
      vertex -6.32542 45.0077 8
      vertex -7.46687 42.3467 8
      vertex -5.98444 42.5815 8
    endloop
  endfacet
  facet normal -0 0 1
    outer loop
      vertex -7.89231 44.7595 8
      vertex -7.46687 42.3467 8
      vertex -6.32542 45.0077 8
    endloop
  endfacet
  facet normal 0 0 1
    outer loop
      vertex -7.89231 44.7595 8
      vertex -8.9402 42.0603 8
      vertex -7.46687 42.3467 8
    endloop
  endfacet
  facet normal -0 0 1
    outer loop
      vertex -9.44958 44.4568 8
      vertex -8.9402 42.0603 8
      vertex -7.89231 44.7595 8
    endloop
  endfacet
  facet normal 0 0 1
    outer loop
      vertex -9.44958 44.4568 8
      vertex -10.4026 41.7227 8
      vertex -8.9402 42.0603 8
    endloop
  endfacet
  facet normal -0 0 1
    outer loop
      vertex -10.9953 44.0999 8
      vertex -10.4026 41.7227 8
      vertex -9.44958 44.4568 8
    endloop
  endfacet
  facet normal 0 0 1
    outer loop
      vertex -10.9953 44.0999 8
      vertex -11.8524 41.3343 8
      vertex -10.4026 41.7227 8
    endloop
  endfacet
  facet normal -0 0 1
    outer loop
      vertex -12.5277 43.6893 8
      vertex -11.8524 41.3343 8
      vertex -10.9953 44.0999 8
    endloop
  endfacet
  facet normal 0 0 1
    outer loop
      vertex -12.5277 43.6893 8
      vertex -13.2877 40.8954 8
      vertex -11.8524 41.3343 8
    endloop
  endfacet
  facet normal -0 0 1
    outer loop
      vertex -14.0448 43.2255 8
      vertex -13.2877 40.8954 8
      vertex -12.5277 43.6893 8
    endloop
  endfacet
  facet normal 0 0 1
    outer loop
      vertex -14.0448 43.2255 8
      vertex -14.7069 40.4068 8
      vertex -13.2877 40.8954 8
    endloop
  endfacet
  facet normal -0 0 1
    outer loop
      vertex -15.5448 42.709 8
      vertex -14.7069 40.4068 8
      vertex -14.0448 43.2255 8
    endloop
  endfacet
  facet normal 0 0 1
    outer loop
      vertex -15.5448 42.709 8
      vertex -16.1081 39.8689 8
      vertex -14.7069 40.4068 8
    endloop
  endfacet
  facet normal -0 0 1
    outer loop
      vertex -17.0259 42.1405 8
      vertex -16.1081 39.8689 8
      vertex -15.5448 42.709 8
    endloop
  endfacet
  facet normal 0 0 1
    outer loop
      vertex -17.0259 42.1405 8
      vertex -17.4897 39.2825 8
      vertex -16.1081 39.8689 8
    endloop
  endfacet
  facet normal -0 0 1
    outer loop
      vertex -18.4862 41.5206 8
      vertex -17.4897 39.2825 8
      vertex -17.0259 42.1405 8
    endloop
  endfacet
  facet normal 0 0 1
    outer loop
      vertex -18.4862 41.5206 8
      vertex -18.85 38.6481 8
      vertex -17.4897 39.2825 8
    endloop
  endfacet
  facet normal -0 0 1
    outer loop
      vertex -19.924 40.8502 8
      vertex -18.85 38.6481 8
      vertex -18.4862 41.5206 8
    endloop
  endfacet
  facet normal 0 0 1
    outer loop
      vertex -19.924 40.8502 8
      vertex -20.1873 37.9667 8
      vertex -18.85 38.6481 8
    endloop
  endfacet
  facet normal -0 0 1
    outer loop
      vertex -21.3375 40.13 8
      vertex -20.1873 37.9667 8
      vertex -19.924 40.8502 8
    endloop
  endfacet
  facet normal 0 0 1
    outer loop
      vertex -21.3375 40.13 8
      vertex -21.5 37.2391 8
      vertex -20.1873 37.9667 8
    endloop
  endfacet
  facet normal -0 0 1
    outer loop
      vertex -22.725 39.3609 8
      vertex -21.5 37.2391 8
      vertex -21.3375 40.13 8
    endloop
  endfacet
  facet normal 0 0 1
    outer loop
      vertex -22.725 39.3609 8
      vertex -22.7865 36.4661 8
      vertex -21.5 37.2391 8
    endloop
  endfacet
  facet normal -0 0 1
    outer loop
      vertex -24.0848 38.5438 8
      vertex -22.7865 36.4661 8
      vertex -22.725 39.3609 8
    endloop
  endfacet
  facet normal 0 0 1
    outer loop
      vertex -22.7865 36.4661 8
      vertex -24.0848 38.5438 8
      vertex -24.0453 35.6486 8
    endloop
  endfacet
  facet normal -0 0 1
    outer loop
      vertex -25.4153 37.6798 8
      vertex -24.0453 35.6486 8
      vertex -24.0848 38.5438 8
    endloop
  endfacet
  facet normal 0 0 1
    outer loop
      vertex -24.0453 35.6486 8
      vertex -25.4153 37.6798 8
      vertex -25.2748 34.7877 8
    endloop
  endfacet
  facet normal -0 0 1
    outer loop
      vertex -26.7148 36.7698 8
      vertex -25.2748 34.7877 8
      vertex -25.4153 37.6798 8
    endloop
  endfacet
  facet normal 0 0 1
    outer loop
      vertex -25.2748 34.7877 8
      vertex -26.7148 36.7698 8
      vertex -26.4734 33.8845 8
    endloop
  endfacet
  facet normal -0 0 1
    outer loop
      vertex -27.9818 35.8151 8
      vertex -26.4734 33.8845 8
      vertex -26.7148 36.7698 8
    endloop
  endfacet
  facet normal 0 0 1
    outer loop
      vertex -26.4734 33.8845 8
      vertex -27.9818 35.8151 8
      vertex -27.6399 32.9399 8
    endloop
  endfacet
  facet normal -0 0 1
    outer loop
      vertex -29.2147 34.8167 8
      vertex -27.6399 32.9399 8
      vertex -27.9818 35.8151 8
    endloop
  endfacet
  facet normal 0 0 1
    outer loop
      vertex -27.6399 32.9399 8
      vertex -29.2147 34.8167 8
      vertex -28.7726 31.9552 8
    endloop
  endfacet
  facet normal -0 0 1
    outer loop
      vertex -30.412 33.7759 8
      vertex -28.7726 31.9552 8
      vertex -29.2147 34.8167 8
    endloop
  endfacet
  facet normal 0 0 1
    outer loop
      vertex -28.7726 31.9552 8
      vertex -30.412 33.7759 8
      vertex -29.8703 30.9316 8
    endloop
  endfacet
  facet normal -0 0 1
    outer loop
      vertex -31.5722 32.694 8
      vertex -29.8703 30.9316 8
      vertex -30.412 33.7759 8
    endloop
  endfacet
  facet normal 0 0 1
    outer loop
      vertex -29.8703 30.9316 8
      vertex -31.5722 32.694 8
      vertex -30.9316 29.8703 8
    endloop
  endfacet
  facet normal -0 0 1
    outer loop
      vertex -32.694 31.5722 8
      vertex -30.9316 29.8703 8
      vertex -31.5722 32.694 8
    endloop
  endfacet
  facet normal 0 0 1
    outer loop
      vertex -30.9316 29.8703 8
      vertex -32.694 31.5722 8
      vertex -31.9552 28.7726 8
    endloop
  endfacet
  facet normal -0 0 1
    outer loop
      vertex -33.7759 30.412 8
      vertex -31.9552 28.7726 8
      vertex -32.694 31.5722 8
    endloop
  endfacet
  facet normal 0 0 1
    outer loop
      vertex -31.9552 28.7726 8
      vertex -33.7759 30.412 8
      vertex -32.9399 27.6399 8
    endloop
  endfacet
  facet normal -0 0 1
    outer loop
      vertex -34.8167 29.2147 8
      vertex -32.9399 27.6399 8
      vertex -33.7759 30.412 8
    endloop
  endfacet
  facet normal 0 0 1
    outer loop
      vertex -32.9399 27.6399 8
      vertex -34.8167 29.2147 8
      vertex -33.8845 26.4734 8
    endloop
  endfacet
  facet normal -0 0 1
    outer loop
      vertex -35.8151 27.9818 8
      vertex -33.8845 26.4734 8
      vertex -34.8167 29.2147 8
    endloop
  endfacet
  facet normal 0 0 1
    outer loop
      vertex -33.8845 26.4734 8
      vertex -35.8151 27.9818 8
      vertex -34.7877 25.2748 8
    endloop
  endfacet
  facet normal -0 0 1
    outer loop
      vertex -36.7698 26.7148 8
      vertex -34.7877 25.2748 8
      vertex -35.8151 27.9818 8
    endloop
  endfacet
  facet normal 0 0 1
    outer loop
      vertex -34.7877 25.2748 8
      vertex -36.7698 26.7148 8
      vertex -35.6486 24.0453 8
    endloop
  endfacet
  facet normal -0 0 1
    outer loop
      vertex -37.6798 25.4153 8
      vertex -35.6486 24.0453 8
      vertex -36.7698 26.7148 8
    endloop
  endfacet
  facet normal 0 0 1
    outer loop
      vertex -35.6486 24.0453 8
      vertex -37.6798 25.4153 8
      vertex -36.4661 22.7865 8
    endloop
  endfacet
  facet normal -0 0 1
    outer loop
      vertex -38.5438 24.0848 8
      vertex -36.4661 22.7865 8
      vertex -37.6798 25.4153 8
    endloop
  endfacet
  facet normal 0 0 1
    outer loop
      vertex -36.4661 22.7865 8
      vertex -38.5438 24.0848 8
      vertex -37.2391 21.5 8
    endloop
  endfacet
  facet normal -0 0 1
    outer loop
      vertex -39.3609 22.725 8
      vertex -37.2391 21.5 8
      vertex -38.5438 24.0848 8
    endloop
  endfacet
  facet normal 0 0 1
    outer loop
      vertex -37.2391 21.5 8
      vertex -39.3609 22.725 8
      vertex -37.9667 20.1873 8
    endloop
  endfacet
  facet normal -0 0 1
    outer loop
      vertex -40.13 21.3375 8
      vertex -37.9667 20.1873 8
      vertex -39.3609 22.725 8
    endloop
  endfacet
  facet normal 0 0 1
    outer loop
      vertex -37.9667 20.1873 8
      vertex -40.13 21.3375 8
      vertex -38.6481 18.85 8
    endloop
  endfacet
  facet normal -0 0 1
    outer loop
      vertex -40.8502 19.924 8
      vertex -38.6481 18.85 8
      vertex -40.13 21.3375 8
    endloop
  endfacet
  facet normal 0 0 1
    outer loop
      vertex -38.6481 18.85 8
      vertex -40.8502 19.924 8
      vertex -39.2825 17.4897 8
    endloop
  endfacet
  facet normal -0 0 1
    outer loop
      vertex -41.5206 18.4862 8
      vertex -39.2825 17.4897 8
      vertex -40.8502 19.924 8
    endloop
  endfacet
  facet normal 0 0 1
    outer loop
      vertex -39.2825 17.4897 8
      vertex -41.5206 18.4862 8
      vertex -39.8689 16.1081 8
    endloop
  endfacet
  facet normal -0 0 1
    outer loop
      vertex -42.1405 17.0259 8
      vertex -39.8689 16.1081 8
      vertex -41.5206 18.4862 8
    endloop
  endfacet
  facet normal 0 0 1
    outer loop
      vertex -39.8689 16.1081 8
      vertex -42.1405 17.0259 8
      vertex -40.4068 14.7069 8
    endloop
  endfacet
  facet normal -0 0 1
    outer loop
      vertex -42.709 15.5448 8
      vertex -40.4068 14.7069 8
      vertex -42.1405 17.0259 8
    endloop
  endfacet
  facet normal 0 0 1
    outer loop
      vertex -40.4068 14.7069 8
      vertex -42.709 15.5448 8
      vertex -40.8954 13.2877 8
    endloop
  endfacet
  facet normal -0 0 1
    outer loop
      vertex -43.2255 14.0448 8
      vertex -40.8954 13.2877 8
      vertex -42.709 15.5448 8
    endloop
  endfacet
  facet normal 0 0 1
    outer loop
      vertex -40.8954 13.2877 8
      vertex -43.2255 14.0448 8
      vertex -41.3343 11.8524 8
    endloop
  endfacet
  facet normal -0 0 1
    outer loop
      vertex -43.6893 12.5277 8
      vertex -41.3343 11.8524 8
      vertex -43.2255 14.0448 8
    endloop
  endfacet
  facet normal 0 0 1
    outer loop
      vertex -41.3343 11.8524 8
      vertex -43.6893 12.5277 8
      vertex -41.7227 10.4026 8
    endloop
  endfacet
  facet normal -0 0 1
    outer loop
      vertex -44.0999 10.9953 8
      vertex -41.7227 10.4026 8
      vertex -43.6893 12.5277 8
    endloop
  endfacet
  facet normal 0 0 1
    outer loop
      vertex -41.7227 10.4026 8
      vertex -44.0999 10.9953 8
      vertex -42.0603 8.9402 8
    endloop
  endfacet
  facet normal -0 0 1
    outer loop
      vertex -44.4568 9.44958 8
      vertex -42.0603 8.9402 8
      vertex -44.0999 10.9953 8
    endloop
  endfacet
  facet normal 0 0 1
    outer loop
      vertex -42.0603 8.9402 8
      vertex -44.4568 9.44958 8
      vertex -42.3467 7.46687 8
    endloop
  endfacet
  facet normal 0 0 1
    outer loop
      vertex -42.3467 7.46687 8
      vertex -44.7595 7.89231 8
      vertex -42.5815 5.98444 8
    endloop
  endfacet
  facet normal -0 0 1
    outer loop
      vertex -44.7595 7.89231 8
      vertex -42.3467 7.46687 8
      vertex -44.4568 9.44958 8
    endloop
  endfacet
  facet normal -0 0 1
    outer loop
      vertex 42.3467 -7.46687 8
      vertex 44.7595 -7.89231 8
      vertex 42.5815 -5.98444 8
    endloop
  endfacet
  facet normal 0 0 1
    outer loop
      vertex 44.7595 -7.89231 8
      vertex 42.3467 -7.46687 8
      vertex 44.4568 -9.44958 8
    endloop
  endfacet
  facet normal -0 0 1
    outer loop
      vertex 42.0603 -8.9402 8
      vertex 44.4568 -9.44958 8
      vertex 42.3467 -7.46687 8
    endloop
  endfacet
  facet normal 0 0 1
    outer loop
      vertex 44.4568 -9.44958 8
      vertex 42.0603 -8.9402 8
      vertex 44.0999 -10.9953 8
    endloop
  endfacet
  facet normal -0 0 1
    outer loop
      vertex 41.7227 -10.4026 8
      vertex 44.0999 -10.9953 8
      vertex 42.0603 -8.9402 8
    endloop
  endfacet
  facet normal 0 0 1
    outer loop
      vertex 44.0999 -10.9953 8
      vertex 41.7227 -10.4026 8
      vertex 43.6893 -12.5277 8
    endloop
  endfacet
  facet normal -0 0 1
    outer loop
      vertex 41.3343 -11.8524 8
      vertex 43.6893 -12.5277 8
      vertex 41.7227 -10.4026 8
    endloop
  endfacet
  facet normal 0 0 1
    outer loop
      vertex 43.6893 -12.5277 8
      vertex 41.3343 -11.8524 8
      vertex 43.2255 -14.0448 8
    endloop
  endfacet
  facet normal -0 0 1
    outer loop
      vertex 40.8954 -13.2877 8
      vertex 43.2255 -14.0448 8
      vertex 41.3343 -11.8524 8
    endloop
  endfacet
  facet normal 0 0 1
    outer loop
      vertex 43.2255 -14.0448 8
      vertex 40.8954 -13.2877 8
      vertex 42.709 -15.5448 8
    endloop
  endfacet
  facet normal -0 0 1
    outer loop
      vertex 40.4068 -14.7069 8
      vertex 42.709 -15.5448 8
      vertex 40.8954 -13.2877 8
    endloop
  endfacet
  facet normal 0 0 1
    outer loop
      vertex 42.709 -15.5448 8
      vertex 40.4068 -14.7069 8
      vertex 42.1405 -17.0259 8
    endloop
  endfacet
  facet normal -0 0 1
    outer loop
      vertex 39.8689 -16.1081 8
      vertex 42.1405 -17.0259 8
      vertex 40.4068 -14.7069 8
    endloop
  endfacet
  facet normal 0 0 1
    outer loop
      vertex 42.1405 -17.0259 8
      vertex 39.8689 -16.1081 8
      vertex 41.5206 -18.4862 8
    endloop
  endfacet
  facet normal -0 0 1
    outer loop
      vertex 39.2825 -17.4897 8
      vertex 41.5206 -18.4862 8
      vertex 39.8689 -16.1081 8
    endloop
  endfacet
  facet normal 0 0 1
    outer loop
      vertex 41.5206 -18.4862 8
      vertex 39.2825 -17.4897 8
      vertex 40.8502 -19.924 8
    endloop
  endfacet
  facet normal -0 0 1
    outer loop
      vertex 38.6481 -18.85 8
      vertex 40.8502 -19.924 8
      vertex 39.2825 -17.4897 8
    endloop
  endfacet
  facet normal 0 0 1
    outer loop
      vertex 40.8502 -19.924 8
      vertex 38.6481 -18.85 8
      vertex 40.13 -21.3375 8
    endloop
  endfacet
  facet normal -0 0 1
    outer loop
      vertex 37.9667 -20.1873 8
      vertex 40.13 -21.3375 8
      vertex 38.6481 -18.85 8
    endloop
  endfacet
  facet normal 0 0 1
    outer loop
      vertex 40.13 -21.3375 8
      vertex 37.9667 -20.1873 8
      vertex 39.3609 -22.725 8
    endloop
  endfacet
  facet normal -0 0 1
    outer loop
      vertex 37.2391 -21.5 8
      vertex 39.3609 -22.725 8
      vertex 37.9667 -20.1873 8
    endloop
  endfacet
  facet normal 0 0 1
    outer loop
      vertex 39.3609 -22.725 8
      vertex 37.2391 -21.5 8
      vertex 38.5438 -24.0848 8
    endloop
  endfacet
  facet normal -0 0 1
    outer loop
      vertex 36.4661 -22.7865 8
      vertex 38.5438 -24.0848 8
      vertex 37.2391 -21.5 8
    endloop
  endfacet
  facet normal 0 0 1
    outer loop
      vertex 38.5438 -24.0848 8
      vertex 36.4661 -22.7865 8
      vertex 37.6798 -25.4153 8
    endloop
  endfacet
  facet normal -0 0 1
    outer loop
      vertex 35.6486 -24.0453 8
      vertex 37.6798 -25.4153 8
      vertex 36.4661 -22.7865 8
    endloop
  endfacet
  facet normal 0 0 1
    outer loop
      vertex 37.6798 -25.4153 8
      vertex 35.6486 -24.0453 8
      vertex 36.7698 -26.7148 8
    endloop
  endfacet
  facet normal -0 0 1
    outer loop
      vertex 34.7877 -25.2748 8
      vertex 36.7698 -26.7148 8
      vertex 35.6486 -24.0453 8
    endloop
  endfacet
  facet normal 0 0 1
    outer loop
      vertex 36.7698 -26.7148 8
      vertex 34.7877 -25.2748 8
      vertex 35.8151 -27.9818 8
    endloop
  endfacet
  facet normal -0 0 1
    outer loop
      vertex 33.8845 -26.4734 8
      vertex 35.8151 -27.9818 8
      vertex 34.7877 -25.2748 8
    endloop
  endfacet
  facet normal 0 0 1
    outer loop
      vertex 35.8151 -27.9818 8
      vertex 33.8845 -26.4734 8
      vertex 34.8167 -29.2147 8
    endloop
  endfacet
  facet normal -0 0 1
    outer loop
      vertex 32.9399 -27.6399 8
      vertex 34.8167 -29.2147 8
      vertex 33.8845 -26.4734 8
    endloop
  endfacet
  facet normal 0 0 1
    outer loop
      vertex 34.8167 -29.2147 8
      vertex 32.9399 -27.6399 8
      vertex 33.7759 -30.412 8
    endloop
  endfacet
  facet normal -0 0 1
    outer loop
      vertex 31.9552 -28.7726 8
      vertex 33.7759 -30.412 8
      vertex 32.9399 -27.6399 8
    endloop
  endfacet
  facet normal 0 0 1
    outer loop
      vertex 33.7759 -30.412 8
      vertex 31.9552 -28.7726 8
      vertex 32.694 -31.5722 8
    endloop
  endfacet
  facet normal -0 0 1
    outer loop
      vertex 30.9316 -29.8703 8
      vertex 32.694 -31.5722 8
      vertex 31.9552 -28.7726 8
    endloop
  endfacet
  facet normal 0 0 1
    outer loop
      vertex 32.694 -31.5722 8
      vertex 30.9316 -29.8703 8
      vertex 31.5722 -32.694 8
    endloop
  endfacet
  facet normal -0 0 1
    outer loop
      vertex 29.8703 -30.9316 8
      vertex 31.5722 -32.694 8
      vertex 30.9316 -29.8703 8
    endloop
  endfacet
  facet normal 0 0 1
    outer loop
      vertex 31.5722 -32.694 8
      vertex 29.8703 -30.9316 8
      vertex 30.412 -33.7759 8
    endloop
  endfacet
  facet normal -0 0 1
    outer loop
      vertex 28.7726 -31.9552 8
      vertex 30.412 -33.7759 8
      vertex 29.8703 -30.9316 8
    endloop
  endfacet
  facet normal 0 0 1
    outer loop
      vertex 30.412 -33.7759 8
      vertex 28.7726 -31.9552 8
      vertex 29.2147 -34.8167 8
    endloop
  endfacet
  facet normal -0 0 1
    outer loop
      vertex 27.6399 -32.9399 8
      vertex 29.2147 -34.8167 8
      vertex 28.7726 -31.9552 8
    endloop
  endfacet
  facet normal 0 0 1
    outer loop
      vertex 29.2147 -34.8167 8
      vertex 27.6399 -32.9399 8
      vertex 27.9818 -35.8151 8
    endloop
  endfacet
  facet normal -0 0 1
    outer loop
      vertex 26.4734 -33.8845 8
      vertex 27.9818 -35.8151 8
      vertex 27.6399 -32.9399 8
    endloop
  endfacet
  facet normal 0 0 1
    outer loop
      vertex 27.9818 -35.8151 8
      vertex 26.4734 -33.8845 8
      vertex 26.7148 -36.7698 8
    endloop
  endfacet
  facet normal -0 0 1
    outer loop
      vertex 25.2748 -34.7877 8
      vertex 26.7148 -36.7698 8
      vertex 26.4734 -33.8845 8
    endloop
  endfacet
  facet normal 0 0 1
    outer loop
      vertex 26.7148 -36.7698 8
      vertex 25.2748 -34.7877 8
      vertex 25.4153 -37.6798 8
    endloop
  endfacet
  facet normal -0 0 1
    outer loop
      vertex 24.0453 -35.6486 8
      vertex 25.4153 -37.6798 8
      vertex 25.2748 -34.7877 8
    endloop
  endfacet
  facet normal 0 0 1
    outer loop
      vertex 25.4153 -37.6798 8
      vertex 24.0453 -35.6486 8
      vertex 24.0848 -38.5438 8
    endloop
  endfacet
  facet normal -0 0 1
    outer loop
      vertex 22.7865 -36.4661 8
      vertex 24.0848 -38.5438 8
      vertex 24.0453 -35.6486 8
    endloop
  endfacet
  facet normal 0 0 1
    outer loop
      vertex 22.7865 -36.4661 8
      vertex 22.725 -39.3609 8
      vertex 24.0848 -38.5438 8
    endloop
  endfacet
  facet normal -0 0 1
    outer loop
      vertex 21.5 -37.2391 8
      vertex 22.725 -39.3609 8
      vertex 22.7865 -36.4661 8
    endloop
  endfacet
  facet normal 0 0 1
    outer loop
      vertex 21.5 -37.2391 8
      vertex 21.3375 -40.13 8
      vertex 22.725 -39.3609 8
    endloop
  endfacet
  facet normal -0 0 1
    outer loop
      vertex 20.1873 -37.9667 8
      vertex 21.3375 -40.13 8
      vertex 21.5 -37.2391 8
    endloop
  endfacet
  facet normal 0 0 1
    outer loop
      vertex 20.1873 -37.9667 8
      vertex 19.924 -40.8502 8
      vertex 21.3375 -40.13 8
    endloop
  endfacet
  facet normal -0 0 1
    outer loop
      vertex 18.85 -38.6481 8
      vertex 19.924 -40.8502 8
      vertex 20.1873 -37.9667 8
    endloop
  endfacet
  facet normal 0 0 1
    outer loop
      vertex 18.85 -38.6481 8
      vertex 18.4862 -41.5206 8
      vertex 19.924 -40.8502 8
    endloop
  endfacet
  facet normal -0 0 1
    outer loop
      vertex 17.4897 -39.2825 8
      vertex 18.4862 -41.5206 8
      vertex 18.85 -38.6481 8
    endloop
  endfacet
  facet normal 0 0 1
    outer loop
      vertex 17.4897 -39.2825 8
      vertex 17.0259 -42.1405 8
      vertex 18.4862 -41.5206 8
    endloop
  endfacet
  facet normal -0 0 1
    outer loop
      vertex 16.1081 -39.8689 8
      vertex 17.0259 -42.1405 8
      vertex 17.4897 -39.2825 8
    endloop
  endfacet
  facet normal 0 0 1
    outer loop
      vertex 16.1081 -39.8689 8
      vertex 15.5448 -42.709 8
      vertex 17.0259 -42.1405 8
    endloop
  endfacet
  facet normal -0 0 1
    outer loop
      vertex 14.7069 -40.4068 8
      vertex 15.5448 -42.709 8
      vertex 16.1081 -39.8689 8
    endloop
  endfacet
  facet normal 0 0 1
    outer loop
      vertex 14.7069 -40.4068 8
      vertex 14.0448 -43.2255 8
      vertex 15.5448 -42.709 8
    endloop
  endfacet
  facet normal -0 0 1
    outer loop
      vertex 13.2877 -40.8954 8
      vertex 14.0448 -43.2255 8
      vertex 14.7069 -40.4068 8
    endloop
  endfacet
  facet normal 0 0 1
    outer loop
      vertex 13.2877 -40.8954 8
      vertex 12.5277 -43.6893 8
      vertex 14.0448 -43.2255 8
    endloop
  endfacet
  facet normal -0 0 1
    outer loop
      vertex 11.8524 -41.3343 8
      vertex 12.5277 -43.6893 8
      vertex 13.2877 -40.8954 8
    endloop
  endfacet
  facet normal 0 0 1
    outer loop
      vertex 11.8524 -41.3343 8
      vertex 10.9953 -44.0999 8
      vertex 12.5277 -43.6893 8
    endloop
  endfacet
  facet normal -0 0 1
    outer loop
      vertex 10.4026 -41.7227 8
      vertex 10.9953 -44.0999 8
      vertex 11.8524 -41.3343 8
    endloop
  endfacet
  facet normal 0 0 1
    outer loop
      vertex 10.4026 -41.7227 8
      vertex 9.44958 -44.4568 8
      vertex 10.9953 -44.0999 8
    endloop
  endfacet
  facet normal -0 0 1
    outer loop
      vertex 8.9402 -42.0603 8
      vertex 9.44958 -44.4568 8
      vertex 10.4026 -41.7227 8
    endloop
  endfacet
  facet normal 0 0 1
    outer loop
      vertex 8.9402 -42.0603 8
      vertex 7.89231 -44.7595 8
      vertex 9.44958 -44.4568 8
    endloop
  endfacet
  facet normal -0 0 1
    outer loop
      vertex 7.46687 -42.3467 8
      vertex 7.89231 -44.7595 8
      vertex 8.9402 -42.0603 8
    endloop
  endfacet
  facet normal 0 0 1
    outer loop
      vertex 7.46687 -42.3467 8
      vertex 6.32542 -45.0077 8
      vertex 7.89231 -44.7595 8
    endloop
  endfacet
  facet normal -0 0 1
    outer loop
      vertex 5.98444 -42.5815 8
      vertex 6.32542 -45.0077 8
      vertex 7.46687 -42.3467 8
    endloop
  endfacet
  facet normal 0 0 1
    outer loop
      vertex 5.98444 -42.5815 8
      vertex 4.75082 -45.201 8
      vertex 6.32542 -45.0077 8
    endloop
  endfacet
  facet normal -0 0 1
    outer loop
      vertex 4.49472 -42.7644 8
      vertex 4.75082 -45.201 8
      vertex 5.98444 -42.5815 8
    endloop
  endfacet
  facet normal 0 0 1
    outer loop
      vertex 4.49472 -42.7644 8
      vertex 3.17043 -45.3393 8
      vertex 4.75082 -45.201 8
    endloop
  endfacet
  facet normal -0 0 1
    outer loop
      vertex 2.99953 -42.8953 8
      vertex 3.17043 -45.3393 8
      vertex 4.49472 -42.7644 8
    endloop
  endfacet
  facet normal 0 0 1
    outer loop
      vertex 2.99953 -42.8953 8
      vertex 1.58618 -45.4223 8
      vertex 3.17043 -45.3393 8
    endloop
  endfacet
  facet normal -0 0 1
    outer loop
      vertex 1.50068 -42.9738 8
      vertex 1.58618 -45.4223 8
      vertex 2.99953 -42.8953 8
    endloop
  endfacet
  facet normal -0 0 1
    outer loop
      vertex 0 -43 8
      vertex 1.58618 -45.4223 8
      vertex 1.50068 -42.9738 8
    endloop
  endfacet
  facet normal 0 0 1
    outer loop
      vertex 0 -43 8
      vertex 0 -45.45 8
      vertex 1.58618 -45.4223 8
    endloop
  endfacet
  facet normal 0 0 1
    outer loop
      vertex -1.50068 -42.9738 8
      vertex 0 -45.45 8
      vertex 0 -43 8
    endloop
  endfacet
  facet normal 0 0 1
    outer loop
      vertex -1.50068 -42.9738 8
      vertex -1.58618 -45.4223 8
      vertex 0 -45.45 8
    endloop
  endfacet
  facet normal 0 0 1
    outer loop
      vertex -2.99953 -42.8953 8
      vertex -1.58618 -45.4223 8
      vertex -1.50068 -42.9738 8
    endloop
  endfacet
  facet normal 0 0 1
    outer loop
      vertex -2.99953 -42.8953 8
      vertex -3.17043 -45.3393 8
      vertex -1.58618 -45.4223 8
    endloop
  endfacet
  facet normal 0 0 1
    outer loop
      vertex -4.49472 -42.7644 8
      vertex -3.17043 -45.3393 8
      vertex -2.99953 -42.8953 8
    endloop
  endfacet
  facet normal 0 0 1
    outer loop
      vertex -4.49472 -42.7644 8
      vertex -4.75082 -45.201 8
      vertex -3.17043 -45.3393 8
    endloop
  endfacet
  facet normal 0 0 1
    outer loop
      vertex -5.98444 -42.5815 8
      vertex -4.75082 -45.201 8
      vertex -4.49472 -42.7644 8
    endloop
  endfacet
  facet normal 0 0 1
    outer loop
      vertex -5.98444 -42.5815 8
      vertex -6.32542 -45.0077 8
      vertex -4.75082 -45.201 8
    endloop
  endfacet
  facet normal 0 0 1
    outer loop
      vertex -7.46687 -42.3467 8
      vertex -6.32542 -45.0077 8
      vertex -5.98444 -42.5815 8
    endloop
  endfacet
  facet normal 0 0 1
    outer loop
      vertex -7.46687 -42.3467 8
      vertex -7.89231 -44.7595 8
      vertex -6.32542 -45.0077 8
    endloop
  endfacet
  facet normal 0 0 1
    outer loop
      vertex -8.9402 -42.0603 8
      vertex -7.89231 -44.7595 8
      vertex -7.46687 -42.3467 8
    endloop
  endfacet
  facet normal 0 0 1
    outer loop
      vertex -8.9402 -42.0603 8
      vertex -9.44958 -44.4568 8
      vertex -7.89231 -44.7595 8
    endloop
  endfacet
  facet normal 0 0 1
    outer loop
      vertex -10.4026 -41.7227 8
      vertex -9.44958 -44.4568 8
      vertex -8.9402 -42.0603 8
    endloop
  endfacet
  facet normal 0 0 1
    outer loop
      vertex -10.4026 -41.7227 8
      vertex -10.9953 -44.0999 8
      vertex -9.44958 -44.4568 8
    endloop
  endfacet
  facet normal 0 0 1
    outer loop
      vertex -11.8524 -41.3343 8
      vertex -10.9953 -44.0999 8
      vertex -10.4026 -41.7227 8
    endloop
  endfacet
  facet normal 0 0 1
    outer loop
      vertex -11.8524 -41.3343 8
      vertex -12.5277 -43.6893 8
      vertex -10.9953 -44.0999 8
    endloop
  endfacet
  facet normal 0 0 1
    outer loop
      vertex -13.2877 -40.8954 8
      vertex -12.5277 -43.6893 8
      vertex -11.8524 -41.3343 8
    endloop
  endfacet
  facet normal 0 0 1
    outer loop
      vertex -13.2877 -40.8954 8
      vertex -14.0448 -43.2255 8
      vertex -12.5277 -43.6893 8
    endloop
  endfacet
  facet normal 0 0 1
    outer loop
      vertex -14.7069 -40.4068 8
      vertex -14.0448 -43.2255 8
      vertex -13.2877 -40.8954 8
    endloop
  endfacet
  facet normal 0 0 1
    outer loop
      vertex -14.7069 -40.4068 8
      vertex -15.5448 -42.709 8
      vertex -14.0448 -43.2255 8
    endloop
  endfacet
  facet normal 0 0 1
    outer loop
      vertex -16.1081 -39.8689 8
      vertex -15.5448 -42.709 8
      vertex -14.7069 -40.4068 8
    endloop
  endfacet
  facet normal 0 0 1
    outer loop
      vertex -16.1081 -39.8689 8
      vertex -17.0259 -42.1405 8
      vertex -15.5448 -42.709 8
    endloop
  endfacet
  facet normal 0 0 1
    outer loop
      vertex -17.4897 -39.2825 8
      vertex -17.0259 -42.1405 8
      vertex -16.1081 -39.8689 8
    endloop
  endfacet
  facet normal 0 0 1
    outer loop
      vertex -17.4897 -39.2825 8
      vertex -18.4862 -41.5206 8
      vertex -17.0259 -42.1405 8
    endloop
  endfacet
  facet normal 0 0 1
    outer loop
      vertex -18.85 -38.6481 8
      vertex -18.4862 -41.5206 8
      vertex -17.4897 -39.2825 8
    endloop
  endfacet
  facet normal 0 0 1
    outer loop
      vertex -18.85 -38.6481 8
      vertex -19.924 -40.8502 8
      vertex -18.4862 -41.5206 8
    endloop
  endfacet
  facet normal 0 0 1
    outer loop
      vertex -20.1873 -37.9667 8
      vertex -19.924 -40.8502 8
      vertex -18.85 -38.6481 8
    endloop
  endfacet
  facet normal 0 0 1
    outer loop
      vertex -20.1873 -37.9667 8
      vertex -21.3375 -40.13 8
      vertex -19.924 -40.8502 8
    endloop
  endfacet
  facet normal 0 0 1
    outer loop
      vertex -21.5 -37.2391 8
      vertex -21.3375 -40.13 8
      vertex -20.1873 -37.9667 8
    endloop
  endfacet
  facet normal 0 0 1
    outer loop
      vertex -21.5 -37.2391 8
      vertex -22.725 -39.3609 8
      vertex -21.3375 -40.13 8
    endloop
  endfacet
  facet normal 0 0 1
    outer loop
      vertex -22.7865 -36.4661 8
      vertex -22.725 -39.3609 8
      vertex -21.5 -37.2391 8
    endloop
  endfacet
  facet normal 0 0 1
    outer loop
      vertex -24.0848 -38.5438 8
      vertex -22.7865 -36.4661 8
      vertex -24.0453 -35.6486 8
    endloop
  endfacet
  facet normal 0 0 1
    outer loop
      vertex -22.7865 -36.4661 8
      vertex -24.0848 -38.5438 8
      vertex -22.725 -39.3609 8
    endloop
  endfacet
  facet normal 0 0 1
    outer loop
      vertex -25.4153 -37.6798 8
      vertex -24.0453 -35.6486 8
      vertex -25.2748 -34.7877 8
    endloop
  endfacet
  facet normal 0 0 1
    outer loop
      vertex -24.0453 -35.6486 8
      vertex -25.4153 -37.6798 8
      vertex -24.0848 -38.5438 8
    endloop
  endfacet
  facet normal 0 0 1
    outer loop
      vertex -26.7148 -36.7698 8
      vertex -25.2748 -34.7877 8
      vertex -26.4734 -33.8845 8
    endloop
  endfacet
  facet normal 0 0 1
    outer loop
      vertex -25.2748 -34.7877 8
      vertex -26.7148 -36.7698 8
      vertex -25.4153 -37.6798 8
    endloop
  endfacet
  facet normal 0 0 1
    outer loop
      vertex -27.9818 -35.8151 8
      vertex -26.4734 -33.8845 8
      vertex -27.6399 -32.9399 8
    endloop
  endfacet
  facet normal 0 0 1
    outer loop
      vertex -26.4734 -33.8845 8
      vertex -27.9818 -35.8151 8
      vertex -26.7148 -36.7698 8
    endloop
  endfacet
  facet normal 0 0 1
    outer loop
      vertex -29.2147 -34.8167 8
      vertex -27.6399 -32.9399 8
      vertex -28.7726 -31.9552 8
    endloop
  endfacet
  facet normal 0 0 1
    outer loop
      vertex -27.6399 -32.9399 8
      vertex -29.2147 -34.8167 8
      vertex -27.9818 -35.8151 8
    endloop
  endfacet
  facet normal 0 0 1
    outer loop
      vertex -30.412 -33.7759 8
      vertex -28.7726 -31.9552 8
      vertex -29.8703 -30.9316 8
    endloop
  endfacet
  facet normal 0 0 1
    outer loop
      vertex -28.7726 -31.9552 8
      vertex -30.412 -33.7759 8
      vertex -29.2147 -34.8167 8
    endloop
  endfacet
  facet normal 0 0 1
    outer loop
      vertex -31.5722 -32.694 8
      vertex -29.8703 -30.9316 8
      vertex -30.9316 -29.8703 8
    endloop
  endfacet
  facet normal 0 0 1
    outer loop
      vertex -29.8703 -30.9316 8
      vertex -31.5722 -32.694 8
      vertex -30.412 -33.7759 8
    endloop
  endfacet
  facet normal 0 0 1
    outer loop
      vertex -32.694 -31.5722 8
      vertex -30.9316 -29.8703 8
      vertex -31.9552 -28.7726 8
    endloop
  endfacet
  facet normal 0 0 1
    outer loop
      vertex -30.9316 -29.8703 8
      vertex -32.694 -31.5722 8
      vertex -31.5722 -32.694 8
    endloop
  endfacet
  facet normal 0 0 1
    outer loop
      vertex -33.7759 -30.412 8
      vertex -31.9552 -28.7726 8
      vertex -32.9399 -27.6399 8
    endloop
  endfacet
  facet normal 0 0 1
    outer loop
      vertex -31.9552 -28.7726 8
      vertex -33.7759 -30.412 8
      vertex -32.694 -31.5722 8
    endloop
  endfacet
  facet normal 0 0 1
    outer loop
      vertex -34.8167 -29.2147 8
      vertex -32.9399 -27.6399 8
      vertex -33.8845 -26.4734 8
    endloop
  endfacet
  facet normal 0 0 1
    outer loop
      vertex -35.8151 -27.9818 8
      vertex -33.8845 -26.4734 8
      vertex -34.7877 -25.2748 8
    endloop
  endfacet
  facet normal 0 0 1
    outer loop
      vertex -32.9399 -27.6399 8
      vertex -34.8167 -29.2147 8
      vertex -33.7759 -30.412 8
    endloop
  endfacet
  facet normal 0 0 1
    outer loop
      vertex -36.7698 -26.7148 8
      vertex -34.7877 -25.2748 8
      vertex -35.6486 -24.0453 8
    endloop
  endfacet
  facet normal 0 0 1
    outer loop
      vertex -33.8845 -26.4734 8
      vertex -35.8151 -27.9818 8
      vertex -34.8167 -29.2147 8
    endloop
  endfacet
  facet normal 0 0 1
    outer loop
      vertex -37.6798 -25.4153 8
      vertex -35.6486 -24.0453 8
      vertex -36.4661 -22.7865 8
    endloop
  endfacet
  facet normal 0 0 1
    outer loop
      vertex -34.7877 -25.2748 8
      vertex -36.7698 -26.7148 8
      vertex -35.8151 -27.9818 8
    endloop
  endfacet
  facet normal 0 0 1
    outer loop
      vertex -38.5438 -24.0848 8
      vertex -36.4661 -22.7865 8
      vertex -37.2391 -21.5 8
    endloop
  endfacet
  facet normal 0 0 1
    outer loop
      vertex -35.6486 -24.0453 8
      vertex -37.6798 -25.4153 8
      vertex -36.7698 -26.7148 8
    endloop
  endfacet
  facet normal 0 0 1
    outer loop
      vertex -39.3609 -22.725 8
      vertex -37.2391 -21.5 8
      vertex -37.9667 -20.1873 8
    endloop
  endfacet
  facet normal 0 0 1
    outer loop
      vertex -36.4661 -22.7865 8
      vertex -38.5438 -24.0848 8
      vertex -37.6798 -25.4153 8
    endloop
  endfacet
  facet normal 0 0 1
    outer loop
      vertex -40.13 -21.3375 8
      vertex -37.9667 -20.1873 8
      vertex -38.6481 -18.85 8
    endloop
  endfacet
  facet normal 0 0 1
    outer loop
      vertex -40.8502 -19.924 8
      vertex -38.6481 -18.85 8
      vertex -39.2825 -17.4897 8
    endloop
  endfacet
  facet normal 0 0 1
    outer loop
      vertex -37.2391 -21.5 8
      vertex -39.3609 -22.725 8
      vertex -38.5438 -24.0848 8
    endloop
  endfacet
  facet normal 0 0 1
    outer loop
      vertex -41.5206 -18.4862 8
      vertex -39.2825 -17.4897 8
      vertex -39.8689 -16.1081 8
    endloop
  endfacet
  facet normal 0 0 1
    outer loop
      vertex -37.9667 -20.1873 8
      vertex -40.13 -21.3375 8
      vertex -39.3609 -22.725 8
    endloop
  endfacet
  facet normal 0 0 1
    outer loop
      vertex -42.1405 -17.0259 8
      vertex -39.8689 -16.1081 8
      vertex -40.4068 -14.7069 8
    endloop
  endfacet
  facet normal 0 0 1
    outer loop
      vertex -38.6481 -18.85 8
      vertex -40.8502 -19.924 8
      vertex -40.13 -21.3375 8
    endloop
  endfacet
  facet normal 0 0 1
    outer loop
      vertex -42.709 -15.5448 8
      vertex -40.4068 -14.7069 8
      vertex -40.8954 -13.2877 8
    endloop
  endfacet
  facet normal 0 0 1
    outer loop
      vertex -43.2255 -14.0448 8
      vertex -40.8954 -13.2877 8
      vertex -41.3343 -11.8524 8
    endloop
  endfacet
  facet normal 0 0 1
    outer loop
      vertex -39.2825 -17.4897 8
      vertex -41.5206 -18.4862 8
      vertex -40.8502 -19.924 8
    endloop
  endfacet
  facet normal 0 0 1
    outer loop
      vertex -43.6893 -12.5277 8
      vertex -41.3343 -11.8524 8
      vertex -41.7227 -10.4026 8
    endloop
  endfacet
  facet normal 0 0 1
    outer loop
      vertex -44.0999 -10.9953 8
      vertex -41.7227 -10.4026 8
      vertex -42.0603 -8.9402 8
    endloop
  endfacet
  facet normal 0 0 1
    outer loop
      vertex -39.8689 -16.1081 8
      vertex -42.1405 -17.0259 8
      vertex -41.5206 -18.4862 8
    endloop
  endfacet
  facet normal 0 0 1
    outer loop
      vertex -44.4568 -9.44958 8
      vertex -42.0603 -8.9402 8
      vertex -42.3467 -7.46687 8
    endloop
  endfacet
  facet normal 0 0 1
    outer loop
      vertex -44.7595 -7.89231 8
      vertex -42.3467 -7.46687 8
      vertex -42.5815 -5.98444 8
    endloop
  endfacet
  facet normal 0 0 1
    outer loop
      vertex -40.4068 -14.7069 8
      vertex -42.709 -15.5448 8
      vertex -42.1405 -17.0259 8
    endloop
  endfacet
  facet normal 0 0 1
    outer loop
      vertex -45.0077 -6.32542 8
      vertex -42.5815 -5.98444 8
      vertex -42.7644 -4.49472 8
    endloop
  endfacet
  facet normal 0 0 1
    outer loop
      vertex -45.201 -4.75082 8
      vertex -42.7644 -4.49472 8
      vertex -42.8953 -2.99953 8
    endloop
  endfacet
  facet normal 0 0 1
    outer loop
      vertex -45.3393 -3.17043 8
      vertex -42.8953 -2.99953 8
      vertex -42.9738 -1.50068 8
    endloop
  endfacet
  facet normal 0 0 1
    outer loop
      vertex -40.8954 -13.2877 8
      vertex -43.2255 -14.0448 8
      vertex -42.709 -15.5448 8
    endloop
  endfacet
  facet normal 0 0 1
    outer loop
      vertex -45.4223 -1.58618 8
      vertex -42.9738 -1.50068 8
      vertex -43 0 8
    endloop
  endfacet
  facet normal -0 0 1
    outer loop
      vertex -45.0077 6.32542 8
      vertex -42.5815 5.98444 8
      vertex -44.7595 7.89231 8
    endloop
  endfacet
  facet normal 0 0 1
    outer loop
      vertex -42.5815 5.98444 8
      vertex -45.0077 6.32542 8
      vertex -42.7644 4.49472 8
    endloop
  endfacet
  facet normal 0 0 1
    outer loop
      vertex -41.3343 -11.8524 8
      vertex -43.6893 -12.5277 8
      vertex -43.2255 -14.0448 8
    endloop
  endfacet
  facet normal -0 0 1
    outer loop
      vertex -45.201 4.75082 8
      vertex -42.7644 4.49472 8
      vertex -45.0077 6.32542 8
    endloop
  endfacet
  facet normal 0 0 1
    outer loop
      vertex -41.7227 -10.4026 8
      vertex -44.0999 -10.9953 8
      vertex -43.6893 -12.5277 8
    endloop
  endfacet
  facet normal 0 0 1
    outer loop
      vertex -42.7644 4.49472 8
      vertex -45.201 4.75082 8
      vertex -42.8953 2.99953 8
    endloop
  endfacet
  facet normal 0 0 1
    outer loop
      vertex -42.0603 -8.9402 8
      vertex -44.4568 -9.44958 8
      vertex -44.0999 -10.9953 8
    endloop
  endfacet
  facet normal -0 0 1
    outer loop
      vertex -45.3393 3.17043 8
      vertex -42.8953 2.99953 8
      vertex -45.201 4.75082 8
    endloop
  endfacet
  facet normal 0 0 1
    outer loop
      vertex -42.3467 -7.46687 8
      vertex -44.7595 -7.89231 8
      vertex -44.4568 -9.44958 8
    endloop
  endfacet
  facet normal 0 0 1
    outer loop
      vertex -42.8953 2.99953 8
      vertex -45.3393 3.17043 8
      vertex -42.9738 1.50068 8
    endloop
  endfacet
  facet normal 0 0 1
    outer loop
      vertex -42.5815 -5.98444 8
      vertex -45.0077 -6.32542 8
      vertex -44.7595 -7.89231 8
    endloop
  endfacet
  facet normal -0 0 1
    outer loop
      vertex -45.4223 1.58618 8
      vertex -42.9738 1.50068 8
      vertex -45.3393 3.17043 8
    endloop
  endfacet
  facet normal 0 0 1
    outer loop
      vertex -42.7644 -4.49472 8
      vertex -45.201 -4.75082 8
      vertex -45.0077 -6.32542 8
    endloop
  endfacet
  facet normal 0 0 1
    outer loop
      vertex -42.9738 1.50068 8
      vertex -45.4223 1.58618 8
      vertex -43 0 8
    endloop
  endfacet
  facet normal 0 0 1
    outer loop
      vertex -42.8953 -2.99953 8
      vertex -45.3393 -3.17043 8
      vertex -45.201 -4.75082 8
    endloop
  endfacet
  facet normal 0 0 1
    outer loop
      vertex -45.45 0 8
      vertex -43 0 8
      vertex -45.4223 1.58618 8
    endloop
  endfacet
  facet normal 0 0 1
    outer loop
      vertex -42.9738 -1.50068 8
      vertex -45.4223 -1.58618 8
      vertex -45.3393 -3.17043 8
    endloop
  endfacet
  facet normal 0 0 1
    outer loop
      vertex -43 0 8
      vertex -45.45 0 8
      vertex -45.4223 -1.58618 8
    endloop
  endfacet
  facet normal 0.999848 0.0174561 0
    outer loop
      vertex -42.9738 -1.50068 8
      vertex -43 0 0
      vertex -43 0 8
    endloop
  endfacet
  facet normal 0.999848 0.0174561 0
    outer loop
      vertex -43 0 0
      vertex -42.9738 -1.50068 8
      vertex -42.9738 -1.50068 0
    endloop
  endfacet
  facet normal 0 0 -1
    outer loop
      vertex 43 0 0
      vertex 47.85 0 0
      vertex 47.8208 -1.66994 0
    endloop
  endfacet
  facet normal 0 0 -1
    outer loop
      vertex 42.9738 -1.50068 0
      vertex 47.8208 -1.66994 0
      vertex 47.7334 -3.33785 0
    endloop
  endfacet
  facet normal 0 0 -1
    outer loop
      vertex 47.85 0 0
      vertex 43 0 0
      vertex 47.8208 1.66994 0
    endloop
  endfacet
  facet normal 0 0 -1
    outer loop
      vertex 42.8953 -2.99953 0
      vertex 47.7334 -3.33785 0
      vertex 47.5879 -5.00169 0
    endloop
  endfacet
  facet normal 0 0 -1
    outer loop
      vertex 42.9738 1.50068 0
      vertex 47.8208 1.66994 0
      vertex 43 0 0
    endloop
  endfacet
  facet normal 0 0 -1
    outer loop
      vertex 42.7644 -4.49472 0
      vertex 47.5879 -5.00169 0
      vertex 47.3843 -6.65943 0
    endloop
  endfacet
  facet normal -0 0 -1
    outer loop
      vertex 47.8208 1.66994 0
      vertex 42.9738 1.50068 0
      vertex 47.7334 3.33785 0
    endloop
  endfacet
  facet normal 0 0 -1
    outer loop
      vertex 42.5815 -5.98444 0
      vertex 47.3843 -6.65943 0
      vertex 47.123 -8.30906 0
    endloop
  endfacet
  facet normal 0 0 -1
    outer loop
      vertex 42.8953 2.99953 0
      vertex 47.7334 3.33785 0
      vertex 42.9738 1.50068 0
    endloop
  endfacet
  facet normal 0 0 -1
    outer loop
      vertex 42.3467 -7.46687 0
      vertex 47.123 -8.30906 0
      vertex 46.8044 -9.94857 0
    endloop
  endfacet
  facet normal -0 0 -1
    outer loop
      vertex 47.7334 3.33785 0
      vertex 42.8953 2.99953 0
      vertex 47.5879 5.00169 0
    endloop
  endfacet
  facet normal 0 0 -1
    outer loop
      vertex 42.0603 -8.9402 0
      vertex 46.8044 -9.94857 0
      vertex 46.4286 -11.576 0
    endloop
  endfacet
  facet normal 0 0 -1
    outer loop
      vertex 42.7644 4.49472 0
      vertex 47.5879 5.00169 0
      vertex 42.8953 2.99953 0
    endloop
  endfacet
  facet normal 0 0 -1
    outer loop
      vertex 41.7227 -10.4026 0
      vertex 46.4286 -11.576 0
      vertex 45.9964 -13.1892 0
    endloop
  endfacet
  facet normal -0 0 -1
    outer loop
      vertex 47.5879 5.00169 0
      vertex 42.7644 4.49472 0
      vertex 47.3843 6.65943 0
    endloop
  endfacet
  facet normal 0 0 -1
    outer loop
      vertex 41.3343 -11.8524 0
      vertex 45.9964 -13.1892 0
      vertex 45.508 -14.7865 0
    endloop
  endfacet
  facet normal 0 0 -1
    outer loop
      vertex 42.5815 5.98444 0
      vertex 47.3843 6.65943 0
      vertex 42.7644 4.49472 0
    endloop
  endfacet
  facet normal 0 0 -1
    outer loop
      vertex 40.8954 -13.2877 0
      vertex 45.508 -14.7865 0
      vertex 44.9643 -16.3657 0
    endloop
  endfacet
  facet normal -0 0 -1
    outer loop
      vertex 47.3843 6.65943 0
      vertex 42.5815 5.98444 0
      vertex 47.123 8.30906 0
    endloop
  endfacet
  facet normal 0 0 -1
    outer loop
      vertex 40.4068 -14.7069 0
      vertex 44.9643 -16.3657 0
      vertex 44.3657 -17.9249 0
    endloop
  endfacet
  facet normal 0 0 -1
    outer loop
      vertex 42.3467 7.46687 0
      vertex 47.123 8.30906 0
      vertex 42.5815 5.98444 0
    endloop
  endfacet
  facet normal 0 0 -1
    outer loop
      vertex 39.8689 -16.1081 0
      vertex 44.3657 -17.9249 0
      vertex 43.7131 -19.4623 0
    endloop
  endfacet
  facet normal -0 0 -1
    outer loop
      vertex 47.123 8.30906 0
      vertex 42.3467 7.46687 0
      vertex 46.8044 9.94857 0
    endloop
  endfacet
  facet normal 0 0 -1
    outer loop
      vertex 39.2825 -17.4897 0
      vertex 43.7131 -19.4623 0
      vertex 43.0073 -20.9761 0
    endloop
  endfacet
  facet normal 0 0 -1
    outer loop
      vertex 42.0603 8.9402 0
      vertex 46.8044 9.94857 0
      vertex 42.3467 7.46687 0
    endloop
  endfacet
  facet normal -0 0 -1
    outer loop
      vertex 46.8044 9.94857 0
      vertex 42.0603 8.9402 0
      vertex 46.4286 11.576 0
    endloop
  endfacet
  facet normal 0 0 -1
    outer loop
      vertex 47.8208 -1.66994 0
      vertex 42.9738 -1.50068 0
      vertex 43 0 0
    endloop
  endfacet
  facet normal 0 0 -1
    outer loop
      vertex 47.7334 -3.33785 0
      vertex 42.8953 -2.99953 0
      vertex 42.9738 -1.50068 0
    endloop
  endfacet
  facet normal 0 0 -1
    outer loop
      vertex 47.5879 -5.00169 0
      vertex 42.7644 -4.49472 0
      vertex 42.8953 -2.99953 0
    endloop
  endfacet
  facet normal 0 0 -1
    outer loop
      vertex 47.3843 -6.65943 0
      vertex 42.5815 -5.98444 0
      vertex 42.7644 -4.49472 0
    endloop
  endfacet
  facet normal 0 0 -1
    outer loop
      vertex 47.123 -8.30906 0
      vertex 42.3467 -7.46687 0
      vertex 42.5815 -5.98444 0
    endloop
  endfacet
  facet normal 0 0 -1
    outer loop
      vertex 38.6481 -18.85 0
      vertex 43.0073 -20.9761 0
      vertex 42.249 -22.4642 0
    endloop
  endfacet
  facet normal 0 0 -1
    outer loop
      vertex 46.8044 -9.94857 0
      vertex 42.0603 -8.9402 0
      vertex 42.3467 -7.46687 0
    endloop
  endfacet
  facet normal 0 0 -1
    outer loop
      vertex 46.4286 -11.576 0
      vertex 41.7227 -10.4026 0
      vertex 42.0603 -8.9402 0
    endloop
  endfacet
  facet normal 0 0 -1
    outer loop
      vertex 37.9667 -20.1873 0
      vertex 42.249 -22.4642 0
      vertex 41.4393 -23.925 0
    endloop
  endfacet
  facet normal 0 0 -1
    outer loop
      vertex 45.9964 -13.1892 0
      vertex 41.3343 -11.8524 0
      vertex 41.7227 -10.4026 0
    endloop
  endfacet
  facet normal 0 0 -1
    outer loop
      vertex 45.508 -14.7865 0
      vertex 40.8954 -13.2877 0
      vertex 41.3343 -11.8524 0
    endloop
  endfacet
  facet normal 0 0 -1
    outer loop
      vertex 37.2391 -21.5 0
      vertex 41.4393 -23.925 0
      vertex 40.5791 -25.3566 0
    endloop
  endfacet
  facet normal 0 0 -1
    outer loop
      vertex 44.9643 -16.3657 0
      vertex 40.4068 -14.7069 0
      vertex 40.8954 -13.2877 0
    endloop
  endfacet
  facet normal 0 0 -1
    outer loop
      vertex 44.3657 -17.9249 0
      vertex 39.8689 -16.1081 0
      vertex 40.4068 -14.7069 0
    endloop
  endfacet
  facet normal 0 0 -1
    outer loop
      vertex 36.4661 -22.7865 0
      vertex 40.5791 -25.3566 0
      vertex 39.6694 -26.7574 0
    endloop
  endfacet
  facet normal 0 0 -1
    outer loop
      vertex 43.7131 -19.4623 0
      vertex 39.2825 -17.4897 0
      vertex 39.8689 -16.1081 0
    endloop
  endfacet
  facet normal 0 0 -1
    outer loop
      vertex 35.6486 -24.0453 0
      vertex 39.6694 -26.7574 0
      vertex 38.7115 -28.1255 0
    endloop
  endfacet
  facet normal 0 0 -1
    outer loop
      vertex 43.0073 -20.9761 0
      vertex 38.6481 -18.85 0
      vertex 39.2825 -17.4897 0
    endloop
  endfacet
  facet normal 0 0 -1
    outer loop
      vertex 42.249 -22.4642 0
      vertex 37.9667 -20.1873 0
      vertex 38.6481 -18.85 0
    endloop
  endfacet
  facet normal 0 0 -1
    outer loop
      vertex 34.7877 -25.2748 0
      vertex 38.7115 -28.1255 0
      vertex 37.7063 -29.4594 0
    endloop
  endfacet
  facet normal 0 0 -1
    outer loop
      vertex 41.4393 -23.925 0
      vertex 37.2391 -21.5 0
      vertex 37.9667 -20.1873 0
    endloop
  endfacet
  facet normal 0 0 -1
    outer loop
      vertex 33.8845 -26.4734 0
      vertex 37.7063 -29.4594 0
      vertex 36.6552 -30.7574 0
    endloop
  endfacet
  facet normal 0 0 -1
    outer loop
      vertex 40.5791 -25.3566 0
      vertex 36.4661 -22.7865 0
      vertex 37.2391 -21.5 0
    endloop
  endfacet
  facet normal 0 0 -1
    outer loop
      vertex 39.6694 -26.7574 0
      vertex 35.6486 -24.0453 0
      vertex 36.4661 -22.7865 0
    endloop
  endfacet
  facet normal 0 0 -1
    outer loop
      vertex 32.9399 -27.6399 0
      vertex 36.6552 -30.7574 0
      vertex 35.5595 -32.0179 0
    endloop
  endfacet
  facet normal 0 0 -1
    outer loop
      vertex 38.7115 -28.1255 0
      vertex 34.7877 -25.2748 0
      vertex 35.6486 -24.0453 0
    endloop
  endfacet
  facet normal 0 0 -1
    outer loop
      vertex 31.9552 -28.7726 0
      vertex 35.5595 -32.0179 0
      vertex 34.4204 -33.2394 0
    endloop
  endfacet
  facet normal 0 0 -1
    outer loop
      vertex 37.7063 -29.4594 0
      vertex 33.8845 -26.4734 0
      vertex 34.7877 -25.2748 0
    endloop
  endfacet
  facet normal 0 0 -1
    outer loop
      vertex 30.9316 -29.8703 0
      vertex 34.4204 -33.2394 0
      vertex 33.2394 -34.4204 0
    endloop
  endfacet
  facet normal 0 0 -1
    outer loop
      vertex 36.6552 -30.7574 0
      vertex 32.9399 -27.6399 0
      vertex 33.8845 -26.4734 0
    endloop
  endfacet
  facet normal 0 0 -1
    outer loop
      vertex 29.8703 -30.9316 0
      vertex 33.2394 -34.4204 0
      vertex 32.0179 -35.5595 0
    endloop
  endfacet
  facet normal 0 0 -1
    outer loop
      vertex 35.5595 -32.0179 0
      vertex 31.9552 -28.7726 0
      vertex 32.9399 -27.6399 0
    endloop
  endfacet
  facet normal 0 0 -1
    outer loop
      vertex 34.4204 -33.2394 0
      vertex 30.9316 -29.8703 0
      vertex 31.9552 -28.7726 0
    endloop
  endfacet
  facet normal 0 0 -1
    outer loop
      vertex 28.7726 -31.9552 0
      vertex 32.0179 -35.5595 0
      vertex 30.7574 -36.6552 0
    endloop
  endfacet
  facet normal 0 0 -1
    outer loop
      vertex 33.2394 -34.4204 0
      vertex 29.8703 -30.9316 0
      vertex 30.9316 -29.8703 0
    endloop
  endfacet
  facet normal 0 0 -1
    outer loop
      vertex 27.6399 -32.9399 0
      vertex 30.7574 -36.6552 0
      vertex 29.4594 -37.7063 0
    endloop
  endfacet
  facet normal 0 0 -1
    outer loop
      vertex 32.0179 -35.5595 0
      vertex 28.7726 -31.9552 0
      vertex 29.8703 -30.9316 0
    endloop
  endfacet
  facet normal 0 0 -1
    outer loop
      vertex 26.4734 -33.8845 0
      vertex 29.4594 -37.7063 0
      vertex 28.1255 -38.7115 0
    endloop
  endfacet
  facet normal 0 0 -1
    outer loop
      vertex 30.7574 -36.6552 0
      vertex 27.6399 -32.9399 0
      vertex 28.7726 -31.9552 0
    endloop
  endfacet
  facet normal 0 0 -1
    outer loop
      vertex 25.2748 -34.7877 0
      vertex 28.1255 -38.7115 0
      vertex 26.7574 -39.6694 0
    endloop
  endfacet
  facet normal 0 0 -1
    outer loop
      vertex 29.4594 -37.7063 0
      vertex 26.4734 -33.8845 0
      vertex 27.6399 -32.9399 0
    endloop
  endfacet
  facet normal 0 0 -1
    outer loop
      vertex 24.0453 -35.6486 0
      vertex 26.7574 -39.6694 0
      vertex 25.3566 -40.5791 0
    endloop
  endfacet
  facet normal 0 0 -1
    outer loop
      vertex 28.1255 -38.7115 0
      vertex 25.2748 -34.7877 0
      vertex 26.4734 -33.8845 0
    endloop
  endfacet
  facet normal 0 0 -1
    outer loop
      vertex 26.7574 -39.6694 0
      vertex 24.0453 -35.6486 0
      vertex 25.2748 -34.7877 0
    endloop
  endfacet
  facet normal 0 0 -1
    outer loop
      vertex 22.7865 -36.4661 0
      vertex 25.3566 -40.5791 0
      vertex 23.925 -41.4393 0
    endloop
  endfacet
  facet normal 0 0 -1
    outer loop
      vertex 25.3566 -40.5791 0
      vertex 22.7865 -36.4661 0
      vertex 24.0453 -35.6486 0
    endloop
  endfacet
  facet normal 0 0 -1
    outer loop
      vertex 21.5 -37.2391 0
      vertex 23.925 -41.4393 0
      vertex 22.4642 -42.249 0
    endloop
  endfacet
  facet normal 0 0 -1
    outer loop
      vertex 23.925 -41.4393 0
      vertex 21.5 -37.2391 0
      vertex 22.7865 -36.4661 0
    endloop
  endfacet
  facet normal 0 0 -1
    outer loop
      vertex 20.1873 -37.9667 0
      vertex 22.4642 -42.249 0
      vertex 20.9761 -43.0073 0
    endloop
  endfacet
  facet normal 0 0 -1
    outer loop
      vertex 22.4642 -42.249 0
      vertex 20.1873 -37.9667 0
      vertex 21.5 -37.2391 0
    endloop
  endfacet
  facet normal 0 0 -1
    outer loop
      vertex 18.85 -38.6481 0
      vertex 20.9761 -43.0073 0
      vertex 19.4623 -43.7131 0
    endloop
  endfacet
  facet normal 0 0 -1
    outer loop
      vertex 20.9761 -43.0073 0
      vertex 18.85 -38.6481 0
      vertex 20.1873 -37.9667 0
    endloop
  endfacet
  facet normal 0 0 -1
    outer loop
      vertex 17.4897 -39.2825 0
      vertex 19.4623 -43.7131 0
      vertex 17.9249 -44.3657 0
    endloop
  endfacet
  facet normal 0 0 -1
    outer loop
      vertex 19.4623 -43.7131 0
      vertex 17.4897 -39.2825 0
      vertex 18.85 -38.6481 0
    endloop
  endfacet
  facet normal 0 0 -1
    outer loop
      vertex 16.1081 -39.8689 0
      vertex 17.9249 -44.3657 0
      vertex 16.3657 -44.9643 0
    endloop
  endfacet
  facet normal 0 0 -1
    outer loop
      vertex 17.9249 -44.3657 0
      vertex 16.1081 -39.8689 0
      vertex 17.4897 -39.2825 0
    endloop
  endfacet
  facet normal 0 0 -1
    outer loop
      vertex 14.7069 -40.4068 0
      vertex 16.3657 -44.9643 0
      vertex 14.7865 -45.508 0
    endloop
  endfacet
  facet normal 0 0 -1
    outer loop
      vertex 16.3657 -44.9643 0
      vertex 14.7069 -40.4068 0
      vertex 16.1081 -39.8689 0
    endloop
  endfacet
  facet normal 0 0 -1
    outer loop
      vertex 14.7865 -45.508 0
      vertex 13.2877 -40.8954 0
      vertex 14.7069 -40.4068 0
    endloop
  endfacet
  facet normal 0 0 -1
    outer loop
      vertex 13.1892 -45.9964 0
      vertex 13.2877 -40.8954 0
      vertex 14.7865 -45.508 0
    endloop
  endfacet
  facet normal 0 0 -1
    outer loop
      vertex 13.1892 -45.9964 0
      vertex 11.8524 -41.3343 0
      vertex 13.2877 -40.8954 0
    endloop
  endfacet
  facet normal 0 0 -1
    outer loop
      vertex 11.576 -46.4286 0
      vertex 11.8524 -41.3343 0
      vertex 13.1892 -45.9964 0
    endloop
  endfacet
  facet normal 0 0 -1
    outer loop
      vertex 11.576 -46.4286 0
      vertex 10.4026 -41.7227 0
      vertex 11.8524 -41.3343 0
    endloop
  endfacet
  facet normal 0 0 -1
    outer loop
      vertex 9.94857 -46.8044 0
      vertex 10.4026 -41.7227 0
      vertex 11.576 -46.4286 0
    endloop
  endfacet
  facet normal 0 0 -1
    outer loop
      vertex 9.94857 -46.8044 0
      vertex 8.9402 -42.0603 0
      vertex 10.4026 -41.7227 0
    endloop
  endfacet
  facet normal 0 0 -1
    outer loop
      vertex 8.30906 -47.123 0
      vertex 8.9402 -42.0603 0
      vertex 9.94857 -46.8044 0
    endloop
  endfacet
  facet normal 0 0 -1
    outer loop
      vertex 8.30906 -47.123 0
      vertex 7.46687 -42.3467 0
      vertex 8.9402 -42.0603 0
    endloop
  endfacet
  facet normal 0 0 -1
    outer loop
      vertex 6.65943 -47.3843 0
      vertex 7.46687 -42.3467 0
      vertex 8.30906 -47.123 0
    endloop
  endfacet
  facet normal 0 0 -1
    outer loop
      vertex 6.65943 -47.3843 0
      vertex 5.98444 -42.5815 0
      vertex 7.46687 -42.3467 0
    endloop
  endfacet
  facet normal 0 0 -1
    outer loop
      vertex 5.00169 -47.5879 0
      vertex 5.98444 -42.5815 0
      vertex 6.65943 -47.3843 0
    endloop
  endfacet
  facet normal 0 0 -1
    outer loop
      vertex 5.00169 -47.5879 0
      vertex 4.49472 -42.7644 0
      vertex 5.98444 -42.5815 0
    endloop
  endfacet
  facet normal 0 0 -1
    outer loop
      vertex 3.33785 -47.7334 0
      vertex 4.49472 -42.7644 0
      vertex 5.00169 -47.5879 0
    endloop
  endfacet
  facet normal 0 0 -1
    outer loop
      vertex 3.33785 -47.7334 0
      vertex 2.99953 -42.8953 0
      vertex 4.49472 -42.7644 0
    endloop
  endfacet
  facet normal 0 0 -1
    outer loop
      vertex 1.66994 -47.8208 0
      vertex 2.99953 -42.8953 0
      vertex 3.33785 -47.7334 0
    endloop
  endfacet
  facet normal 0 0 -1
    outer loop
      vertex 1.66994 -47.8208 0
      vertex 1.50068 -42.9738 0
      vertex 2.99953 -42.8953 0
    endloop
  endfacet
  facet normal 0 0 -1
    outer loop
      vertex 0 -47.85 0
      vertex 1.50068 -42.9738 0
      vertex 1.66994 -47.8208 0
    endloop
  endfacet
  facet normal 0 0 -1
    outer loop
      vertex 0 -47.85 0
      vertex 0 -43 0
      vertex 1.50068 -42.9738 0
    endloop
  endfacet
  facet normal 0 0 -1
    outer loop
      vertex 0 -47.85 0
      vertex -1.50068 -42.9738 0
      vertex 0 -43 0
    endloop
  endfacet
  facet normal 0 0 -1
    outer loop
      vertex -1.66994 -47.8208 0
      vertex -1.50068 -42.9738 0
      vertex 0 -47.85 0
    endloop
  endfacet
  facet normal 0 0 -1
    outer loop
      vertex -1.66994 -47.8208 0
      vertex -2.99953 -42.8953 0
      vertex -1.50068 -42.9738 0
    endloop
  endfacet
  facet normal 0 0 -1
    outer loop
      vertex -3.33785 -47.7334 0
      vertex -2.99953 -42.8953 0
      vertex -1.66994 -47.8208 0
    endloop
  endfacet
  facet normal 0 0 -1
    outer loop
      vertex -3.33785 -47.7334 0
      vertex -4.49472 -42.7644 0
      vertex -2.99953 -42.8953 0
    endloop
  endfacet
  facet normal 0 0 -1
    outer loop
      vertex -5.00169 -47.5879 0
      vertex -4.49472 -42.7644 0
      vertex -3.33785 -47.7334 0
    endloop
  endfacet
  facet normal 0 0 -1
    outer loop
      vertex -5.00169 -47.5879 0
      vertex -5.98444 -42.5815 0
      vertex -4.49472 -42.7644 0
    endloop
  endfacet
  facet normal 0 0 -1
    outer loop
      vertex -6.65943 -47.3843 0
      vertex -5.98444 -42.5815 0
      vertex -5.00169 -47.5879 0
    endloop
  endfacet
  facet normal 0 0 -1
    outer loop
      vertex -6.65943 -47.3843 0
      vertex -7.46687 -42.3467 0
      vertex -5.98444 -42.5815 0
    endloop
  endfacet
  facet normal 0 0 -1
    outer loop
      vertex -8.30906 -47.123 0
      vertex -7.46687 -42.3467 0
      vertex -6.65943 -47.3843 0
    endloop
  endfacet
  facet normal 0 0 -1
    outer loop
      vertex -8.30906 -47.123 0
      vertex -8.9402 -42.0603 0
      vertex -7.46687 -42.3467 0
    endloop
  endfacet
  facet normal 0 0 -1
    outer loop
      vertex -9.94857 -46.8044 0
      vertex -8.9402 -42.0603 0
      vertex -8.30906 -47.123 0
    endloop
  endfacet
  facet normal 0 0 -1
    outer loop
      vertex -9.94857 -46.8044 0
      vertex -10.4026 -41.7227 0
      vertex -8.9402 -42.0603 0
    endloop
  endfacet
  facet normal 0 0 -1
    outer loop
      vertex -11.576 -46.4286 0
      vertex -10.4026 -41.7227 0
      vertex -9.94857 -46.8044 0
    endloop
  endfacet
  facet normal 0 0 -1
    outer loop
      vertex -11.576 -46.4286 0
      vertex -11.8524 -41.3343 0
      vertex -10.4026 -41.7227 0
    endloop
  endfacet
  facet normal 0 0 -1
    outer loop
      vertex -13.1892 -45.9964 0
      vertex -11.8524 -41.3343 0
      vertex -11.576 -46.4286 0
    endloop
  endfacet
  facet normal 0 0 -1
    outer loop
      vertex -13.1892 -45.9964 0
      vertex -13.2877 -40.8954 0
      vertex -11.8524 -41.3343 0
    endloop
  endfacet
  facet normal 0 0 -1
    outer loop
      vertex -14.7865 -45.508 0
      vertex -13.2877 -40.8954 0
      vertex -13.1892 -45.9964 0
    endloop
  endfacet
  facet normal -0 0 -1
    outer loop
      vertex -13.2877 -40.8954 0
      vertex -14.7865 -45.508 0
      vertex -14.7069 -40.4068 0
    endloop
  endfacet
  facet normal 0 0 -1
    outer loop
      vertex -16.3657 -44.9643 0
      vertex -14.7069 -40.4068 0
      vertex -14.7865 -45.508 0
    endloop
  endfacet
  facet normal -0 0 -1
    outer loop
      vertex -14.7069 -40.4068 0
      vertex -16.3657 -44.9643 0
      vertex -16.1081 -39.8689 0
    endloop
  endfacet
  facet normal 0 0 -1
    outer loop
      vertex -17.9249 -44.3657 0
      vertex -16.1081 -39.8689 0
      vertex -16.3657 -44.9643 0
    endloop
  endfacet
  facet normal -0 0 -1
    outer loop
      vertex -16.1081 -39.8689 0
      vertex -17.9249 -44.3657 0
      vertex -17.4897 -39.2825 0
    endloop
  endfacet
  facet normal 0 0 -1
    outer loop
      vertex -19.4623 -43.7131 0
      vertex -17.4897 -39.2825 0
      vertex -17.9249 -44.3657 0
    endloop
  endfacet
  facet normal -0 0 -1
    outer loop
      vertex -17.4897 -39.2825 0
      vertex -19.4623 -43.7131 0
      vertex -18.85 -38.6481 0
    endloop
  endfacet
  facet normal 0 0 -1
    outer loop
      vertex -20.9761 -43.0073 0
      vertex -18.85 -38.6481 0
      vertex -19.4623 -43.7131 0
    endloop
  endfacet
  facet normal -0 0 -1
    outer loop
      vertex -18.85 -38.6481 0
      vertex -20.9761 -43.0073 0
      vertex -20.1873 -37.9667 0
    endloop
  endfacet
  facet normal 0 0 -1
    outer loop
      vertex -22.4642 -42.249 0
      vertex -20.1873 -37.9667 0
      vertex -20.9761 -43.0073 0
    endloop
  endfacet
  facet normal -0 0 -1
    outer loop
      vertex -20.1873 -37.9667 0
      vertex -22.4642 -42.249 0
      vertex -21.5 -37.2391 0
    endloop
  endfacet
  facet normal 0 0 -1
    outer loop
      vertex -23.925 -41.4393 0
      vertex -21.5 -37.2391 0
      vertex -22.4642 -42.249 0
    endloop
  endfacet
  facet normal -0 0 -1
    outer loop
      vertex -21.5 -37.2391 0
      vertex -23.925 -41.4393 0
      vertex -22.7865 -36.4661 0
    endloop
  endfacet
  facet normal 0 0 -1
    outer loop
      vertex -25.3566 -40.5791 0
      vertex -22.7865 -36.4661 0
      vertex -23.925 -41.4393 0
    endloop
  endfacet
  facet normal -0 0 -1
    outer loop
      vertex -22.7865 -36.4661 0
      vertex -25.3566 -40.5791 0
      vertex -24.0453 -35.6486 0
    endloop
  endfacet
  facet normal 0 0 -1
    outer loop
      vertex -26.7574 -39.6694 0
      vertex -24.0453 -35.6486 0
      vertex -25.3566 -40.5791 0
    endloop
  endfacet
  facet normal -0 0 -1
    outer loop
      vertex -24.0453 -35.6486 0
      vertex -26.7574 -39.6694 0
      vertex -25.2748 -34.7877 0
    endloop
  endfacet
  facet normal 0 0 -1
    outer loop
      vertex -28.1255 -38.7115 0
      vertex -25.2748 -34.7877 0
      vertex -26.7574 -39.6694 0
    endloop
  endfacet
  facet normal -0 0 -1
    outer loop
      vertex -25.2748 -34.7877 0
      vertex -28.1255 -38.7115 0
      vertex -26.4734 -33.8845 0
    endloop
  endfacet
  facet normal 0 0 -1
    outer loop
      vertex -29.4594 -37.7063 0
      vertex -26.4734 -33.8845 0
      vertex -28.1255 -38.7115 0
    endloop
  endfacet
  facet normal -0 0 -1
    outer loop
      vertex -26.4734 -33.8845 0
      vertex -29.4594 -37.7063 0
      vertex -27.6399 -32.9399 0
    endloop
  endfacet
  facet normal 0 0 -1
    outer loop
      vertex -30.7574 -36.6552 0
      vertex -27.6399 -32.9399 0
      vertex -29.4594 -37.7063 0
    endloop
  endfacet
  facet normal -0 0 -1
    outer loop
      vertex -27.6399 -32.9399 0
      vertex -30.7574 -36.6552 0
      vertex -28.7726 -31.9552 0
    endloop
  endfacet
  facet normal 0 0 -1
    outer loop
      vertex -32.0179 -35.5595 0
      vertex -28.7726 -31.9552 0
      vertex -30.7574 -36.6552 0
    endloop
  endfacet
  facet normal -0 0 -1
    outer loop
      vertex -28.7726 -31.9552 0
      vertex -32.0179 -35.5595 0
      vertex -29.8703 -30.9316 0
    endloop
  endfacet
  facet normal 0 0 -1
    outer loop
      vertex -33.2394 -34.4204 0
      vertex -29.8703 -30.9316 0
      vertex -32.0179 -35.5595 0
    endloop
  endfacet
  facet normal -0 0 -1
    outer loop
      vertex -29.8703 -30.9316 0
      vertex -33.2394 -34.4204 0
      vertex -30.9316 -29.8703 0
    endloop
  endfacet
  facet normal 0 0 -1
    outer loop
      vertex -34.4204 -33.2394 0
      vertex -30.9316 -29.8703 0
      vertex -33.2394 -34.4204 0
    endloop
  endfacet
  facet normal -0 0 -1
    outer loop
      vertex -30.9316 -29.8703 0
      vertex -34.4204 -33.2394 0
      vertex -31.9552 -28.7726 0
    endloop
  endfacet
  facet normal 0 0 -1
    outer loop
      vertex -35.5595 -32.0179 0
      vertex -31.9552 -28.7726 0
      vertex -34.4204 -33.2394 0
    endloop
  endfacet
  facet normal -0 0 -1
    outer loop
      vertex -31.9552 -28.7726 0
      vertex -35.5595 -32.0179 0
      vertex -32.9399 -27.6399 0
    endloop
  endfacet
  facet normal 0 0 -1
    outer loop
      vertex -36.6552 -30.7574 0
      vertex -32.9399 -27.6399 0
      vertex -35.5595 -32.0179 0
    endloop
  endfacet
  facet normal -0 0 -1
    outer loop
      vertex -32.9399 -27.6399 0
      vertex -36.6552 -30.7574 0
      vertex -33.8845 -26.4734 0
    endloop
  endfacet
  facet normal 0 0 -1
    outer loop
      vertex -37.7063 -29.4594 0
      vertex -33.8845 -26.4734 0
      vertex -36.6552 -30.7574 0
    endloop
  endfacet
  facet normal -0 0 -1
    outer loop
      vertex -33.8845 -26.4734 0
      vertex -37.7063 -29.4594 0
      vertex -34.7877 -25.2748 0
    endloop
  endfacet
  facet normal 0 0 -1
    outer loop
      vertex -38.7115 -28.1255 0
      vertex -34.7877 -25.2748 0
      vertex -37.7063 -29.4594 0
    endloop
  endfacet
  facet normal -0 0 -1
    outer loop
      vertex -34.7877 -25.2748 0
      vertex -38.7115 -28.1255 0
      vertex -35.6486 -24.0453 0
    endloop
  endfacet
  facet normal 0 0 -1
    outer loop
      vertex -39.6694 -26.7574 0
      vertex -35.6486 -24.0453 0
      vertex -38.7115 -28.1255 0
    endloop
  endfacet
  facet normal -0 0 -1
    outer loop
      vertex -35.6486 -24.0453 0
      vertex -39.6694 -26.7574 0
      vertex -36.4661 -22.7865 0
    endloop
  endfacet
  facet normal 0 0 -1
    outer loop
      vertex -40.5791 -25.3566 0
      vertex -36.4661 -22.7865 0
      vertex -39.6694 -26.7574 0
    endloop
  endfacet
  facet normal -0 0 -1
    outer loop
      vertex -36.4661 -22.7865 0
      vertex -40.5791 -25.3566 0
      vertex -37.2391 -21.5 0
    endloop
  endfacet
  facet normal 0 0 -1
    outer loop
      vertex -41.4393 -23.925 0
      vertex -37.2391 -21.5 0
      vertex -40.5791 -25.3566 0
    endloop
  endfacet
  facet normal -0 0 -1
    outer loop
      vertex -37.2391 -21.5 0
      vertex -41.4393 -23.925 0
      vertex -37.9667 -20.1873 0
    endloop
  endfacet
  facet normal 0 0 -1
    outer loop
      vertex -42.249 -22.4642 0
      vertex -37.9667 -20.1873 0
      vertex -41.4393 -23.925 0
    endloop
  endfacet
  facet normal -0 0 -1
    outer loop
      vertex -37.9667 -20.1873 0
      vertex -42.249 -22.4642 0
      vertex -38.6481 -18.85 0
    endloop
  endfacet
  facet normal 0 0 -1
    outer loop
      vertex -43.0073 -20.9761 0
      vertex -38.6481 -18.85 0
      vertex -42.249 -22.4642 0
    endloop
  endfacet
  facet normal -0 0 -1
    outer loop
      vertex -38.6481 -18.85 0
      vertex -43.0073 -20.9761 0
      vertex -39.2825 -17.4897 0
    endloop
  endfacet
  facet normal 0 0 -1
    outer loop
      vertex -43.7131 -19.4623 0
      vertex -39.2825 -17.4897 0
      vertex -43.0073 -20.9761 0
    endloop
  endfacet
  facet normal -0 0 -1
    outer loop
      vertex -39.2825 -17.4897 0
      vertex -43.7131 -19.4623 0
      vertex -39.8689 -16.1081 0
    endloop
  endfacet
  facet normal 0 0 -1
    outer loop
      vertex -44.3657 -17.9249 0
      vertex -39.8689 -16.1081 0
      vertex -43.7131 -19.4623 0
    endloop
  endfacet
  facet normal -0 0 -1
    outer loop
      vertex -39.8689 -16.1081 0
      vertex -44.3657 -17.9249 0
      vertex -40.4068 -14.7069 0
    endloop
  endfacet
  facet normal 0 0 -1
    outer loop
      vertex -44.9643 -16.3657 0
      vertex -40.4068 -14.7069 0
      vertex -44.3657 -17.9249 0
    endloop
  endfacet
  facet normal -0 0 -1
    outer loop
      vertex -40.4068 -14.7069 0
      vertex -44.9643 -16.3657 0
      vertex -40.8954 -13.2877 0
    endloop
  endfacet
  facet normal 0 0 -1
    outer loop
      vertex -45.508 -14.7865 0
      vertex -40.8954 -13.2877 0
      vertex -44.9643 -16.3657 0
    endloop
  endfacet
  facet normal -0 0 -1
    outer loop
      vertex -40.8954 -13.2877 0
      vertex -45.508 -14.7865 0
      vertex -41.3343 -11.8524 0
    endloop
  endfacet
  facet normal 0 0 -1
    outer loop
      vertex -45.9964 -13.1892 0
      vertex -41.3343 -11.8524 0
      vertex -45.508 -14.7865 0
    endloop
  endfacet
  facet normal -0 0 -1
    outer loop
      vertex -41.3343 -11.8524 0
      vertex -45.9964 -13.1892 0
      vertex -41.7227 -10.4026 0
    endloop
  endfacet
  facet normal -0 0 -1
    outer loop
      vertex -41.7227 -10.4026 0
      vertex -46.4286 -11.576 0
      vertex -42.0603 -8.9402 0
    endloop
  endfacet
  facet normal 0 0 -1
    outer loop
      vertex -46.4286 -11.576 0
      vertex -41.7227 -10.4026 0
      vertex -45.9964 -13.1892 0
    endloop
  endfacet
  facet normal 0 0 -1
    outer loop
      vertex 41.7227 10.4026 0
      vertex 46.4286 11.576 0
      vertex 42.0603 8.9402 0
    endloop
  endfacet
  facet normal -0 0 -1
    outer loop
      vertex 46.4286 11.576 0
      vertex 41.7227 10.4026 0
      vertex 45.9964 13.1892 0
    endloop
  endfacet
  facet normal 0 0 -1
    outer loop
      vertex 41.3343 11.8524 0
      vertex 45.9964 13.1892 0
      vertex 41.7227 10.4026 0
    endloop
  endfacet
  facet normal -0 0 -1
    outer loop
      vertex 45.9964 13.1892 0
      vertex 41.3343 11.8524 0
      vertex 45.508 14.7865 0
    endloop
  endfacet
  facet normal 0 0 -1
    outer loop
      vertex 40.8954 13.2877 0
      vertex 45.508 14.7865 0
      vertex 41.3343 11.8524 0
    endloop
  endfacet
  facet normal -0 0 -1
    outer loop
      vertex 45.508 14.7865 0
      vertex 40.8954 13.2877 0
      vertex 44.9643 16.3657 0
    endloop
  endfacet
  facet normal 0 0 -1
    outer loop
      vertex 40.4068 14.7069 0
      vertex 44.9643 16.3657 0
      vertex 40.8954 13.2877 0
    endloop
  endfacet
  facet normal -0 0 -1
    outer loop
      vertex 44.9643 16.3657 0
      vertex 40.4068 14.7069 0
      vertex 44.3657 17.9249 0
    endloop
  endfacet
  facet normal 0 0 -1
    outer loop
      vertex 39.8689 16.1081 0
      vertex 44.3657 17.9249 0
      vertex 40.4068 14.7069 0
    endloop
  endfacet
  facet normal -0 0 -1
    outer loop
      vertex 44.3657 17.9249 0
      vertex 39.8689 16.1081 0
      vertex 43.7131 19.4623 0
    endloop
  endfacet
  facet normal 0 0 -1
    outer loop
      vertex 39.2825 17.4897 0
      vertex 43.7131 19.4623 0
      vertex 39.8689 16.1081 0
    endloop
  endfacet
  facet normal -0 0 -1
    outer loop
      vertex 43.7131 19.4623 0
      vertex 39.2825 17.4897 0
      vertex 43.0073 20.9761 0
    endloop
  endfacet
  facet normal 0 0 -1
    outer loop
      vertex 38.6481 18.85 0
      vertex 43.0073 20.9761 0
      vertex 39.2825 17.4897 0
    endloop
  endfacet
  facet normal -0 0 -1
    outer loop
      vertex 43.0073 20.9761 0
      vertex 38.6481 18.85 0
      vertex 42.249 22.4642 0
    endloop
  endfacet
  facet normal 0 0 -1
    outer loop
      vertex 37.9667 20.1873 0
      vertex 42.249 22.4642 0
      vertex 38.6481 18.85 0
    endloop
  endfacet
  facet normal -0 0 -1
    outer loop
      vertex 42.249 22.4642 0
      vertex 37.9667 20.1873 0
      vertex 41.4393 23.925 0
    endloop
  endfacet
  facet normal 0 0 -1
    outer loop
      vertex 37.2391 21.5 0
      vertex 41.4393 23.925 0
      vertex 37.9667 20.1873 0
    endloop
  endfacet
  facet normal -0 0 -1
    outer loop
      vertex 41.4393 23.925 0
      vertex 37.2391 21.5 0
      vertex 40.5791 25.3566 0
    endloop
  endfacet
  facet normal 0 0 -1
    outer loop
      vertex 36.4661 22.7865 0
      vertex 40.5791 25.3566 0
      vertex 37.2391 21.5 0
    endloop
  endfacet
  facet normal -0 0 -1
    outer loop
      vertex 40.5791 25.3566 0
      vertex 36.4661 22.7865 0
      vertex 39.6694 26.7574 0
    endloop
  endfacet
  facet normal 0 0 -1
    outer loop
      vertex 35.6486 24.0453 0
      vertex 39.6694 26.7574 0
      vertex 36.4661 22.7865 0
    endloop
  endfacet
  facet normal -0 0 -1
    outer loop
      vertex 39.6694 26.7574 0
      vertex 35.6486 24.0453 0
      vertex 38.7115 28.1255 0
    endloop
  endfacet
  facet normal 0 0 -1
    outer loop
      vertex 34.7877 25.2748 0
      vertex 38.7115 28.1255 0
      vertex 35.6486 24.0453 0
    endloop
  endfacet
  facet normal -0 0 -1
    outer loop
      vertex 38.7115 28.1255 0
      vertex 34.7877 25.2748 0
      vertex 37.7063 29.4594 0
    endloop
  endfacet
  facet normal 0 0 -1
    outer loop
      vertex 33.8845 26.4734 0
      vertex 37.7063 29.4594 0
      vertex 34.7877 25.2748 0
    endloop
  endfacet
  facet normal -0 0 -1
    outer loop
      vertex 37.7063 29.4594 0
      vertex 33.8845 26.4734 0
      vertex 36.6552 30.7574 0
    endloop
  endfacet
  facet normal 0 0 -1
    outer loop
      vertex 32.9399 27.6399 0
      vertex 36.6552 30.7574 0
      vertex 33.8845 26.4734 0
    endloop
  endfacet
  facet normal -0 0 -1
    outer loop
      vertex 36.6552 30.7574 0
      vertex 32.9399 27.6399 0
      vertex 35.5595 32.0179 0
    endloop
  endfacet
  facet normal 0 0 -1
    outer loop
      vertex 31.9552 28.7726 0
      vertex 35.5595 32.0179 0
      vertex 32.9399 27.6399 0
    endloop
  endfacet
  facet normal -0 0 -1
    outer loop
      vertex 35.5595 32.0179 0
      vertex 31.9552 28.7726 0
      vertex 34.4204 33.2394 0
    endloop
  endfacet
  facet normal 0 0 -1
    outer loop
      vertex 30.9316 29.8703 0
      vertex 34.4204 33.2394 0
      vertex 31.9552 28.7726 0
    endloop
  endfacet
  facet normal -0 0 -1
    outer loop
      vertex 34.4204 33.2394 0
      vertex 30.9316 29.8703 0
      vertex 33.2394 34.4204 0
    endloop
  endfacet
  facet normal 0 0 -1
    outer loop
      vertex 29.8703 30.9316 0
      vertex 33.2394 34.4204 0
      vertex 30.9316 29.8703 0
    endloop
  endfacet
  facet normal -0 0 -1
    outer loop
      vertex 33.2394 34.4204 0
      vertex 29.8703 30.9316 0
      vertex 32.0179 35.5595 0
    endloop
  endfacet
  facet normal 0 0 -1
    outer loop
      vertex 28.7726 31.9552 0
      vertex 32.0179 35.5595 0
      vertex 29.8703 30.9316 0
    endloop
  endfacet
  facet normal -0 0 -1
    outer loop
      vertex 32.0179 35.5595 0
      vertex 28.7726 31.9552 0
      vertex 30.7574 36.6552 0
    endloop
  endfacet
  facet normal 0 0 -1
    outer loop
      vertex 27.6399 32.9399 0
      vertex 30.7574 36.6552 0
      vertex 28.7726 31.9552 0
    endloop
  endfacet
  facet normal -0 0 -1
    outer loop
      vertex 30.7574 36.6552 0
      vertex 27.6399 32.9399 0
      vertex 29.4594 37.7063 0
    endloop
  endfacet
  facet normal 0 0 -1
    outer loop
      vertex 26.4734 33.8845 0
      vertex 29.4594 37.7063 0
      vertex 27.6399 32.9399 0
    endloop
  endfacet
  facet normal -0 0 -1
    outer loop
      vertex 29.4594 37.7063 0
      vertex 26.4734 33.8845 0
      vertex 28.1255 38.7115 0
    endloop
  endfacet
  facet normal 0 0 -1
    outer loop
      vertex 25.2748 34.7877 0
      vertex 28.1255 38.7115 0
      vertex 26.4734 33.8845 0
    endloop
  endfacet
  facet normal -0 0 -1
    outer loop
      vertex 28.1255 38.7115 0
      vertex 25.2748 34.7877 0
      vertex 26.7574 39.6694 0
    endloop
  endfacet
  facet normal 0 0 -1
    outer loop
      vertex 24.0453 35.6486 0
      vertex 26.7574 39.6694 0
      vertex 25.2748 34.7877 0
    endloop
  endfacet
  facet normal -0 0 -1
    outer loop
      vertex 26.7574 39.6694 0
      vertex 24.0453 35.6486 0
      vertex 25.3566 40.5791 0
    endloop
  endfacet
  facet normal 0 0 -1
    outer loop
      vertex 22.7865 36.4661 0
      vertex 25.3566 40.5791 0
      vertex 24.0453 35.6486 0
    endloop
  endfacet
  facet normal -0 0 -1
    outer loop
      vertex 25.3566 40.5791 0
      vertex 22.7865 36.4661 0
      vertex 23.925 41.4393 0
    endloop
  endfacet
  facet normal 0 0 -1
    outer loop
      vertex 21.5 37.2391 0
      vertex 23.925 41.4393 0
      vertex 22.7865 36.4661 0
    endloop
  endfacet
  facet normal -0 0 -1
    outer loop
      vertex 23.925 41.4393 0
      vertex 21.5 37.2391 0
      vertex 22.4642 42.249 0
    endloop
  endfacet
  facet normal 0 0 -1
    outer loop
      vertex 20.1873 37.9667 0
      vertex 22.4642 42.249 0
      vertex 21.5 37.2391 0
    endloop
  endfacet
  facet normal -0 0 -1
    outer loop
      vertex 22.4642 42.249 0
      vertex 20.1873 37.9667 0
      vertex 20.9761 43.0073 0
    endloop
  endfacet
  facet normal 0 0 -1
    outer loop
      vertex 18.85 38.6481 0
      vertex 20.9761 43.0073 0
      vertex 20.1873 37.9667 0
    endloop
  endfacet
  facet normal -0 0 -1
    outer loop
      vertex 20.9761 43.0073 0
      vertex 18.85 38.6481 0
      vertex 19.4623 43.7131 0
    endloop
  endfacet
  facet normal 0 0 -1
    outer loop
      vertex 17.4897 39.2825 0
      vertex 19.4623 43.7131 0
      vertex 18.85 38.6481 0
    endloop
  endfacet
  facet normal -0 0 -1
    outer loop
      vertex 19.4623 43.7131 0
      vertex 17.4897 39.2825 0
      vertex 17.9249 44.3657 0
    endloop
  endfacet
  facet normal 0 0 -1
    outer loop
      vertex 16.1081 39.8689 0
      vertex 17.9249 44.3657 0
      vertex 17.4897 39.2825 0
    endloop
  endfacet
  facet normal -0 0 -1
    outer loop
      vertex 17.9249 44.3657 0
      vertex 16.1081 39.8689 0
      vertex 16.3657 44.9643 0
    endloop
  endfacet
  facet normal 0 0 -1
    outer loop
      vertex 14.7069 40.4068 0
      vertex 16.3657 44.9643 0
      vertex 16.1081 39.8689 0
    endloop
  endfacet
  facet normal -0 0 -1
    outer loop
      vertex 16.3657 44.9643 0
      vertex 14.7069 40.4068 0
      vertex 14.7865 45.508 0
    endloop
  endfacet
  facet normal 0 0 -1
    outer loop
      vertex 13.2877 40.8954 0
      vertex 14.7865 45.508 0
      vertex 14.7069 40.4068 0
    endloop
  endfacet
  facet normal 0 0 -1
    outer loop
      vertex 13.2877 40.8954 0
      vertex 13.1892 45.9964 0
      vertex 14.7865 45.508 0
    endloop
  endfacet
  facet normal 0 0 -1
    outer loop
      vertex 11.8524 41.3343 0
      vertex 13.1892 45.9964 0
      vertex 13.2877 40.8954 0
    endloop
  endfacet
  facet normal 0 0 -1
    outer loop
      vertex 11.8524 41.3343 0
      vertex 11.576 46.4286 0
      vertex 13.1892 45.9964 0
    endloop
  endfacet
  facet normal 0 0 -1
    outer loop
      vertex 10.4026 41.7227 0
      vertex 11.576 46.4286 0
      vertex 11.8524 41.3343 0
    endloop
  endfacet
  facet normal 0 0 -1
    outer loop
      vertex 10.4026 41.7227 0
      vertex 9.94857 46.8044 0
      vertex 11.576 46.4286 0
    endloop
  endfacet
  facet normal 0 0 -1
    outer loop
      vertex 8.9402 42.0603 0
      vertex 9.94857 46.8044 0
      vertex 10.4026 41.7227 0
    endloop
  endfacet
  facet normal 0 0 -1
    outer loop
      vertex 8.9402 42.0603 0
      vertex 8.30906 47.123 0
      vertex 9.94857 46.8044 0
    endloop
  endfacet
  facet normal 0 0 -1
    outer loop
      vertex 7.46687 42.3467 0
      vertex 8.30906 47.123 0
      vertex 8.9402 42.0603 0
    endloop
  endfacet
  facet normal 0 0 -1
    outer loop
      vertex 7.46687 42.3467 0
      vertex 6.65943 47.3843 0
      vertex 8.30906 47.123 0
    endloop
  endfacet
  facet normal 0 0 -1
    outer loop
      vertex 5.98444 42.5815 0
      vertex 6.65943 47.3843 0
      vertex 7.46687 42.3467 0
    endloop
  endfacet
  facet normal 0 0 -1
    outer loop
      vertex 5.98444 42.5815 0
      vertex 5.00169 47.5879 0
      vertex 6.65943 47.3843 0
    endloop
  endfacet
  facet normal 0 0 -1
    outer loop
      vertex 4.49472 42.7644 0
      vertex 5.00169 47.5879 0
      vertex 5.98444 42.5815 0
    endloop
  endfacet
  facet normal 0 0 -1
    outer loop
      vertex 4.49472 42.7644 0
      vertex 3.33785 47.7334 0
      vertex 5.00169 47.5879 0
    endloop
  endfacet
  facet normal 0 0 -1
    outer loop
      vertex 2.99953 42.8953 0
      vertex 3.33785 47.7334 0
      vertex 4.49472 42.7644 0
    endloop
  endfacet
  facet normal 0 0 -1
    outer loop
      vertex 2.99953 42.8953 0
      vertex 1.66994 47.8208 0
      vertex 3.33785 47.7334 0
    endloop
  endfacet
  facet normal 0 0 -1
    outer loop
      vertex 1.50068 42.9738 0
      vertex 1.66994 47.8208 0
      vertex 2.99953 42.8953 0
    endloop
  endfacet
  facet normal 0 0 -1
    outer loop
      vertex 0 43 0
      vertex 1.66994 47.8208 0
      vertex 1.50068 42.9738 0
    endloop
  endfacet
  facet normal 0 0 -1
    outer loop
      vertex 0 43 0
      vertex 0 47.85 0
      vertex 1.66994 47.8208 0
    endloop
  endfacet
  facet normal 0 0 -1
    outer loop
      vertex -1.50068 42.9738 0
      vertex 0 47.85 0
      vertex 0 43 0
    endloop
  endfacet
  facet normal 0 0 -1
    outer loop
      vertex -1.50068 42.9738 0
      vertex -1.66994 47.8208 0
      vertex 0 47.85 0
    endloop
  endfacet
  facet normal 0 0 -1
    outer loop
      vertex -2.99953 42.8953 0
      vertex -1.66994 47.8208 0
      vertex -1.50068 42.9738 0
    endloop
  endfacet
  facet normal 0 0 -1
    outer loop
      vertex -2.99953 42.8953 0
      vertex -3.33785 47.7334 0
      vertex -1.66994 47.8208 0
    endloop
  endfacet
  facet normal 0 0 -1
    outer loop
      vertex -4.49472 42.7644 0
      vertex -3.33785 47.7334 0
      vertex -2.99953 42.8953 0
    endloop
  endfacet
  facet normal 0 0 -1
    outer loop
      vertex -4.49472 42.7644 0
      vertex -5.00169 47.5879 0
      vertex -3.33785 47.7334 0
    endloop
  endfacet
  facet normal 0 0 -1
    outer loop
      vertex -5.98444 42.5815 0
      vertex -5.00169 47.5879 0
      vertex -4.49472 42.7644 0
    endloop
  endfacet
  facet normal 0 0 -1
    outer loop
      vertex -5.98444 42.5815 0
      vertex -6.65943 47.3843 0
      vertex -5.00169 47.5879 0
    endloop
  endfacet
  facet normal 0 0 -1
    outer loop
      vertex -7.46687 42.3467 0
      vertex -6.65943 47.3843 0
      vertex -5.98444 42.5815 0
    endloop
  endfacet
  facet normal 0 0 -1
    outer loop
      vertex -7.46687 42.3467 0
      vertex -8.30906 47.123 0
      vertex -6.65943 47.3843 0
    endloop
  endfacet
  facet normal 0 0 -1
    outer loop
      vertex -8.9402 42.0603 0
      vertex -8.30906 47.123 0
      vertex -7.46687 42.3467 0
    endloop
  endfacet
  facet normal 0 0 -1
    outer loop
      vertex -8.9402 42.0603 0
      vertex -9.94857 46.8044 0
      vertex -8.30906 47.123 0
    endloop
  endfacet
  facet normal 0 0 -1
    outer loop
      vertex -10.4026 41.7227 0
      vertex -9.94857 46.8044 0
      vertex -8.9402 42.0603 0
    endloop
  endfacet
  facet normal 0 0 -1
    outer loop
      vertex -10.4026 41.7227 0
      vertex -11.576 46.4286 0
      vertex -9.94857 46.8044 0
    endloop
  endfacet
  facet normal 0 0 -1
    outer loop
      vertex -11.8524 41.3343 0
      vertex -11.576 46.4286 0
      vertex -10.4026 41.7227 0
    endloop
  endfacet
  facet normal 0 0 -1
    outer loop
      vertex -11.8524 41.3343 0
      vertex -13.1892 45.9964 0
      vertex -11.576 46.4286 0
    endloop
  endfacet
  facet normal 0 0 -1
    outer loop
      vertex -13.2877 40.8954 0
      vertex -13.1892 45.9964 0
      vertex -11.8524 41.3343 0
    endloop
  endfacet
  facet normal 0 0 -1
    outer loop
      vertex -14.7865 45.508 0
      vertex -13.2877 40.8954 0
      vertex -14.7069 40.4068 0
    endloop
  endfacet
  facet normal 0 0 -1
    outer loop
      vertex -13.2877 40.8954 0
      vertex -14.7865 45.508 0
      vertex -13.1892 45.9964 0
    endloop
  endfacet
  facet normal 0 0 -1
    outer loop
      vertex -16.3657 44.9643 0
      vertex -14.7069 40.4068 0
      vertex -16.1081 39.8689 0
    endloop
  endfacet
  facet normal 0 0 -1
    outer loop
      vertex -14.7069 40.4068 0
      vertex -16.3657 44.9643 0
      vertex -14.7865 45.508 0
    endloop
  endfacet
  facet normal 0 0 -1
    outer loop
      vertex -17.9249 44.3657 0
      vertex -16.1081 39.8689 0
      vertex -17.4897 39.2825 0
    endloop
  endfacet
  facet normal 0 0 -1
    outer loop
      vertex -16.1081 39.8689 0
      vertex -17.9249 44.3657 0
      vertex -16.3657 44.9643 0
    endloop
  endfacet
  facet normal 0 0 -1
    outer loop
      vertex -19.4623 43.7131 0
      vertex -17.4897 39.2825 0
      vertex -18.85 38.6481 0
    endloop
  endfacet
  facet normal 0 0 -1
    outer loop
      vertex -17.4897 39.2825 0
      vertex -19.4623 43.7131 0
      vertex -17.9249 44.3657 0
    endloop
  endfacet
  facet normal 0 0 -1
    outer loop
      vertex -20.9761 43.0073 0
      vertex -18.85 38.6481 0
      vertex -20.1873 37.9667 0
    endloop
  endfacet
  facet normal 0 0 -1
    outer loop
      vertex -18.85 38.6481 0
      vertex -20.9761 43.0073 0
      vertex -19.4623 43.7131 0
    endloop
  endfacet
  facet normal 0 0 -1
    outer loop
      vertex -22.4642 42.249 0
      vertex -20.1873 37.9667 0
      vertex -21.5 37.2391 0
    endloop
  endfacet
  facet normal 0 0 -1
    outer loop
      vertex -20.1873 37.9667 0
      vertex -22.4642 42.249 0
      vertex -20.9761 43.0073 0
    endloop
  endfacet
  facet normal 0 0 -1
    outer loop
      vertex -23.925 41.4393 0
      vertex -21.5 37.2391 0
      vertex -22.7865 36.4661 0
    endloop
  endfacet
  facet normal 0 0 -1
    outer loop
      vertex -21.5 37.2391 0
      vertex -23.925 41.4393 0
      vertex -22.4642 42.249 0
    endloop
  endfacet
  facet normal 0 0 -1
    outer loop
      vertex -25.3566 40.5791 0
      vertex -22.7865 36.4661 0
      vertex -24.0453 35.6486 0
    endloop
  endfacet
  facet normal 0 0 -1
    outer loop
      vertex -26.7574 39.6694 0
      vertex -24.0453 35.6486 0
      vertex -25.2748 34.7877 0
    endloop
  endfacet
  facet normal 0 0 -1
    outer loop
      vertex -22.7865 36.4661 0
      vertex -25.3566 40.5791 0
      vertex -23.925 41.4393 0
    endloop
  endfacet
  facet normal 0 0 -1
    outer loop
      vertex -28.1255 38.7115 0
      vertex -25.2748 34.7877 0
      vertex -26.4734 33.8845 0
    endloop
  endfacet
  facet normal 0 0 -1
    outer loop
      vertex -24.0453 35.6486 0
      vertex -26.7574 39.6694 0
      vertex -25.3566 40.5791 0
    endloop
  endfacet
  facet normal 0 0 -1
    outer loop
      vertex -29.4594 37.7063 0
      vertex -26.4734 33.8845 0
      vertex -27.6399 32.9399 0
    endloop
  endfacet
  facet normal 0 0 -1
    outer loop
      vertex -25.2748 34.7877 0
      vertex -28.1255 38.7115 0
      vertex -26.7574 39.6694 0
    endloop
  endfacet
  facet normal 0 0 -1
    outer loop
      vertex -30.7574 36.6552 0
      vertex -27.6399 32.9399 0
      vertex -28.7726 31.9552 0
    endloop
  endfacet
  facet normal 0 0 -1
    outer loop
      vertex -26.4734 33.8845 0
      vertex -29.4594 37.7063 0
      vertex -28.1255 38.7115 0
    endloop
  endfacet
  facet normal 0 0 -1
    outer loop
      vertex -32.0179 35.5595 0
      vertex -28.7726 31.9552 0
      vertex -29.8703 30.9316 0
    endloop
  endfacet
  facet normal 0 0 -1
    outer loop
      vertex -27.6399 32.9399 0
      vertex -30.7574 36.6552 0
      vertex -29.4594 37.7063 0
    endloop
  endfacet
  facet normal 0 0 -1
    outer loop
      vertex -33.2394 34.4204 0
      vertex -29.8703 30.9316 0
      vertex -30.9316 29.8703 0
    endloop
  endfacet
  facet normal 0 0 -1
    outer loop
      vertex -34.4204 33.2394 0
      vertex -30.9316 29.8703 0
      vertex -31.9552 28.7726 0
    endloop
  endfacet
  facet normal 0 0 -1
    outer loop
      vertex -28.7726 31.9552 0
      vertex -32.0179 35.5595 0
      vertex -30.7574 36.6552 0
    endloop
  endfacet
  facet normal 0 0 -1
    outer loop
      vertex -35.5595 32.0179 0
      vertex -31.9552 28.7726 0
      vertex -32.9399 27.6399 0
    endloop
  endfacet
  facet normal 0 0 -1
    outer loop
      vertex -29.8703 30.9316 0
      vertex -33.2394 34.4204 0
      vertex -32.0179 35.5595 0
    endloop
  endfacet
  facet normal 0 0 -1
    outer loop
      vertex -36.6552 30.7574 0
      vertex -32.9399 27.6399 0
      vertex -33.8845 26.4734 0
    endloop
  endfacet
  facet normal 0 0 -1
    outer loop
      vertex -30.9316 29.8703 0
      vertex -34.4204 33.2394 0
      vertex -33.2394 34.4204 0
    endloop
  endfacet
  facet normal 0 0 -1
    outer loop
      vertex -37.7063 29.4594 0
      vertex -33.8845 26.4734 0
      vertex -34.7877 25.2748 0
    endloop
  endfacet
  facet normal 0 0 -1
    outer loop
      vertex -31.9552 28.7726 0
      vertex -35.5595 32.0179 0
      vertex -34.4204 33.2394 0
    endloop
  endfacet
  facet normal 0 0 -1
    outer loop
      vertex -38.7115 28.1255 0
      vertex -34.7877 25.2748 0
      vertex -35.6486 24.0453 0
    endloop
  endfacet
  facet normal 0 0 -1
    outer loop
      vertex -39.6694 26.7574 0
      vertex -35.6486 24.0453 0
      vertex -36.4661 22.7865 0
    endloop
  endfacet
  facet normal 0 0 -1
    outer loop
      vertex -32.9399 27.6399 0
      vertex -36.6552 30.7574 0
      vertex -35.5595 32.0179 0
    endloop
  endfacet
  facet normal 0 0 -1
    outer loop
      vertex -40.5791 25.3566 0
      vertex -36.4661 22.7865 0
      vertex -37.2391 21.5 0
    endloop
  endfacet
  facet normal 0 0 -1
    outer loop
      vertex -33.8845 26.4734 0
      vertex -37.7063 29.4594 0
      vertex -36.6552 30.7574 0
    endloop
  endfacet
  facet normal 0 0 -1
    outer loop
      vertex -41.4393 23.925 0
      vertex -37.2391 21.5 0
      vertex -37.9667 20.1873 0
    endloop
  endfacet
  facet normal 0 0 -1
    outer loop
      vertex -42.249 22.4642 0
      vertex -37.9667 20.1873 0
      vertex -38.6481 18.85 0
    endloop
  endfacet
  facet normal 0 0 -1
    outer loop
      vertex -34.7877 25.2748 0
      vertex -38.7115 28.1255 0
      vertex -37.7063 29.4594 0
    endloop
  endfacet
  facet normal 0 0 -1
    outer loop
      vertex -43.0073 20.9761 0
      vertex -38.6481 18.85 0
      vertex -39.2825 17.4897 0
    endloop
  endfacet
  facet normal 0 0 -1
    outer loop
      vertex -35.6486 24.0453 0
      vertex -39.6694 26.7574 0
      vertex -38.7115 28.1255 0
    endloop
  endfacet
  facet normal 0 0 -1
    outer loop
      vertex -43.7131 19.4623 0
      vertex -39.2825 17.4897 0
      vertex -39.8689 16.1081 0
    endloop
  endfacet
  facet normal 0 0 -1
    outer loop
      vertex -44.3657 17.9249 0
      vertex -39.8689 16.1081 0
      vertex -40.4068 14.7069 0
    endloop
  endfacet
  facet normal 0 0 -1
    outer loop
      vertex -36.4661 22.7865 0
      vertex -40.5791 25.3566 0
      vertex -39.6694 26.7574 0
    endloop
  endfacet
  facet normal 0 0 -1
    outer loop
      vertex -44.9643 16.3657 0
      vertex -40.4068 14.7069 0
      vertex -40.8954 13.2877 0
    endloop
  endfacet
  facet normal 0 0 -1
    outer loop
      vertex -45.508 14.7865 0
      vertex -40.8954 13.2877 0
      vertex -41.3343 11.8524 0
    endloop
  endfacet
  facet normal 0 0 -1
    outer loop
      vertex -37.2391 21.5 0
      vertex -41.4393 23.925 0
      vertex -40.5791 25.3566 0
    endloop
  endfacet
  facet normal 0 0 -1
    outer loop
      vertex -45.9964 13.1892 0
      vertex -41.3343 11.8524 0
      vertex -41.7227 10.4026 0
    endloop
  endfacet
  facet normal 0 0 -1
    outer loop
      vertex -46.4286 11.576 0
      vertex -41.7227 10.4026 0
      vertex -42.0603 8.9402 0
    endloop
  endfacet
  facet normal 0 0 -1
    outer loop
      vertex -37.9667 20.1873 0
      vertex -42.249 22.4642 0
      vertex -41.4393 23.925 0
    endloop
  endfacet
  facet normal 0 0 -1
    outer loop
      vertex -46.8044 9.94857 0
      vertex -42.0603 8.9402 0
      vertex -42.3467 7.46687 0
    endloop
  endfacet
  facet normal 0 0 -1
    outer loop
      vertex -47.123 8.30906 0
      vertex -42.3467 7.46687 0
      vertex -42.5815 5.98444 0
    endloop
  endfacet
  facet normal 0 0 -1
    outer loop
      vertex -47.3843 6.65943 0
      vertex -42.5815 5.98444 0
      vertex -42.7644 4.49472 0
    endloop
  endfacet
  facet normal 0 0 -1
    outer loop
      vertex -47.5879 5.00169 0
      vertex -42.7644 4.49472 0
      vertex -42.8953 2.99953 0
    endloop
  endfacet
  facet normal 0 0 -1
    outer loop
      vertex -47.7334 3.33785 0
      vertex -42.8953 2.99953 0
      vertex -42.9738 1.50068 0
    endloop
  endfacet
  facet normal 0 0 -1
    outer loop
      vertex -38.6481 18.85 0
      vertex -43.0073 20.9761 0
      vertex -42.249 22.4642 0
    endloop
  endfacet
  facet normal 0 0 -1
    outer loop
      vertex -47.8208 1.66994 0
      vertex -42.9738 1.50068 0
      vertex -43 0 0
    endloop
  endfacet
  facet normal 0 0 -1
    outer loop
      vertex -46.8044 -9.94857 0
      vertex -42.0603 -8.9402 0
      vertex -46.4286 -11.576 0
    endloop
  endfacet
  facet normal -0 0 -1
    outer loop
      vertex -42.0603 -8.9402 0
      vertex -46.8044 -9.94857 0
      vertex -42.3467 -7.46687 0
    endloop
  endfacet
  facet normal 0 0 -1
    outer loop
      vertex -39.2825 17.4897 0
      vertex -43.7131 19.4623 0
      vertex -43.0073 20.9761 0
    endloop
  endfacet
  facet normal 0 0 -1
    outer loop
      vertex -47.123 -8.30906 0
      vertex -42.3467 -7.46687 0
      vertex -46.8044 -9.94857 0
    endloop
  endfacet
  facet normal 0 0 -1
    outer loop
      vertex -39.8689 16.1081 0
      vertex -44.3657 17.9249 0
      vertex -43.7131 19.4623 0
    endloop
  endfacet
  facet normal -0 0 -1
    outer loop
      vertex -42.3467 -7.46687 0
      vertex -47.123 -8.30906 0
      vertex -42.5815 -5.98444 0
    endloop
  endfacet
  facet normal 0 0 -1
    outer loop
      vertex -40.4068 14.7069 0
      vertex -44.9643 16.3657 0
      vertex -44.3657 17.9249 0
    endloop
  endfacet
  facet normal 0 0 -1
    outer loop
      vertex -47.3843 -6.65943 0
      vertex -42.5815 -5.98444 0
      vertex -47.123 -8.30906 0
    endloop
  endfacet
  facet normal 0 0 -1
    outer loop
      vertex -40.8954 13.2877 0
      vertex -45.508 14.7865 0
      vertex -44.9643 16.3657 0
    endloop
  endfacet
  facet normal -0 0 -1
    outer loop
      vertex -42.5815 -5.98444 0
      vertex -47.3843 -6.65943 0
      vertex -42.7644 -4.49472 0
    endloop
  endfacet
  facet normal 0 0 -1
    outer loop
      vertex -41.3343 11.8524 0
      vertex -45.9964 13.1892 0
      vertex -45.508 14.7865 0
    endloop
  endfacet
  facet normal 0 0 -1
    outer loop
      vertex -47.5879 -5.00169 0
      vertex -42.7644 -4.49472 0
      vertex -47.3843 -6.65943 0
    endloop
  endfacet
  facet normal 0 0 -1
    outer loop
      vertex -41.7227 10.4026 0
      vertex -46.4286 11.576 0
      vertex -45.9964 13.1892 0
    endloop
  endfacet
  facet normal -0 0 -1
    outer loop
      vertex -42.7644 -4.49472 0
      vertex -47.5879 -5.00169 0
      vertex -42.8953 -2.99953 0
    endloop
  endfacet
  facet normal 0 0 -1
    outer loop
      vertex -42.0603 8.9402 0
      vertex -46.8044 9.94857 0
      vertex -46.4286 11.576 0
    endloop
  endfacet
  facet normal 0 0 -1
    outer loop
      vertex -47.7334 -3.33785 0
      vertex -42.8953 -2.99953 0
      vertex -47.5879 -5.00169 0
    endloop
  endfacet
  facet normal 0 0 -1
    outer loop
      vertex -42.3467 7.46687 0
      vertex -47.123 8.30906 0
      vertex -46.8044 9.94857 0
    endloop
  endfacet
  facet normal -0 0 -1
    outer loop
      vertex -42.8953 -2.99953 0
      vertex -47.7334 -3.33785 0
      vertex -42.9738 -1.50068 0
    endloop
  endfacet
  facet normal 0 0 -1
    outer loop
      vertex -42.5815 5.98444 0
      vertex -47.3843 6.65943 0
      vertex -47.123 8.30906 0
    endloop
  endfacet
  facet normal 0 0 -1
    outer loop
      vertex -47.8208 -1.66994 0
      vertex -42.9738 -1.50068 0
      vertex -47.7334 -3.33785 0
    endloop
  endfacet
  facet normal 0 0 -1
    outer loop
      vertex -42.7644 4.49472 0
      vertex -47.5879 5.00169 0
      vertex -47.3843 6.65943 0
    endloop
  endfacet
  facet normal -0 0 -1
    outer loop
      vertex -42.9738 -1.50068 0
      vertex -47.8208 -1.66994 0
      vertex -43 0 0
    endloop
  endfacet
  facet normal 0 0 -1
    outer loop
      vertex -42.8953 2.99953 0
      vertex -47.7334 3.33785 0
      vertex -47.5879 5.00169 0
    endloop
  endfacet
  facet normal 0 0 -1
    outer loop
      vertex -47.85 0 0
      vertex -43 0 0
      vertex -47.8208 -1.66994 0
    endloop
  endfacet
  facet normal 0 0 -1
    outer loop
      vertex -42.9738 1.50068 0
      vertex -47.8208 1.66994 0
      vertex -47.7334 3.33785 0
    endloop
  endfacet
  facet normal 0 0 -1
    outer loop
      vertex -43 0 0
      vertex -47.85 0 0
      vertex -47.8208 1.66994 0
    endloop
  endfacet
  facet normal -0.999849 -0.0173974 0
    outer loop
      vertex -47.85 0 0
      vertex -47.8413 -0.5 8.8
      vertex -47.85 0 8.8
    endloop
  endfacet
  facet normal -0.999847 -0.017483 -4.8662e-06
    outer loop
      vertex -47.8208 -1.66994 0
      vertex -47.8413 -0.5 8.8
      vertex -47.85 0 0
    endloop
  endfacet
  facet normal -0.999847 -0.0175196 -0
    outer loop
      vertex -47.8208 -1.66994 14
      vertex -47.8413 -0.5 8.8
      vertex -47.8208 -1.66994 0
    endloop
  endfacet
  facet normal -0.999847 -0.0175196 0
    outer loop
      vertex -47.8413 -0.5 8.8
      vertex -47.8208 -1.66994 14
      vertex -47.8413 -0.5 14
    endloop
  endfacet
endsolid OpenSCAD_Model
